Aurea 3.0.04
VersionInfo: 3D Bridge, I2C Bridge 2.21
VersionInfo: 3D Customer String, - empty -
VersionInfo: 3D FW Version, 3.0.04 ID4400r3973
VersionInfo: 3D Parameter ID, 0
VersionInfo: 3D Platform, MGC3140 (48 pins, multi-TX)

TIME (s)	3D DATA	Running	fTx	Pos x	Pos y	Pos z	CIC S	CIC W	CIC N	CIC E	CIC C	SD S	SD W	SD N	SD E	SD C	Touch	Tap	DblTap	AirWheel	Gesture
TIME (s)	3D MESSAGE	Byte 1	Byte 2	...

TIME (s)	2D DATA	TxFreq	TxVolt	AVG	MsgType	Values
TIME (s)	2D MESSAGE	MsgID	Payload

0.022	3D MESSAGE	48	00	42	91	20	59	7E	8C	20	E1	96	3D	26	C0	E5	C7	02	15	E6	C7	82	9E	E7	C7	AE	32	E6	C7	A1	CF	34	C8	00	00	28	C0	00	00	06	BF	00	40	82	C0	00	00	A7	BF	00	00	6A	C0	00	00	00	00	00	00	00	00	00	00	00	00	00	00	00	00	00	00	00	00
0.022	3D DATA	true	-	-	-	-	-117632.3	-117802.0	-118589.0	-117861.4	-185150.5	-2.6	-0.5	-4.1	-1.3	-3.7	-	-	-	-	-
0.026	3D MESSAGE	48	00	43	91	20	59	7F	8C	20	E1	96	3D	2A	C0	E5	C7	26	15	E6	C7	8F	9E	E7	C7	8B	32	E6	C7	AF	CF	34	C8	00	00	2A	C0	00	00	4E	BF	00	80	85	C0	00	00	84	BF	00	00	78	C0	00	00	00	00	00	00	00	00	00	00	00	00	00	00	00	00	00	00	00	00
0.026	3D DATA	true	-	-	-	-	-117632.3	-117802.3	-118589.1	-117861.1	-185150.7	-2.7	-0.8	-4.2	-1.0	-3.9	-	-	-	-	-
0.026	3D MESSAGE	48	00	44	91	20	59	80	8C	20	E1	96	3D	1D	C0	E5	C7	41	15	E6	C7	92	9E	E7	C7	66	32	E6	C7	B8	CF	34	C8	00	80	23	C0	00	00	82	BF	00	40	86	C0	00	00	3E	BF	00	80	80	C0	00	00	00	00	00	00	00	00	00	00	00	00	00	00	00	00	00	00	00	00
0.026	3D DATA	true	-	-	-	-	-117632.2	-117802.5	-118589.1	-117860.8	-185150.9	-2.6	-1.0	-4.2	-0.7	-4.0	-	-	-	-	-
0.027	3D MESSAGE	48	00	45	91	20	59	81	8C	20	E1	96	3D	09	C0	E5	C7	53	15	E6	C7	8E	9E	E7	C7	4A	32	E6	C7	C0	CF	34	C8	00	80	19	C0	00	00	94	BF	00	40	85	C0	00	00	06	BF	00	80	84	C0	00	00	00	00	00	00	00	00	00	00	00	00	00	00	00	00	00	00	00	00
0.027	3D DATA	true	-	-	-	-	-117632.1	-117802.6	-118589.1	-117860.6	-185151.0	-2.4	-1.2	-4.2	-0.5	-4.1	-	-	-	-	-
0.027	3D MESSAGE	48	00	46	91	20	59	82	8C	20	E1	96	3D	F1	BF	E5	C7	5A	15	E6	C7	86	9E	E7	C7	3C	32	E6	C7	C4	CF	34	C8	00	80	0D	C0	00	00	9B	BF	00	40	83	C0	00	00	D4	BE	00	80	86	C0	00	00	00	00	00	00	00	00	00	00	00	00	00	00	00	00	00	00	00	00
0.027	3D DATA	true	-	-	-	-	-117631.9	-117802.7	-118589.0	-117860.5	-185151.1	-2.2	-1.2	-4.1	-0.4	-4.2	-	-	-	-	-
0.027	3D MESSAGE	48	00	47	91	20	59	83	8C	20	E1	96	3D	D9	BF	E5	C7	55	15	E6	C7	7C	9E	E7	C7	40	32	E6	C7	C5	CF	34	C8	00	80	01	C0	00	00	96	BF	00	C0	80	C0	00	00	E4	BE	00	00	87	C0	00	00	00	00	00	00	00	00	00	00	00	00	00	00	00	00	00	00	00	00
0.027	3D DATA	true	-	-	-	-	-117631.7	-117802.7	-118589.0	-117860.5	-185151.1	-2.0	-1.2	-4.0	-0.4	-4.2	-	-	-	-	-
0.027	3D MESSAGE	48	00	48	91	20	59	84	8C	20	E1	96	3D	C0	BF	E5	C7	45	15	E6	C7	72	9E	E7	C7	51	32	E6	C7	C0	CF	34	C8	00	00	EA	BF	00	00	86	BF	00	80	7C	C0	00	00	14	BF	00	80	84	C0	00	00	00	00	00	00	00	00	00	00	00	00	00	00	00	00	00	00	00	00
0.027	3D DATA	true	-	-	-	-	-117631.5	-117802.5	-118588.9	-117860.6	-185151.0	-1.8	-1.0	-3.9	-0.6	-4.1	-	-	-	-	-
0.028	3D MESSAGE	48	00	49	91	20	59	85	8C	20	E1	96	3D	A6	BF	E5	C7	2D	15	E6	C7	6C	9E	E7	C7	6C	32	E6	C7	B7	CF	34	C8	00	00	D0	BF	00	00	5C	BF	00	80	79	C0	00	00	4A	BF	00	00	80	C0	00	00	00	00	00	00	00	00	00	00	00	00	00	00	00	00	00	00	00	00
0.028	3D DATA	true	-	-	-	-	-117631.3	-117802.4	-118588.8	-117860.8	-185150.9	-1.6	-0.9	-3.9	-0.8	-4.0	-	-	-	-	-
0.028	3D MESSAGE	48	00	4A	91	20	59	86	8C	20	E1	96	3D	8C	BF	E5	C7	16	15	E6	C7	6E	9E	E7	C7	90	32	E6	C7	AC	CF	34	C8	00	00	B6	BF	00	00	2E	BF	00	80	7A	C0	00	00	89	BF	00	00	75	C0	00	00	00	00	00	00	00	00	00	00	00	00	00	00	00	00	00	00	00	00
0.028	3D DATA	true	-	-	-	-	-117631.1	-117802.2	-118588.9	-117861.1	-185150.7	-1.4	-0.7	-3.9	-1.1	-3.8	-	-	-	-	-
0.045	3D MESSAGE	48	00	4B	91	20	59	87	8C	20	E1	96	3D	76	BF	E5	C7	0A	15	E6	C7	7C	9E	E7	C7	BA	32	E6	C7	A6	CF	34	C8	00	00	A0	BF	00	00	16	BF	00	C0	80	C0	00	00	B3	BF	00	00	6F	C0	00	00	00	00	00	00	00	00	00	00	00	00	00	00	00	00	00	00	00	00
0.045	3D DATA	true	-	-	-	-	-117630.9	-117802.1	-118589.0	-117861.5	-185150.6	-1.2	-0.6	-4.0	-1.4	-3.7	-	-	-	-	-
0.046	3D MESSAGE	48	00	4C	91	20	59	88	8C	20	E1	96	3D	69	BF	E5	C7	11	15	E6	C7	99	9E	E7	C7	EA	32	E6	C7	AA	CF	34	C8	00	00	93	BF	00	00	24	BF	00	00	88	C0	00	00	E3	BF	00	00	73	C0	00	00	00	00	00	00	00	00	00	00	00	00	00	00	00	00	00	00	00	00
0.046	3D DATA	true	-	-	-	-	-117630.8	-117802.1	-118589.2	-117861.8	-185150.7	-1.1	-0.6	-4.2	-1.8	-3.8	-	-	-	-	-
0.046	3D MESSAGE	48	00	4D	91	20	59	89	8C	20	E1	96	3D	6D	BF	E5	C7	30	15	E6	C7	C2	9E	E7	C7	1F	33	E6	C7	BC	CF	34	C8	00	00	97	BF	00	00	62	BF	00	40	92	C0	00	00	0C	C0	00	80	82	C0	00	00	00	00	00	00	00	00	00	00	00	00	00	00	00	00	00	00	00	00
0.046	3D DATA	true	-	-	-	-	-117630.9	-117802.4	-118589.5	-117862.2	-185150.9	-1.2	-0.9	-4.6	-2.2	-4.1	-	-	-	-	-
0.046	3D MESSAGE	48	00	4E	91	20	59	8A	8C	20	E1	96	3D	86	BF	E5	C7	66	15	E6	C7	F4	9E	E7	C7	59	33	E6	C7	DC	CF	34	C8	00	00	B0	BF	00	00	A7	BF	00	C0	9E	C0	00	00	29	C0	00	80	92	C0	00	00	00	00	00	00	00	00	00	00	00	00	00	00	00	00	00	00	00	00
0.046	3D DATA	true	-	-	-	-	-117631.0	-117802.8	-118589.9	-117862.7	-185151.4	-1.4	-1.3	-5.0	-2.6	-4.6	-	-	-	-	-
0.077	3D MESSAGE	48	00	4F	91	20	59	8B	8C	20	E1	96	3D	B6	BF	E5	C7	AC	15	E6	C7	26	9F	E7	C7	98	33	E6	C7	06	D0	34	C8	00	00	E0	BF	00	00	ED	BF	00	40	AB	C0	00	80	48	C0	00	80	A7	C0	00	00	00	00	00	00	00	00	00	00	00	00	00	00	00	00	00	00	00	00
0.077	3D DATA	true	-	-	-	-	-117631.4	-117803.3	-118590.3	-117863.2	-185152.1	-1.8	-1.9	-5.4	-3.1	-5.2	-	-	-	-	-
0.077	3D MESSAGE	48	00	50	91	20	59	8C	8C	20	E1	96	3D	FC	BF	E5	C7	FB	15	E6	C7	52	9F	E7	C7	D8	33	E6	C7	37	D0	34	C8	00	00	13	C0	00	00	1E	C0	00	40	B6	C0	00	80	68	C0	00	00	C0	C0	00	00	00	00	00	00	00	00	00	00	00	00	00	00	00	00	00	00	00	00
0.077	3D DATA	true	-	-	-	-	-117632.0	-117804.0	-118590.6	-117863.7	-185152.9	-2.3	-2.5	-5.7	-3.6	-6.0	-	-	-	-	-
0.077	3D MESSAGE	48	00	51	91	20	59	8D	8C	20	E1	96	3D	54	C0	E5	C7	48	16	E6	C7	72	9F	E7	C7	18	34	E6	C7	68	D0	34	C8	00	00	3F	C0	00	80	44	C0	00	40	BE	C0	00	40	84	C0	00	80	D8	C0	00	00	00	00	00	00	00	00	00	00	00	00	00	00	00	00	00	00	00	00
0.077	3D DATA	true	-	-	-	-	-117632.7	-117804.6	-118590.9	-117864.2	-185153.6	-3.0	-3.1	-5.9	-4.1	-6.8	-	-	-	-	-
0.078	3D MESSAGE	48	00	52	91	20	59	8E	8C	20	E1	96	3D	B6	C0	E5	C7	8D	16	E6	C7	88	9F	E7	C7	52	34	E6	C7	94	D0	34	C8	00	00	70	C0	00	00	67	C0	00	C0	C3	C0	00	C0	92	C0	00	80	EE	C0	00	00	00	00	00	00	00	00	00	00	00	00	00	00	00	00	00	00	00	00
0.078	3D DATA	true	-	-	-	-	-117633.4	-117805.1	-118591.1	-117864.6	-185154.3	-3.8	-3.6	-6.1	-4.6	-7.5	-	-	-	-	-
0.078	3D MESSAGE	48	00	53	91	20	59	8F	8C	20	E1	96	3D	1C	C1	E5	C7	C4	16	E6	C7	97	9F	E7	C7	84	34	E6	C7	B8	D0	34	C8	00	80	91	C0	00	40	81	C0	00	80	C7	C0	00	40	9F	C0	00	40	00	C1	00	00	00	00	00	00	00	00	00	00	00	00	00	00	00	00	00	00	00	00
0.079	3D DATA	true	-	-	-	-	-117634.2	-117805.5	-118591.2	-117865.0	-185154.9	-4.5	-4.0	-6.2	-5.0	-8.0	-	-	-	-	-
0.080	3D MESSAGE	48	00	54	91	20	59	90	8C	20	E1	96	3D	7D	C1	E5	C7	E8	16	E6	C7	A5	9F	E7	C7	A8	34	E6	C7	D1	D0	34	C8	00	C0	A9	C0	00	40	8A	C0	00	00	CB	C0	00	40	A8	C0	00	80	06	C1	00	00	00	00	00	00	00	00	00	00	00	00	00	00	00	00	00	00	00	00
0.080	3D DATA	true	-	-	-	-	-117635.0	-117805.8	-118591.3	-117865.3	-185155.3	-5.3	-4.3	-6.3	-5.3	-8.4	-	-	-	-	-
0.080	3D MESSAGE	48	00	55	91	20	59	91	8C	20	E1	96	3D	CF	C1	E5	C7	F8	16	E6	C7	B6	9F	E7	C7	BC	34	E6	C7	DC	D0	34	C8	00	40	BE	C0	00	40	8E	C0	00	40	CF	C0	00	40	AD	C0	00	40	09	C1	00	00	00	00	00	00	00	00	00	00	00	00	00	00	00	00	00	00	00	00
0.080	3D DATA	true	-	-	-	-	-117635.6	-117805.9	-118591.4	-117865.5	-185155.4	-5.9	-4.4	-6.5	-5.4	-8.6	-	-	-	-	-
0.104	3D MESSAGE	48	00	56	91	20	59	92	8C	20	E1	96	3D	0C	C2	E5	C7	F3	16	E6	C7	CB	9F	E7	C7	BD	34	E6	C7	D9	D0	34	C8	00	80	CD	C0	00	00	8D	C0	00	80	D4	C0	00	80	AD	C0	00	80	08	C1	00	00	00	00	00	00	00	00	00	00	00	00	00	00	00	00	00	00	00	00
0.104	3D DATA	true	-	-	-	-	-117636.1	-117805.9	-118591.6	-117865.5	-185155.4	-6.4	-4.4	-6.6	-5.4	-8.5	-	-	-	-	-
0.105	3D MESSAGE	48	00	57	91	20	59	93	8C	20	E1	96	3D	2E	C2	E5	C7	DB	16	E6	C7	E3	9F	E7	C7	AE	34	E6	C7	CA	D0	34	C8	00	00	D6	C0	00	00	87	C0	00	80	DA	C0	00	C0	A9	C0	00	C0	04	C1	00	00	00	00	00	00	00	00	00	00	00	00	00	00	00	00	00	00	00	00
0.105	3D DATA	true	-	-	-	-	-117636.4	-117805.7	-118591.8	-117865.4	-185155.2	-6.7	-4.2	-6.8	-5.3	-8.3	-	-	-	-	-
0.105	3D MESSAGE	48	00	58	91	20	59	94	8C	20	E1	96	3D	36	C2	E5	C7	B6	16	E6	C7	F9	9F	E7	C7	94	34	E6	C7	B1	D0	34	C8	00	00	D8	C0	00	80	7B	C0	00	00	E0	C0	00	40	A3	C0	00	00	FD	C0	00	00	00	00	00	00	00	00	00	00	00	00	00	00	00	00	00	00	00	00
0.105	3D DATA	true	-	-	-	-	-117636.4	-117805.4	-118591.9	-117865.2	-185154.8	-6.8	-3.9	-7.0	-5.1	-7.9	-	-	-	-	-
0.106	3D MESSAGE	48	00	59	91	20	59	95	8C	20	E1	96	3D	23	C2	E5	C7	8A	16	E6	C7	07	A0	E7	C7	74	34	E6	C7	94	D0	34	C8	00	40	D3	C0	00	80	65	C0	00	80	E3	C0	00	40	9B	C0	00	80	EE	C0	00	00	00	00	00	00	00	00	00	00	00	00	00	00	00	00	00	00	00	00
0.106	3D DATA	true	-	-	-	-	-117636.3	-117805.1	-118592.1	-117864.9	-185154.3	-6.6	-3.6	-7.1	-4.9	-7.5	-	-	-	-	-
0.106	3D MESSAGE	48	00	5A	91	20	59	96	8C	20	E1	96	3D	FA	C1	E5	C7	5D	16	E6	C7	08	A0	E7	C7	55	34	E6	C7	75	D0	34	C8	00	00	C9	C0	00	00	4F	C0	00	C0	E3	C0	00	80	93	C0	00	00	DF	C0	00	00	00	00	00	00	00	00	00	00	00	00	00	00	00	00	00	00	00	00
0.106	3D DATA	true	-	-	-	-	-117636.0	-117804.7	-118592.1	-117864.7	-185153.8	-6.3	-3.2	-7.1	-4.6	-7.0	-	-	-	-	-
0.137	3D MESSAGE	48	00	5B	91	20	59	97	8C	20	E1	96	3D	C1	C1	E5	C7	34	16	E6	C7	FA	9F	E7	C7	3A	34	E6	C7	58	D0	34	C8	00	C0	BA	C0	00	80	3A	C0	00	40	E0	C0	00	C0	8C	C0	00	80	D0	C0	00	00	00	00	00	00	00	00	00	00	00	00	00	00	00	00	00	00	00	00
0.137	3D DATA	true	-	-	-	-	-117635.5	-117804.4	-118592.0	-117864.5	-185153.4	-5.8	-2.9	-7.0	-4.4	-6.5	-	-	-	-	-
0.137	3D MESSAGE	48	00	5C	91	20	59	98	8C	20	E1	96	3D	78	C1	E5	C7	0F	16	E6	C7	DA	9F	E7	C7	20	34	E6	C7	3C	D0	34	C8	00	80	A8	C0	00	00	28	C0	00	40	D8	C0	00	40	86	C0	00	80	C2	C0	00	00	00	00	00	00	00	00	00	00	00	00	00	00	00	00	00	00	00	00
0.137	3D DATA	true	-	-	-	-	-117634.9	-117804.1	-118591.7	-117864.2	-185152.9	-5.3	-2.6	-6.8	-4.2	-6.1	-	-	-	-	-
0.138	3D MESSAGE	48	00	5D	91	20	59	99	8C	B8	7A	5A	3D	27	C1	E5	C7	EC	15	E6	C7	A9	9F	E7	C7	07	34	E6	C7	1F	D0	34	C8	00	40	94	C0	00	80	16	C0	00	00	CC	C0	00	00	80	C0	00	00	B4	C0	00	00	00	00	00	00	00	00	00	00	00	00	00	00	00	00	00	00	00	00
0.138	3D DATA	true	-	-	-	-	-117634.3	-117803.8	-118591.3	-117864.1	-185152.5	-4.6	-2.4	-6.4	-4.0	-5.6	-	-	-	-	-
0.138	3D MESSAGE	48	00	5E	91	20	59	9A	8C	B8	7A	5A	3D	D0	C0	E5	C7	C6	15	E6	C7	6A	9F	E7	C7	EA	33	E6	C7	FF	CF	34	C8	00	00	7D	C0	00	80	03	C0	00	40	BC	C0	00	80	71	C0	00	00	A4	C0	00	00	00	00	00	00	00	00	00	00	00	00	00	00	00	00	00	00	00	00
0.138	3D DATA	true	-	-	-	-	-117633.6	-117803.5	-118590.8	-117863.8	-185152.0	-4.0	-2.1	-5.9	-3.8	-5.1	-	-	-	-	-
0.138	3D MESSAGE	48	00	5F	91	20	59	9B	8C	B8	7A	5A	3D	79	C0	E5	C7	9E	15	E6	C7	21	9F	E7	C7	C5	33	E6	C7	DA	CF	34	C8	00	80	51	C0	00	00	DF	BF	00	00	AA	C0	00	00	5F	C0	00	80	91	C0	00	00	00	00	00	00	00	00	00	00	00	00	00	00	00	00	00	00	00	00
0.138	3D DATA	true	-	-	-	-	-117632.9	-117803.2	-118590.3	-117863.5	-185151.4	-3.3	-1.7	-5.3	-3.5	-4.5	-	-	-	-	-
0.140	3D MESSAGE	48	00	60	91	20	59	9C	8C	B8	7A	5A	3D	2A	C0	E5	C7	75	15	E6	C7	D7	9E	E7	C7	9A	33	E6	C7	B2	CF	34	C8	00	00	2A	C0	00	00	B6	BF	00	00	00	00	00	80	49	C0	00	00	7B	C0	00	00	00	00	00	00	00	00	00	00	00	00	00	00	00	00	00	00	00	00
0.140	3D DATA	true	-	-	-	-	-117632.3	-117802.9	-118589.7	-117863.2	-185150.8	-2.7	-1.4	0.0	-3.1	-3.9	-	-	-	-	-
0.167	3D MESSAGE	48	00	61	91	20	59	9D	8C	B8	7A	5A	3D	ED	BF	E5	C7	4F	15	E6	C7	92	9E	E7	C7	6D	33	E6	C7	8B	CF	34	C8	00	80	0B	C0	00	00	90	BF	00	00	0A	3F	00	00	33	C0	00	00	54	C0	00	00	00	00	00	00	00	00	00	00	00	00	00	00	00	00	00	00	00	00
0.168	3D DATA	true	-	-	-	-	-117631.9	-117802.6	-118589.1	-117862.9	-185150.2	-2.2	-1.1	0.5	-2.8	-3.3	-	-	-	-	-
0.168	3D MESSAGE	48	00	62	91	20	59	9E	8C	B8	7A	5A	3D	C8	BF	E5	C7	31	15	E6	C7	5C	9E	E7	C7	43	33	E6	C7	6A	CF	34	C8	00	00	F2	BF	00	00	64	BF	00	00	76	3F	00	00	1E	C0	00	00	33	C0	00	00	00	00	00	00	00	00	00	00	00	00	00	00	00	00	00	00	00	00
0.168	3D DATA	true	-	-	-	-	-117631.6	-117802.4	-118588.7	-117862.5	-185149.7	-1.9	-0.9	1.0	-2.5	-2.8	-	-	-	-	-
0.168	3D MESSAGE	48	00	63	91	20	59	9F	8C	B8	7A	5A	3D	C0	BF	E5	C7	1E	15	E6	C7	38	9E	E7	C7	22	33	E6	C7	54	CF	34	C8	00	00	EA	BF	00	00	3E	BF	00	00	9F	3F	00	80	0D	C0	00	00	1D	C0	00	00	00	00	00	00	00	00	00	00	00	00	00	00	00	00	00	00	00	00
0.168	3D DATA	true	-	-	-	-	-117631.5	-117802.2	-118588.4	-117862.3	-185149.3	-1.8	-0.7	1.2	-2.2	-2.5	-	-	-	-	-
0.169	3D MESSAGE	48	00	64	91	20	59	A0	8C	B8	7A	5A	3D	D1	BF	E5	C7	16	15	E6	C7	2A	9E	E7	C7	0E	33	E6	C7	4C	CF	34	C8	00	00	FB	BF	00	00	2E	BF	00	00	AD	3F	00	80	03	C0	00	00	15	C0	00	00	00	00	00	00	00	00	00	00	00	00	00	00	00	00	00	00	00	00
0.169	3D DATA	true	-	-	-	-	-117631.6	-117802.2	-118588.3	-117862.1	-185149.2	-2.0	-0.7	1.4	-2.1	-2.3	-	-	-	-	-
0.169	3D MESSAGE	48	00	65	91	20	59	A1	8C	B8	7A	5A	3D	F4	BF	E5	C7	16	15	E6	C7	2E	9E	E7	C7	04	33	E6	C7	4E	CF	34	C8	00	00	0F	C0	00	00	2E	BF	00	00	A9	3F	00	00	FD	BF	00	00	17	C0	00	00	00	00	00	00	00	00	00	00	00	00	00	00	00	00	00	00	00	00
0.169	3D DATA	true	-	-	-	-	-117631.9	-117802.2	-118588.4	-117862.0	-185149.2	-2.2	-0.7	1.3	-2.0	-2.4	-	-	-	-	-
0.170	3D MESSAGE	48	00	66	91	20	59	A2	8C	B8	7A	5A	3D	1B	C0	E5	C7	19	15	E6	C7	3C	9E	E7	C7	00	33	E6	C7	55	CF	34	C8	00	80	22	C0	00	00	34	BF	00	00	9B	3F	00	00	F9	BF	00	00	1E	C0	00	00	00	00	00	00	00	00	00	00	00	00	00	00	00	00	00	00	00	00
0.170	3D DATA	true	-	-	-	-	-117632.2	-117802.2	-118588.5	-117862.0	-185149.3	-2.5	-0.7	1.2	-1.9	-2.5	-	-	-	-	-
0.198	3D MESSAGE	48	00	67	91	20	59	A3	8C	B8	7A	5A	3D	3A	C0	E5	C7	1B	15	E6	C7	4C	9E	E7	C7	FC	32	E6	C7	5D	CF	34	C8	00	00	32	C0	00	00	38	BF	00	00	8B	3F	00	00	F5	BF	00	00	26	C0	00	00	00	00	00	00	00	00	00	00	00	00	00	00	00	00	00	00	00	00
0.198	3D DATA	true	-	-	-	-	-117632.5	-117802.2	-118588.6	-117862.0	-185149.5	-2.8	-0.7	1.1	-1.9	-2.6	-	-	-	-	-
0.199	3D MESSAGE	48	00	68	91	20	59	A4	8C	B8	7A	5A	3D	45	C0	E5	C7	1B	15	E6	C7	58	9E	E7	C7	F1	32	E6	C7	63	CF	34	C8	00	80	37	C0	00	00	38	BF	00	00	7E	3F	00	00	EA	BF	00	00	2C	C0	00	00	00	00	00	00	00	00	00	00	00	00	00	00	00	00	00	00	00	00
0.199	3D DATA	true	-	-	-	-	-117632.5	-117802.2	-118588.7	-117861.9	-185149.5	-2.9	-0.7	1.0	-1.8	-2.7	-	-	-	-	-
0.199	3D MESSAGE	48	00	69	91	20	59	A5	8C	B8	7A	5A	3D	3C	C0	E5	C7	18	15	E6	C7	5C	9E	E7	C7	DE	32	E6	C7	65	CF	34	C8	00	00	33	C0	00	00	32	BF	00	00	76	3F	00	00	D7	BF	00	00	2E	C0	00	00	00	00	00	00	00	00	00	00	00	00	00	00	00	00	00	00	00	00
0.199	3D DATA	true	-	-	-	-	-117632.5	-117802.2	-118588.7	-117861.7	-185149.6	-2.8	-0.7	1.0	-1.7	-2.7	-	-	-	-	-
0.200	3D MESSAGE	48	00	6A	91	20	59	A6	8C	B8	7A	5A	3D	22	C0	E5	C7	14	15	E6	C7	5A	9E	E7	C7	C1	32	E6	C7	68	CF	34	C8	00	00	26	C0	00	00	2A	BF	00	00	7A	3F	00	00	BA	BF	00	00	31	C0	00	00	00	00	00	00	00	00	00	00	00	00	00	00	00	00	00	00	00	00
0.200	3D DATA	true	-	-	-	-	-117632.3	-117802.2	-118588.7	-117861.5	-185149.6	-2.6	-0.7	1.0	-1.5	-2.8	-	-	-	-	-
0.200	3D MESSAGE	48	00	6B	91	20	59	A7	8C	B8	7A	5A	3D	02	C0	E5	C7	12	15	E6	C7	58	9E	E7	C7	9E	32	E6	C7	6F	CF	34	C8	00	00	16	C0	00	00	26	BF	00	00	7E	3F	00	00	97	BF	00	00	38	C0	00	00	00	00	00	00	00	00	00	00	00	00	00	00	00	00	00	00	00	00
0.200	3D DATA	true	-	-	-	-	-117632.0	-117802.1	-118588.7	-117861.2	-185149.7	-2.3	-0.6	1.0	-1.2	-2.9	-	-	-	-	-
0.201	3D MESSAGE	48	00	6C	91	20	59	A8	8C	B8	7A	5A	3D	E8	BF	E5	C7	11	15	E6	C7	59	9E	E7	C7	7B	32	E6	C7	7B	CF	34	C8	00	00	09	C0	00	00	24	BF	00	00	7C	3F	00	00	68	BF	00	00	44	C0	00	00	00	00	00	00	00	00	00	00	00	00	00	00	00	00	00	00	00	00
0.201	3D DATA	true	-	-	-	-	-117631.8	-117802.1	-118588.7	-117861.0	-185149.9	-2.1	-0.6	1.0	-0.9	-3.1	-	-	-	-	-
0.201	3D MESSAGE	48	00	6D	91	20	59	A9	8C	B8	7A	5A	3D	DE	BF	E5	C7	10	15	E6	C7	63	9E	E7	C7	5C	32	E6	C7	8D	CF	34	C8	00	00	04	C0	00	00	22	BF	00	00	68	3F	00	00	2A	BF	00	00	56	C0	00	00	00	00	00	00	00	00	00	00	00	00	00	00	00	00	00	00	00	00
0.201	3D DATA	true	-	-	-	-	-117631.7	-117802.1	-118588.8	-117860.7	-185150.2	-2.1	-0.6	0.9	-0.7	-3.3	-	-	-	-	-
0.232	3D MESSAGE	48	00	6E	91	20	59	AA	8C	B8	7A	5A	3D	E4	BF	E5	C7	0B	15	E6	C7	71	9E	E7	C7	40	32	E6	C7	9E	CF	34	C8	00	00	07	C0	00	00	18	BF	00	00	4C	3F	00	00	E4	BE	00	00	67	C0	00	00	00	00	00	00	00	00	00	00	00	00	00	00	00	00	00	00	00	00
0.232	3D DATA	true	-	-	-	-	-117631.8	-117802.1	-118588.9	-117860.5	-185150.5	-2.1	-0.6	0.8	-0.4	-3.6	-	-	-	-	-
0.232	3D MESSAGE	48	00	6F	91	20	59	AB	8C	B8	7A	5A	3D	F7	BF	E5	C7	FF	14	E6	C7	7F	9E	E7	C7	26	32	E6	C7	AA	CF	34	C8	00	80	10	C0	00	00	00	BF	00	00	30	3F	00	00	78	BE	00	00	73	C0	00	00	00	00	00	00	00	00	00	00	00	00	00	00	00	00	00	00	00	00
0.232	3D DATA	true	-	-	-	-	-117631.9	-117802.0	-118589.0	-117860.3	-185150.7	-2.3	-0.5	0.7	-0.2	-3.8	-	-	-	-	-
0.233	3D MESSAGE	48	00	70	91	20	59	AC	8C	B8	7A	5A	3D	0E	C0	E5	C7	E8	14	E6	C7	84	9E	E7	C7	0A	32	E6	C7	AA	CF	34	C8	00	00	1C	C0	00	00	A4	BE	00	00	26	3F	00	00	C0	BC	00	00	73	C0	00	00	00	00	00	00	00	00	00	00	00	00	00	00	00	00	00	00	00	00
0.233	3D DATA	true	-	-	-	-	-117632.1	-117801.8	-118589.0	-117860.1	-185150.7	-2.4	-0.3	0.6	-0.0	-3.8	-	-	-	-	-
0.234	3D MESSAGE	48	00	71	91	20	59	AD	8C	B8	7A	5A	3D	1F	C0	E5	C7	C8	14	E6	C7	79	9E	E7	C7	E8	31	E6	C7	9D	CF	34	C8	00	80	24	C0	00	00	90	BD	00	00	3C	3F	00	00	78	3E	00	00	66	C0	00	00	00	00	00	00	00	00	00	00	00	00	00	00	00	00	00	00	00	00
0.234	3D DATA	true	-	-	-	-	-117632.2	-117801.6	-118588.9	-117859.8	-185150.5	-2.6	-0.1	0.7	0.2	-3.6	-	-	-	-	-
0.234	3D MESSAGE	48	00	72	91	20	59	AE	8C	B8	7A	5A	3D	23	C0	E5	C7	A4	14	E6	C7	5F	9E	E7	C7	C1	31	E6	C7	84	CF	34	C8	00	80	26	C0	00	00	58	3E	00	00	70	3F	00	00	0C	3F	00	00	4D	C0	00	00	00	00	00	00	00	00	00	00	00	00	00	00	00	00	00	00	00	00
0.234	3D DATA	true	-	-	-	-	-117632.3	-117801.3	-118588.7	-117859.5	-185150.1	-2.6	0.2	0.9	0.5	-3.2	-	-	-	-	-
0.235	3D MESSAGE	48	00	73	91	20	59	AF	8C	B8	7A	5A	3D	1A	C0	E5	C7	84	14	E6	C7	3A	9E	E7	C7	94	31	E6	C7	68	CF	34	C8	00	00	22	C0	00	00	EC	3E	00	00	9D	3F	00	00	66	3F	00	00	31	C0	00	00	00	00	00	00	00	00	00	00	00	00	00	00	00	00	00	00	00	00
0.235	3D DATA	true	-	-	-	-	-117632.2	-117801.0	-118588.5	-117859.2	-185149.6	-2.5	0.5	1.2	0.9	-2.8	-	-	-	-	-
0.235	3D MESSAGE	48	00	74	91	20	59	B0	8C	B8	7A	5A	3D	04	C0	E5	C7	6F	14	E6	C7	10	9E	E7	C7	66	31	E6	C7	50	CF	34	C8	00	00	17	C0	00	00	20	3F	00	00	C7	3F	00	00	A1	3F	00	00	19	C0	00	00	00	00	00	00	00	00	00	00	00	00	00	00	00	00	00	00	00	00
0.235	3D DATA	true	-	-	-	-	-117632.0	-117800.9	-118588.1	-117858.8	-185149.2	-2.4	0.6	1.6	1.3	-2.4	-	-	-	-	-
0.261	3D MESSAGE	48	00	75	91	20	59	B1	8C	B8	7A	5A	3D	E8	BF	E5	C7	6D	14	E6	C7	EB	9D	E7	C7	3C	31	E6	C7	41	CF	34	C8	00	00	09	C0	00	00	24	3F	00	00	EC	3F	00	00	CB	3F	00	00	0A	C0	00	00	00	00	00	00	00	00	00	00	00	00	00	00	00	00	00	00	00	00
0.261	3D DATA	true	-	-	-	-	-117631.8	-117800.9	-118587.8	-117858.5	-185149.0	-2.1	0.6	1.8	1.6	-2.2	-	-	-	-	-
0.261	3D MESSAGE	48	00	76	91	20	59	B2	8C	B8	7A	5A	3D	CA	BF	E5	C7	7F	14	E6	C7	D1	9D	E7	C7	17	31	E6	C7	3F	CF	34	C8	00	00	F4	BF	00	00	00	3F	00	00	03	40	00	00	F0	3F	00	00	08	C0	00	00	00	00	00	00	00	00	00	00	00	00	00	00	00	00	00	00	00	00
0.261	3D DATA	true	-	-	-	-	-117631.6	-117801.0	-118587.6	-117858.2	-185149.0	-1.9	0.5	2.0	1.9	-2.1	-	-	-	-	-
0.262	3D MESSAGE	48	00	77	91	20	59	B3	8C	B8	7A	5A	3D	B0	BF	E5	C7	A2	14	E6	C7	C4	9D	E7	C7	FA	30	E6	C7	48	CF	34	C8	00	00	DA	BF	00	00	68	3E	00	80	09	40	00	80	06	40	00	00	11	C0	00	00	00	00	00	00	00	00	00	00	00	00	00	00	00	00	00	00	00	00
0.262	3D DATA	true	-	-	-	-	-117631.4	-117801.3	-118587.5	-117858.0	-185149.1	-1.7	0.2	2.1	2.1	-2.3	-	-	-	-	-
0.262	3D MESSAGE	48	00	78	91	20	59	B4	8C	B8	7A	5A	3D	9A	BF	E5	C7	D1	14	E6	C7	C2	9D	E7	C7	E6	30	E6	C7	57	CF	34	C8	00	00	C4	BF	00	00	10	BE	00	80	0A	40	00	80	10	40	00	00	20	C0	00	00	00	00	00	00	00	00	00	00	00	00	00	00	00	00	00	00	00	00
0.262	3D DATA	true	-	-	-	-	-117631.2	-117801.6	-118587.5	-117857.8	-185149.4	-1.5	-0.1	2.2	2.3	-2.5	-	-	-	-	-
0.262	3D MESSAGE	48	00	79	91	20	59	B5	8C	B8	7A	5A	3D	89	BF	E5	C7	02	15	E6	C7	C7	9D	E7	C7	DA	30	E6	C7	66	CF	34	C8	00	00	B3	BF	00	00	06	BF	00	00	08	40	00	80	16	40	00	00	2F	C0	00	00	00	00	00	00	00	00	00	00	00	00	00	00	00	00	00	00	00	00
0.263	3D DATA	true	-	-	-	-	-117631.1	-117802.0	-118587.6	-117857.7	-185149.6	-1.4	-0.5	2.1	2.4	-2.7	-	-	-	-	-
0.294	3D MESSAGE	48	00	7A	91	20	59	B6	8C	B8	7A	5A	3D	7B	BF	E5	C7	2C	15	E6	C7	CD	9D	E7	C7	D3	30	E6	C7	6E	CF	34	C8	00	00	A5	BF	00	00	5A	BF	00	00	05	40	00	00	1A	40	00	00	37	C0	00	00	00	00	00	00	00	00	00	00	00	00	00	00	00	00	00	00	00	00
0.294	3D DATA	true	-	-	-	-	-117631.0	-117802.3	-118587.6	-117857.6	-185149.7	-1.3	-0.9	2.1	2.4	-2.9	-	-	-	-	-
0.295	3D MESSAGE	48	00	7B	91	20	59	B7	8C	B8	7A	5A	3D	6E	BF	E5	C7	48	15	E6	C7	CF	9D	E7	C7	CF	30	E6	C7	6E	CF	34	C8	00	00	98	BF	00	00	89	BF	00	00	04	40	00	00	1C	40	00	00	37	C0	00	00	00	00	00	00	00	00	00	00	00	00	00	00	00	00	00	00	00	00
0.295	3D DATA	true	-	-	-	-	-117630.9	-117802.6	-118587.6	-117857.6	-185149.7	-1.2	-1.1	2.1	2.4	-2.9	-	-	-	-	-
0.295	3D MESSAGE	48	00	7C	91	20	59	B8	8C	B8	7A	5A	3D	60	BF	E5	C7	50	15	E6	C7	CA	9D	E7	C7	C9	30	E6	C7	62	CF	34	C8	00	00	8A	BF	00	00	91	BF	00	80	06	40	00	00	1F	40	00	00	2B	C0	00	00	00	00	00	00	00	00	00	00	00	00	00	00	00	00	00	00	00	00
0.295	3D DATA	true	-	-	-	-	-117630.8	-117802.6	-118587.6	-117857.6	-185149.5	-1.1	-1.1	2.1	2.5	-2.7	-	-	-	-	-
0.296	3D MESSAGE	48	00	7D	91	20	59	B9	8C	B8	7A	5A	3D	4F	BF	E5	C7	42	15	E6	C7	BC	9D	E7	C7	BC	30	E6	C7	4E	CF	34	C8	00	00	72	BF	00	00	83	BF	00	80	0D	40	00	80	25	40	00	00	17	C0	00	00	00	00	00	00	00	00	00	00	00	00	00	00	00	00	00	00	00	00
0.296	3D DATA	true	-	-	-	-	-117630.6	-117802.5	-118587.5	-117857.5	-185149.2	-0.9	-1.0	2.2	2.6	-2.4	-	-	-	-	-
0.296	3D MESSAGE	48	00	7E	91	20	59	BA	8C	B8	7A	5A	3D	36	BF	E5	C7	1D	15	E6	C7	A4	9D	E7	C7	A0	30	E6	C7	30	CF	34	C8	00	00	40	BF	00	00	3C	BF	00	80	19	40	00	80	33	40	00	00	F2	BF	00	00	00	00	00	00	00	00	00	00	00	00	00	00	00	00	00	00	00	00
0.296	3D DATA	true	-	-	-	-	-117630.4	-117802.2	-118587.3	-117857.2	-185148.8	-0.8	-0.7	2.4	2.8	-1.9	-	-	-	-	-
0.296	3D MESSAGE	48	00	7F	91	20	59	BB	8C	B8	7A	5A	3D	13	BF	E5	C7	E5	14	E6	C7	81	9D	E7	C7	71	30	E6	C7	0D	CF	34	C8	00	00	F4	BE	00	00	98	BE	00	00	2B	40	00	00	4B	40	00	00	AC	BF	00	00	00	00	00	00	00	00	00	00	00	00	00	00	00	00	00	00	00	00
0.296	3D DATA	true	-	-	-	-	-117630.1	-117801.8	-118587.0	-117856.9	-185148.2	-0.5	-0.3	2.7	3.2	-1.3	-	-	-	-	-
0.297	3D MESSAGE	48	00	80	91	20	59	BC	8C	B8	7A	5A	3D	E6	BE	E5	C7	9F	14	E6	C7	54	9D	E7	C7	2E	30	E6	C7	E4	CE	34	C8	00	00	00	BE	00	00	80	3E	00	80	41	40	00	80	6C	40	00	00	34	BF	00	00	00	00	00	00	00	00	00	00	00	00	00	00	00	00	00	00	00	00
0.297	3D DATA	true	-	-	-	-	-117629.8	-117801.2	-118586.7	-117856.4	-185147.6	-0.1	0.2	3.0	3.7	-0.7	-	-	-	-	-
0.325	3D MESSAGE	48	00	81	91	20	59	BD	8C	B8	7A	5A	3D	AF	BE	E5	C7	53	14	E6	C7	20	9D	E7	C7	D8	2F	E6	C7	BA	CE	34	C8	00	00	9C	3E	00	00	58	3F	00	80	5B	40	00	C0	8B	40	00	00	40	BD	00	00	00	00	00	00	00	00	00	00	00	00	00	00	00	00	00	00	00	00
0.325	3D DATA	true	-	-	-	-	-117629.4	-117800.6	-118586.2	-117855.7	-185146.9	0.3	0.8	3.4	4.4	-0.0	-	-	-	-	-
0.326	3D MESSAGE	48	00	82	91	20	59	BE	8C	B8	7A	5A	3D	72	BE	E5	C7	0C	14	E6	C7	EC	9C	E7	C7	76	2F	E6	C7	92	CE	34	C8	00	00	48	3F	00	00	B3	3F	00	80	75	40	00	40	A4	40	00	00	14	3F	00	00	00	00	00	00	00	00	00	00	00	00	00	00	00	00	00	00	00	00
0.326	3D DATA	true	-	-	-	-	-117628.9	-117800.1	-118585.8	-117854.9	-185146.3	0.8	1.4	3.8	5.1	0.6	-	-	-	-	-
0.326	3D MESSAGE	48	00	83	91	20	59	BF	8C	B8	7A	5A	3D	36	BE	E5	C7	D4	13	E6	C7	BB	9C	E7	C7	0D	2F	E6	C7	70	CE	34	C8	00	00	A0	3F	00	00	EB	3F	00	00	87	40	00	80	BE	40	00	00	8E	3F	00	00	00	00	00	00	00	00	00	00	00	00	00	00	00	00	00	00	00	00
0.326	3D DATA	true	-	-	-	-	-117628.4	-117799.7	-118585.5	-117854.1	-185145.8	1.2	1.8	4.2	6.0	1.1	-	-	-	-	-
0.327	3D MESSAGE	48	00	84	91	20	59	C0	8C	B8	7A	5A	3D	FD	BD	E5	C7	B3	13	E6	C7	94	9C	E7	C7	A3	2E	E6	C7	56	CE	34	C8	00	00	D9	3F	00	00	06	40	00	C0	90	40	00	00	D9	40	00	00	C2	3F	00	00	00	00	00	00	00	00	00	00	00	00	00	00	00	00	00	00	00	00
0.327	3D DATA	true	-	-	-	-	-117628.0	-117799.4	-118585.2	-117853.3	-185145.3	1.7	2.1	4.5	6.8	1.5	-	-	-	-	-
0.327	3D MESSAGE	48	00	85	91	20	59	C1	8C	D0	00	70	3D	CE	BD	E5	C7	AD	13	E6	C7	79	9C	E7	C7	3B	2E	E6	C7	47	CE	34	C8	00	00	04	40	00	00	09	40	00	80	97	40	00	00	F3	40	00	00	E0	3F	00	00	00	00	00	00	00	00	00	00	00	00	00	00	00	00	00	00	00	00
0.327	3D DATA	true	-	-	-	-	-117627.6	-117799.4	-118584.9	-117852.5	-185145.1	2.1	2.1	4.7	7.6	1.8	-	-	-	-	-
0.356	3D MESSAGE	48	00	86	91	20	59	C2	8C	D0	00	70	3D	AB	BD	E5	C7	C3	13	E6	C7	6A	9C	E7	C7	D5	2D	E6	C7	42	CE	34	C8	00	80	15	40	00	00	FC	3F	00	40	9B	40	00	40	06	41	00	00	EA	3F	00	00	00	00	00	00	00	00	00	00	00	00	00	00	00	00	00	00	00	00
0.356	3D DATA	true	-	-	-	-	-117627.3	-117799.5	-118584.8	-117851.7	-185145.0	2.3	2.0	4.9	8.4	1.8	-	-	-	-	-
0.357	3D MESSAGE	48	00	87	91	20	59	C3	8C	D0	00	70	3D	95	BD	E5	C7	F1	13	E6	C7	62	9C	E7	C7	70	2D	E6	C7	48	CE	34	C8	00	80	20	40	00	00	CE	3F	00	40	9D	40	00	E0	12	41	00	00	DE	3F	00	00	00	00	00	00	00	00	00	00	00	00	00	00	00	00	00	00	00	00
0.357	3D DATA	true	-	-	-	-	-117627.2	-117799.9	-118584.8	-117850.9	-185145.1	2.5	1.6	4.9	9.2	1.7	-	-	-	-	-
0.358	3D MESSAGE	48	00	88	91	20	59	C4	8C	D0	00	70	3D	8A	BD	E5	C7	2F	14	E6	C7	5B	9C	E7	C7	0A	2D	E6	C7	56	CE	34	C8	00	00	26	40	00	00	90	3F	00	00	9F	40	00	A0	1F	41	00	00	C2	3F	00	00	00	00	00	00	00	00	00	00	00	00	00	00	00	00	00	00	00	00
0.358	3D DATA	true	-	-	-	-	-117627.1	-117800.4	-118584.7	-117850.1	-185145.3	2.6	1.1	5.0	10.0	1.5	-	-	-	-	-
0.358	3D MESSAGE	48	00	89	91	20	59	C5	8C	D0	00	70	3D	83	BD	E5	C7	73	14	E6	C7	50	9C	E7	C7	9F	2C	E6	C7	6A	CE	34	C8	00	80	29	40	00	00	18	3F	00	C0	A1	40	00	00	2D	41	00	00	9A	3F	00	00	00	00	00	00	00	00	00	00	00	00	00	00	00	00	00	00	00	00
0.358	3D DATA	true	-	-	-	-	-117627.0	-117800.9	-118584.6	-117849.2	-185145.7	2.6	0.6	5.1	10.8	1.2	-	-	-	-	-
0.359	3D MESSAGE	48	00	8A	91	20	59	C6	8C	D0	00	70	3D	79	BD	E5	C7	B0	14	E6	C7	3C	9C	E7	C7	2F	2C	E6	C7	7E	CE	34	C8	00	80	2E	40	00	00	F0	3D	00	C0	A6	40	00	00	3B	41	00	00	64	3F	00	00	00	00	00	00	00	00	00	00	00	00	00	00	00	00	00	00	00	00
0.359	3D DATA	true	-	-	-	-	-117626.9	-117801.4	-118584.5	-117848.4	-185146.0	2.7	0.1	5.2	11.7	0.9	-	-	-	-	-
0.360	3D MESSAGE	48	00	8B	91	20	59	C7	8C	D0	00	70	3D	64	BD	E5	C7	DB	14	E6	C7	1A	9C	E7	C7	B7	2B	E6	C7	8D	CE	34	C8	00	00	39	40	00	00	60	BE	00	40	AF	40	00	00	4A	41	00	00	28	3F	00	00	00	00	00	00	00	00	00	00	00	00	00	00	00	00	00	00	00	00
0.360	3D DATA	true	-	-	-	-	-117626.8	-117801.7	-118584.2	-117847.4	-185146.2	2.9	-0.2	5.5	12.6	0.7	-	-	-	-	-
0.360	3D MESSAGE	48	00	8C	91	20	59	C8	8C	D0	00	70	3D	3A	BD	E5	C7	EA	14	E6	C7	EA	9B	E7	C7	35	2B	E6	C7	92	CE	34	C8	00	00	4E	40	00	00	AC	BE	00	40	BB	40	00	40	5A	41	00	00	14	3F	00	00	00	00	00	00	00	00	00	00	00	00	00	00	00	00	00	00	00	00
0.360	3D DATA	true	-	-	-	-	-117626.5	-117801.8	-118583.8	-117846.4	-185146.3	3.2	-0.3	5.9	13.6	0.6	-	-	-	-	-
0.360	3D MESSAGE	48	00	8D	91	20	59	C9	8C	D0	00	70	3D	F5	BC	E5	C7	D7	14	E6	C7	AA	9B	E7	C7	A5	2A	E6	C7	86	CE	34	C8	00	80	70	40	00	00	40	BE	00	40	CB	40	00	40	6C	41	00	00	44	3F	00	00	00	00	00	00	00	00	00	00	00	00	00	00	00	00	00	00	00	00
0.360	3D DATA	true	-	-	-	-	-117625.9	-117801.7	-118583.3	-117845.3	-185146.1	3.8	-0.2	6.4	14.8	0.8	-	-	-	-	-
0.388	3D MESSAGE	48	00	8E	91	20	59	CA	8C	D0	00	70	3D	97	BC	E5	C7	A1	14	E6	C7	5C	9B	E7	C7	04	2A	E6	C7	67	CE	34	C8	00	C0	8F	40	00	00	70	3E	00	C0	DE	40	00	30	80	41	00	00	A0	3F	00	00	00	00	00	00	00	00	00	00	00	00	00	00	00	00	00	00	00	00
0.388	3D DATA	true	-	-	-	-	-117625.2	-117801.3	-118582.7	-117844.0	-185145.6	4.5	0.2	7.0	16.0	1.2	-	-	-	-	-
0.390	3D MESSAGE	48	00	8F	91	20	59	CB	8C	D0	00	70	3D	22	BC	E5	C7	4C	14	E6	C7	00	9B	E7	C7	4E	29	E6	C7	34	CE	34	C8	00	00	AD	40	00	00	66	3F	00	C0	F5	40	00	90	8B	41	00	00	03	40	00	00	00	00	00	00	00	00	00	00	00	00	00	00	00	00	00	00	00	00
0.390	3D DATA	true	-	-	-	-	-117624.3	-117800.6	-118582.0	-117842.6	-185144.8	5.4	0.9	7.7	17.4	2.0	-	-	-	-	-
0.390	3D MESSAGE	48	00	90	91	20	59	CC	8C	D0	00	70	3D	A2	BB	E5	C7	E2	13	E6	C7	97	9A	E7	C7	84	28	E6	C7	F3	CD	34	C8	00	00	CD	40	00	00	DD	3F	00	00	08	41	00	30	98	41	00	00	44	40	00	00	00	00	00	00	00	00	00	00	00	00	00	00	00	00	00	00	00	00
0.390	3D DATA	true	-	-	-	-	-117623.3	-117799.8	-118581.2	-117841.0	-185143.8	6.4	1.7	8.5	19.0	3.1	-	-	-	-	-
0.390	3D MESSAGE	48	00	91	91	20	59	CD	8C	D0	00	70	3D	21	BB	E5	C7	6F	13	E6	C7	27	9A	E7	C7	A8	27	E6	C7	A8	CD	34	C8	00	40	ED	40	00	00	28	40	00	00	16	41	00	F0	A5	41	00	80	87	40	00	00	00	00	00	00	00	00	00	00	00	00	00	00	00	00	00	00	00	00
0.390	3D DATA	true	-	-	-	-	-117622.3	-117798.9	-118580.3	-117839.3	-185142.6	7.4	2.6	9.4	20.7	4.2	-	-	-	-	-
0.391	3D MESSAGE	48	00	92	91	20	59	CE	8C	D0	00	70	3D	AA	BA	E5	C7	03	13	E6	C7	B3	99	E7	C7	BE	26	E6	C7	5B	CD	34	C8	00	80	05	41	00	00	5E	40	00	80	24	41	00	90	B4	41	00	00	AE	40	00	00	00	00	00	00	00	00	00	00	00	00	00	00	00	00	00	00	00	00
0.391	3D DATA	true	-	-	-	-	-117621.3	-117798.0	-118579.4	-117837.5	-185141.4	8.3	3.5	10.3	22.6	5.4	-	-	-	-	-
0.391	3D MESSAGE	48	00	93	91	20	59	CF	8C	D0	00	70	3D	42	BA	E5	C7	A8	12	E6	C7	41	99	E7	C7	CB	25	E6	C7	13	CD	34	C8	00	80	12	41	00	C0	85	40	00	C0	32	41	00	C0	C3	41	00	00	D2	40	00	00	00	00	00	00	00	00	00	00	00	00	00	00	00	00	00	00	00	00
0.391	3D DATA	true	-	-	-	-	-117620.5	-117797.3	-118578.5	-117835.6	-185140.3	9.2	4.2	11.2	24.5	6.6	-	-	-	-	-
0.421	3D MESSAGE	48	00	94	91	20	59	D0	8C	D0	00	70	3D	EA	B9	E5	C7	66	12	E6	C7	D4	98	E7	C7	D4	24	E6	C7	D5	CC	34	C8	00	80	1D	41	00	40	96	40	00	60	40	41	00	30	D3	41	00	00	F1	40	00	00	00	00	00	00	00	00	00	00	00	00	00	00	00	00	00	00	00	00
0.421	3D DATA	true	-	-	-	-	-117619.8	-117796.8	-118577.7	-117833.7	-185139.3	9.8	4.7	12.0	26.4	7.5	-	-	-	-	-
0.421	3D MESSAGE	48	00	95	91	20	59	D1	8C	D0	00	70	3D	9F	B9	E5	C7	3E	12	E6	C7	72	98	E7	C7	DD	23	E6	C7	A2	CC	34	C8	00	E0	26	41	00	40	A0	40	00	A0	4C	41	00	A0	E2	41	00	40	05	41	00	00	00	00	00	00	00	00	00	00	00	00	00	00	00	00	00	00	00	00
0.421	3D DATA	true	-	-	-	-	-117619.2	-117796.5	-118576.9	-117831.7	-185138.5	10.4	5.0	12.8	28.3	8.3	-	-	-	-	-
0.421	3D MESSAGE	48	00	96	91	20	59	D2	8C	D0	00	70	3D	5B	B9	E5	C7	2E	12	E6	C7	18	98	E7	C7	E2	22	E6	C7	78	CC	34	C8	00	60	2F	41	00	40	A4	40	00	E0	57	41	00	50	F2	41	00	C0	0F	41	00	00	00	00	00	00	00	00	00	00	00	00	00	00	00	00	00	00	00	00
0.421	3D DATA	true	-	-	-	-	-117618.7	-117796.4	-118576.2	-117829.8	-185137.9	11.0	5.1	13.5	30.3	9.0	-	-	-	-	-
0.422	3D MESSAGE	48	00	97	91	20	59	D3	8C	D0	00	70	3D	18	B9	E5	C7	2C	12	E6	C7	C4	97	E7	C7	DD	21	E6	C7	53	CC	34	C8	00	C0	37	41	00	C0	A4	40	00	60	62	41	00	50	01	42	00	00	19	41	00	00	00	00	00	00	00	00	00	00	00	00	00	00	00	00	00	00	00	00
0.422	3D DATA	true	-	-	-	-	-117618.2	-117796.3	-118575.5	-117827.7	-185137.3	11.5	5.1	14.1	32.3	9.6	-	-	-	-	-
0.422	3D MESSAGE	48	00	98	91	20	59	D4	8C	D0	00	70	3D	CC	B8	E5	C7	2C	12	E6	C7	6C	97	E7	C7	C4	20	E6	C7	2D	CC	34	C8	00	40	41	41	00	C0	A4	40	00	60	6D	41	00	18	0A	42	00	80	22	41	00	00	00	00	00	00	00	00	00	00	00	00	00	00	00	00	00	00	00	00
0.422	3D DATA	true	-	-	-	-	-117617.6	-117796.3	-118574.8	-117825.5	-185136.7	12.1	5.1	14.8	34.5	10.2	-	-	-	-	-
0.422	3D MESSAGE	48	00	99	91	20	59	D5	8C	D0	00	70	3D	73	B8	E5	C7	24	12	E6	C7	08	97	E7	C7	8B	1F	E6	C7	FF	CB	34	C8	00	60	4C	41	00	C0	A6	40	00	E0	79	41	00	E0	13	42	00	00	2E	41	00	00	00	00	00	00	00	00	00	00	00	00	00	00	00	00	00	00	00	00
0.422	3D DATA	true	-	-	-	-	-117616.9	-117796.3	-118574.1	-117823.1	-185136.0	12.8	5.2	15.6	37.0	10.9	-	-	-	-	-
0.451	3D MESSAGE	48	00	9A	91	20	59	D6	8C	D0	00	70	3D	0A	B8	E5	C7	08	12	E6	C7	90	96	E7	C7	29	1E	E6	C7	C4	CB	34	C8	00	80	59	41	00	C0	AD	40	00	70	84	41	00	F0	1E	42	00	C0	3C	41	00	00	00	00	00	00	00	00	00	00	00	00	00	00	00	00	00	00	00	00
0.451	3D DATA	true	-	-	-	-	-117616.1	-117796.1	-118573.1	-117820.3	-185135.1	13.6	5.4	16.6	39.7	11.8	-	-	-	-	-
0.452	3D MESSAGE	48	00	9B	91	20	59	D7	8C	D0	00	70	3D	8D	B7	E5	C7	D6	11	E6	C7	FD	95	E7	C7	97	1C	E6	C7	7C	CB	34	C8	00	20	69	41	00	40	BA	40	00	A0	8D	41	00	80	2B	42	00	C0	4E	41	00	00	00	00	00	00	00	00	00	00	00	00	00	00	00	00	00	00	00	00
0.452	3D DATA	true	-	-	-	-	-117615.1	-117795.7	-118572.0	-117817.2	-185133.9	14.6	5.8	17.7	42.9	12.9	-	-	-	-	-
0.452	3D MESSAGE	48	00	9C	91	20	59	D8	8C	D0	00	70	3D	FD	B6	E5	C7	8E	11	E6	C7	50	95	E7	C7	D4	1A	E6	C7	24	CB	34	C8	00	20	7B	41	00	40	CC	40	00	70	98	41	00	98	39	42	00	C0	64	41	00	00	00	00	00	00	00	00	00	00	00	00	00	00	00	00	00	00	00	00
0.452	3D DATA	true	-	-	-	-	-117614.0	-117795.1	-118570.6	-117813.7	-185132.6	15.7	6.4	19.1	46.4	14.3	-	-	-	-	-
0.452	3D MESSAGE	48	00	9D	91	20	59	D9	8C	D0	00	70	3D	5D	B6	E5	C7	37	11	E6	C7	8C	94	E7	C7	E4	18	E6	C7	C2	CA	34	C8	00	90	87	41	00	00	E2	40	00	B0	A4	41	00	18	49	42	00	40	7D	41	00	00	00	00	00	00	00	00	00	00	00	00	00	00	00	00	00	00	00	00
0.452	3D DATA	true	-	-	-	-	-117612.7	-117794.4	-118569.1	-117809.8	-185131.0	16.9	7.1	20.6	50.3	15.8	-	-	-	-	-
0.453	3D MESSAGE	48	00	9E	91	20	59	DA	8C	D0	00	70	3D	AF	B5	E5	C7	DA	10	E6	C7	BA	93	E7	C7	CD	16	E6	C7	5A	CA	34	C8	00	70	92	41	00	40	F9	40	00	D0	B1	41	00	D0	59	42	00	A0	8B	41	00	00	00	00	00	00	00	00	00	00	00	00	00	00	00	00	00	00	00	00
0.453	3D DATA	true	-	-	-	-	-117611.4	-117793.7	-118567.5	-117805.6	-185129.4	18.3	7.8	22.2	54.5	17.5	-	-	-	-	-
0.453	3D MESSAGE	48	00	9F	91	20	59	DB	8C	D0	00	70	3D	F9	B4	E5	C7	81	10	E6	C7	E4	92	E7	C7	9A	14	E6	C7	F2	C9	34	C8	00	D0	9D	41	00	C0	07	41	00	30	BF	41	00	68	6B	42	00	A0	98	41	00	00	00	00	00	00	00	00	00	00	00	00	00	00	00	00	00	00	00	00
0.453	3D DATA	true	-	-	-	-	-117609.9	-117793.0	-118565.8	-117801.2	-185127.8	19.7	8.5	23.9	58.9	19.1	-	-	-	-	-
0.482	3D MESSAGE	48	00	A0	91	20	59	DC	8C	D0	00	70	3D	40	B4	E5	C7	38	10	E6	C7	12	92	E7	C7	50	12	E6	C7	8E	C9	34	C8	00	60	A9	41	00	E0	10	41	00	50	CC	41	00	B8	7D	42	00	20	A5	41	00	00	00	00	00	00	00	00	00	00	00	00	00	00	00	00	00	00	00	00
0.482	3D DATA	true	-	-	-	-	-117608.5	-117792.4	-118564.1	-117796.6	-185126.2	21.2	9.1	25.5	63.4	20.6	-	-	-	-	-
0.482	3D MESSAGE	48	00	A1	91	20	59	DD	8C	D0	00	70	3D	87	B3	E5	C7	02	10	E6	C7	46	91	E7	C7	F3	0F	E6	C7	2F	C9	34	C8	00	F0	B4	41	00	A0	17	41	00	10	D9	41	00	50	88	42	00	00	B1	41	00	00	00	00	00	00	00	00	00	00	00	00	00	00	00	00	00	00	00	00
0.482	3D DATA	true	-	-	-	-	-117607.1	-117792.0	-118562.5	-117791.9	-185124.7	22.6	9.5	27.1	68.2	22.1	-	-	-	-	-
0.482	3D MESSAGE	48	00	A2	91	20	59	DE	8C	D0	00	70	3D	CF	B2	E5	C7	E0	0F	E6	C7	80	90	E7	C7	7D	0D	E6	C7	D5	C8	34	C8	00	70	C0	41	00	E0	1B	41	00	70	E5	41	00	28	92	42	00	40	BC	41	00	00	00	00	00	00	00	00	00	00	00	00	00	00	00	00	00	00	00	00
0.482	3D DATA	true	-	-	-	-	-117605.6	-117791.8	-118561.0	-117787.0	-185123.3	24.1	9.7	28.7	73.1	23.5	-	-	-	-	-
0.483	3D MESSAGE	48	00	A3	91	20	59	DF	8C	D0	00	70	3D	16	B2	E5	C7	CD	0F	E6	C7	B4	8F	E7	C7	E3	0A	E6	C7	7A	C8	34	C8	00	00	CC	41	00	40	1E	41	00	30	F2	41	00	90	9C	42	00	A0	C7	41	00	00	00	00	00	00	00	00	00	00	00	00	00	00	00	00	00	00	00	00
0.483	3D DATA	true	-	-	-	-	-117604.2	-117791.6	-118559.4	-117781.8	-185121.9	25.5	9.9	30.3	78.3	25.0	-	-	-	-	-
0.483	3D MESSAGE	48	00	A4	91	20	59	E0	8C	D0	00	70	3D	54	B1	E5	C7	C0	0F	E6	C7	D3	8E	E7	C7	12	08	E6	C7	16	C8	34	C8	00	20	D8	41	00	E0	1F	41	00	20	00	42	00	D4	A7	42	00	20	D4	41	00	00	00	00	00	00	00	00	00	00	00	00	00	00	00	00	00	00	00	00
0.483	3D DATA	true	-	-	-	-	-117602.7	-117791.5	-118557.6	-117776.1	-185120.3	27.0	10.0	32.0	83.9	26.5	-	-	-	-	-
0.483	3D MESSAGE	48	00	A5	91	20	59	E1	8C	D0	00	70	3D	80	B0	E5	C7	AE	0F	E6	C7	CC	8D	E7	C7	F4	04	E6	C7	A2	C7	34	C8	00	60	E5	41	00	20	22	41	00	58	08	42	00	4C	B4	42	00	A0	E2	41	00	00	00	00	00	00	00	00	00	00	00	00	00	00	00	00	00	00	00	00
0.483	3D DATA	true	-	-	-	-	-117601.0	-117791.4	-118555.6	-117769.9	-185118.5	28.7	10.1	34.1	90.1	28.3	-	-	-	-	-
0.512	3D MESSAGE	48	00	A6	91	20	59	E2	8C	D0	00	70	3D	8E	AF	E5	C7	8D	0F	E6	C7	90	8C	E7	C7	70	01	E6	C7	14	C7	34	C8	00	80	F4	41	00	40	26	41	00	38	12	42	00	5C	C2	42	00	60	F4	41	00	00	00	00	00	00	00	00	00	00	00	00	00	00	00	00	00	00	00	00
0.512	3D DATA	true	-	-	-	-	-117599.1	-117791.1	-118553.1	-117762.9	-185116.3	30.6	10.4	36.6	97.2	30.5	-	-	-	-	-
0.513	3D MESSAGE	48	00	A7	91	20	59	E3	8C	D0	00	70	3D	76	AE	E5	C7	54	0F	E6	C7	15	8B	E7	C7	74	FD	E5	C7	66	C6	34	C8	00	00	03	42	00	60	2D	41	00	10	1E	42	00	4C	D2	42	00	10	05	42	00	00	00	00	00	00	00	00	00	00	00	00	00	00	00	00	00	00	00	00
0.513	3D DATA	true	-	-	-	-	-117596.9	-117790.7	-118550.2	-117754.9	-185113.6	32.8	10.8	39.5	105.1	33.3	-	-	-	-	-
0.513	3D MESSAGE	48	00	A8	91	20	59	E4	8C	D0	00	70	3D	31	AD	E5	C7	FE	0E	E6	C7	56	89	E7	C7	F1	F8	E5	C7	94	C5	34	C8	00	28	0D	42	00	20	38	41	00	08	2C	42	00	58	E4	42	00	30	12	42	00	00	00	00	00	00	00	00	00	00	00	00	00	00	00	00	00	00	00	00
0.513	3D DATA	true	-	-	-	-	-117594.4	-117790.0	-118546.7	-117745.9	-185110.3	35.3	11.5	43.0	114.2	36.5	-	-	-	-	-
0.515	3D MESSAGE	48	00	A9	91	20	59	E5	8C	D0	00	70	3D	BC	AB	E5	C7	89	0E	E6	C7	54	87	E7	C7	E0	F3	E5	C7	9D	C4	34	C8	00	D0	18	42	00	C0	46	41	00	18	3C	42	00	9C	F8	42	00	A0	21	42	00	00	00	00	00	00	00	00	00	00	00	00	00	00	00	00	00	00	00	00
0.515	3D DATA	true	-	-	-	-	-117591.5	-117789.1	-118542.7	-117735.8	-185106.5	38.2	12.4	47.0	124.3	40.4	-	-	-	-	-
0.515	3D MESSAGE	48	00	AA	91	20	59	E6	8C	D0	00	70	3D	1E	AA	E5	C7	FD	0D	E6	C7	16	85	E7	C7	46	EE	E5	C7	84	C3	34	C8	00	C0	25	42	00	40	58	41	00	08	4E	42	00	82	07	43	00	30	33	42	00	00	00	00	00	00	00	00	00	00	00	00	00	00	00	00	00	00	00	00
0.515	3D DATA	true	-	-	-	-	-117588.2	-117788.0	-118538.2	-117724.5	-185102.1	41.4	13.5	51.5	135.5	44.8	-	-	-	-	-
0.515	3D MESSAGE	48	00	AB	91	20	59	E7	8C	D0	00	70	3D	5E	A8	E5	C7	62	0D	E6	C7	A3	82	E7	C7	2D	E8	E5	C7	4E	C2	34	C8	00	C0	33	42	00	A0	6B	41	00	A0	61	42	00	B4	13	43	00	90	46	42	00	00	00	00	00	00	00	00	00	00	00	00	00	00	00	00	00	00	00	00
0.515	3D DATA	true	-	-	-	-	-117584.7	-117786.8	-118533.3	-117712.4	-185097.2	44.9	14.7	56.4	147.7	49.6	-	-	-	-	-
0.516	3D MESSAGE	48	00	AC	91	20	59	E8	8C	D0	00	70	3D	86	A6	E5	C7	C4	0C	E6	C7	01	80	E7	C7	A1	E1	E5	C7	02	C1	34	C8	00	80	42	42	00	60	7F	41	00	B0	76	42	00	CC	20	43	00	50	5B	42	00	00	00	00	00	00	00	00	00	00	00	00	00	00	00	00	00	00	00	00
0.516	3D DATA	true	-	-	-	-	-117581.0	-117785.5	-118528.0	-117699.3	-185092.0	48.6	16.0	61.7	160.8	54.8	-	-	-	-	-
0.541	3D MESSAGE	48	00	AD	91	20	59	E9	8C	64	CE	BF	3F	A4	A4	E5	C7	31	0C	E6	C7	34	7D	E7	C7	B2	DA	E5	C7	A8	BF	34	C8	00	90	51	42	00	E0	88	41	00	8C	86	42	00	AA	2E	43	00	F0	70	42	00	00	00	00	00	00	00	00	00	00	00	00	00	00	00	00	00	00	00	00
0.541	3D DATA	true	-	-	-	-	-117577.3	-117784.4	-118522.4	-117685.4	-185086.6	52.4	17.1	67.3	174.7	60.2	-	-	-	-	-
0.542	3D MESSAGE	48	00	AE	91	20	59	EA	8C	64	CE	BF	3F	BE	A2	E5	C7	B6	0B	E6	C7	3A	7A	E7	C7	6A	D3	E5	C7	46	BE	34	C8	00	C0	60	42	00	90	90	41	00	74	92	42	00	3A	3D	43	00	88	83	42	00	00	00	00	00	00	00	00	00	00	00	00	00	00	00	00	00	00	00	00
0.542	3D DATA	true	-	-	-	-	-117573.5	-117783.4	-118516.5	-117670.8	-185081.1	56.2	18.1	73.2	189.2	65.8	-	-	-	-	-
0.543	3D MESSAGE	48	00	AF	91	20	59	EB	8C	64	CE	BF	3F	D5	A0	E5	C7	58	0B	E6	C7	0B	77	E7	C7	CC	CB	E5	C7	DD	BC	34	C8	00	08	70	42	00	70	96	41	00	30	9F	42	00	76	4C	43	00	D0	8E	42	00	00	00	00	00	00	00	00	00	00	00	00	00	00	00	00	00	00	00	00
0.543	3D DATA	true	-	-	-	-	-117569.7	-117782.7	-118510.1	-117655.6	-185075.5	60.0	18.8	79.6	204.5	71.4	-	-	-	-	-
0.544	3D MESSAGE	48	00	B0	91	20	59	EC	8C	64	CE	BF	3F	E1	9E	E5	C7	11	0B	E6	C7	9A	73	E7	C7	D9	C3	E5	C7	69	BB	34	C8	00	A8	7F	42	00	E0	9A	41	00	F4	AC	42	00	5C	5C	43	00	70	9A	42	00	00	00	00	00	00	00	00	00	00	00	00	00	00	00	00	00	00	00	00
0.544	3D DATA	true	-	-	-	-	-117565.8	-117782.1	-118503.2	-117639.7	-185069.6	63.9	19.4	86.5	220.4	77.2	-	-	-	-	-
0.544	3D MESSAGE	48	00	B1	91	20	59	ED	8C	64	CE	BF	3F	D4	9C	E5	C7	D6	0A	E6	C7	D0	6F	E7	C7	8D	BB	E5	C7	DF	B9	34	C8	00	08	88	42	00	90	9E	41	00	1C	BC	42	00	F4	6C	43	00	C0	A6	42	00	00	00	00	00	00	00	00	00	00	00	00	00	00	00	00	00	00	00	00
0.544	3D DATA	true	-	-	-	-	-117561.7	-117781.7	-118495.6	-117623.1	-185063.5	68.0	19.8	94.1	237.0	83.4	-	-	-	-	-
0.574	3D MESSAGE	48	00	B2	91	20	59	EE	8C	64	CE	BF	3F	98	9A	E5	C7	92	0A	E6	C7	9A	6B	E7	C7	EA	B2	E5	C7	32	B8	34	C8	00	F8	90	42	00	D0	A2	41	00	F4	CC	42	00	3A	7E	43	00	28	B4	42	00	00	00	00	00	00	00	00	00	00	00	00	00	00	00	00	00	00	00	00
0.574	3D DATA	true	-	-	-	-	-117557.2	-117781.1	-118487.2	-117605.8	-185056.8	72.5	20.4	102.5	254.2	90.1	-	-	-	-	-
0.575	3D MESSAGE	48	00	B3	91	20	59	EF	8C	64	CE	BF	3F	1B	98	E5	C7	2C	0A	E6	C7	E2	66	E7	C7	FC	A9	E5	C7	50	B6	34	C8	00	EC	9A	42	00	30	A9	41	00	D4	DF	42	00	0B	88	43	00	38	C3	42	00	00	00	00	00	00	00	00	00	00	00	00	00	00	00	00	00	00	00	00
0.575	3D DATA	true	-	-	-	-	-117552.2	-117780.3	-118477.8	-117588.0	-185049.2	77.5	21.1	111.9	272.1	97.6	-	-	-	-	-
0.575	3D MESSAGE	48	00	B4	91	20	59	F0	8C	64	CE	BF	3F	4D	95	E5	C7	94	09	E6	C7	A0	61	E7	C7	E2	A0	E5	C7	2F	B4	34	C8	00	24	A6	42	00	B0	B2	41	00	DC	F4	42	00	25	91	43	00	40	D4	42	00	00	00	00	00	00	00	00	00	00	00	00	00	00	00	00	00	00	00	00
0.575	3D DATA	true	-	-	-	-	-117546.6	-117779.2	-118467.2	-117569.8	-185040.7	83.1	22.3	122.4	290.3	106.1	-	-	-	-	-
0.576	3D MESSAGE	48	00	B5	91	20	59	F1	8C	64	CE	BF	3F	28	92	E5	C7	BC	08	E6	C7	D3	5B	E7	C7	C6	97	E5	C7	C7	B1	34	C8	00	B8	B2	42	00	30	C0	41	00	08	06	43	00	41	9A	43	00	80	E7	42	00	00	00	00	00	00	00	00	00	00	00	00	00	00	00	00	00	00	00	00
0.576	3D DATA	true	-	-	-	-	-117540.3	-117777.5	-118455.6	-117551.5	-185031.1	89.4	24.0	134.0	308.5	115.8	-	-	-	-	-
0.576	3D MESSAGE	48	00	B6	91	20	59	F2	8C	64	CE	BF	3F	B2	8E	E5	C7	A6	07	E6	C7	8B	55	E7	C7	E8	8E	E5	C7	1B	AF	34	C8	00	90	C0	42	00	90	D1	41	00	98	12	43	00	1F	A3	43	00	E0	FC	42	00	00	00	00	00	00	00	00	00	00	00	00	00	00	00	00	00	00	00	00
0.576	3D DATA	true	-	-	-	-	-117533.4	-117775.3	-118443.1	-117533.8	-185020.4	96.3	26.2	146.6	326.2	126.4	-	-	-	-	-
0.577	3D MESSAGE	48	00	B7	91	20	59	F3	8C	64	CE	BF	3F	F8	8A	E5	C7	5E	06	E6	C7	E1	4E	E7	C7	8D	86	E5	C7	33	AC	34	C8	00	78	CF	42	00	10	E6	41	00	EC	1F	43	00	7A	AB	43	00	10	0A	43	00	00	00	00	00	00	00	00	00	00	00	00	00	00	00	00	00	00	00	00
0.577	3D DATA	true	-	-	-	-	-117525.9	-117772.7	-118429.8	-117517.1	-185008.8	103.7	28.8	159.9	343.0	138.1	-	-	-	-	-
0.577	3D MESSAGE	48	00	B8	91	20	59	F4	8C	64	CE	BF	3F	0E	87	E5	C7	F8	04	E6	C7	F5	47	E7	C7	FE	7E	E5	C7	1E	A9	34	C8	00	20	DF	42	00	70	FC	41	00	C4	2D	43	00	09	B3	43	00	64	16	43	00	00	00	00	00	00	00	00	00	00	00	00	00	00	00	00	00	00	00	00
0.577	3D DATA	true	-	-	-	-	-117518.1	-117769.9	-118415.9	-117502.0	-184996.5	111.6	31.6	173.8	358.1	150.4	-	-	-	-	-
0.605	3D MESSAGE	4E	00	B9	91	30	59	F5	8D	FE	FF	77	F6	61	48	64	CE	BF	3F	0D	83	E5	C7	8D	03	E6	C7	E8	40	E7	C7	7D	78	E5	C7	EB	A5	34	C8	00	24	EF	42	00	90	09	42	00	DE	3B	43	00	8A	B9	43	00	30	23	43	00	00	00	00	00	00	00	00	00	00	00	00	00	00	00	00	00	00	00	00
0.605	3D DATA	true	-	65534	63095	18529	-117510.1	-117767.1	-118401.8	-117489.0	-184983.7	119.6	34.4	187.9	371.1	163.2	-	-	-	-	-
0.606	3D MESSAGE	4E	00	BA	91	30	59	F6	8D	FE	FF	69	F5	7F	44	64	CE	BF	3F	08	7F	E5	C7	30	02	E6	C7	D9	39	E7	C7	3F	73	E5	C7	A9	A2	34	C8	00	38	FF	42	00	78	14	42	00	FC	49	43	00	C8	BE	43	00	38	30	43	00	00	00	00	00	00	00	00	00	00	00	00	00	00	00	00	00	00	00	00
0.606	3D DATA	true	-	65534	62825	17535	-117502.1	-117764.4	-118387.7	-117478.5	-184970.6	127.6	37.1	202.0	381.6	176.2	-	-	-	-	-
0.606	3D MESSAGE	4E	00	BB	91	30	59	F7	8D	FE	FF	2C	F4	41	41	64	CE	BF	3F	0F	7B	E5	C7	F0	00	E6	C7	DE	32	E7	C7	63	6F	E5	C7	62	9F	34	C8	00	8E	07	43	00	78	1E	42	00	F2	57	43	00	A4	C2	43	00	54	3D	43	00	00	00	00	00	00	00	00	00	00	00	00	00	00	00	00	00	00	00	00
0.606	3D DATA	true	-	65534	62508	16705	-117494.1	-117761.9	-118373.7	-117470.8	-184957.5	135.6	39.6	215.9	389.3	189.3	-	-	-	-	-
0.607	3D MESSAGE	4E	00	BC	91	30	59	F8	8D	FE	FF	CE	F2	9B	3E	64	CE	BF	3F	28	77	E5	C7	D0	FF	E5	C7	08	2C	E7	C7	F8	6C	E5	C7	19	9C	34	C8	00	5C	0F	43	00	78	27	42	00	9E	65	43	00	0F	C5	43	00	78	4A	43	00	00	00	00	00	00	00	00	00	00	00	00	00	00	00	00	00	00	00	00
0.607	3D DATA	true	-	65534	62158	16027	-117486.3	-117759.6	-118360.1	-117465.9	-184944.4	143.4	41.9	229.6	394.1	202.5	-	-	-	-	-
0.607	3D MESSAGE	4E	00	BD	91	30	59	F9	8D	FE	FF	58	F1	7B	3C	64	CE	BF	3F	52	73	E5	C7	CB	FE	E5	C7	64	25	E7	C7	F6	6B	E5	C7	CF	98	34	C8	00	08	17	43	00	A0	2F	42	00	E6	72	43	00	11	C6	43	00	A0	57	43	00	00	00	00	00	00	00	00	00	00	00	00	00	00	00	00	00	00	00	00
0.607	3D DATA	true	-	65534	61784	15483	-117478.6	-117757.6	-118346.8	-117463.9	-184931.2	151.0	43.9	242.9	396.1	215.6	-	-	-	-	-
0.608	3D MESSAGE	4E	00	BE	91	30	59	FA	8D	FE	FF	D0	EF	CD	3A	64	CE	BF	3F	86	6F	E5	C7	D2	FD	E5	C7	F8	1E	E7	C7	49	6C	E5	C7	81	95	34	C8	00	A0	1E	43	00	68	37	42	00	BE	7F	43	00	BE	C5	43	00	D8	64	43	00	00	00	00	00	00	00	00	00	00	00	00	00	00	00	00	00	00	00	00
0.608	3D DATA	true	-	65534	61392	15053	-117471.0	-117755.6	-118333.9	-117464.6	-184918.0	158.6	45.9	255.7	395.5	228.8	-	-	-	-	-
0.638	3D MESSAGE	4E	00	BF	91	30	59	FB	8D	FE	FF	36	EE	7C	39	64	CE	BF	3F	BB	6B	E5	C7	D4	FC	E5	C7	C8	18	E7	C7	CF	6D	E5	C7	2C	92	34	C8	00	36	26	43	00	58	3F	42	00	0F	86	43	00	38	C4	43	00	2C	72	43	00	00	00	00	00	00	00	00	00	00	00	00	00	00	00	00	00	00	00	00
0.638	3D DATA	true	-	65534	60982	14716	-117463.5	-117753.7	-118321.6	-117467.6	-184904.7	166.2	47.8	268.1	392.4	242.2	-	-	-	-	-
0.639	3D MESSAGE	4E	00	C0	91	30	59	FC	8D	FE	FF	8C	EC	73	38	64	CE	BF	3F	E8	67	E5	C7	BC	FB	E5	C7	D6	12	E7	C7	61	70	E5	C7	D1	8E	34	C8	00	DC	2D	43	00	18	48	42	00	01	8C	43	00	A6	C1	43	00	98	7F	43	00	00	00	00	00	00	00	00	00	00	00	00	00	00	00	00	00	00	00	00
0.639	3D DATA	true	-	65534	60556	14451	-117455.8	-117751.5	-118309.7	-117472.8	-184891.3	173.9	50.0	280.0	387.3	255.6	-	-	-	-	-
0.639	3D MESSAGE	4E	00	C1	91	30	59	FD	8D	FE	FF	CD	EA	A0	37	64	CE	BF	3F	06	64	E5	C7	79	FA	E5	C7	24	0D	E7	C7	D7	73	E5	C7	73	8B	34	C8	00	A0	35	43	00	30	52	42	00	B3	91	43	00	30	BE	43	00	88	86	43	00	00	00	00	00	00	00	00	00	00	00	00	00	00	00	00	00	00	00	00
0.639	3D DATA	true	-	65534	60109	14240	-117448.0	-117748.9	-118298.3	-117479.7	-184877.8	181.6	52.5	291.4	380.4	269.1	-	-	-	-	-
0.640	3D MESSAGE	4E	00	C2	91	30	59	FE	8D	FE	FF	FA	E8	F6	36	64	CE	BF	3F	12	60	E5	C7	02	F9	E5	C7	B4	07	E7	C7	08	78	E5	C7	1A	88	34	C8	00	88	3D	43	00	E8	5D	42	00	23	97	43	00	FF	B9	43	00	3A	8D	43	00	00	00	00	00	00	00	00	00	00	00	00	00	00	00	00	00	00	00	00
0.640	3D DATA	true	-	65534	59642	14070	-117440.1	-117746.0	-118287.4	-117488.1	-184864.4	189.5	55.5	302.3	372.0	282.5	-	-	-	-	-
0.640	3D MESSAGE	4E	00	C3	91	30	59	FF	8D	FE	FF	11	E7	6B	36	64	CE	BF	3F	10	5C	E5	C7	56	F7	E5	C7	8E	02	E7	C7	D0	7C	E5	C7	D2	84	34	C8	00	8C	45	43	00	48	6B	42	00	49	9C	43	00	37	B5	43	00	CA	93	43	00	00	00	00	00	00	00	00	00	00	00	00	00	00	00	00	00	00	00	00
0.640	3D DATA	true	-	65534	59153	13931	-117432.1	-117742.7	-118277.1	-117497.6	-184851.3	197.5	58.8	312.6	362.4	295.6	-	-	-	-	-
0.640	3D MESSAGE	52	00	C4	91	32	59	00	8D	00	00	00	08	FE	FF	11	E5	F9	35	64	CE	BF	3F	0A	58	E5	C7	7C	F5	E5	C7	BC	FD	E6	C7	13	82	E5	C7	AB	81	34	C8	00	98	4D	43	00	18	7A	42	00	1B	A1	43	00	F4	AF	43	00	18	9A	43	00	00	00	00	00	00	00	00	00	00	00	00	00	00	00	00	00	00	00	00
0.640	3D DATA	true	-	65534	58641	13817	-117424.1	-117739.0	-118267.5	-117508.1	-184838.7	205.6	62.5	322.2	351.9	308.2	-	-	-	-	-
0.667	3D MESSAGE	4E	00	C5	91	30	59	01	8D	FE	FF	FE	E2	A1	35	64	CE	BF	3F	0C	54	E5	C7	81	F3	E5	C7	4C	F9	E6	C7	BA	87	E5	C7	B4	7E	34	C8	00	94	55	43	00	F8	84	42	00	8B	A5	43	00	4D	AA	43	00	06	A0	43	00	00	00	00	00	00	00	00	00	00	00	00	00	00	00	00	00	00	00	00
0.667	3D DATA	true	-	65534	58110	13729	-117416.1	-117735.0	-118258.6	-117519.5	-184826.8	213.6	66.5	331.1	340.6	320.0	-	-	-	-	-
0.668	3D MESSAGE	4E	00	C6	91	30	59	02	8D	D5	FF	DB	E0	61	35	64	CE	BF	3F	26	50	E5	C7	74	F1	E5	C7	50	F5	E6	C7	B2	8D	E5	C7	F9	7B	34	C8	00	60	5D	43	00	2C	8D	42	00	87	A9	43	00	55	A4	43	00	7C	A5	43	00	00	00	00	00	00	00	00	00	00	00	00	00	00	00	00	00	00	00	00
0.668	3D DATA	true	-	65493	57563	13665	-117408.3	-117730.9	-118250.6	-117531.4	-184815.9	221.4	70.6	339.1	328.7	331.0	-	-	-	-	-
0.669	3D MESSAGE	4E	00	C7	91	30	59	03	8D	3F	FF	B0	DE	3A	35	64	CE	BF	3F	66	4C	E5	C7	61	EF	E5	C7	D0	F1	E6	C7	EC	93	E5	C7	83	79	34	C8	00	E0	64	43	00	78	95	42	00	07	AD	43	00	1B	9E	43	00	68	AA	43	00	00	00	00	00	00	00	00	00	00	00	00	00	00	00	00	00	00	00	00
0.669	3D DATA	true	-	65343	57008	13626	-117400.8	-117726.8	-118243.6	-117543.8	-184806.0	228.9	74.7	346.1	316.2	340.8	-	-	-	-	-
0.670	3D MESSAGE	4E	00	C8	91	30	59	04	8D	21	FE	82	DC	29	35	64	CE	BF	3F	D9	48	E5	C7	4E	ED	E5	C7	D6	EE	E6	C7	58	9A	E5	C7	54	77	34	C8	00	FA	6B	43	00	C4	9D	42	00	01	B0	43	00	AF	97	43	00	C6	AE	43	00	00	00	00	00	00	00	00	00	00	00	00	00	00	00	00	00	00	00	00
0.670	3D DATA	true	-	65057	56450	13609	-117393.7	-117722.6	-118237.7	-117556.7	-184797.3	236.0	78.9	352.0	303.4	349.5	-	-	-	-	-
0.670	3D MESSAGE	4E	00	C9	91	30	59	05	8D	5E	FC	56	DA	2B	35	64	CE	BF	3F	87	45	E5	C7	38	EB	E5	C7	5F	EC	E6	C7	E2	A0	E5	C7	67	75	34	C8	00	9E	72	43	00	1C	A6	42	00	78	B2	43	00	25	91	43	00	A0	B2	43	00	00	00	00	00	00	00	00	00	00	00	00	00	00	00	00	00	00	00	00
0.670	3D DATA	true	-	64606	55894	13611	-117387.1	-117718.4	-118232.7	-117569.8	-184789.6	242.6	83.1	356.9	290.3	357.2	-	-	-	-	-
0.671	3D MESSAGE	4E	00	CA	91	30	59	06	8D	D7	F9	28	D8	3B	35	64	CE	BF	3F	73	42	E5	C7	16	E9	E5	C7	62	EA	E6	C7	76	A7	E5	C7	B4	73	34	C8	00	C6	78	43	00	A4	AE	42	00	75	B4	43	00	91	8A	43	00	06	B6	43	00	00	00	00	00	00	00	00	00	00	00	00	00	00	00	00	00	00	00	00
0.671	3D DATA	true	-	63959	55336	13627	-117380.9	-117714.2	-118228.8	-117582.9	-184782.8	248.8	87.3	360.9	277.1	364.0	-	-	-	-	-
0.671	3D MESSAGE	4E	00	CB	91	30	59	07	8D	5F	F6	F2	D5	57	35	64	CE	BF	3F	A1	3F	E5	C7	D9	E6	E5	C7	D3	E8	E6	C7	FC	AD	E5	C7	32	72	34	C8	00	6A	7E	43	00	98	B7	42	00	04	B6	43	00	0B	84	43	00	0A	B9	43	00	00	00	00	00	00	00	00	00	00	00	00	00	00	00	00	00	00	00	00
0.671	3D DATA	true	-	63071	54770	13655	-117375.3	-117709.7	-118225.6	-117596.0	-184776.8	254.4	91.8	364.0	264.1	370.1	-	-	-	-	-
0.697	3D MESSAGE	4E	00	CC	91	30	59	08	8D	B1	F1	AB	D3	7E	35	64	CE	BF	3F	0E	3D	E5	C7	76	E4	E5	C7	A5	E7	E6	C7	5E	B4	E5	C7	DA	70	34	C8	00	C8	81	43	00	24	C1	42	00	32	B7	43	00	52	7B	43	00	BA	BB	43	00	00	00	00	00	00	00	00	00	00	00	00	00	00	00	00	00	00	00	00
0.697	3D DATA	true	-	61873	54187	13694	-117370.1	-117704.9	-118223.3	-117608.7	-184771.4	259.6	96.6	366.4	251.3	375.5	-	-	-	-	-
0.698	3D MESSAGE	4E	00	CD	91	30	59	09	8D	61	EB	4E	D1	B1	35	64	CE	BF	3F	B9	3A	E5	C7	E2	E1	E5	C7	CE	E6	E6	C7	88	BA	E5	C7	AA	6F	34	C8	00	1D	84	43	00	74	CB	42	00	09	B8	43	00	FE	6E	43	00	1A	BE	43	00	00	00	00	00	00	00	00	00	00	00	00	00	00	00	00	00	00	00	00
0.698	3D DATA	true	-	60257	53582	13745	-117365.4	-117699.8	-118221.6	-117621.1	-184766.7	264.2	101.7	368.1	239.0	380.2	-	-	-	-	-
0.698	3D MESSAGE	4E	00	CE	91	30	59	0A	8D	C8	E2	E2	CE	F0	35	64	CE	BF	3F	9D	38	E5	C7	19	DF	E5	C7	47	E6	E6	C7	70	C0	E5	C7	A1	6E	34	C8	00	39	86	43	00	98	D6	42	00	90	B8	43	00	2E	63	43	00	2C	C0	43	00	00	00	00	00	00	00	00	00	00	00	00	00	00	00	00	00	00	00	00
0.698	3D DATA	true	-	58056	52962	13808	-117361.2	-117694.2	-118220.6	-117632.9	-184762.5	268.4	107.3	369.1	227.2	384.3	-	-	-	-	-
0.699	3D MESSAGE	4E	00	CF	91	30	59	0B	8D	19	D7	88	CC	3E	36	64	CE	BF	3F	B8	36	E5	C7	1B	DC	E5	C7	12	E6	E6	C7	0F	C6	E5	C7	C1	6D	34	C8	00	1E	88	43	00	90	E2	42	00	C5	B8	43	00	F0	57	43	00	EC	C1	43	00	00	00	00	00	00	00	00	00	00	00	00	00	00	00	00	00	00	00	00
0.699	3D DATA	true	-	55065	52360	13886	-117357.4	-117688.2	-118220.1	-117644.1	-184759.0	272.2	113.3	369.5	215.9	387.8	-	-	-	-	-
0.700	3D MESSAGE	52	00	D0	91	32	59	0C	8D	00	00	00	88	F6	C7	75	CA	99	36	64	CE	BF	3F	0A	35	E5	C7	ED	D8	E5	C7	34	E6	E6	C7	65	CB	E5	C7	10	6D	34	C8	00	CC	89	43	00	48	EF	42	00	A3	B8	43	00	44	4D	43	00	4E	C3	43	00	00	00	00	00	00	00	00	00	00	00	00	00	00	00	00	00	00	00	00
0.700	3D DATA	true	-	51190	51829	13977	-117354.1	-117681.9	-118220.4	-117654.8	-184756.2	275.6	119.6	369.3	205.3	390.6	-	-	-	-	-
0.700	3D MESSAGE	4E	00	D1	91	30	59	0D	8D	DC	B6	D5	C8	01	37	64	CE	BF	3F	95	33	E5	C7	96	D5	E5	C7	B6	E6	E6	C7	77	D0	E5	C7	92	6C	34	C8	00	41	8B	43	00	A4	FC	42	00	21	B8	43	00	20	43	43	00	4A	C4	43	00	00	00	00	00	00	00	00	00	00	00	00	00	00	00	00	00	00	00	00
0.700	3D DATA	true	-	46812	51413	14081	-117351.2	-117675.2	-118221.4	-117664.9	-184754.3	278.5	126.3	368.3	195.1	392.6	-	-	-	-	-
0.735	3D MESSAGE	4E	00	D2	91	30	59	0E	8D	5F	A7	A2	C7	71	37	64	CE	BF	3F	60	32	E5	C7	1C	D2	E5	C7	A6	E7	E6	C7	4D	D5	E5	C7	48	6C	34	C8	00	76	8C	43	00	46	05	43	00	31	B7	43	00	74	39	43	00	DE	C4	43	00	00	00	00	00	00	00	00	00	00	00	00	00	00	00	00	00	00	00	00
0.735	3D DATA	true	-	42847	51106	14193	-117348.8	-117668.2	-118223.3	-117674.6	-184753.1	280.9	133.3	366.4	185.5	393.7	-	-	-	-	-
0.735	3D MESSAGE	4E	00	D3	91	30	59	0F	8D	C6	9B	B4	C6	E4	37	64	CE	BF	3F	73	31	E5	C7	82	CE	E5	C7	10	E9	E6	C7	EC	D9	E5	C7	36	6C	34	C8	00	63	8D	43	00	7A	0C	43	00	C7	B5	43	00	36	30	43	00	02	C5	43	00	00	00	00	00	00	00	00	00	00	00	00	00	00	00	00	00	00	00	00
0.735	3D DATA	true	-	39878	50868	14308	-117346.9	-117661.0	-118226.1	-117683.8	-184752.8	282.8	140.5	363.6	176.2	394.0	-	-	-	-	-
0.736	3D MESSAGE	4E	00	D4	91	30	59	10	8D	5C	93	EE	C5	5A	38	64	CE	BF	3F	D5	30	E5	C7	C7	CA	E5	C7	FD	EA	E6	C7	5E	DE	E5	C7	5A	6C	34	C8	00	01	8E	43	00	F0	13	43	00	DA	B3	43	00	52	27	43	00	BA	C4	43	00	00	00	00	00	00	00	00	00	00	00	00	00	00	00	00	00	00	00	00
0.736	3D DATA	true	-	37724	50670	14426	-117345.7	-117653.6	-118230.0	-117692.7	-184753.4	284.0	147.9	359.7	167.3	393.5	-	-	-	-	-
0.736	3D MESSAGE	4E	00	D5	91	30	59	11	8D	AC	8C	3C	C5	D5	38	00	AF	F3	3E	8D	30	E5	C7	E7	C6	E5	C7	6F	ED	E6	C7	A6	E2	E5	C7	B2	6C	34	C8	00	49	8E	43	00	B0	1B	43	00	68	B1	43	00	C2	1E	43	00	0A	C4	43	00	00	00	00	00	00	00	00	00	00	00	00	00	00	00	00	00	00	00	00
0.736	3D DATA	true	-	36012	50492	14549	-117345.1	-117645.8	-118234.9	-117701.3	-184754.8	284.6	155.7	354.8	158.8	392.1	-	-	-	-	-
0.736	3D MESSAGE	4E	00	D6	91	30	59	12	8D	D0	86	8F	C4	57	39	00	AF	F3	3E	9A	30	E5	C7	D8	C2	E5	C7	60	F0	E6	C7	CA	E6	E5	C7	3D	6D	34	C8	00	3C	8E	43	00	CE	23	43	00	77	AE	43	00	7A	16	43	00	F4	C2	43	00	00	00	00	00	00	00	00	00	00	00	00	00	00	00	00	00	00	00	00
0.736	3D DATA	true	-	34512	50319	14679	-117345.2	-117637.7	-118240.8	-117709.6	-184757.0	284.5	163.8	348.9	150.5	389.9	-	-	-	-	-
0.737	3D MESSAGE	4E	00	D7	91	30	59	13	8D	53	81	E1	C3	E5	39	00	AF	F3	3E	FB	30	E5	C7	94	BE	E5	C7	C7	F3	E6	C7	CB	EA	E5	C7	F9	6D	34	C8	00	DB	8D	43	00	56	2C	43	00	10	AB	43	00	78	0E	43	00	7C	C1	43	00	00	00	00	00	00	00	00	00	00	00	00	00	00	00	00	00	00	00	00
0.737	3D DATA	true	-	33107	50145	14821	-117346.0	-117629.2	-118247.6	-117717.6	-184759.9	283.7	172.3	342.1	142.5	387.0	-	-	-	-	-
0.761	3D MESSAGE	52	00	D8	91	32	59	14	8D	00	00	00	A8	FA	7B	2B	C3	7F	3A	00	AF	F3	3E	A8	31	E5	C7	12	BA	E5	C7	94	F7	E6	C7	AC	EE	E5	C7	E7	6E	34	C8	00	2E	8D	43	00	5A	35	43	00	43	A7	43	00	B6	06	43	00	A0	BF	43	00	00	00	00	00	00	00	00	00	00	00	00	00	00	00	00	00	00	00	00
0.761	3D DATA	true	-	31738	49963	14975	-117347.3	-117620.1	-118255.2	-117725.3	-184763.6	282.4	181.4	334.5	134.7	383.2	-	-	-	-	-
0.761	3D MESSAGE	4E	00	D9	91	30	59	15	8D	A4	76	6B	C2	22	3B	00	AF	F3	3E	9C	32	E5	C7	52	B5	E5	C7	B9	FB	E6	C7	6C	F2	E5	C7	08	70	34	C8	00	3A	8C	43	00	DA	3E	43	00	1E	A3	43	00	6C	FE	42	00	5E	BD	43	00	00	00	00	00	00	00	00	00	00	00	00	00	00	00	00	00	00	00	00
0.761	3D DATA	true	-	30372	49771	15138	-117349.2	-117610.6	-118263.4	-117732.8	-184768.1	280.5	190.9	326.2	127.2	378.7	-	-	-	-	-
0.761	3D MESSAGE	4E	00	DA	91	30	59	16	8D	41	71	9C	C1	CB	3B	00	AF	F3	3E	D0	33	E5	C7	58	B0	E5	C7	2D	00	E7	C7	09	F6	E5	C7	5E	71	34	C8	00	06	8B	43	00	CE	48	43	00	AA	9E	43	00	F8	EF	42	00	B2	BA	43	00	00	00	00	00	00	00	00	00	00	00	00	00	00	00	00	00	00	00	00
0.762	3D DATA	true	-	28993	49564	15307	-117351.6	-117600.7	-118272.4	-117740.1	-184773.5	278.0	200.8	317.3	120.0	373.4	-	-	-	-	-
0.762	3D MESSAGE	4E	00	DB	91	30	59	17	8D	C6	6B	BC	C0	73	3C	00	AF	F3	3E	3D	35	E5	C7	2C	AB	E5	C7	E8	04	E7	C7	81	F9	E5	C7	E8	72	34	C8	00	99	89	43	00	26	53	43	00	EF	99	43	00	18	E2	42	00	9E	B7	43	00	00	00	00	00	00	00	00	00	00	00	00	00	00	00	00	00	00	00	00
0.762	3D DATA	true	-	27590	49340	15475	-117354.5	-117590.3	-118281.8	-117747.0	-184779.6	275.2	211.1	307.9	113.0	367.2	-	-	-	-	-
0.762	3D MESSAGE	4E	00	DC	91	30	59	18	8D	30	66	C6	BF	19	3D	00	AF	F3	3E	E1	36	E5	C7	DA	A5	E5	C7	E8	09	E7	C7	D0	FC	E5	C7	A7	74	34	C8	00	F5	87	43	00	CA	5D	43	00	EF	94	43	00	DC	D4	42	00	20	B4	43	00	00	00	00	00	00	00	00	00	00	00	00	00	00	00	00	00	00	00	00
0.762	3D DATA	true	-	26160	49094	15641	-117357.8	-117579.7	-118291.8	-117753.6	-184786.6	271.9	221.8	297.9	106.4	360.2	-	-	-	-	-
0.792	3D MESSAGE	4E	00	DD	91	30	59	19	8D	7C	60	B6	BE	BC	3D	00	AF	F3	3E	B9	38	E5	C7	78	A0	E5	C7	2C	0F	E7	C7	F2	FF	E5	C7	9A	76	34	C8	00	1D	86	43	00	8E	68	43	00	AB	8F	43	00	54	C8	42	00	3A	B0	43	00	00	00	00	00	00	00	00	00	00	00	00	00	00	00	00	00	00	00	00
0.792	3D DATA	true	-	24700	48822	15804	-117361.4	-117568.9	-118302.3	-117759.9	-184794.4	268.2	232.6	287.3	100.2	352.5	-	-	-	-	-
0.792	3D MESSAGE	4E	00	DE	91	30	59	1A	8D	AE	5A	89	BD	64	3E	00	AF	F3	3E	C7	3A	E5	C7	1D	9B	E5	C7	B3	14	E7	C7	E5	02	E6	C7	BD	78	34	C8	00	0F	84	43	00	44	73	43	00	24	8A	43	00	88	BC	42	00	F4	AB	43	00	00	00	00	00	00	00	00	00	00	00	00	00	00	00	00	00	00	00	00
0.792	3D DATA	true	-	23214	48521	15972	-117365.6	-117558.2	-118313.4	-117765.8	-184803.0	264.1	243.3	276.3	94.3	343.9	-	-	-	-	-
0.792	3D MESSAGE	4E	00	DF	91	30	59	1B	8D	C6	54	38	BC	19	3F	00	AF	F3	3E	0D	3D	E5	C7	E8	95	E5	C7	78	1A	E7	C7	AA	05	E6	C7	0F	7B	34	C8	00	C9	81	43	00	AE	7D	43	00	5F	84	43	00	74	B1	42	00	50	A7	43	00	00	00	00	00	00	00	00	00	00	00	00	00	00	00	00	00	00	00	00
0.792	3D DATA	true	-	21702	48184	16153	-117370.1	-117547.8	-118324.9	-117771.3	-184812.2	259.6	253.7	264.7	88.7	334.6	-	-	-	-	-
0.793	3D MESSAGE	4E	00	E0	91	30	59	1C	8D	C6	4E	C1	BA	E7	3F	00	AF	F3	3E	8E	3F	E5	C7	FC	90	E5	C7	73	20	E7	C7	42	08	E6	C7	8C	7D	34	C8	00	90	7E	43	00	C3	83	43	00	C8	7C	43	00	14	A7	42	00	56	A2	43	00	00	00	00	00	00	00	00	00	00	00	00	00	00	00	00	00	00	00	00
0.793	3D DATA	true	-	20166	47809	16359	-117375.1	-117538.0	-118336.9	-117776.5	-184822.2	254.6	263.5	252.8	83.5	324.7	-	-	-	-	-
0.793	3D MESSAGE	4E	00	E1	91	30	59	1D	8D	B0	48	20	B9	E1	40	00	AF	F3	3E	50	42	E5	C7	81	8C	E5	C7	98	26	E7	C7	B4	0A	E6	C7	34	80	34	C8	00	0C	79	43	00	3E	88	43	00	7E	70	43	00	4C	9D	42	00	06	9D	43	00	00	00	00	00	00	00	00	00	00	00	00	00	00	00	00	00	00	00	00
0.793	3D DATA	true	-	18608	47392	16609	-117380.6	-117529.0	-118349.2	-117781.4	-184832.8	249.0	272.5	240.5	78.6	314.0	-	-	-	-	-
0.793	3D MESSAGE	4E	00	E2	91	30	59	1E	8D	81	42	51	B7	18	42	00	AF	F3	3E	51	45	E5	C7	9C	88	E5	C7	D9	2C	E7	C7	02	0D	E6	C7	07	83	34	C8	00	0A	73	43	00	23	8C	43	00	FC	63	43	00	14	94	42	00	60	97	43	00	00	00	00	00	00	00	00	00	00	00	00	00	00	00	00	00	00	00	00
0.793	3D DATA	true	-	17025	46929	16920	-117386.6	-117521.2	-118361.7	-117786.0	-184844.1	243.0	280.3	228.0	74.0	302.8	-	-	-	-	-
0.793	3D MESSAGE	4E	00	E3	91	30	59	1F	8D	38	3C	54	B5	9C	43	00	AF	F3	3E	8F	48	E5	C7	70	85	E5	C7	22	33	E7	C7	34	0F	E6	C7	03	86	34	C8	00	8E	6C	43	00	4F	8F	43	00	6A	57	43	00	4C	8B	42	00	68	91	43	00	00	00	00	00	00	00	00	00	00	00	00	00	00	00	00	00	00	00	00
0.793	3D DATA	true	-	15416	46420	17308	-117393.1	-117514.9	-118374.3	-117790.4	-184856.0	236.6	286.6	215.4	69.6	290.8	-	-	-	-	-
0.823	3D MESSAGE	4E	00	E4	91	30	59	20	8D	D0	35	24	B3	6C	45	00	AF	F3	3E	02	4C	E5	C7	14	83	E5	C7	61	39	E7	C7	4D	11	E6	C7	24	89	34	C8	00	A8	65	43	00	AB	91	43	00	EC	4A	43	00	E8	82	42	00	26	8B	43	00	00	00	00	00	00	00	00	00	00	00	00	00	00	00	00	00	00	00	00
0.823	3D DATA	true	-	13776	45860	17772	-117400.0	-117510.2	-118386.8	-117794.6	-184868.6	229.7	291.3	202.9	65.5	278.3	-	-	-	-	-
0.823	3D MESSAGE	4E	00	E5	91	30	59	21	8D	43	2F	C2	B0	7C	47	00	AF	F3	3E	A0	4F	E5	C7	98	81	E5	C7	80	3F	E7	C7	4E	13	E6	C7	62	8C	34	C8	00	6C	5E	43	00	27	93	43	00	AE	3E	43	00	C8	75	42	00	AA	84	43	00	00	00	00	00	00	00	00	00	00	00	00	00	00	00	00	00	00	00	00
0.823	3D DATA	true	-	12099	45250	18300	-117407.2	-117507.2	-118399.0	-117798.6	-184881.5	222.4	294.3	190.7	61.4	265.3	-	-	-	-	-
0.823	3D MESSAGE	4E	00	E6	91	30	59	22	8D	8A	28	2A	AE	C4	49	00	AF	F3	3E	5C	53	E5	C7	FE	80	E5	C7	6C	45	E7	C7	38	15	E6	C7	B3	8F	34	C8	00	F4	56	43	00	C1	93	43	00	D6	32	43	00	78	66	42	00	10	7C	43	00	00	00	00	00	00	00	00	00	00	00	00	00	00	00	00	00	00	00	00
0.823	3D DATA	true	-	10378	44586	18884	-117414.7	-117506.0	-118410.8	-117802.4	-184894.8	215.0	295.5	178.8	57.6	252.1	-	-	-	-	-
0.824	3D MESSAGE	4E	00	E7	91	30	59	23	8D	9C	21	5E	AB	4B	4C	00	AF	F3	3E	2E	57	E5	C7	48	81	E5	C7	17	4B	E7	C7	0C	17	E6	C7	0A	93	34	C8	00	50	4F	43	00	77	93	43	00	80	27	43	00	D8	57	42	00	B4	6E	43	00	00	00	00	00	00	00	00	00	00	00	00	00	00	00	00	00	00	00	00
0.824	3D DATA	true	-	8604	43870	19531	-117422.4	-117506.6	-118422.2	-117806.1	-184908.2	207.3	294.9	167.5	54.0	238.7	-	-	-	-	-
0.824	3D MESSAGE	4E	00	E8	91	30	59	24	8D	71	1A	60	A8	16	4F	00	AF	F3	3E	12	5B	E5	C7	6C	82	E5	C7	74	50	E7	C7	C7	18	E6	C7	5B	96	34	C8	00	88	47	43	00	53	92	43	00	C6	1C	43	00	00	4A	42	00	70	61	43	00	00	00	00	00	00	00	00	00	00	00	00	00	00	00	00	00	00	00	00
0.824	3D DATA	true	-	6769	43104	20246	-117430.1	-117508.8	-118432.9	-117809.6	-184921.4	199.5	292.6	156.8	50.5	225.4	-	-	-	-	-
0.825	3D MESSAGE	4E	00	E9	91	30	59	25	8D	FF	12	35	A5	2E	52	00	AF	F3	3E	07	5F	E5	C7	66	84	E5	C7	82	55	E7	C7	6C	1A	E6	C7	9D	99	34	C8	00	9E	3F	43	00	59	90	43	00	AA	12	43	00	D8	3C	42	00	68	54	43	00	00	00	00	00	00	00	00	00	00	00	00	00	00	00	00	00	00	00	00
0.825	3D DATA	true	-	4863	42293	21038	-117438.1	-117512.8	-118443.0	-117812.8	-184934.5	191.6	288.7	146.7	47.2	212.4	-	-	-	-	-
0.826	3D MESSAGE	4E	00	EA	91	30	59	26	8D	3F	0B	E3	A1	9A	55	00	AF	F3	3E	10	63	E5	C7	2C	87	E5	C7	43	5A	E7	C7	FE	1B	E6	C7	CB	9C	34	C8	00	8C	37	43	00	93	8D	43	00	28	09	43	00	48	30	42	00	B0	47	43	00	00	00	00	00	00	00	00	00	00	00	00	00	00	00	00	00	00	00	00
0.826	3D DATA	true	-	2879	41443	21914	-117446.1	-117518.3	-118452.5	-117816.0	-184947.2	183.5	283.1	137.2	44.1	199.7	-	-	-	-	-
0.855	3D MESSAGE	4E	00	EB	91	30	59	27	8D	25	03	6F	9E	62	59	00	AF	F3	3E	2E	67	E5	C7	B3	8A	E5	C7	BF	5E	E7	C7	7E	1D	E6	C7	E3	9F	34	C8	00	50	2F	43	00	0C	8A	43	00	30	00	43	00	48	24	42	00	50	3B	43	00	00	00	00	00	00	00	00	00	00	00	00	00	00	00	00	00	00	00	00
0.855	3D DATA	true	-	805	40559	22882	-117454.4	-117525.4	-118461.5	-117819.0	-184959.5	175.3	276.1	128.2	41.1	187.3	-	-	-	-	-
0.856	3D MESSAGE	4E	00	EC	91	30	59	28	8D	00	00	DE	9A	8F	5D	00	AF	F3	3E	61	6B	E5	C7	EB	8E	E5	C7	00	63	E7	C7	F2	1E	E6	C7	E6	A2	34	C8	00	EA	26	43	00	D4	85	43	00	5C	EF	42	00	A8	18	42	00	44	2F	43	00	00	00	00	00	00	00	00	00	00	00	00	00	00	00	00	00	00	00	00
0.856	3D DATA	true	-	0	39646	23951	-117462.8	-117533.8	-118470.0	-117821.9	-184971.6	166.9	267.7	119.7	38.2	175.3	-	-	-	-	-
0.856	3D MESSAGE	4E	00	ED	91	30	59	29	8D	00	00	CA	97	2A	62	00	AF	F3	3E	A3	6F	E5	C7	BE	93	E5	C7	11	67	E7	C7	59	20	E6	C7	D7	A5	34	C8	00	66	1E	43	00	01	81	43	00	18	DF	42	00	70	0D	42	00	80	23	43	00	00	00	00	00	00	00	00	00	00	00	00	00	00	00	00	00	00	00	00
0.856	3D DATA	true	-	0	38858	25130	-117471.3	-117543.5	-118478.1	-117824.7	-184983.4	158.4	258.0	111.5	35.4	163.5	-	-	-	-	-
0.857	3D MESSAGE	4E	00	EE	91	30	59	2A	8D	00	00	13	95	36	67	00	AF	F3	3E	EB	73	E5	C7	12	99	E5	C7	F8	6A	E7	C7	B6	21	E6	C7	B5	A8	34	C8	00	D6	15	43	00	5A	77	43	00	7C	CF	42	00	88	02	42	00	08	18	43	00	00	00	00	00	00	00	00	00	00	00	00	00	00	00	00	00	00	00	00
0.857	3D DATA	true	-	0	38163	26422	-117479.8	-117554.1	-118485.9	-117827.4	-184994.8	149.8	247.4	103.7	32.6	152.0	-	-	-	-	-
0.857	3D MESSAGE	4E	00	EF	91	30	59	2B	8D	00	00	93	92	B2	6C	00	AF	F3	3E	2F	78	E5	C7	C4	9E	E5	C7	B6	6E	E7	C7	08	23	E6	C7	7D	AB	34	C8	00	4E	0D	43	00	F6	6B	43	00	84	C0	42	00	F0	EF	41	00	E8	0C	43	00	00	00	00	00	00	00	00	00	00	00	00	00	00	00	00	00	00	00	00
0.857	3D DATA	true	-	0	37523	27826	-117488.4	-117565.5	-118493.4	-117830.1	-185006.0	141.3	236.0	96.3	30.0	140.9	-	-	-	-	-
0.857	3D MESSAGE	4E	00	F0	91	30	59	2C	8D	00	00	35	90	92	72	00	AF	F3	3E	61	7C	E5	C7	B1	A4	E5	C7	46	72	E7	C7	4C	24	E6	C7	28	AE	34	C8	00	EA	04	43	00	1C	60	43	00	44	B2	42	00	B0	DB	41	00	3C	02	43	00	00	00	00	00	00	00	00	00	00	00	00	00	00	00	00	00	00	00	00
0.857	3D DATA	true	-	0	36917	29330	-117496.8	-117577.4	-118500.5	-117832.6	-185016.6	132.9	224.1	89.1	27.5	130.2	-	-	-	-	-
0.889	3D MESSAGE	4E	00	F1	91	30	59	2D	8D	00	00	ED	8D	C9	78	00	AF	F3	3E	78	80	E5	C7	B2	AA	E5	C7	A0	75	E7	C7	7E	25	E6	C7	AB	B0	34	C8	00	78	F9	42	00	1A	54	43	00	DC	A4	42	00	90	C8	41	00	60	F0	42	00	00	00	00	00	00	00	00	00	00	00	00	00	00	00	00	00	00	00	00
0.889	3D DATA	true	-	0	36333	30921	-117504.9	-117589.4	-118507.2	-117835.0	-185026.7	124.7	212.1	82.4	25.1	120.2	-	-	-	-	-
0.890	3D MESSAGE	4E	00	F2	91	30	59	2E	8D	00	00	B9	8B	3B	7F	00	AF	F3	3E	65	84	E5	C7	A2	B0	E5	C7	BA	78	E7	C7	97	26	E6	C7	FC	B2	34	C8	00	C4	E9	42	00	3A	48	43	00	74	98	42	00	00	B7	41	00	D8	DD	42	00	00	00	00	00	00	00	00	00	00	00	00	00	00	00	00	00	00	00	00
0.890	3D DATA	true	-	0	35769	32571	-117512.8	-117601.3	-118513.5	-117837.2	-185035.9	116.9	200.2	76.2	22.9	110.9	-	-	-	-	-
0.890	3D MESSAGE	4E	00	F3	91	30	59	2F	8D	00	00	95	89	CE	85	00	AF	F3	3E	22	88	E5	C7	64	B6	E5	C7	8C	7B	E7	C7	91	27	E6	C7	14	B5	34	C8	00	D0	DA	42	00	B6	3C	43	00	2C	8D	42	00	60	A7	41	00	18	CD	42	00	00	00	00	00	00	00	00	00	00	00	00	00	00	00	00	00	00	00	00
0.890	3D DATA	true	-	0	35221	34254	-117520.3	-117612.8	-118519.1	-117839.1	-185044.3	109.4	188.7	70.6	20.9	102.5	-	-	-	-	-
0.890	3D MESSAGE	4E	00	F4	91	30	59	30	8D	00	00	83	87	66	8C	00	AF	F3	3E	A9	8B	E5	C7	E2	BB	E5	C7	15	7E	E7	C7	67	28	E6	C7	EF	B6	34	C8	00	B4	CC	42	00	BA	31	43	00	08	83	42	00	00	9A	41	00	40	BE	42	00	00	00	00	00	00	00	00	00	00	00	00	00	00	00	00	00	00	00	00
0.890	3D DATA	true	-	0	34691	35942	-117527.3	-117623.8	-118524.2	-117840.8	-185051.7	102.4	177.7	65.5	19.2	95.1	-	-	-	-	-
0.891	3D MESSAGE	4E	00	F5	91	30	59	31	8D	00	00	84	85	F4	92	00	AF	F3	3E	F8	8E	E5	C7	18	C1	E5	C7	5B	80	E7	C7	1C	29	E6	C7	91	B8	34	C8	00	78	BF	42	00	4E	27	43	00	E0	73	42	00	B0	8E	41	00	30	B1	42	00	00	00	00	00	00	00	00	00	00	00	00	00	00	00	00	00	00	00	00
0.891	3D DATA	true	-	0	34180	37620	-117533.9	-117634.2	-118528.7	-117842.2	-185058.3	95.7	167.3	61.0	17.8	88.6	-	-	-	-	-
0.891	3D MESSAGE	4E	00	F6	91	30	59	32	8D	00	00	98	83	7C	99	00	AF	F3	3E	12	92	E5	C7	0A	C6	E5	C7	6A	82	E7	C7	B8	29	E6	C7	04	BA	34	C8	00	10	B3	42	00	6A	1D	43	00	68	63	42	00	F0	84	41	00	98	A5	42	00	00	00	00	00	00	00	00	00	00	00	00	00	00	00	00	00	00	00	00
0.891	3D DATA	true	-	0	33688	39292	-117540.1	-117644.1	-118532.8	-117843.4	-185064.1	89.5	157.4	56.9	16.6	82.8	-	-	-	-	-
0.891	3D MESSAGE	4E	00	F7	91	30	59	33	8D	00	00	BD	81	13	A0	00	AF	F3	3E	FF	94	E5	C7	C6	CA	E5	C7	54	84	E7	C7	46	2A	E6	C7	57	BB	34	C8	00	5C	A7	42	00	F2	13	43	00	18	54	42	00	20	78	41	00	00	9B	42	00	00	00	00	00	00	00	00	00	00	00	00	00	00	00	00	00	00	00	00
0.891	3D DATA	true	-	0	33213	40979	-117546.0	-117653.5	-118536.7	-117844.5	-185069.4	83.7	147.9	53.0	15.5	77.5	-	-	-	-	-
0.917	3D MESSAGE	4E	00	F8	91	30	59	34	8D	00	00	F0	7F	DE	A6	00	AF	F3	3E	C7	97	E5	C7	5C	CF	E5	C7	29	86	E7	C7	D5	2A	E6	C7	98	BC	34	C8	00	3C	9C	42	00	C6	0A	43	00	70	45	42	00	40	66	41	00	F8	90	42	00	00	00	00	00	00	00	00	00	00	00	00	00	00	00	00	00	00	00	00
0.917	3D DATA	true	-	0	32752	42718	-117551.6	-117662.7	-118540.3	-117845.7	-185074.4	78.1	138.8	49.4	14.4	72.5	-	-	-	-	-
0.919	3D MESSAGE	4E	00	F9	91	30	59	35	8D	00	00	2E	7E	06	AE	00	AF	F3	3E	74	9A	E5	C7	DA	D3	E5	C7	F2	87	E7	C7	71	2B	E6	C7	D1	BD	34	C8	00	88	91	42	00	CA	01	43	00	28	37	42	00	C0	52	41	00	30	87	42	00	00	00	00	00	00	00	00	00	00	00	00	00	00	00	00	00	00	00	00
0.919	3D DATA	true	-	0	32302	44550	-117556.9	-117671.7	-118543.9	-117846.9	-185079.3	72.8	129.8	45.8	13.2	67.6	-	-	-	-	-
0.920	3D MESSAGE	4E	00	FA	91	30	59	36	8D	00	00	73	7C	AE	B5	00	AF	F3	3E	09	9D	E5	C7	44	D8	E5	C7	B5	89	E7	C7	21	2C	E6	C7	09	BF	34	C8	00	34	87	42	00	EC	F1	42	00	10	29	42	00	C0	3C	41	00	E0	7A	42	00	00	00	00	00	00	00	00	00	00	00	00	00	00	00	00	00	00	00	00
0.920	3D DATA	true	-	0	31859	46510	-117562.1	-117680.5	-118547.4	-117848.3	-185084.1	67.6	121.0	42.3	11.8	62.7	-	-	-	-	-
0.920	3D MESSAGE	4E	00	FB	91	30	59	37	8D	00	00	BB	7A	DE	BD	00	AF	F3	3E	87	9F	E5	C7	93	DC	E5	C7	6D	8B	E7	C7	E5	2C	E6	C7	3F	C0	34	C8	00	78	7A	42	00	B0	E0	42	00	50	1B	42	00	40	24	41	00	80	67	42	00	00	00	00	00	00	00	00	00	00	00	00	00	00	00	00	00	00	00	00
0.920	3D DATA	true	-	0	31419	48606	-117567.1	-117689.1	-118550.9	-117849.8	-185089.0	62.6	112.3	38.8	10.3	57.9	-	-	-	-	-
0.921	3D MESSAGE	4E	00	FC	91	30	59	38	8D	00	00	05	79	82	C6	00	AF	F3	3E	EB	A1	E5	C7	BB	E0	E5	C7	13	8D	E7	C7	B5	2D	E6	C7	6F	C1	34	C8	00	58	67	42	00	10	D0	42	00	20	0E	42	00	40	0A	41	00	80	54	42	00	00	00	00	00	00	00	00	00	00	00	00	00	00	00	00	00	00	00	00
0.921	3D DATA	true	-	0	30981	50818	-117571.8	-117697.5	-118554.1	-117851.4	-185093.7	57.8	104.0	35.5	8.6	53.1	-	-	-	-	-
0.948	3D MESSAGE	52	00	FD	91	32	59	39	8D	00	00	00	88	00	00	50	77	6D	CF	88	B0	87	40	2E	A4	E5	C7	AB	E4	E5	C7	9C	8E	E7	C7	86	2E	E6	C7	92	C2	34	C8	00	40	55	42	00	50	C0	42	00	D8	01	42	00	40	E0	40	00	50	42	42	00	00	00	00	00	00	00	00	00	00	00	00	00	00	00	00	00	00	00	00
0.948	3D DATA	true	-	0	30544	53101	-117576.4	-117705.3	-118557.2	-117853.0	-185098.3	53.3	96.2	32.5	7.0	48.6	-	-	-	-	-
0.949	3D MESSAGE	48	00	FE	91	20	59	3A	8C	88	B0	87	40	4B	A6	E5	C7	55	E8	E5	C7	03	90	E7	C7	4B	2F	E6	C7	A4	C3	34	C8	00	58	44	42	00	A8	B1	42	00	40	ED	41	00	00	AF	40	00	30	31	42	00	00	00	00	00	00	00	00	00	00	00	00	00	00	00	00	00	00	00	00
0.949	3D DATA	true	-	-	-	-	-117580.6	-117712.7	-118560.0	-117854.6	-185102.6	49.1	88.8	29.7	5.5	44.3	-	-	-	-	-
0.950	3D MESSAGE	48	00	FF	91	20	59	3B	8C	88	B0	87	40	3E	A8	E5	C7	AF	EB	E5	C7	43	91	E7	C7	FC	2F	E6	C7	A2	C4	34	C8	00	C0	34	42	00	40	A4	42	00	40	D9	41	00	C0	82	40	00	50	21	42	00	00	00	00	00	00	00	00	00	00	00	00	00	00	00	00	00	00	00	00
0.950	3D DATA	true	-	-	-	-	-117584.5	-117719.4	-118562.5	-117856.0	-185106.5	45.2	82.1	27.2	4.1	40.3	-	-	-	-	-
0.950	3D MESSAGE	48	00	00	91	20	59	3C	8C	88	B0	87	40	07	AA	E5	C7	B8	EE	E5	C7	5C	92	E7	C7	90	30	E6	C7	8A	C5	34	C8	00	78	26	42	00	1C	98	42	00	B0	C7	41	00	80	3B	40	00	D0	12	42	00	00	00	00	00	00	00	00	00	00	00	00	00	00	00	00	00	00	00	00
0.950	3D DATA	true	-	-	-	-	-117588.1	-117725.4	-118564.7	-117857.1	-185110.2	41.6	76.1	25.0	2.9	36.7	-	-	-	-	-
0.951	3D MESSAGE	48	00	01	91	20	59	3D	8C	88	B0	87	40	A8	AB	E5	C7	75	F1	E5	C7	52	93	E7	C7	0A	31	E6	C7	5D	C6	34	C8	00	70	19	42	00	28	8D	42	00	50	B8	41	00	00	FD	3F	00	A0	05	42	00	00	00	00	00	00	00	00	00	00	00	00	00	00	00	00	00	00	00	00
0.951	3D DATA	true	-	-	-	-	-117591.3	-117730.9	-118566.6	-117858.1	-185113.5	38.4	70.6	23.0	2.0	33.4	-	-	-	-	-
0.951	3D MESSAGE	48	00	02	91	20	59	3E	8C	88	B0	87	40	24	AD	E5	C7	EC	F3	E5	C7	2A	94	E7	C7	69	31	E6	C7	1B	C7	34	C8	00	90	0D	42	00	4C	83	42	00	D0	AA	41	00	00	9E	3F	00	80	F3	41	00	00	00	00	00	00	00	00	00	00	00	00	00	00	00	00	00	00	00	00
0.951	3D DATA	true	-	-	-	-	-117594.3	-117735.8	-118568.3	-117858.8	-185116.4	35.4	65.6	21.4	1.2	30.4	-	-	-	-	-
0.979	3D MESSAGE	48	00	03	91	20	59	3F	8C	88	B0	87	40	7C	AE	E5	C7	27	F6	E5	C7	E8	94	E7	C7	B3	31	E6	C7	C6	C7	34	C8	00	D0	02	42	00	C0	74	42	00	F0	9E	41	00	00	28	3F	00	20	DE	41	00	00	00	00	00	00	00	00	00	00	00	00	00	00	00	00	00	00	00	00
0.979	3D DATA	true	-	-	-	-	-117597.0	-117740.3	-118569.8	-117859.4	-185119.1	32.7	61.2	19.9	0.7	27.8	-	-	-	-	-
0.980	3D MESSAGE	48	00	04	91	20	59	40	8C	88	B0	87	40	B2	AF	E5	C7	2D	F8	E5	C7	90	95	E7	C7	EC	31	E6	C7	5B	C8	34	C8	00	40	F2	41	00	90	64	42	00	70	94	41	00	00	58	3E	00	80	CB	41	00	00	00	00	00	00	00	00	00	00	00	00	00	00	00	00	00	00	00	00
0.980	3D DATA	true	-	-	-	-	-117599.4	-117744.4	-118571.1	-117859.8	-185121.4	30.3	57.1	18.6	0.2	25.4	-	-	-	-	-
0.980	3D MESSAGE	4C	00	05	91	22	59	41	8C	03	10	04	08	88	B0	87	40	C4	B0	E5	C7	05	FA	E5	C7	26	96	E7	C7	1A	32	E6	C7	DA	C8	34	C8	00	20	E1	41	00	D0	55	42	00	10	8B	41	00	00	18	BE	00	A0	BB	41	00	00	00	00	00	00	00	00	00	00	00	00	00	00	00	00	00	00	00	00
0.980	3D DATA	true	-	-	-	-	-117601.5	-117748.0	-118572.3	-117860.2	-185123.4	28.1	53.5	17.4	-0.1	23.5	-	-	-	-	Flick East -> West
0.980	3D MESSAGE	4A	00	06	91	21	59	42	8C	08	2B	88	B0	87	40	B4	B1	E5	C7	B7	FB	E5	C7	AF	96	E7	C7	42	32	E6	C7	44	C9	34	C8	00	00	00	00	00	00	00	00	00	00	00	00	00	00	00	00	00	00	00	00	00	00	00	00	00	00	00	00	00	00	00	00	00	00	00	00	00	00	00	00
0.980	3D DATA	true	43	-	-	-	-117603.4	-117751.4	-118573.4	-117860.5	-185125.1	0.0	0.0	0.0	0.0	0.0	-	-	-	-	-
0.981	3D MESSAGE	48	00	07	91	20	59	43	8C	88	B0	87	40	86	B2	E5	C7	4A	FD	E5	C7	2F	97	E7	C7	6A	32	E6	C7	9C	C9	34	C8	00	00	D2	BF	00	80	49	C0	00	00	80	BF	00	00	A0	BE	00	00	B0	BF	00	00	00	00	00	00	00	00	00	00	00	00	00	00	00	00	00	00	00	00
0.981	3D DATA	true	-	-	-	-	-117605.0	-117754.6	-118574.4	-117860.8	-185126.4	-1.6	-3.1	-1.0	-0.3	-1.4	-	-	-	-	-
0.981	3D MESSAGE	48	00	08	91	20	59	44	8C	88	B0	87	40	41	B3	E5	C7	C4	FE	E5	C7	AA	97	E7	C7	95	32	E6	C7	E6	C9	34	C8	00	80	46	C0	00	40	C3	C0	00	00	FB	BF	00	00	26	BF	00	00	22	C0	00	00	00	00	00	00	00	00	00	00	00	00	00	00	00	00	00	00	00	00
0.981	3D DATA	true	-	-	-	-	-117606.5	-117757.5	-118575.3	-117861.2	-185127.6	-3.1	-6.1	-2.0	-0.6	-2.5	-	-	-	-	-
0.981	3D MESSAGE	48	00	09	91	20	59	45	8C	88	B0	87	40	EF	B3	E5	C7	2E	00	E6	C7	24	98	E7	C7	C4	32	E6	C7	27	CA	34	C8	00	C0	8E	C0	00	E0	0E	C1	00	80	3A	C0	00	00	82	BF	00	00	63	C0	00	00	00	00	00	00	00	00	00	00	00	00	00	00	00	00	00	00	00	00
0.982	3D DATA	true	-	-	-	-	-117607.9	-117760.4	-118576.3	-117861.5	-185128.6	-4.5	-8.9	-2.9	-1.0	-3.5	-	-	-	-	-
1.011	3D MESSAGE	48	00	0A	91	20	59	46	8C	88	B0	87	40	9A	B4	E5	C7	88	01	E6	C7	9C	98	E7	C7	F4	32	E6	C7	66	CA	34	C8	00	80	B9	C0	00	20	3A	C1	00	80	76	C0	00	00	B2	BF	00	00	91	C0	00	00	00	00	00	00	00	00	00	00	00	00	00	00	00	00	00	00	00	00
1.011	3D DATA	true	-	-	-	-	-117609.2	-117763.1	-118577.2	-117861.9	-185129.6	-5.8	-11.6	-3.9	-1.4	-4.5	-	-	-	-	-
1.012	3D MESSAGE	48	00	0B	91	20	59	47	8C	88	B0	87	40	48	B5	E5	C7	D3	02	E6	C7	12	99	E7	C7	21	33	E6	C7	A4	CA	34	C8	00	00	E5	C0	00	80	63	C1	00	C0	98	C0	00	00	DF	BF	00	00	B0	C0	00	00	00	00	00	00	00	00	00	00	00	00	00	00	00	00	00	00	00	00
1.012	3D DATA	true	-	-	-	-	-117610.6	-117765.6	-118578.1	-117862.3	-185130.6	-7.2	-14.2	-4.8	-1.7	-5.5	-	-	-	-	-
1.012	3D MESSAGE	48	00	0C	91	20	59	48	8C	88	B0	87	40	F8	B5	E5	C7	0C	04	E6	C7	81	99	E7	C7	46	33	E6	C7	E3	CA	34	C8	00	80	08	C1	00	50	85	C1	00	80	B4	C0	00	00	02	C0	00	80	CF	C0	00	00	00	00	00	00	00	00	00	00	00	00	00	00	00	00	00	00	00	00
1.012	3D DATA	true	-	-	-	-	-117611.9	-117768.1	-118579.0	-117862.5	-185131.5	-8.5	-16.7	-5.6	-2.0	-6.5	-	-	-	-	-
1.012	3D MESSAGE	48	00	0D	91	20	59	49	8C	88	B0	87	40	A6	B6	E5	C7	2A	05	E6	C7	E3	99	E7	C7	5A	33	E6	C7	22	CB	34	C8	00	40	1E	C1	00	30	97	C1	00	00	CD	C0	00	00	0C	C0	00	00	EF	C0	00	00	00	00	00	00	00	00	00	00	00	00	00	00	00	00	00	00	00	00
1.012	3D DATA	true	-	-	-	-	-117613.3	-117770.3	-118579.8	-117862.7	-185132.5	-9.9	-18.9	-6.4	-2.2	-7.5	-	-	-	-	-
1.012	3D MESSAGE	48	00	0E	91	20	59	4A	8C	88	B0	87	40	48	B7	E5	C7	28	06	E6	C7	34	9A	E7	C7	5B	33	E6	C7	61	CB	34	C8	00	80	32	C1	00	10	A7	C1	00	40	E1	C0	00	80	0C	C0	00	40	07	C1	00	00	00	00	00	00	00	00	00	00	00	00	00	00	00	00	00	00	00	00
1.012	3D DATA	true	-	-	-	-	-117614.6	-117772.3	-118580.4	-117862.7	-185133.5	-11.2	-20.9	-7.0	-2.2	-8.5	-	-	-	-	-
1.013	3D MESSAGE	48	00	0F	91	20	59	4B	8C	88	B0	87	40	DA	B7	E5	C7	05	07	E6	C7	75	9A	E7	C7	4B	33	E6	C7	9F	CB	34	C8	00	C0	44	C1	00	E0	B4	C1	00	80	F1	C0	00	80	04	C0	00	C0	16	C1	00	00	00	00	00	00	00	00	00	00	00	00	00	00	00	00	00	00	00	00
1.013	3D DATA	true	-	-	-	-	-117615.7	-117774.0	-118580.9	-117862.6	-185134.5	-12.3	-22.6	-7.5	-2.1	-9.4	-	-	-	-	-
1.043	3D MESSAGE	48	00	10	91	20	59	4C	8C	88	B0	87	40	58	B8	E5	C7	C3	07	E6	C7	A9	9A	E7	C7	32	33	E6	C7	DF	CB	34	C8	00	80	54	C1	00	C0	C0	C1	00	80	FE	C0	00	00	F0	BF	00	C0	26	C1	00	00	00	00	00	00	00	00	00	00	00	00	00	00	00	00	00	00	00	00
1.043	3D DATA	true	-	-	-	-	-117616.7	-117775.5	-118581.3	-117862.4	-185135.5	-13.3	-24.1	-8.0	-1.9	-10.4	-	-	-	-	-
1.044	3D MESSAGE	4C	00	11	91	22	59	4D	8C	00	00	00	00	88	B0	87	40	C6	B8	E5	C7	6B	08	E6	C7	D8	9A	E7	C7	1B	33	E6	C7	22	CC	34	C8	00	40	62	C1	00	40	CB	C1	00	20	05	C1	00	00	D9	BF	00	80	37	C1	00	00	00	00	00	00	00	00	00	00	00	00	00	00	00	00	00	00	00	00
1.044	3D DATA	true	-	-	-	-	-117617.5	-117776.8	-118581.7	-117862.2	-185136.5	-14.1	-25.4	-8.3	-1.7	-11.5	-	-	-	-	-
1.044	3D MESSAGE	48	00	12	91	20	59	4E	8C	88	B0	87	40	2E	B9	E5	C7	0C	09	E6	C7	0C	9B	E7	C7	16	33	E6	C7	6C	CC	34	C8	00	40	6F	C1	00	50	D5	C1	00	A0	0B	C1	00	00	D4	BF	00	00	4A	C1	00	00	00	00	00	00	00	00	00	00	00	00	00	00	00	00	00	00	00	00
1.044	3D DATA	true	-	-	-	-	-117618.4	-117778.1	-118582.1	-117862.2	-185137.7	-15.0	-26.7	-8.7	-1.7	-12.6	-	-	-	-	-
1.045	3D MESSAGE	48	00	13	91	20	59	4F	8C	88	B0	87	40	9B	B9	E5	C7	B3	09	E6	C7	4D	9B	E7	C7	2E	33	E6	C7	BC	CC	34	C8	00	E0	7C	C1	00	C0	DF	C1	00	C0	13	C1	00	00	EC	BF	00	00	5E	C1	00	00	00	00	00	00	00	00	00	00	00	00	00	00	00	00	00	00	00	00
1.045	3D DATA	true	-	-	-	-	-117619.2	-117779.4	-118582.6	-117862.4	-185138.9	-15.8	-28.0	-9.2	-1.8	-13.9	-	-	-	-	-
1.045	3D MESSAGE	48	00	14	91	20	59	50	8C	88	B0	87	40	13	BA	E5	C7	6B	0A	E6	C7	9E	9B	E7	C7	6A	33	E6	C7	13	CD	34	C8	00	F0	85	C1	00	40	EB	C1	00	E0	1D	C1	00	00	14	C0	00	C0	73	C1	00	00	00	00	00	00	00	00	00	00	00	00	00	00	00	00	00	00	00	00
1.045	3D DATA	true	-	-	-	-	-117620.1	-117780.8	-118583.2	-117862.8	-185140.3	-16.7	-29.4	-9.9	-2.3	-15.2	-	-	-	-	-
1.046	3D MESSAGE	48	00	15	91	20	59	51	8C	88	B0	87	40	97	BA	E5	C7	38	0B	E6	C7	FE	9B	E7	C7	CA	33	E6	C7	6C	CD	34	C8	00	30	8E	C1	00	10	F8	C1	00	E0	29	C1	00	00	44	C0	00	00	85	C1	00	00	00	00	00	00	00	00	00	00	00	00	00	00	00	00	00	00	00	00
1.046	3D DATA	true	-	-	-	-	-117621.2	-117782.4	-118584.0	-117863.6	-185141.7	-17.8	-31.0	-10.6	-3.1	-16.6	-	-	-	-	-
1.046	3D MESSAGE	48	00	16	91	20	59	52	8C	88	B0	87	40	25	BB	E5	C7	16	0C	E6	C7	6A	9C	E7	C7	45	34	E6	C7	C4	CD	34	C8	00	10	97	C1	00	F8	02	C2	00	60	37	C1	00	C0	80	C0	00	00	90	C1	00	00	00	00	00	00	00	00	00	00	00	00	00	00	00	00	00	00	00	00
1.046	3D DATA	true	-	-	-	-	-117622.3	-117784.2	-118584.8	-117864.5	-185143.1	-18.9	-32.7	-11.5	-4.0	-18.0	-	-	-	-	-
1.072	3D MESSAGE	48	00	17	91	20	59	53	8C	88	B0	87	40	B3	BB	E5	C7	FD	0C	E6	C7	DA	9C	E7	C7	D0	34	E6	C7	17	CE	34	C8	00	F0	9F	C1	00	30	0A	C2	00	60	45	C1	00	80	A3	C0	00	60	9A	C1	00	00	00	00	00	00	00	00	00	00	00	00	00	00	00	00	00	00	00	00
1.072	3D DATA	true	-	-	-	-	-117623.4	-117786.0	-118585.7	-117865.6	-185144.4	-20.0	-34.5	-12.3	-5.1	-19.3	-	-	-	-	-
1.072	3D MESSAGE	48	00	18	91	20	59	54	8C	88	B0	87	40	39	BC	E5	C7	E0	0D	E6	C7	45	9D	E7	C7	5A	35	E6	C7	64	CE	34	C8	00	50	A8	C1	00	48	11	C2	00	C0	52	C1	00	00	C6	C0	00	00	A4	C1	00	00	00	00	00	00	00	00	00	00	00	00	00	00	00	00	00	00	00	00
1.072	3D DATA	true	-	-	-	-	-117624.4	-117787.8	-118586.5	-117866.7	-185145.6	-21.0	-36.3	-13.2	-6.2	-20.5	-	-	-	-	-
1.073	3D MESSAGE	48	00	19	91	20	59	55	8C	88	B0	87	40	B2	BC	E5	C7	B5	0E	E6	C7	A9	9D	E7	C7	DC	35	E6	C7	AA	CE	34	C8	00	E0	AF	C1	00	F0	17	C2	00	40	5F	C1	00	80	E6	C0	00	C0	AC	C1	00	00	00	00	00	00	00	00	00	00	00	00	00	00	00	00	00	00	00	00
1.073	3D DATA	true	-	-	-	-	-117625.4	-117789.4	-118587.3	-117867.7	-185146.7	-22.0	-38.0	-14.0	-7.2	-21.6	-	-	-	-	-
1.073	3D MESSAGE	48	00	1A	91	20	59	56	8C	88	B0	87	40	1B	BD	E5	C7	74	0F	E6	C7	01	9E	E7	C7	4E	36	E6	C7	EB	CE	34	C8	00	70	B6	C1	00	E8	1D	C2	00	40	6A	C1	00	80	01	C1	00	E0	B4	C1	00	00	00	00	00	00	00	00	00	00	00	00	00	00	00	00	00	00	00	00
1.073	3D DATA	true	-	-	-	-	-117626.2	-117790.9	-118588.0	-117868.6	-185147.7	-22.8	-39.5	-14.6	-8.1	-22.6	-	-	-	-	-
1.073	3D MESSAGE	48	00	1B	91	20	59	57	8C	88	B0	87	40	77	BD	E5	C7	16	10	E6	C7	4E	9E	E7	C7	AD	36	E6	C7	26	CF	34	C8	00	30	BC	C1	00	F8	22	C2	00	E0	73	C1	00	60	0D	C1	00	40	BC	C1	00	00	00	00	00	00	00	00	00	00	00	00	00	00	00	00	00	00	00	00
1.073	3D DATA	true	-	-	-	-	-117626.9	-117792.2	-118588.6	-117869.4	-185148.6	-23.5	-40.7	-15.2	-8.8	-23.5	-	-	-	-	-
1.107	3D MESSAGE	48	00	1C	91	20	59	58	8C	88	B0	87	40	C5	BD	E5	C7	9B	10	E6	C7	8D	9E	E7	C7	FA	36	E6	C7	5B	CF	34	C8	00	10	C1	C1	00	20	27	C2	00	C0	7B	C1	00	00	17	C1	00	E0	C2	C1	00	00	00	00	00	00	00	00	00	00	00	00	00	00	00	00	00	00	00	00
1.107	3D DATA	true	-	-	-	-	-117627.5	-117793.2	-118589.1	-117870.0	-185149.4	-24.1	-41.8	-15.7	-9.4	-24.4	-	-	-	-	-
1.107	3D MESSAGE	4A	00	1D	91	21	59	59	8C	10	2B	88	B0	87	40	07	BE	E5	C7	02	11	E6	C7	BE	9E	E7	C7	34	37	E6	C7	87	CF	34	C8	00	30	C5	C1	00	00	00	00	00	F0	80	C1	00	40	1E	C1	00	60	C8	C1	00	00	00	00	00	00	00	00	00	00	00	00	00	00	00	00	00	00	00	00
1.108	3D DATA	true	43	-	-	-	-117628.1	-117794.0	-118589.5	-117870.4	-185150.1	-24.6	0.0	-16.1	-9.9	-25.0	-	-	-	-	-
1.108	3D MESSAGE	4A	00	1E	91	21	59	5A	8C	10	2B	88	B0	87	40	3B	BE	E5	C7	4E	11	E6	C7	E0	9E	E7	C7	5E	37	E6	C7	A7	CF	34	C8	00	00	00	00	00	00	18	BF	00	10	83	C1	00	80	23	C1	00	60	CC	C1	00	00	00	00	00	00	00	00	00	00	00	00	00	00	00	00	00	00	00	00
1.108	3D DATA	true	43	-	-	-	-117628.5	-117794.6	-118589.8	-117870.7	-185150.6	0.0	-0.6	-16.4	-10.2	-25.5	-	-	-	-	-
1.108	3D MESSAGE	4A	00	1F	91	21	59	5B	8C	10	2B	88	B0	87	40	60	BE	E5	C7	80	11	E6	C7	F3	9E	E7	C7	76	37	E6	C7	BC	CF	34	C8	00	00	94	BE	00	00	7C	BF	00	40	84	C1	00	80	26	C1	00	00	00	00	00	00	00	00	00	00	00	00	00	00	00	00	00	00	00	00	00	00	00	00
1.108	3D DATA	true	43	-	-	-	-117628.8	-117795.0	-118589.9	-117870.9	-185150.9	-0.3	-1.0	-16.5	-10.4	0.0	-	-	-	-	-
1.109	3D MESSAGE	4A	00	20	91	21	59	5C	8C	10	2B	88	B0	87	40	77	BE	E5	C7	A2	11	E6	C7	FA	9E	E7	C7	7E	37	E6	C7	C6	CF	34	C8	00	00	F0	BE	00	00	A0	BF	00	00	00	00	00	80	27	C1	00	00	20	BE	00	00	00	00	00	00	00	00	00	00	00	00	00	00	00	00	00	00	00	00
1.109	3D DATA	true	43	-	-	-	-117628.9	-117795.3	-118590.0	-117871.0	-185151.1	-0.5	-1.2	0.0	-10.5	-0.2	-	-	-	-	-
1.109	3D MESSAGE	48	00	21	91	20	59	5D	8C	88	B0	87	40	85	BE	E5	C7	B9	11	E6	C7	F8	9E	E7	C7	76	37	E6	C7	C9	CF	34	C8	00	00	14	BF	00	00	B7	BF	00	00	80	3C	00	80	26	C1	00	00	50	BE	00	00	00	00	00	00	00	00	00	00	00	00	00	00	00	00	00	00	00	00
1.109	3D DATA	true	-	-	-	-	-117629.0	-117795.4	-118589.9	-117870.9	-185151.1	-0.6	-1.4	0.0	-10.4	-0.2	-	-	-	-	-
1.109	3D MESSAGE	48	00	22	91	20	59	5E	8C	88	B0	87	40	91	BE	E5	C7	CC	11	E6	C7	F2	9E	E7	C7	61	37	E6	C7	C8	CF	34	C8	00	00	2C	BF	00	00	CA	BF	00	00	80	3D	00	E0	23	C1	00	00	40	BE	00	00	00	00	00	00	00	00	00	00	00	00	00	00	00	00	00	00	00	00
1.109	3D DATA	true	-	-	-	-	-117629.1	-117795.6	-118589.9	-117870.8	-185151.1	-0.7	-1.6	0.1	-10.2	-0.2	-	-	-	-	-
1.110	3D MESSAGE	48	00	23	91	20	59	5F	8C	88	B0	87	40	A1	BE	E5	C7	DE	11	E6	C7	ED	9E	E7	C7	44	37	E6	C7	C8	CF	34	C8	00	00	4C	BF	00	00	DC	BF	00	00	D0	3D	00	40	20	C1	00	00	40	BE	00	00	00	00	00	00	00	00	00	00	00	00	00	00	00	00	00	00	00	00
1.110	3D DATA	true	-	-	-	-	-117629.3	-117795.7	-118589.9	-117870.5	-185151.1	-0.8	-1.7	0.1	-10.0	-0.2	-	-	-	-	-
1.138	3D MESSAGE	48	00	24	91	20	59	60	8C	88	B0	87	40	BB	BE	E5	C7	F3	11	E6	C7	EC	9E	E7	C7	25	37	E6	C7	C7	CF	34	C8	00	00	80	BF	00	00	F1	BF	00	00	E0	3D	00	60	1C	C1	00	00	30	BE	00	00	00	00	00	00	00	00	00	00	00	00	00	00	00	00	00	00	00	00
1.138	3D DATA	true	-	-	-	-	-117629.5	-117795.9	-118589.8	-117870.3	-185151.1	-1.0	-1.9	0.1	-9.8	-0.2	-	-	-	-	-
1.139	3D MESSAGE	48	00	25	91	20	59	61	8C	D0	5C	D7	3D	E0	BE	E5	C7	0A	12	E6	C7	F1	9E	E7	C7	06	37	E6	C7	C8	CF	34	C8	00	00	A5	BF	00	00	04	C0	00	00	90	3D	00	80	18	C1	00	00	40	BE	00	00	00	00	00	00	00	00	00	00	00	00	00	00	00	00	00	00	00	00
1.139	3D DATA	true	-	-	-	-	-117629.8	-117796.1	-118589.9	-117870.0	-185151.1	-1.3	-2.1	0.1	-9.5	-0.2	-	-	-	-	-
1.140	3D MESSAGE	48	00	26	91	20	59	62	8C	D0	5C	D7	3D	0F	BF	E5	C7	22	12	E6	C7	FC	9E	E7	C7	EB	36	E6	C7	C8	CF	34	C8	00	00	D4	BF	00	00	10	C0	00	00	80	BC	00	20	15	C1	00	00	40	BE	00	00	00	00	00	00	00	00	00	00	00	00	00	00	00	00	00	00	00	00
1.140	3D DATA	true	-	-	-	-	-117630.1	-117796.3	-118590.0	-117869.8	-185151.1	-1.7	-2.2	-0.0	-9.3	-0.2	-	-	-	-	-
1.140	3D MESSAGE	48	00	27	91	20	59	63	8C	D0	5C	D7	3D	44	BF	E5	C7	3E	12	E6	C7	0E	9F	E7	C7	D6	36	E6	C7	CA	CF	34	C8	00	80	04	C0	00	00	1E	C0	00	00	20	BE	00	80	12	C1	00	00	60	BE	00	00	00	00	00	00	00	00	00	00	00	00	00	00	00	00	00	00	00	00
1.140	3D DATA	true	-	-	-	-	-117630.5	-117796.5	-118590.1	-117869.7	-185151.2	-2.1	-2.5	-0.2	-9.2	-0.2	-	-	-	-	-
1.141	3D MESSAGE	48	00	28	91	20	59	64	8C	D0	5C	D7	3D	79	BF	E5	C7	60	12	E6	C7	28	9F	E7	C7	C7	36	E6	C7	CD	CF	34	C8	00	00	1F	C0	00	00	2F	C0	00	00	B8	BE	00	A0	10	C1	00	00	88	BE	00	00	00	00	00	00	00	00	00	00	00	00	00	00	00	00	00	00	00	00
1.141	3D DATA	true	-	-	-	-	-117630.9	-117796.8	-118590.3	-117869.6	-185151.2	-2.5	-2.7	-0.4	-9.0	-0.3	-	-	-	-	-
1.141	3D MESSAGE	48	00	29	91	20	59	65	8C	D0	5C	D7	3D	AE	BF	E5	C7	8E	12	E6	C7	4B	9F	E7	C7	BF	36	E6	C7	D4	CF	34	C8	00	80	39	C0	00	00	46	C0	00	00	22	BF	00	A0	0F	C1	00	00	C0	BE	00	00	00	00	00	00	00	00	00	00	00	00	00	00	00	00	00	00	00	00
1.141	3D DATA	true	-	-	-	-	-117631.4	-117797.1	-118590.6	-117869.5	-185151.3	-2.9	-3.1	-0.6	-9.0	-0.4	-	-	-	-	-
1.170	3D MESSAGE	48	00	2A	91	20	59	66	8C	D0	5C	D7	3D	DE	BF	E5	C7	CB	12	E6	C7	76	9F	E7	C7	BC	36	E6	C7	E1	CF	34	C8	00	80	51	C0	00	80	64	C0	00	00	78	BF	00	40	0F	C1	00	00	14	BF	00	00	00	00	00	00	00	00	00	00	00	00	00	00	00	00	00	00	00	00
1.170	3D DATA	true	-	-	-	-	-117631.7	-117797.6	-118590.9	-117869.5	-185151.5	-3.3	-3.6	-1.0	-9.0	-0.6	-	-	-	-	-
1.171	3D MESSAGE	48	00	2B	91	20	59	67	8C	D0	5C	D7	3D	08	C0	E5	C7	16	13	E6	C7	A7	9F	E7	C7	BB	36	E6	C7	F2	CF	34	C8	00	80	66	C0	00	00	85	C0	00	00	AD	BF	00	00	00	00	00	00	58	BF	00	00	00	00	00	00	00	00	00	00	00	00	00	00	00	00	00	00	00	00
1.171	3D DATA	true	-	-	-	-	-117632.1	-117798.2	-118591.3	-117869.5	-185151.8	-3.6	-4.2	-1.4	0.0	-0.8	-	-	-	-	-
1.172	3D MESSAGE	48	00	2C	91	20	59	68	8C	D0	5C	D7	3D	2A	C0	E5	C7	68	13	E6	C7	D8	9F	E7	C7	B7	36	E6	C7	06	D0	34	C8	00	80	77	C0	00	80	99	C0	00	00	DE	BF	00	00	00	3D	00	00	94	BF	00	00	00	00	00	00	00	00	00	00	00	00	00	00	00	00	00	00	00	00
1.172	3D DATA	true	-	-	-	-	-117632.3	-117798.8	-118591.7	-117869.4	-185152.1	-3.9	-4.8	-1.7	0.0	-1.2	-	-	-	-	-
1.172	3D MESSAGE	48	00	2D	91	20	59	69	8C	D0	5C	D7	3D	3E	C0	E5	C7	BB	13	E6	C7	02	A0	E7	C7	AC	36	E6	C7	19	D0	34	C8	00	C0	80	C0	00	40	AE	C0	00	00	04	C0	00	00	F0	3D	00	00	BA	BF	00	00	00	00	00	00	00	00	00	00	00	00	00	00	00	00	00	00	00	00
1.172	3D DATA	true	-	-	-	-	-117632.5	-117799.5	-118592.0	-117869.3	-185152.4	-4.0	-5.4	-2.1	0.1	-1.5	-	-	-	-	-
1.173	3D MESSAGE	48	00	2E	91	20	59	6A	8C	D0	5C	D7	3D	47	C0	E5	C7	06	14	E6	C7	1F	A0	E7	C7	98	36	E6	C7	2C	D0	34	C8	00	00	83	C0	00	00	C1	C0	00	80	12	C0	00	00	8C	3E	00	00	E0	BF	00	00	00	00	00	00	00	00	00	00	00	00	00	00	00	00	00	00	00	00
1.173	3D DATA	true	-	-	-	-	-117632.6	-117800.0	-118592.2	-117869.2	-185152.7	-4.1	-6.0	-2.3	0.3	-1.8	-	-	-	-	-
1.173	3D MESSAGE	48	00	2F	91	20	59	6B	8C	D0	5C	D7	3D	46	C0	E5	C7	43	14	E6	C7	2E	A0	E7	C7	7F	36	E6	C7	3E	D0	34	C8	00	C0	82	C0	00	40	D0	C0	00	00	1A	C0	00	00	F0	3E	00	00	02	C0	00	00	00	00	00	00	00	00	00	00	00	00	00	00	00	00	00	00	00	00
1.173	3D DATA	true	-	-	-	-	-117632.5	-117800.5	-118592.4	-117869.0	-185153.0	-4.1	-6.5	-2.4	0.5	-2.0	-	-	-	-	-
1.201	3D MESSAGE	48	00	30	91	20	59	6C	8C	D0	5C	D7	3D	46	C0	E5	C7	72	14	E6	C7	34	A0	E7	C7	68	36	E6	C7	54	D0	34	C8	00	C0	82	C0	00	00	DC	C0	00	00	1D	C0	00	00	26	3F	00	00	18	C0	00	00	00	00	00	00	00	00	00	00	00	00	00	00	00	00	00	00	00	00
1.201	3D DATA	true	-	-	-	-	-117632.5	-117800.9	-118592.4	-117868.8	-185153.3	-4.1	-6.9	-2.5	0.6	-2.4	-	-	-	-	-
1.201	3D MESSAGE	48	00	31	91	20	59	6D	8C	D0	5C	D7	3D	50	C0	E5	C7	98	14	E6	C7	36	A0	E7	C7	60	36	E6	C7	71	D0	34	C8	00	40	85	C0	00	80	E5	C0	00	00	1E	C0	00	00	36	3F	00	00	35	C0	00	00	00	00	00	00	00	00	00	00	00	00	00	00	00	00	00	00	00	00
1.201	3D DATA	true	-	-	-	-	-117632.6	-117801.2	-118592.4	-117868.8	-185153.8	-4.2	-7.2	-2.5	0.7	-2.8	-	-	-	-	-
1.202	3D MESSAGE	48	00	32	91	20	59	6E	8C	D0	5C	D7	3D	6E	C0	E5	C7	B8	14	E6	C7	3E	A0	E7	C7	70	36	E6	C7	95	D0	34	C8	00	C0	8C	C0	00	80	ED	C0	00	00	22	C0	00	00	16	3F	00	00	59	C0	00	00	00	00	00	00	00	00	00	00	00	00	00	00	00	00	00	00	00	00
1.202	3D DATA	true	-	-	-	-	-117632.9	-117801.4	-118592.5	-117868.9	-185154.3	-4.4	-7.4	-2.5	0.6	-3.4	-	-	-	-	-
1.202	3D MESSAGE	48	00	33	91	20	59	6F	8C	D0	5C	D7	3D	A6	C0	E5	C7	D6	14	E6	C7	50	A0	E7	C7	A0	36	E6	C7	C0	D0	34	C8	00	C0	9A	C0	00	00	F5	C0	00	00	2B	C0	00	00	58	3E	00	00	82	C0	00	00	00	00	00	00	00	00	00	00	00	00	00	00	00	00	00	00	00	00
1.202	3D DATA	true	-	-	-	-	-117633.3	-117801.7	-118592.6	-117869.2	-185155.0	-4.8	-7.7	-2.7	0.2	-4.1	-	-	-	-	-
1.202	3D MESSAGE	48	00	34	91	20	59	70	8C	D0	5C	D7	3D	F4	C0	E5	C7	F4	14	E6	C7	6E	A0	E7	C7	EE	36	E6	C7	ED	D0	34	C8	00	40	AE	C0	00	80	FC	C0	00	00	3A	C0	00	00	CC	BE	00	80	98	C0	00	00	00	00	00	00	00	00	00	00	00	00	00	00	00	00	00	00	00	00
1.202	3D DATA	true	-	-	-	-	-117633.9	-117801.9	-118592.9	-117869.9	-185155.7	-5.4	-7.9	-2.9	-0.4	-4.8	-	-	-	-	-
1.202	3D MESSAGE	48	00	35	91	20	59	71	8C	D0	5C	D7	3D	50	C1	E5	C7	11	15	E6	C7	93	A0	E7	C7	54	37	E6	C7	18	D1	34	C8	00	40	C5	C0	00	E0	01	C1	00	80	4C	C0	00	00	99	BF	00	00	AE	C0	00	00	00	00	00	00	00	00	00	00	00	00	00	00	00	00	00	00	00	00
1.202	3D DATA	true	-	-	-	-	-117634.6	-117802.1	-118593.1	-117870.7	-185156.4	-6.2	-8.1	-3.2	-1.2	-5.4	-	-	-	-	-
1.231	3D MESSAGE	48	00	36	91	20	59	72	8C	D0	5C	D7	3D	AA	C1	E5	C7	2A	15	E6	C7	B7	A0	E7	C7	C1	37	E6	C7	3A	D1	34	C8	00	C0	DB	C0	00	00	05	C1	00	80	5E	C0	00	00	03	C0	00	00	BF	C0	00	00	00	00	00	00	00	00	00	00	00	00	00	00	00	00	00	00	00	00
1.231	3D DATA	true	-	-	-	-	-117635.3	-117802.3	-118593.4	-117871.5	-185156.9	-6.9	-8.3	-3.5	-2.0	-6.0	-	-	-	-	-
1.231	3D MESSAGE	48	00	37	91	20	59	73	8C	D0	5C	D7	3D	F7	C1	E5	C7	3E	15	E6	C7	D3	A0	E7	C7	26	38	E6	C7	53	D1	34	C8	00	00	EF	C0	00	80	07	C1	00	80	6C	C0	00	80	35	C0	00	80	CB	C0	00	00	00	00	00	00	00	00	00	00	00	00	00	00	00	00	00	00	00	00
1.231	3D DATA	true	-	-	-	-	-117635.9	-117802.5	-118593.6	-117872.3	-185157.3	-7.5	-8.5	-3.7	-2.8	-6.4	-	-	-	-	-
1.232	3D MESSAGE	48	00	38	91	20	59	74	8C	D0	5C	D7	3D	2B	C2	E5	C7	4A	15	E6	C7	E1	A0	E7	C7	73	38	E6	C7	61	D1	34	C8	00	00	FC	C0	00	00	09	C1	00	80	73	C0	00	00	5C	C0	00	80	D2	C0	00	00	00	00	00	00	00	00	00	00	00	00	00	00	00	00	00	00	00	00
1.232	3D DATA	true	-	-	-	-	-117636.3	-117802.6	-118593.8	-117872.9	-185157.5	-7.9	-8.6	-3.8	-3.4	-6.6	-	-	-	-	-
1.232	3D MESSAGE	48	00	39	91	20	59	75	8C	D0	5C	D7	3D	42	C2	E5	C7	4C	15	E6	C7	DF	A0	E7	C7	A0	38	E6	C7	65	D1	34	C8	00	E0	00	C1	00	40	09	C1	00	80	72	C0	00	80	72	C0	00	80	D4	C0	00	00	00	00	00	00	00	00	00	00	00	00	00	00	00	00	00	00	00	00
1.232	3D DATA	true	-	-	-	-	-117636.5	-117802.6	-118593.7	-117873.2	-185157.6	-8.1	-8.6	-3.8	-3.8	-6.6	-	-	-	-	-
1.232	3D MESSAGE	48	00	3A	91	20	59	76	8C	D0	5C	D7	3D	3A	C2	E5	C7	3E	15	E6	C7	D0	A0	E7	C7	AA	38	E6	C7	5E	D1	34	C8	00	C0	FF	C0	00	80	07	C1	00	00	6B	C0	00	80	77	C0	00	00	D1	C0	00	00	00	00	00	00	00	00	00	00	00	00	00	00	00	00	00	00	00	00
1.232	3D DATA	true	-	-	-	-	-117636.5	-117802.5	-118593.6	-117873.3	-185157.5	-8.0	-8.5	-3.7	-3.9	-6.5	-	-	-	-	-
1.233	3D MESSAGE	48	00	3B	91	20	59	77	8C	D0	5C	D7	3D	1A	C2	E5	C7	1F	15	E6	C7	B5	A0	E7	C7	94	38	E6	C7	4A	D1	34	C8	00	C0	F7	C0	00	A0	03	C1	00	80	5D	C0	00	80	6C	C0	00	00	C7	C0	00	00	00	00	00	00	00	00	00	00	00	00	00	00	00	00	00	00	00	00
1.233	3D DATA	true	-	-	-	-	-117636.2	-117802.2	-118593.4	-117873.2	-185157.2	-7.7	-8.2	-3.5	-3.7	-6.2	-	-	-	-	-
1.261	3D MESSAGE	48	00	3C	91	20	59	78	8C	D0	5C	D7	3D	E5	C1	E5	C7	EE	14	E6	C7	96	A0	E7	C7	66	38	E6	C7	29	D1	34	C8	00	80	EA	C0	00	00	FB	C0	00	00	4E	C0	00	80	55	C0	00	80	B6	C0	00	00	00	00	00	00	00	00	00	00	00	00	00	00	00	00	00	00	00	00
1.261	3D DATA	true	-	-	-	-	-117635.8	-117801.9	-118593.2	-117872.8	-185156.6	-7.3	-7.8	-3.2	-3.3	-5.7	-	-	-	-	-
1.261	3D MESSAGE	48	00	3D	91	20	59	79	8C	D0	5C	D7	3D	A6	C1	E5	C7	AF	14	E6	C7	75	A0	E7	C7	29	38	E6	C7	FB	D0	34	C8	00	C0	DA	C0	00	40	EB	C0	00	80	3D	C0	00	00	37	C0	00	80	9F	C0	00	00	00	00	00	00	00	00	00	00	00	00	00	00	00	00	00	00	00	00
1.261	3D DATA	true	-	-	-	-	-117635.3	-117801.4	-118592.9	-117872.3	-185155.9	-6.8	-7.4	-3.0	-2.9	-5.0	-	-	-	-	-
1.262	3D MESSAGE	48	00	3E	91	20	59	7A	8C	D0	5C	D7	3D	66	C1	E5	C7	6B	14	E6	C7	59	A0	E7	C7	E7	37	E6	C7	C4	D0	34	C8	00	C0	CA	C0	00	40	DA	C0	00	80	2F	C0	00	00	16	C0	00	00	84	C0	00	00	00	00	00	00	00	00	00	00	00	00	00	00	00	00	00	00	00	00
1.262	3D DATA	true	-	-	-	-	-117634.8	-117800.8	-118592.7	-117871.8	-185155.1	-6.3	-6.8	-2.7	-2.3	-4.1	-	-	-	-	-
1.262	3D MESSAGE	48	00	3F	91	20	59	7B	8C	D0	5C	D7	3D	2F	C1	E5	C7	32	14	E6	C7	45	A0	E7	C7	A9	37	E6	C7	8F	D0	34	C8	00	00	BD	C0	00	00	CC	C0	00	80	25	C0	00	00	EE	BF	00	00	53	C0	00	00	00	00	00	00	00	00	00	00	00	00	00	00	00	00	00	00	00	00
1.262	3D DATA	true	-	-	-	-	-117634.4	-117800.4	-118592.5	-117871.3	-185154.2	-5.9	-6.4	-2.6	-1.9	-3.3	-	-	-	-	-
1.262	3D MESSAGE	48	00	40	91	20	59	7C	8C	D0	5C	D7	3D	0A	C1	E5	C7	10	14	E6	C7	3E	A0	E7	C7	77	37	E6	C7	64	D0	34	C8	00	C0	B3	C0	00	00	00	00	00	00	22	C0	00	00	BC	BF	00	00	28	C0	00	00	00	00	00	00	00	00	00	00	00	00	00	00	00	00	00	00	00	00
1.262	3D DATA	true	-	-	-	-	-117634.1	-117800.1	-118592.5	-117870.9	-185153.6	-5.6	0.0	-2.5	-1.5	-2.6	-	-	-	-	-
1.262	3D MESSAGE	48	00	41	91	20	59	7D	8C	D0	5C	D7	3D	FC	C0	E5	C7	10	14	E6	C7	46	A0	E7	C7	53	37	E6	C7	4D	D0	34	C8	00	40	B0	C0	00	00	00	00	00	00	26	C0	00	00	98	BF	00	00	11	C0	00	00	00	00	00	00	00	00	00	00	00	00	00	00	00	00	00	00	00	00
1.262	3D DATA	true	-	-	-	-	-117634.0	-117800.1	-118592.5	-117870.6	-185153.2	-5.5	0.0	-2.6	-1.2	-2.3	-	-	-	-	-
1.294	3D MESSAGE	48	00	42	91	20	59	7E	8C	D0	5C	D7	3D	02	C1	E5	C7	33	14	E6	C7	5A	A0	E7	C7	3F	37	E6	C7	4E	D0	34	C8	00	00	00	00	00	00	8C	BE	00	00	30	C0	00	00	84	BF	00	00	12	C0	00	00	00	00	00	00	00	00	00	00	00	00	00	00	00	00	00	00	00	00
1.294	3D DATA	true	-	-	-	-	-117634.0	-117800.4	-118592.7	-117870.5	-185153.2	0.0	-0.3	-2.8	-1.0	-2.3	-	-	-	-	-
1.295	3D MESSAGE	48	00	43	91	20	59	7F	8C	D0	5C	D7	3D	16	C1	E5	C7	6D	14	E6	C7	75	A0	E7	C7	38	37	E6	C7	65	D0	34	C8	00	00	20	BE	00	00	3A	BF	00	80	3D	C0	00	00	7A	BF	00	00	29	C0	00	00	00	00	00	00	00	00	00	00	00	00	00	00	00	00	00	00	00	00
1.295	3D DATA	true	-	-	-	-	-117634.2	-117800.9	-118592.9	-117870.4	-185153.6	-0.2	-0.7	-3.0	-1.0	-2.6	-	-	-	-	-
1.296	3D MESSAGE	48	00	44	91	20	59	80	8C	D0	5C	D7	3D	2E	C1	E5	C7	B0	14	E6	C7	8F	A0	E7	C7	38	37	E6	C7	89	D0	34	C8	00	00	B0	BE	00	00	A0	BF	00	80	4A	C0	00	00	7A	BF	00	00	4D	C0	00	00	00	00	00	00	00	00	00	00	00	00	00	00	00	00	00	00	00	00
1.296	3D DATA	true	-	-	-	-	-117634.4	-117801.4	-118593.1	-117870.4	-185154.1	-0.3	-1.2	-3.2	-1.0	-3.2	-	-	-	-	-
1.296	3D MESSAGE	48	00	45	91	20	59	81	8C	D0	5C	D7	3D	3E	C1	E5	C7	E6	14	E6	C7	9C	A0	E7	C7	37	37	E6	C7	B0	D0	34	C8	00	00	F0	BE	00	00	D6	BF	00	00	51	C0	00	00	78	BF	00	00	74	C0	00	00	00	00	00	00	00	00	00	00	00	00	00	00	00	00	00	00	00	00
1.296	3D DATA	true	-	-	-	-	-117634.5	-117801.8	-118593.2	-117870.4	-185154.8	-0.5	-1.7	-3.3	-1.0	-3.8	-	-	-	-	-
1.296	3D MESSAGE	48	00	46	91	20	59	82	8C	D0	5C	D7	3D	3E	C1	E5	C7	00	15	E6	C7	95	A0	E7	C7	31	37	E6	C7	CD	D0	34	C8	00	00	F0	BE	00	00	F0	BF	00	80	4D	C0	00	00	6C	BF	00	80	88	C0	00	00	00	00	00	00	00	00	00	00	00	00	00	00	00	00	00	00	00	00
1.296	3D DATA	true	-	-	-	-	-117634.5	-117802.0	-118593.2	-117870.4	-185155.2	-0.5	-1.9	-3.2	-0.9	-4.3	-	-	-	-	-
1.297	3D MESSAGE	48	00	47	91	20	59	83	8C	D0	5C	D7	3D	2A	C1	E5	C7	F4	14	E6	C7	76	A0	E7	C7	22	37	E6	C7	D8	D0	34	C8	00	00	A0	BE	00	00	E4	BF	00	00	3E	C0	00	00	4E	BF	00	00	8E	C0	00	00	00	00	00	00	00	00	00	00	00	00	00	00	00	00	00	00	00	00
1.297	3D DATA	true	-	-	-	-	-117634.3	-117801.9	-118592.9	-117870.3	-185155.4	-0.3	-1.8	-3.0	-0.8	-4.4	-	-	-	-	-
1.297	3D MESSAGE	48	00	48	91	20	59	84	8C	D0	5C	D7	3D	06	C1	E5	C7	C6	14	E6	C7	41	A0	E7	C7	08	37	E6	C7	CE	D0	34	C8	00	00	00	BD	00	00	B6	BF	00	80	23	C0	00	00	1A	BF	00	00	89	C0	00	00	00	00	00	00	00	00	00	00	00	00	00	00	00	00	00	00	00	00
1.297	3D DATA	true	-	-	-	-	-117634.0	-117801.5	-118592.5	-117870.1	-185155.2	-0.0	-1.4	-2.6	-0.6	-4.3	-	-	-	-	-
1.325	3D MESSAGE	48	00	49	91	20	59	85	8C	D0	5C	D7	3D	D8	C0	E5	C7	7E	14	E6	C7	FE	9F	E7	C7	E7	36	E6	C7	B3	D0	34	C8	00	00	A8	3E	00	00	5C	BF	00	00	02	C0	00	00	B0	BE	00	00	77	C0	00	00	00	00	00	00	00	00	00	00	00	00	00	00	00	00	00	00	00	00
1.325	3D DATA	true	-	-	-	-	-117633.7	-117801.0	-118592.0	-117869.8	-185154.8	0.3	-0.9	-2.0	-0.3	-3.9	-	-	-	-	-
1.326	3D MESSAGE	48	00	4A	91	20	59	86	8C	D0	5C	D7	3D	A9	C0	E5	C7	2D	14	E6	C7	B8	9F	E7	C7	C3	36	E6	C7	8D	D0	34	C8	00	00	32	3F	00	00	68	BE	00	00	BE	BF	00	00	80	BD	00	00	51	C0	00	00	00	00	00	00	00	00	00	00	00	00	00	00	00	00	00	00	00	00
1.326	3D DATA	true	-	-	-	-	-117633.3	-117800.4	-118591.4	-117869.5	-185154.2	0.7	-0.2	-1.5	-0.1	-3.3	-	-	-	-	-
1.326	3D MESSAGE	48	00	4B	91	20	59	87	8C	D0	5C	D7	3D	86	C0	E5	C7	E4	13	E6	C7	7C	9F	E7	C7	A3	36	E6	C7	64	D0	34	C8	00	00	78	3F	00	00	B0	3E	00	00	82	BF	00	00	40	3E	00	00	28	C0	00	00	00	00	00	00	00	00	00	00	00	00	00	00	00	00	00	00	00	00
1.326	3D DATA	true	-	-	-	-	-117633.0	-117799.8	-118591.0	-117869.3	-185153.6	1.0	0.3	-1.0	0.2	-2.6	-	-	-	-	-
1.326	3D MESSAGE	48	00	4C	91	20	59	88	8C	D0	5C	D7	3D	77	C0	E5	C7	B4	13	E6	C7	58	9F	E7	C7	8E	36	E6	C7	42	D0	34	C8	00	00	8B	3F	00	00	38	3F	00	00	3C	BF	00	00	B4	3E	00	00	06	C0	00	00	00	00	00	00	00	00	00	00	00	00	00	00	00	00	00	00	00	00
1.326	3D DATA	true	-	-	-	-	-117632.9	-117799.4	-118590.7	-117869.1	-185153.0	1.1	0.7	-0.7	0.4	-2.1	-	-	-	-	-
1.327	3D MESSAGE	48	00	4D	91	20	59	89	8C	78	D3	5A	3D	84	C0	E5	C7	A9	13	E6	C7	54	9F	E7	C7	8C	36	E6	C7	2F	D0	34	C8	00	00	7C	3F	00	00	4E	3F	00	00	34	BF	00	00	BC	3E	00	00	E6	BF	00	00	00	00	00	00	00	00	00	00	00	00	00	00	00	00	00	00	00	00
1.327	3D DATA	true	-	-	-	-	-117633.0	-117799.3	-118590.7	-117869.1	-185152.7	1.0	0.8	-0.7	0.4	-1.8	-	-	-	-	-
1.327	3D MESSAGE	48	00	4E	91	20	59	8A	8C	78	D3	5A	3D	B2	C0	E5	C7	C6	13	E6	C7	76	9F	E7	C7	A1	36	E6	C7	2E	D0	34	C8	00	00	20	3F	00	00	14	3F	00	00	78	BF	00	00	50	3E	00	00	E4	BF	00	00	00	00	00	00	00	00	00	00	00	00	00	00	00	00	00	00	00	00
1.327	3D DATA	true	-	-	-	-	-117633.4	-117799.5	-118590.9	-117869.3	-185152.7	0.6	0.6	-1.0	0.2	-1.8	-	-	-	-	-
1.355	3D MESSAGE	48	00	4F	91	20	59	8B	8C	78	D3	5A	3D	FF	C0	E5	C7	08	14	E6	C7	B6	9F	E7	C7	CF	36	E6	C7	3E	D0	34	C8	00	00	C0	3C	00	00	80	3D	00	00	BC	BF	00	00	20	BE	00	00	02	C0	00	00	00	00	00	00	00	00	00	00	00	00	00	00	00	00	00	00	00	00
1.355	3D DATA	true	-	-	-	-	-117634.0	-117800.1	-118591.4	-117869.6	-185153.0	0.0	0.1	-1.5	-0.2	-2.0	-	-	-	-	-
1.356	3D MESSAGE	48	00	50	91	20	59	8C	8C	78	D3	5A	3D	63	C1	E5	C7	64	14	E6	C7	0B	A0	E7	C7	10	37	E6	C7	5C	D0	34	C8	00	00	42	BF	00	00	28	BF	00	80	08	C0	00	00	2A	BF	00	00	20	C0	00	00	00	00	00	00	00	00	00	00	00	00	00	00	00	00	00	00	00	00
1.356	3D DATA	true	-	-	-	-	-117634.8	-117800.8	-118592.1	-117870.1	-185153.4	-0.8	-0.7	-2.1	-0.7	-2.5	-	-	-	-	-
1.356	3D MESSAGE	48	00	51	91	20	59	8D	8C	78	D3	5A	3D	D3	C1	E5	C7	C8	14	E6	C7	61	A0	E7	C7	5A	37	E6	C7	7F	D0	34	C8	00	00	D1	BF	00	00	B8	BF	00	80	33	C0	00	00	9F	BF	00	00	43	C0	00	00	00	00	00	00	00	00	00	00	00	00	00	00	00	00	00	00	00	00
1.356	3D DATA	true	-	-	-	-	-117635.6	-117801.6	-118592.8	-117870.7	-185154.0	-1.6	-1.4	-2.8	-1.2	-3.0	-	-	-	-	-
1.357	3D MESSAGE	48	00	52	91	20	59	8E	8C	78	D3	5A	3D	3E	C2	E5	C7	24	15	E6	C7	A5	A0	E7	C7	A0	37	E6	C7	A0	D0	34	C8	00	00	1E	C0	00	00	0A	C0	00	80	55	C0	00	00	E5	BF	00	00	64	C0	00	00	00	00	00	00	00	00	00	00	00	00	00	00	00	00	00	00	00	00
1.357	3D DATA	true	-	-	-	-	-117636.5	-117802.3	-118593.3	-117871.2	-185154.5	-2.5	-2.2	-3.3	-1.8	-3.6	-	-	-	-	-
1.357	3D MESSAGE	48	00	53	91	20	59	8F	8C	78	D3	5A	3D	95	C2	E5	C7	67	15	E6	C7	CA	A0	E7	C7	D7	37	E6	C7	B8	D0	34	C8	00	80	49	C0	00	80	2B	C0	00	00	68	C0	00	00	0E	C0	00	00	7C	C0	00	00	00	00	00	00	00	00	00	00	00	00	00	00	00	00	00	00	00	00
1.357	3D DATA	true	-	-	-	-	-117637.2	-117802.8	-118593.6	-117871.7	-185154.9	-3.1	-2.7	-3.6	-2.2	-3.9	-	-	-	-	-
1.357	3D MESSAGE	48	00	54	91	20	59	90	8C	78	D3	5A	3D	CB	C2	E5	C7	8A	15	E6	C7	CA	A0	E7	C7	F6	37	E6	C7	C6	D0	34	C8	00	80	64	C0	00	00	3D	C0	00	00	68	C0	00	80	1D	C0	00	00	85	C0	00	00	00	00	00	00	00	00	00	00	00	00	00	00	00	00	00	00	00	00
1.357	3D DATA	true	-	-	-	-	-117637.6	-117803.1	-118593.6	-117871.9	-185155.1	-3.6	-3.0	-3.6	-2.5	-4.2	-	-	-	-	-
1.387	3D MESSAGE	48	00	55	91	20	59	91	8C	78	D3	5A	3D	DA	C2	E5	C7	8F	15	E6	C7	AD	A0	E7	C7	FC	37	E6	C7	CA	D0	34	C8	00	00	6C	C0	00	80	3F	C0	00	80	59	C0	00	80	20	C0	00	00	87	C0	00	00	00	00	00	00	00	00	00	00	00	00	00	00	00	00	00	00	00	00
1.387	3D DATA	true	-	-	-	-	-117637.7	-117803.1	-118593.4	-117872.0	-185155.2	-3.7	-3.0	-3.4	-2.5	-4.2	-	-	-	-	-
1.388	3D MESSAGE	48	00	56	91	20	59	92	8C	78	D3	5A	3D	C2	C2	E5	C7	7C	15	E6	C7	7E	A0	E7	C7	ED	37	E6	C7	C6	D0	34	C8	00	00	60	C0	00	00	36	C0	00	00	42	C0	00	00	19	C0	00	00	85	C0	00	00	00	00	00	00	00	00	00	00	00	00	00	00	00	00	00	00	00	00
1.388	3D DATA	true	-	-	-	-	-117637.5	-117803.0	-118593.0	-117871.9	-185155.1	-3.5	-2.8	-3.0	-2.4	-4.2	-	-	-	-	-
1.388	3D MESSAGE	48	00	57	91	20	59	93	8C	78	D3	5A	3D	8B	C2	E5	C7	5D	15	E6	C7	4B	A0	E7	C7	CE	37	E6	C7	C0	D0	34	C8	00	80	44	C0	00	80	26	C0	00	80	28	C0	00	80	09	C0	00	00	82	C0	00	00	00	00	00	00	00	00	00	00	00	00	00	00	00	00	00	00	00	00
1.388	3D DATA	true	-	-	-	-	-117637.1	-117802.7	-118592.6	-117871.6	-185155.0	-3.1	-2.6	-2.6	-2.1	-4.1	-	-	-	-	-
1.389	3D MESSAGE	48	00	58	91	20	59	94	8C	78	D3	5A	3D	40	C2	E5	C7	3C	15	E6	C7	22	A0	E7	C7	A6	37	E6	C7	B6	D0	34	C8	00	00	1F	C0	00	00	16	C0	00	00	14	C0	00	00	EB	BF	00	00	7A	C0	00	00	00	00	00	00	00	00	00	00	00	00	00	00	00	00	00	00	00	00
1.389	3D DATA	true	-	-	-	-	-117636.5	-117802.5	-118592.3	-117871.3	-185154.8	-2.5	-2.3	-2.3	-1.8	-3.9	-	-	-	-	-
1.390	3D MESSAGE	48	00	59	91	20	59	95	8C	78	D3	5A	3D	EC	C1	E5	C7	1F	15	E6	C7	06	A0	E7	C7	79	37	E6	C7	A9	D0	34	C8	00	00	EA	BF	00	80	07	C0	00	00	06	C0	00	00	BE	BF	00	00	6D	C0	00	00	00	00	00	00	00	00	00	00	00	00	00	00	00	00	00	00	00	00
1.390	3D DATA	true	-	-	-	-	-117635.8	-117802.2	-118592.0	-117870.9	-185154.6	-1.8	-2.1	-2.1	-1.5	-3.7	-	-	-	-	-
1.390	3D MESSAGE	48	00	5A	91	20	59	96	8C	78	D3	5A	3D	9D	C1	E5	C7	09	15	E6	C7	F6	9F	E7	C7	4C	37	E6	C7	96	D0	34	C8	00	00	9B	BF	00	00	F9	BF	00	00	FC	BF	00	00	91	BF	00	00	5A	C0	00	00	00	00	00	00	00	00	00	00	00	00	00	00	00	00	00	00	00	00
1.390	3D DATA	true	-	-	-	-	-117635.2	-117802.1	-118591.9	-117870.6	-185154.3	-1.2	-1.9	-2.0	-1.1	-3.4	-	-	-	-	-
1.391	3D MESSAGE	48	00	5B	91	20	59	97	8C	78	D3	5A	3D	5B	C1	E5	C7	FC	14	E6	C7	EF	9F	E7	C7	22	37	E6	C7	7E	D0	34	C8	00	00	32	BF	00	00	EC	BF	00	00	F5	BF	00	00	4E	BF	00	00	42	C0	00	00	00	00	00	00	00	00	00	00	00	00	00	00	00	00	00	00	00	00
1.391	3D DATA	true	-	-	-	-	-117634.7	-117802.0	-118591.9	-117870.3	-185154.0	-0.7	-1.8	-1.9	-0.8	-3.0	-	-	-	-	-
1.418	3D MESSAGE	48	00	5C	91	20	59	98	8C	78	D3	5A	3D	2E	C1	E5	C7	F9	14	E6	C7	ED	9F	E7	C7	00	37	E6	C7	65	D0	34	C8	00	00	B0	BE	00	00	E9	BF	00	00	F3	BF	00	00	0A	BF	00	00	29	C0	00	00	00	00	00	00	00	00	00	00	00	00	00	00	00	00	00	00	00	00
1.418	3D DATA	true	-	-	-	-	-117634.4	-117801.9	-118591.9	-117870.0	-185153.6	-0.3	-1.8	-1.9	-0.5	-2.6	-	-	-	-	-
1.419	3D MESSAGE	48	00	5D	91	20	59	99	8C	78	D3	5A	3D	1B	C1	E5	C7	03	15	E6	C7	F0	9F	E7	C7	EE	36	E6	C7	51	D0	34	C8	00	00	48	BE	00	00	F3	BF	00	00	F6	BF	00	00	CC	BE	00	00	15	C0	00	00	00	00	00	00	00	00	00	00	00	00	00	00	00	00	00	00	00	00
1.419	3D DATA	true	-	-	-	-	-117634.2	-117802.0	-118591.9	-117869.9	-185153.3	-0.2	-1.9	-1.9	-0.4	-2.3	-	-	-	-	-
1.419	3D MESSAGE	48	00	5E	91	20	59	9A	8C	78	D3	5A	3D	22	C1	E5	C7	1A	15	E6	C7	F9	9F	E7	C7	F2	36	E6	C7	4A	D0	34	C8	00	00	80	BE	00	00	05	C0	00	00	FF	BF	00	00	DC	BE	00	00	0E	C0	00	00	00	00	00	00	00	00	00	00	00	00	00	00	00	00	00	00	00	00
1.419	3D DATA	true	-	-	-	-	-117634.3	-117802.2	-118591.9	-117869.9	-185153.2	-0.2	-2.1	-2.0	-0.4	-2.2	-	-	-	-	-
1.420	3D MESSAGE	48	00	5F	91	20	59	9B	8C	78	D3	5A	3D	40	C1	E5	C7	3F	15	E6	C7	0A	A0	E7	C7	0D	37	E6	C7	56	D0	34	C8	00	00	F8	BE	00	80	17	C0	00	00	08	C0	00	00	24	BF	00	00	1A	C0	00	00	00	00	00	00	00	00	00	00	00	00	00	00	00	00	00	00	00	00
1.420	3D DATA	true	-	-	-	-	-117634.5	-117802.5	-118592.1	-117870.1	-185153.3	-0.5	-2.4	-2.1	-0.6	-2.4	-	-	-	-	-
1.420	3D MESSAGE	48	00	60	91	20	59	9C	8C	78	D3	5A	3D	6A	C1	E5	C7	6A	15	E6	C7	23	A0	E7	C7	3E	37	E6	C7	75	D0	34	C8	00	00	50	BF	00	00	2D	C0	00	80	14	C0	00	00	83	BF	00	00	39	C0	00	00	00	00	00	00	00	00	00	00	00	00	00	00	00	00	00	00	00	00
1.420	3D DATA	true	-	-	-	-	-117634.8	-117802.8	-118592.3	-117870.5	-185153.8	-0.8	-2.7	-2.3	-1.0	-2.9	-	-	-	-	-
1.450	3D MESSAGE	48	00	61	91	20	59	9D	8C	78	D3	5A	3D	97	C1	E5	C7	94	15	E6	C7	41	A0	E7	C7	7A	37	E6	C7	A1	D0	34	C8	00	00	95	BF	00	00	42	C0	00	80	23	C0	00	00	BF	BF	00	00	65	C0	00	00	00	00	00	00	00	00	00	00	00	00	00	00	00	00	00	00	00	00
1.450	3D DATA	true	-	-	-	-	-117635.2	-117803.2	-118592.5	-117871.0	-185154.5	-1.2	-3.0	-2.6	-1.5	-3.6	-	-	-	-	-
1.451	3D MESSAGE	48	00	62	91	20	59	9E	8C	78	D3	5A	3D	BA	C1	E5	C7	B2	15	E6	C7	5E	A0	E7	C7	B5	37	E6	C7	D2	D0	34	C8	00	00	B8	BF	00	00	51	C0	00	00	32	C0	00	00	FA	BF	00	00	8B	C0	00	00	00	00	00	00	00	00	00	00	00	00	00	00	00	00	00	00	00	00
1.451	3D DATA	true	-	-	-	-	-117635.5	-117803.4	-118592.7	-117871.4	-185155.3	-1.4	-3.3	-2.8	-2.0	-4.3	-	-	-	-	-
1.451	3D MESSAGE	48	00	63	91	20	59	9F	8C	78	D3	5A	3D	CB	C1	E5	C7	BE	15	E6	C7	74	A0	E7	C7	E4	37	E6	C7	FC	D0	34	C8	00	00	C9	BF	00	00	57	C0	00	00	3D	C0	00	80	14	C0	00	00	A0	C0	00	00	00	00	00	00	00	00	00	00	00	00	00	00	00	00	00	00	00	00
1.451	3D DATA	true	-	-	-	-	-117635.6	-117803.5	-118592.9	-117871.8	-185155.9	-1.6	-3.4	-3.0	-2.3	-5.0	-	-	-	-	-
1.452	3D MESSAGE	48	00	64	91	20	59	A0	8C	78	D3	5A	3D	C6	C1	E5	C7	B3	15	E6	C7	7F	A0	E7	C7	FE	37	E6	C7	17	D1	34	C8	00	00	C4	BF	00	80	51	C0	00	80	42	C0	00	80	21	C0	00	80	AD	C0	00	00	00	00	00	00	00	00	00	00	00	00	00	00	00	00	00	00	00	00
1.452	3D DATA	true	-	-	-	-	-117635.5	-117803.4	-118593.0	-117872.0	-185156.4	-1.5	-3.3	-3.0	-2.5	-5.4	-	-	-	-	-
1.452	3D MESSAGE	48	00	65	91	20	59	A1	8C	78	D3	5A	3D	AC	C1	E5	C7	96	15	E6	C7	7E	A0	E7	C7	00	38	E6	C7	1F	D1	34	C8	00	00	AA	BF	00	00	43	C0	00	00	42	C0	00	80	22	C0	00	80	B1	C0	00	00	00	00	00	00	00	00	00	00	00	00	00	00	00	00	00	00	00	00
1.452	3D DATA	true	-	-	-	-	-117635.3	-117803.2	-118593.0	-117872.0	-185156.5	-1.3	-3.0	-3.0	-2.5	-5.5	-	-	-	-	-
1.452	3D MESSAGE	48	00	66	91	20	59	A2	8C	78	D3	5A	3D	83	C1	E5	C7	6B	15	E6	C7	71	A0	E7	C7	EE	37	E6	C7	13	D1	34	C8	00	00	81	BF	00	80	2D	C0	00	80	3B	C0	00	80	19	C0	00	80	AB	C0	00	00	00	00	00	00	00	00	00	00	00	00	00	00	00	00	00	00	00	00
1.452	3D DATA	true	-	-	-	-	-117635.0	-117802.8	-118592.9	-117871.9	-185156.3	-1.0	-2.7	-2.9	-2.4	-5.4	-	-	-	-	-
1.453	3D MESSAGE	48	00	67	91	20	59	A3	8C	78	D3	5A	3D	54	C1	E5	C7	3B	15	E6	C7	5D	A0	E7	C7	CE	37	E6	C7	F6	D0	34	C8	00	00	24	BF	00	80	15	C0	00	80	31	C0	00	80	09	C0	00	00	9D	C0	00	00	00	00	00	00	00	00	00	00	00	00	00	00	00	00	00	00	00	00
1.453	3D DATA	true	-	-	-	-	-117634.7	-117802.5	-118592.7	-117871.6	-185155.8	-0.6	-2.3	-2.8	-2.1	-4.9	-	-	-	-	-
1.481	3D MESSAGE	48	00	68	91	20	59	A4	8C	78	D3	5A	3D	27	C1	E5	C7	0B	15	E6	C7	48	A0	E7	C7	A6	37	E6	C7	D0	D0	34	C8	00	00	94	BE	00	00	FB	BF	00	00	27	C0	00	00	EB	BF	00	00	8A	C0	00	00	00	00	00	00	00	00	00	00	00	00	00	00	00	00	00	00	00	00
1.481	3D DATA	true	-	-	-	-	-117634.3	-117802.1	-118592.6	-117871.3	-185155.2	-0.3	-2.0	-2.6	-1.8	-4.3	-	-	-	-	-
1.481	3D MESSAGE	48	00	69	91	20	59	A5	8C	78	D3	5A	3D	06	C1	E5	C7	E1	14	E6	C7	38	A0	E7	C7	7E	37	E6	C7	A8	D0	34	C8	00	00	00	BD	00	00	D1	BF	00	00	1F	C0	00	00	C3	BF	00	00	6C	C0	00	00	00	00	00	00	00	00	00	00	00	00	00	00	00	00	00	00	00	00
1.481	3D DATA	true	-	-	-	-	-117634.0	-117801.8	-118592.4	-117871.0	-185154.6	-0.0	-1.6	-2.5	-1.5	-3.7	-	-	-	-	-
1.482	3D MESSAGE	48	00	6A	91	20	59	A6	8C	78	D3	5A	3D	F6	C0	E5	C7	BE	14	E6	C7	30	A0	E7	C7	5D	37	E6	C7	87	D0	34	C8	00	00	C0	3D	00	00	AE	BF	00	00	1B	C0	00	00	A2	BF	00	00	4B	C0	00	00	00	00	00	00	00	00	00	00	00	00	00	00	00	00	00	00	00	00
1.482	3D DATA	true	-	-	-	-	-117633.9	-117801.5	-118592.4	-117870.7	-185154.1	0.1	-1.4	-2.4	-1.3	-3.2	-	-	-	-	-
1.482	3D MESSAGE	48	00	6B	91	20	59	A7	8C	78	D3	5A	3D	F9	C0	E5	C7	A7	14	E6	C7	36	A0	E7	C7	48	37	E6	C7	73	D0	34	C8	00	00	90	3D	00	00	97	BF	00	00	1E	C0	00	00	8D	BF	00	00	37	C0	00	00	00	00	00	00	00	00	00	00	00	00	00	00	00	00	00	00	00	00
1.482	3D DATA	true	-	-	-	-	-117633.9	-117801.3	-118592.4	-117870.6	-185153.8	0.1	-1.2	-2.5	-1.1	-2.9	-	-	-	-	-
1.483	3D MESSAGE	48	00	6C	91	20	59	A8	8C	78	D3	5A	3D	0E	C1	E5	C7	9D	14	E6	C7	48	A0	E7	C7	40	37	E6	C7	71	D0	34	C8	00	00	C0	BD	00	00	8D	BF	00	00	27	C0	00	00	85	BF	00	00	35	C0	00	00	00	00	00	00	00	00	00	00	00	00	00	00	00	00	00	00	00	00
1.483	3D DATA	true	-	-	-	-	-117634.1	-117801.2	-118592.6	-117870.5	-185153.8	-0.1	-1.1	-2.6	-1.0	-2.8	-	-	-	-	-
1.483	3D MESSAGE	48	00	6D	91	20	59	A9	8C	78	D3	5A	3D	30	C1	E5	C7	A2	14	E6	C7	62	A0	E7	C7	44	37	E6	C7	80	D0	34	C8	00	00	B8	BE	00	00	92	BF	00	00	34	C0	00	00	89	BF	00	00	44	C0	00	00	00	00	00	00	00	00	00	00	00	00	00	00	00	00	00	00	00	00
1.483	3D DATA	true	-	-	-	-	-117634.4	-117801.3	-118592.8	-117870.5	-185154.0	-0.4	-1.1	-2.8	-1.1	-3.1	-	-	-	-	-
1.511	3D MESSAGE	48	00	6E	91	20	59	AA	8C	78	D3	5A	3D	54	C1	E5	C7	B3	14	E6	C7	7D	A0	E7	C7	51	37	E6	C7	9C	D0	34	C8	00	00	24	BF	00	00	A3	BF	00	80	41	C0	00	00	96	BF	00	00	60	C0	00	00	00	00	00	00	00	00	00	00	00	00	00	00	00	00	00	00	00	00
1.511	3D DATA	true	-	-	-	-	-117634.7	-117801.4	-118593.0	-117870.6	-185154.4	-0.6	-1.3	-3.0	-1.2	-3.5	-	-	-	-	-
1.512	3D MESSAGE	48	00	6F	91	20	59	AB	8C	78	D3	5A	3D	6E	C1	E5	C7	CC	14	E6	C7	90	A0	E7	C7	5E	37	E6	C7	BB	D0	34	C8	00	00	58	BF	00	00	BC	BF	00	00	4B	C0	00	00	A3	BF	00	00	7F	C0	00	00	00	00	00	00	00	00	00	00	00	00	00	00	00	00	00	00	00	00
1.512	3D DATA	true	-	-	-	-	-117634.9	-117801.6	-118593.1	-117870.7	-185154.9	-0.8	-1.5	-3.2	-1.3	-4.0	-	-	-	-	-
1.512	3D MESSAGE	48	00	70	91	20	59	AC	8C	78	D3	5A	3D	75	C1	E5	C7	E2	14	E6	C7	90	A0	E7	C7	64	37	E6	C7	D2	D0	34	C8	00	00	66	BF	00	00	D2	BF	00	00	4B	C0	00	00	A9	BF	00	00	8B	C0	00	00	00	00	00	00	00	00	00	00	00	00	00	00	00	00	00	00	00	00
1.512	3D DATA	true	-	-	-	-	-117634.9	-117801.8	-118593.1	-117870.8	-185155.3	-0.9	-1.6	-3.2	-1.3	-4.3	-	-	-	-	-
1.513	3D MESSAGE	48	00	71	91	20	59	AD	8C	78	D3	5A	3D	62	C1	E5	C7	ED	14	E6	C7	7A	A0	E7	C7	5C	37	E6	C7	D8	D0	34	C8	00	00	40	BF	00	00	DD	BF	00	00	40	C0	00	00	A1	BF	00	00	8E	C0	00	00	00	00	00	00	00	00	00	00	00	00	00	00	00	00	00	00	00	00
1.513	3D DATA	true	-	-	-	-	-117634.8	-117801.9	-118593.0	-117870.7	-185155.4	-0.8	-1.7	-3.0	-1.3	-4.4	-	-	-	-	-
1.513	3D MESSAGE	48	00	72	91	20	59	AE	8C	78	D3	5A	3D	35	C1	E5	C7	E4	14	E6	C7	4F	A0	E7	C7	46	37	E6	C7	C7	D0	34	C8	00	00	CC	BE	00	00	D4	BF	00	80	2A	C0	00	00	8B	BF	00	80	85	C0	00	00	00	00	00	00	00	00	00	00	00	00	00	00	00	00	00	00	00	00
1.513	3D DATA	true	-	-	-	-	-117634.4	-117801.8	-118592.6	-117870.5	-185155.1	-0.4	-1.7	-2.7	-1.1	-4.2	-	-	-	-	-
1.514	3D MESSAGE	48	00	73	91	20	59	AF	8C	78	D3	5A	3D	F7	C0	E5	C7	C6	14	E6	C7	17	A0	E7	C7	27	37	E6	C7	A3	D0	34	C8	00	00	B0	3D	00	00	B6	BF	00	80	0E	C0	00	00	58	BF	00	00	67	C0	00	00	00	00	00	00	00	00	00	00	00	00	00	00	00	00	00	00	00	00
1.514	3D DATA	true	-	-	-	-	-117633.9	-117801.5	-118592.2	-117870.3	-185154.5	0.1	-1.4	-2.2	-0.8	-3.6	-	-	-	-	-
1.542	3D MESSAGE	48	00	74	91	20	59	B0	8C	78	D3	5A	3D	B7	C0	E5	C7	9B	14	E6	C7	DE	9F	E7	C7	0A	37	E6	C7	76	D0	34	C8	00	00	16	3F	00	00	8B	BF	00	00	E4	BF	00	00	1E	BF	00	00	3A	C0	00	00	00	00	00	00	00	00	00	00	00	00	00	00	00	00	00	00	00	00
1.542	3D DATA	true	-	-	-	-	-117633.4	-117801.2	-118591.7	-117870.1	-185153.8	0.6	-1.1	-1.8	-0.6	-2.9	-	-	-	-	-
1.544	3D MESSAGE	48	00	75	91	20	59	B1	8C	58	05	5E	3D	86	C0	E5	C7	6F	14	E6	C7	B5	9F	E7	C7	F9	36	E6	C7	4D	D0	34	C8	00	00	78	3F	00	00	3E	BF	00	00	BB	BF	00	00	F8	BE	00	00	11	C0	00	00	00	00	00	00	00	00	00	00	00	00	00	00	00	00	00	00	00	00
1.544	3D DATA	true	-	-	-	-	-117633.0	-117800.9	-118591.4	-117869.9	-185153.2	1.0	-0.7	-1.5	-0.5	-2.3	-	-	-	-	-
1.544	3D MESSAGE	48	00	76	91	20	59	B2	8C	58	05	5E	3D	72	C0	E5	C7	52	14	E6	C7	A9	9F	E7	C7	00	37	E6	C7	36	D0	34	C8	00	00	90	3F	00	00	04	BF	00	00	AF	BF	00	00	0A	BF	00	00	F4	BF	00	00	00	00	00	00	00	00	00	00	00	00	00	00	00	00	00	00	00	00
1.544	3D DATA	true	-	-	-	-	-117632.9	-117800.6	-118591.3	-117870.0	-185152.8	1.1	-0.5	-1.4	-0.5	-1.9	-	-	-	-	-
1.545	3D MESSAGE	48	00	77	91	20	59	B3	8C	58	05	5E	3D	84	C0	E5	C7	52	14	E6	C7	C1	9F	E7	C7	23	37	E6	C7	3A	D0	34	C8	00	00	7C	3F	00	00	04	BF	00	00	C7	BF	00	00	50	BF	00	00	FC	BF	00	00	00	00	00	00	00	00	00	00	00	00	00	00	00	00	00	00	00	00
1.545	3D DATA	true	-	-	-	-	-117633.0	-117800.6	-118591.5	-117870.3	-185152.9	1.0	-0.5	-1.6	-0.8	-2.0	-	-	-	-	-
1.545	3D MESSAGE	48	00	78	91	20	59	B4	8C	58	05	5E	3D	BA	C0	E5	C7	76	14	E6	C7	00	A0	E7	C7	61	37	E6	C7	5D	D0	34	C8	00	00	10	3F	00	00	4C	BF	00	00	03	C0	00	00	A6	BF	00	00	21	C0	00	00	00	00	00	00	00	00	00	00	00	00	00	00	00	00	00	00	00	00
1.545	3D DATA	true	-	-	-	-	-117633.5	-117800.9	-118592.0	-117870.8	-185153.5	0.6	-0.8	-2.0	-1.3	-2.5	-	-	-	-	-
1.546	3D MESSAGE	48	00	79	91	20	59	B5	8C	58	05	5E	3D	0E	C1	E5	C7	C0	14	E6	C7	5C	A0	E7	C7	B2	37	E6	C7	9A	D0	34	C8	00	00	C0	BD	00	00	B0	BF	00	00	31	C0	00	00	F7	BF	00	00	5E	C0	00	00	00	00	00	00	00	00	00	00	00	00	00	00	00	00	00	00	00	00
1.546	3D DATA	true	-	-	-	-	-117634.1	-117801.5	-118592.7	-117871.4	-185154.4	-0.1	-1.4	-2.8	-1.9	-3.5	-	-	-	-	-
1.546	3D MESSAGE	48	00	7A	91	20	59	B6	8C	58	05	5E	3D	70	C1	E5	C7	23	15	E6	C7	CB	A0	E7	C7	0E	38	E6	C7	E7	D0	34	C8	00	00	5C	BF	00	80	09	C0	00	80	68	C0	00	80	29	C0	00	80	95	C0	00	00	00	00	00	00	00	00	00	00	00	00	00	00	00	00	00	00	00	00
1.546	3D DATA	true	-	-	-	-	-117634.9	-117802.3	-118593.6	-117872.1	-185155.6	-0.9	-2.1	-3.6	-2.6	-4.7	-	-	-	-	-
1.575	3D MESSAGE	48	00	7B	91	20	59	B7	8C	58	05	5E	3D	D0	C1	E5	C7	92	15	E6	C7	3A	A1	E7	C7	68	38	E6	C7	37	D1	34	C8	00	00	CE	BF	00	00	41	C0	00	00	90	C0	00	80	56	C0	00	80	BD	C0	00	00	00	00	00	00	00	00	00	00	00	00	00	00	00	00	00	00	00	00
1.575	3D DATA	true	-	-	-	-	-117635.6	-117803.1	-118594.5	-117872.8	-185156.9	-1.6	-3.0	-4.5	-3.4	-5.9	-	-	-	-	-
1.576	3D MESSAGE	48	00	7C	91	20	59	B8	8C	58	05	5E	3D	23	C2	E5	C7	FB	15	E6	C7	98	A1	E7	C7	B8	38	E6	C7	7E	D1	34	C8	00	80	10	C0	00	80	75	C0	00	80	A7	C0	00	80	7E	C0	00	00	E1	C0	00	00	00	00	00	00	00	00	00	00	00	00	00	00	00	00	00	00	00	00
1.576	3D DATA	true	-	-	-	-	-117636.3	-117804.0	-118595.2	-117873.4	-185158.0	-2.3	-3.8	-5.2	-4.0	-7.0	-	-	-	-	-
1.576	3D MESSAGE	48	00	7D	91	20	59	B9	8C	58	05	5E	3D	60	C2	E5	C7	52	16	E6	C7	DB	A1	E7	C7	F8	38	E6	C7	B3	D1	34	C8	00	00	2F	C0	00	80	90	C0	00	40	B8	C0	00	40	8F	C0	00	80	FB	C0	00	00	00	00	00	00	00	00	00	00	00	00	00	00	00	00	00	00	00	00
1.576	3D DATA	true	-	-	-	-	-117636.8	-117804.6	-118595.7	-117873.9	-185158.8	-2.7	-4.5	-5.8	-4.5	-7.9	-	-	-	-	-
1.577	3D MESSAGE	48	00	7E	91	20	59	BA	8C	58	05	5E	3D	83	C2	E5	C7	8D	16	E6	C7	FC	A1	E7	C7	22	39	E6	C7	D2	D1	34	C8	00	80	40	C0	00	40	9F	C0	00	80	C0	C0	00	C0	99	C0	00	80	05	C1	00	00	00	00	00	00	00	00	00	00	00	00	00	00	00	00	00	00	00	00
1.577	3D DATA	true	-	-	-	-	-117637.0	-117805.1	-118596.0	-117874.3	-185159.3	-3.0	-5.0	-6.0	-4.8	-8.3	-	-	-	-	-
1.577	3D MESSAGE	48	00	7F	91	20	59	BB	8C	58	05	5E	3D	90	C2	E5	C7	AC	16	E6	C7	FE	A1	E7	C7	36	39	E6	C7	DC	D1	34	C8	00	00	47	C0	00	00	A7	C0	00	00	C1	C0	00	C0	9E	C0	00	00	08	C1	00	00	00	00	00	00	00	00	00	00	00	00	00	00	00	00	00	00	00	00
1.577	3D DATA	true	-	-	-	-	-117637.1	-117805.3	-118596.0	-117874.4	-185159.4	-3.1	-5.2	-6.0	-5.0	-8.5	-	-	-	-	-
1.577	3D MESSAGE	48	00	80	91	20	59	BC	8C	58	05	5E	3D	8B	C2	E5	C7	B6	16	E6	C7	EA	A1	E7	C7	37	39	E6	C7	D8	D1	34	C8	00	80	44	C0	00	80	A9	C0	00	00	BC	C0	00	00	9F	C0	00	00	07	C1	00	00	00	00	00	00	00	00	00	00	00	00	00	00	00	00	00	00	00	00
1.577	3D DATA	true	-	-	-	-	-117637.1	-117805.4	-118595.8	-117874.4	-185159.4	-3.1	-5.3	-5.9	-5.0	-8.4	-	-	-	-	-
1.605	3D MESSAGE	48	00	81	91	20	59	BD	8C	58	05	5E	3D	7D	C2	E5	C7	B5	16	E6	C7	CB	A1	E7	C7	28	39	E6	C7	CA	D1	34	C8	00	80	3D	C0	00	40	A9	C0	00	40	B4	C0	00	40	9B	C0	00	80	03	C1	00	00	00	00	00	00	00	00	00	00	00	00	00	00	00	00	00	00	00	00
1.605	3D DATA	true	-	-	-	-	-117637.0	-117805.4	-118595.6	-117874.3	-185159.2	-3.0	-5.3	-5.6	-4.9	-8.2	-	-	-	-	-
1.606	3D MESSAGE	48	00	82	91	20	59	BE	8C	58	05	5E	3D	6D	C2	E5	C7	B3	16	E6	C7	B0	A1	E7	C7	12	39	E6	C7	BB	D1	34	C8	00	80	35	C0	00	C0	A8	C0	00	80	AD	C0	00	C0	95	C0	00	80	FF	C0	00	00	00	00	00	00	00	00	00	00	00	00	00	00	00	00	00	00	00	00
1.606	3D DATA	true	-	-	-	-	-117636.9	-117805.4	-118595.4	-117874.1	-185158.9	-2.8	-5.3	-5.4	-4.7	-8.0	-	-	-	-	-
1.606	3D MESSAGE	48	00	83	91	20	59	BF	8C	58	05	5E	3D	64	C2	E5	C7	B7	16	E6	C7	A1	A1	E7	C7	FA	38	E6	C7	B1	D1	34	C8	00	00	31	C0	00	C0	A9	C0	00	C0	A9	C0	00	C0	8F	C0	00	80	FA	C0	00	00	00	00	00	00	00	00	00	00	00	00	00	00	00	00	00	00	00	00
1.606	3D DATA	true	-	-	-	-	-117636.8	-117805.4	-118595.3	-117874.0	-185158.8	-2.8	-5.3	-5.3	-4.5	-7.8	-	-	-	-	-
1.607	3D MESSAGE	48	00	84	91	20	59	C0	8C	58	05	5E	3D	67	C2	E5	C7	C7	16	E6	C7	A3	A1	E7	C7	EA	38	E6	C7	AF	D1	34	C8	00	80	32	C0	00	C0	AD	C0	00	40	AA	C0	00	C0	8B	C0	00	80	F9	C0	00	00	00	00	00	00	00	00	00	00	00	00	00	00	00	00	00	00	00	00
1.607	3D DATA	true	-	-	-	-	-117636.8	-117805.6	-118595.3	-117873.8	-185158.7	-2.8	-5.4	-5.3	-4.4	-7.8	-	-	-	-	-
1.607	3D MESSAGE	48	00	85	91	20	59	C1	8C	58	05	5E	3D	79	C2	E5	C7	E0	16	E6	C7	B4	A1	E7	C7	E5	38	E6	C7	B5	D1	34	C8	00	80	3B	C0	00	00	B4	C0	00	80	AE	C0	00	80	8A	C0	00	80	FC	C0	00	00	00	00	00	00	00	00	00	00	00	00	00	00	00	00	00	00	00	00
1.607	3D DATA	true	-	-	-	-	-117636.9	-117805.8	-118595.4	-117873.8	-185158.8	-2.9	-5.6	-5.5	-4.3	-7.9	-	-	-	-	-
1.607	3D MESSAGE	48	00	86	91	20	59	C2	8C	58	05	5E	3D	96	C2	E5	C7	FF	16	E6	C7	CE	A1	E7	C7	EE	38	E6	C7	C2	D1	34	C8	00	00	4A	C0	00	C0	BB	C0	00	00	B5	C0	00	C0	8C	C0	00	80	01	C1	00	00	00	00	00	00	00	00	00	00	00	00	00	00	00	00	00	00	00	00
1.607	3D DATA	true	-	-	-	-	-117637.2	-117806.0	-118595.6	-117873.9	-185159.0	-3.2	-5.9	-5.7	-4.4	-8.1	-	-	-	-	-
1.636	3D MESSAGE	48	00	87	91	20	59	C3	8C	58	05	5E	3D	B7	C2	E5	C7	1B	17	E6	C7	E7	A1	E7	C7	01	39	E6	C7	D2	D1	34	C8	00	80	5A	C0	00	C0	C2	C0	00	40	BB	C0	00	80	91	C0	00	80	05	C1	00	00	00	00	00	00	00	00	00	00	00	00	00	00	00	00	00	00	00	00
1.636	3D DATA	true	-	-	-	-	-117637.4	-117806.2	-118595.8	-117874.0	-185159.3	-3.4	-6.1	-5.9	-4.5	-8.3	-	-	-	-	-
1.637	3D MESSAGE	48	00	88	91	20	59	C4	8C	58	05	5E	3D	D0	C2	E5	C7	2D	17	E6	C7	F7	A1	E7	C7	18	39	E6	C7	DF	D1	34	C8	00	00	67	C0	00	40	C7	C0	00	40	BF	C0	00	40	97	C0	00	C0	08	C1	00	00	00	00	00	00	00	00	00	00	00	00	00	00	00	00	00	00	00	00
1.637	3D DATA	true	-	-	-	-	-117637.6	-117806.4	-118595.9	-117874.2	-185159.5	-3.6	-6.2	-6.0	-4.7	-8.5	-	-	-	-	-
1.637	3D MESSAGE	48	00	89	91	20	59	C5	8C	58	05	5E	3D	D7	C2	E5	C7	2F	17	E6	C7	F8	A1	E7	C7	2C	39	E6	C7	E6	D1	34	C8	00	80	6A	C0	00	C0	C7	C0	00	80	BF	C0	00	40	9C	C0	00	80	0A	C1	00	00	00	00	00	00	00	00	00	00	00	00	00	00	00	00	00	00	00	00
1.637	3D DATA	true	-	-	-	-	-117637.7	-117806.4	-118595.9	-117874.3	-185159.6	-3.7	-6.2	-6.0	-4.9	-8.7	-	-	-	-	-
1.637	3D MESSAGE	48	00	8A	91	20	59	C6	8C	58	05	5E	3D	C5	C2	E5	C7	1E	17	E6	C7	EA	A1	E7	C7	35	39	E6	C7	E4	D1	34	C8	00	80	61	C0	00	80	C3	C0	00	00	BC	C0	00	80	9E	C0	00	00	0A	C1	00	00	00	00	00	00	00	00	00	00	00	00	00	00	00	00	00	00	00	00
1.637	3D DATA	true	-	-	-	-	-117637.5	-117806.2	-118595.8	-117874.4	-185159.6	-3.5	-6.1	-5.9	-5.0	-8.6	-	-	-	-	-
1.638	3D MESSAGE	48	00	8B	91	20	59	C7	8C	58	05	5E	3D	9B	C2	E5	C7	FE	16	E6	C7	D0	A1	E7	C7	2D	39	E6	C7	DB	D1	34	C8	00	80	4C	C0	00	80	BB	C0	00	80	B5	C0	00	80	9C	C0	00	C0	07	C1	00	00	00	00	00	00	00	00	00	00	00	00	00	00	00	00	00	00	00	00
1.638	3D DATA	true	-	-	-	-	-117637.2	-117806.0	-118595.6	-117874.4	-185159.4	-3.2	-5.9	-5.7	-4.9	-8.5	-	-	-	-	-
1.638	3D MESSAGE	48	00	8C	91	20	59	C8	8C	58	05	5E	3D	61	C2	E5	C7	D3	16	E6	C7	AE	A1	E7	C7	14	39	E6	C7	CE	D1	34	C8	00	80	2F	C0	00	C0	B0	C0	00	00	AD	C0	00	40	96	C0	00	80	04	C1	00	00	00	00	00	00	00	00	00	00	00	00	00	00	00	00	00	00	00	00
1.638	3D DATA	true	-	-	-	-	-117636.8	-117805.6	-118595.4	-117874.2	-185159.2	-2.7	-5.5	-5.4	-4.7	-8.3	-	-	-	-	-
1.666	3D MESSAGE	48	00	8D	91	20	59	C9	8C	58	05	5E	3D	22	C2	E5	C7	A6	16	E6	C7	8B	A1	E7	C7	EA	38	E6	C7	BE	D1	34	C8	00	00	10	C0	00	80	A5	C0	00	40	A4	C0	00	C0	8B	C0	00	80	00	C1	00	00	00	00	00	00	00	00	00	00	00	00	00	00	00	00	00	00	00	00
1.666	3D DATA	true	-	-	-	-	-117636.3	-117805.3	-118595.1	-117873.8	-185159.0	-2.2	-5.2	-5.1	-4.4	-8.0	-	-	-	-	-
1.667	3D MESSAGE	48	00	8E	91	20	59	CA	8C	58	05	5E	3D	EB	C1	E5	C7	7D	16	E6	C7	6C	A1	E7	C7	B7	38	E6	C7	AF	D1	34	C8	00	00	E9	BF	00	40	9B	C0	00	80	9C	C0	00	00	7E	C0	00	80	F9	C0	00	00	00	00	00	00	00	00	00	00	00	00	00	00	00	00	00	00	00	00
1.667	3D DATA	true	-	-	-	-	-117635.8	-117805.0	-118594.8	-117873.4	-185158.7	-1.8	-4.9	-4.9	-4.0	-7.8	-	-	-	-	-
1.667	3D MESSAGE	48	00	8F	91	20	59	CB	8C	58	05	5E	3D	C5	C1	E5	C7	5B	16	E6	C7	52	A1	E7	C7	84	38	E6	C7	A0	D1	34	C8	00	00	C3	BF	00	C0	92	C0	00	00	96	C0	00	80	64	C0	00	00	00	00	00	00	00	00	00	00	00	00	00	00	00	00	00	00	00	00	00	00	00	00
1.667	3D DATA	true	-	-	-	-	-117635.5	-117804.7	-118594.6	-117873.0	-185158.5	-1.5	-4.6	-4.7	-3.6	0.0	-	-	-	-	-
1.667	3D MESSAGE	48	00	90	91	20	59	CC	8C	58	05	5E	3D	B5	C1	E5	C7	41	16	E6	C7	3E	A1	E7	C7	58	38	E6	C7	90	D1	34	C8	00	00	B3	BF	00	40	8C	C0	00	00	00	00	00	80	4E	C0	00	00	80	3E	00	00	00	00	00	00	00	00	00	00	00	00	00	00	00	00	00	00	00	00
1.667	3D DATA	true	-	-	-	-	-117635.4	-117804.5	-118594.5	-117872.7	-185158.2	-1.4	-4.4	0.0	-3.2	0.2	-	-	-	-	-
1.668	3D MESSAGE	48	00	91	91	20	59	CD	8C	58	05	5E	3D	B9	C1	E5	C7	2A	16	E6	C7	30	A1	E7	C7	3C	38	E6	C7	7D	D1	34	C8	00	00	B7	BF	00	80	86	C0	00	00	E0	3D	00	80	40	C0	00	00	0C	3F	00	00	00	00	00	00	00	00	00	00	00	00	00	00	00	00	00	00	00	00
1.668	3D DATA	true	-	-	-	-	-117635.4	-117804.3	-118594.4	-117872.5	-185158.0	-1.4	-4.2	0.1	-3.0	0.5	-	-	-	-	-
1.670	3D MESSAGE	48	00	92	91	20	59	CE	8C	58	05	5E	3D	CE	C1	E5	C7	15	16	E6	C7	26	A1	E7	C7	36	38	E6	C7	66	D1	34	C8	00	00	CC	BF	00	00	00	00	00	00	40	3E	00	80	3D	C0	00	00	68	3F	00	00	00	00	00	00	00	00	00	00	00	00	00	00	00	00	00	00	00	00
1.670	3D DATA	true	-	-	-	-	-117635.6	-117804.2	-118594.3	-117872.4	-185157.6	-1.6	0.0	0.2	-3.0	0.9	-	-	-	-	-
1.698	3D MESSAGE	48	00	93	91	20	59	CF	8C	58	05	5E	3D	EC	C1	E5	C7	FC	15	E6	C7	1F	A1	E7	C7	44	38	E6	C7	4A	D1	34	C8	00	00	EA	BF	00	00	48	3E	00	00	78	3E	00	80	44	C0	00	00	AC	3F	00	00	00	00	00	00	00	00	00	00	00	00	00	00	00	00	00	00	00	00
1.698	3D DATA	true	-	-	-	-	-117635.8	-117804.0	-118594.2	-117872.5	-185157.2	-1.8	0.2	0.2	-3.1	1.3	-	-	-	-	-
1.698	3D MESSAGE	48	00	94	91	20	59	D0	8C	58	05	5E	3D	0F	C2	E5	C7	DF	15	E6	C7	1A	A1	E7	C7	62	38	E6	C7	2E	D1	34	C8	00	80	06	C0	00	00	D8	3E	00	00	90	3E	00	80	53	C0	00	00	E4	3F	00	00	00	00	00	00	00	00	00	00	00	00	00	00	00	00	00	00	00	00
1.698	3D DATA	true	-	-	-	-	-117636.1	-117803.7	-118594.2	-117872.8	-185156.7	-2.1	0.4	0.3	-3.3	1.8	-	-	-	-	-
1.698	3D MESSAGE	48	00	95	91	20	59	D1	8C	58	05	5E	3D	30	C2	E5	C7	BB	15	E6	C7	15	A1	E7	C7	85	38	E6	C7	15	D1	34	C8	00	00	17	C0	00	00	34	3F	00	00	A4	3E	00	00	65	C0	00	00	0B	40	00	00	00	00	00	00	00	00	00	00	00	00	00	00	00	00	00	00	00	00
1.698	3D DATA	true	-	-	-	-	-117636.4	-117803.5	-118594.2	-117873.0	-185156.3	-2.4	0.7	0.3	-3.6	2.2	-	-	-	-	-
1.699	3D MESSAGE	48	00	96	91	20	59	D2	8C	58	05	5E	3D	47	C2	E5	C7	92	15	E6	C7	10	A1	E7	C7	A1	38	E6	C7	00	D1	34	C8	00	80	22	C0	00	00	83	3F	00	00	B8	3E	00	00	73	C0	00	00	20	40	00	00	00	00	00	00	00	00	00	00	00	00	00	00	00	00	00	00	00	00
1.699	3D DATA	true	-	-	-	-	-117636.6	-117803.1	-118594.1	-117873.3	-185156.0	-2.5	1.0	0.4	-3.8	2.5	-	-	-	-	-
1.699	3D MESSAGE	48	00	97	91	20	59	D3	8C	58	05	5E	3D	50	C2	E5	C7	60	15	E6	C7	07	A1	E7	C7	AB	38	E6	C7	F2	D0	34	C8	00	00	27	C0	00	00	B5	3F	00	00	DC	3E	00	00	78	C0	00	00	2E	40	00	00	00	00	00	00	00	00	00	00	00	00	00	00	00	00	00	00	00	00
1.699	3D DATA	true	-	-	-	-	-117636.6	-117802.8	-118594.1	-117873.3	-185155.8	-2.6	1.4	0.4	-3.9	2.7	-	-	-	-	-
1.699	3D MESSAGE	48	00	98	91	20	59	D4	8C	58	05	5E	3D	46	C2	E5	C7	28	15	E6	C7	F8	A0	E7	C7	9C	38	E6	C7	E9	D0	34	C8	00	00	22	C0	00	00	ED	3F	00	00	0C	3F	00	80	70	C0	00	00	37	40	00	00	00	00	00	00	00	00	00	00	00	00	00	00	00	00	00	00	00	00
1.699	3D DATA	true	-	-	-	-	-117636.5	-117802.3	-118593.9	-117873.2	-185155.6	-2.5	1.9	0.5	-3.8	2.9	-	-	-	-	-
1.700	3D MESSAGE	48	00	99	91	20	59	D5	8C	58	05	5E	3D	24	C2	E5	C7	EA	14	E6	C7	E2	A0	E7	C7	75	38	E6	C7	E1	D0	34	C8	00	00	11	C0	00	80	15	40	00	00	38	3F	00	00	5D	C0	00	00	3F	40	00	00	00	00	00	00	00	00	00	00	00	00	00	00	00	00	00	00	00	00
1.700	3D DATA	true	-	-	-	-	-117636.3	-117801.8	-118593.8	-117872.9	-185155.5	-2.3	2.3	0.7	-3.5	3.0	-	-	-	-	-
1.729	3D MESSAGE	48	00	9A	91	20	59	D6	8C	58	05	5E	3D	EC	C1	E5	C7	A9	14	E6	C7	C1	A0	E7	C7	3A	38	E6	C7	D8	D0	34	C8	00	00	EA	BF	00	00	36	40	00	00	7A	3F	00	80	3F	C0	00	00	48	40	00	00	00	00	00	00	00	00	00	00	00	00	00	00	00	00	00	00	00	00
1.729	3D DATA	true	-	-	-	-	-117635.8	-117801.3	-118593.5	-117872.5	-185155.4	-1.8	2.8	1.0	-3.0	3.1	-	-	-	-	-
1.730	3D MESSAGE	48	00	9B	91	20	59	D7	8C	58	05	5E	3D	9F	C1	E5	C7	66	14	E6	C7	94	A0	E7	C7	F2	37	E6	C7	CB	D0	34	C8	00	00	9D	BF	00	80	57	40	00	00	AA	3F	00	80	1B	C0	00	00	55	40	00	00	00	00	00	00	00	00	00	00	00	00	00	00	00	00	00	00	00	00
1.730	3D DATA	true	-	-	-	-	-117635.2	-117800.8	-118593.2	-117871.9	-185155.2	-1.2	3.4	1.3	-2.4	3.3	-	-	-	-	-
1.730	3D MESSAGE	48	00	9C	91	20	59	D8	8C	58	05	5E	3D	45	C1	E5	C7	24	14	E6	C7	5C	A0	E7	C7	A8	37	E6	C7	B8	D0	34	C8	00	00	06	BF	00	80	78	40	00	00	E2	3F	00	00	ED	BF	00	00	68	40	00	00	00	00	00	00	00	00	00	00	00	00	00	00	00	00	00	00	00	00
1.730	3D DATA	true	-	-	-	-	-117634.5	-117800.3	-118592.7	-117871.3	-185154.9	-0.5	3.9	1.8	-1.9	3.6	-	-	-	-	-
1.731	3D MESSAGE	48	00	9D	91	20	59	D9	8C	C8	B8	56	3D	E7	C0	E5	C7	E8	13	E6	C7	19	A0	E7	C7	62	37	E6	C7	9F	D0	34	C8	00	00	58	3E	00	40	8B	40	00	80	12	40	00	00	A7	BF	00	80	80	40	00	00	00	00	00	00	00	00	00	00	00	00	00	00	00	00	00	00	00	00
1.731	3D DATA	true	-	-	-	-	-117633.8	-117799.8	-118592.2	-117870.8	-185154.5	0.2	4.4	2.3	-1.3	4.0	-	-	-	-	-
1.731	3D MESSAGE	48	00	9E	91	20	59	DA	8C	C8	B8	56	3D	92	C0	E5	C7	B4	13	E6	C7	D1	9F	E7	C7	28	37	E6	C7	81	D0	34	C8	00	00	60	3F	00	40	98	40	00	80	36	40	00	00	5A	BF	00	80	8F	40	00	00	00	00	00	00	00	00	00	00	00	00	00	00	00	00	00	00	00	00
1.731	3D DATA	true	-	-	-	-	-117633.1	-117799.4	-118591.6	-117870.3	-185154.0	0.9	4.8	2.9	-0.9	4.5	-	-	-	-	-
1.732	3D MESSAGE	48	00	9F	91	20	59	DB	8C	C8	B8	56	3D	4F	C0	E5	C7	89	13	E6	C7	8E	9F	E7	C7	FC	36	E6	C7	64	D0	34	C8	00	00	B3	3F	00	00	A3	40	00	00	58	40	00	00	02	BF	00	00	9E	40	00	00	00	00	00	00	00	00	00	00	00	00	00	00	00	00	00	00	00	00
1.732	3D DATA	true	-	-	-	-	-117632.6	-117799.1	-118591.1	-117870.0	-185153.6	1.4	5.1	3.4	-0.5	4.9	-	-	-	-	-
1.761	3D MESSAGE	48	00	A0	91	20	59	DC	8C	C8	B8	56	3D	27	C0	E5	C7	6C	13	E6	C7	59	9F	E7	C7	E0	36	E6	C7	4B	D0	34	C8	00	00	DB	3F	00	40	AA	40	00	80	72	40	00	00	94	BE	00	80	AA	40	00	00	00	00	00	00	00	00	00	00	00	00	00	00	00	00	00	00	00	00
1.762	3D DATA	true	-	-	-	-	-117632.3	-117798.8	-118590.7	-117869.8	-185153.2	1.7	5.3	3.8	-0.3	5.3	-	-	-	-	-
1.762	3D MESSAGE	48	00	A1	91	20	59	DD	8C	C8	B8	56	3D	1E	C0	E5	C7	5C	13	E6	C7	3B	9F	E7	C7	D5	36	E6	C7	39	D0	34	C8	00	00	E4	3F	00	40	AE	40	00	C0	80	40	00	00	50	BE	00	80	B3	40	00	00	00	00	00	00	00	00	00	00	00	00	00	00	00	00	00	00	00	00
1.762	3D DATA	true	-	-	-	-	-117632.2	-117798.7	-118590.5	-117869.7	-185152.9	1.8	5.4	4.0	-0.2	5.6	-	-	-	-	-
1.762	3D MESSAGE	48	00	A2	91	20	59	DE	8C	C8	B8	56	3D	32	C0	E5	C7	5B	13	E6	C7	36	9F	E7	C7	DC	36	E6	C7	30	D0	34	C8	00	00	D0	3F	00	80	AE	40	00	00	82	40	00	00	84	BE	00	00	B8	40	00	00	00	00	00	00	00	00	00	00	00	00	00	00	00	00	00	00	00	00
1.762	3D DATA	true	-	-	-	-	-117632.4	-117798.7	-118590.4	-117869.7	-185152.8	1.6	5.5	4.1	-0.3	5.8	-	-	-	-	-
1.763	3D MESSAGE	48	00	A3	91	20	59	DF	8C	C8	B8	56	3D	5B	C0	E5	C7	6A	13	E6	C7	4A	9F	E7	C7	F2	36	E6	C7	2F	D0	34	C8	00	00	A7	3F	00	C0	AA	40	00	00	7A	40	00	00	DC	BE	00	80	B8	40	00	00	00	00	00	00	00	00	00	00	00	00	00	00	00	00	00	00	00	00
1.763	3D DATA	true	-	-	-	-	-117632.7	-117798.8	-118590.6	-117869.9	-185152.7	1.3	5.3	3.9	-0.4	5.8	-	-	-	-	-
1.763	3D MESSAGE	48	00	A4	91	20	59	E0	8C	C8	B8	56	3D	8D	C0	E5	C7	84	13	E6	C7	6C	9F	E7	C7	12	37	E6	C7	32	D0	34	C8	00	00	6A	3F	00	40	A4	40	00	00	69	40	00	00	2E	BF	00	00	B7	40	00	00	00	00	00	00	00	00	00	00	00	00	00	00	00	00	00	00	00	00
1.763	3D DATA	true	-	-	-	-	-117633.1	-117799.0	-118590.8	-117870.1	-185152.8	0.9	5.1	3.6	-0.7	5.7	-	-	-	-	-
1.764	3D MESSAGE	48	00	A5	91	20	59	E1	8C	C8	B8	56	3D	BC	C0	E5	C7	A5	13	E6	C7	92	9F	E7	C7	34	37	E6	C7	37	D0	34	C8	00	00	0C	3F	00	00	9C	40	00	00	56	40	00	00	72	BF	00	80	B4	40	00	00	00	00	00	00	00	00	00	00	00	00	00	00	00	00	00	00	00	00
1.764	3D DATA	true	-	-	-	-	-117633.5	-117799.3	-118591.1	-117870.4	-185152.9	0.5	4.9	3.3	-0.9	5.6	-	-	-	-	-
1.792	3D MESSAGE	48	00	A6	91	20	59	E2	8C	C8	B8	56	3D	DC	C0	E5	C7	C7	13	E6	C7	B2	9F	E7	C7	53	37	E6	C7	39	D0	34	C8	00	00	98	3E	00	80	93	40	00	00	46	40	00	00	98	BF	00	80	B3	40	00	00	00	00	00	00	00	00	00	00	00	00	00	00	00	00	00	00	00	00
1.792	3D DATA	true	-	-	-	-	-117633.7	-117799.6	-118591.4	-117870.6	-185152.9	0.3	4.6	3.1	-1.2	5.6	-	-	-	-	-
1.793	3D MESSAGE	48	00	A7	91	20	59	E3	8C	C8	B8	56	3D	E8	C0	E5	C7	E4	13	E6	C7	C3	9F	E7	C7	69	37	E6	C7	37	D0	34	C8	00	00	50	3E	00	40	8C	40	00	80	3D	40	00	00	AE	BF	00	80	B4	40	00	00	00	00	00	00	00	00	00	00	00	00	00	00	00	00	00	00	00	00
1.793	3D DATA	true	-	-	-	-	-117633.8	-117799.8	-118591.5	-117870.8	-185152.9	0.2	4.4	3.0	-1.4	5.6	-	-	-	-	-
1.793	3D MESSAGE	48	00	A8	91	20	59	E4	8C	C8	B8	56	3D	E0	C0	E5	C7	F6	13	E6	C7	C7	9F	E7	C7	74	37	E6	C7	32	D0	34	C8	00	00	88	3E	00	C0	87	40	00	80	3B	40	00	00	B9	BF	00	00	B7	40	00	00	00	00	00	00	00	00	00	00	00	00	00	00	00	00	00	00	00	00
1.794	3D DATA	true	-	-	-	-	-117633.8	-117799.9	-118591.6	-117870.9	-185152.8	0.3	4.2	2.9	-1.4	5.7	-	-	-	-	-
1.794	3D MESSAGE	48	00	A9	91	20	59	E5	8C	C8	B8	56	3D	C8	C0	E5	C7	00	14	E6	C7	C4	9F	E7	C7	76	37	E6	C7	30	D0	34	C8	00	00	E8	3E	00	40	85	40	00	00	3D	40	00	00	BB	BF	00	00	B8	40	00	00	00	00	00	00	00	00	00	00	00	00	00	00	00	00	00	00	00	00
1.794	3D DATA	true	-	-	-	-	-117633.6	-117800.0	-118591.5	-117870.9	-185152.8	0.5	4.2	3.0	-1.5	5.8	-	-	-	-	-
1.795	3D MESSAGE	48	00	AA	91	20	59	E6	8C	C8	B8	56	3D	AC	C0	E5	C7	01	14	E6	C7	C2	9F	E7	C7	72	37	E6	C7	36	D0	34	C8	00	00	2C	3F	00	00	85	40	00	00	3E	40	00	00	B7	BF	00	00	B5	40	00	00	00	00	00	00	00	00	00	00	00	00	00	00	00	00	00	00	00	00
1.795	3D DATA	true	-	-	-	-	-117633.3	-117800.0	-118591.5	-117870.9	-185152.8	0.7	4.2	3.0	-1.4	5.7	-	-	-	-	-
1.795	3D MESSAGE	48	00	AB	91	20	59	E7	8C	C8	B8	56	3D	96	C0	E5	C7	FE	13	E6	C7	CA	9F	E7	C7	6F	37	E6	C7	48	D0	34	C8	00	00	58	3F	00	C0	85	40	00	00	3A	40	00	00	B4	BF	00	00	AC	40	00	00	00	00	00	00	00	00	00	00	00	00	00	00	00	00	00	00	00	00
1.795	3D DATA	true	-	-	-	-	-117633.2	-117800.0	-118591.6	-117870.9	-185153.1	0.8	4.2	2.9	-1.4	5.4	-	-	-	-	-
1.795	3D MESSAGE	48	00	AC	91	20	59	E8	8C	C8	B8	56	3D	8D	C0	E5	C7	FA	13	E6	C7	E2	9F	E7	C7	70	37	E6	C7	69	D0	34	C8	00	00	6A	3F	00	C0	86	40	00	00	2E	40	00	00	B5	BF	00	80	9B	40	00	00	00	00	00	00	00	00	00	00	00	00	00	00	00	00	00	00	00	00
1.795	3D DATA	true	-	-	-	-	-117633.1	-117800.0	-118591.8	-117870.9	-185153.6	0.9	4.2	2.7	-1.4	4.9	-	-	-	-	-
1.823	3D MESSAGE	48	00	AD	91	20	59	E9	8C	C8	B8	56	3D	97	C0	E5	C7	F4	13	E6	C7	09	A0	E7	C7	78	37	E6	C7	94	D0	34	C8	00	00	56	3F	00	40	88	40	00	80	1A	40	00	00	BD	BF	00	00	86	40	00	00	00	00	00	00	00	00	00	00	00	00	00	00	00	00	00	00	00	00
1.823	3D DATA	true	-	-	-	-	-117633.2	-117799.9	-118592.1	-117870.9	-185154.3	0.8	4.3	2.4	-1.5	4.2	-	-	-	-	-
1.824	3D MESSAGE	48	00	AE	91	20	59	EA	8C	C8	B8	56	3D	B0	C0	E5	C7	EC	13	E6	C7	38	A0	E7	C7	84	37	E6	C7	C5	D0	34	C8	00	00	24	3F	00	40	8A	40	00	00	03	40	00	00	C9	BF	00	00	5B	40	00	00	00	00	00	00	00	00	00	00	00	00	00	00	00	00	00	00	00	00
1.824	3D DATA	true	-	-	-	-	-117633.4	-117799.8	-118592.4	-117871.0	-185155.1	0.6	4.3	2.0	-1.6	3.4	-	-	-	-	-
1.825	3D MESSAGE	48	00	AF	91	20	59	EB	8C	C8	B8	56	3D	D4	C0	E5	C7	DD	13	E6	C7	6A	A0	E7	C7	92	37	E6	C7	F3	D0	34	C8	00	00	B8	3E	00	00	8E	40	00	00	D4	3F	00	00	D7	BF	00	00	2D	40	00	00	00	00	00	00	00	00	00	00	00	00	00	00	00	00	00	00	00	00
1.825	3D DATA	true	-	-	-	-	-117633.7	-117799.7	-118592.8	-117871.1	-185155.8	0.4	4.4	1.7	-1.7	2.7	-	-	-	-	-
1.825	3D MESSAGE	48	00	B0	91	20	59	EC	8C	C8	B8	56	3D	F7	C0	E5	C7	C5	13	E6	C7	92	A0	E7	C7	9E	37	E6	C7	15	D1	34	C8	00	00	B0	3D	00	00	94	40	00	00	AC	3F	00	00	E3	BF	00	00	0B	40	00	00	00	00	00	00	00	00	00	00	00	00	00	00	00	00	00	00	00	00
1.825	3D DATA	true	-	-	-	-	-117633.9	-117799.5	-118593.1	-117871.2	-185156.3	0.1	4.6	1.3	-1.8	2.2	-	-	-	-	-
1.825	3D MESSAGE	48	00	B1	91	20	59	ED	8C	C8	B8	56	3D	0E	C1	E5	C7	A1	13	E6	C7	A8	A0	E7	C7	A4	37	E6	C7	26	D1	34	C8	00	00	C0	BD	00	00	9D	40	00	00	96	3F	00	00	E9	BF	00	00	F4	3F	00	00	00	00	00	00	00	00	00	00	00	00	00	00	00	00	00	00	00	00
1.825	3D DATA	true	-	-	-	-	-117634.1	-117799.3	-118593.3	-117871.3	-185156.6	-0.1	4.9	1.2	-1.8	1.9	-	-	-	-	-
1.826	3D MESSAGE	48	00	B2	91	20	59	EE	8C	C8	B8	56	3D	12	C1	E5	C7	6F	13	E6	C7	A6	A0	E7	C7	9E	37	E6	C7	21	D1	34	C8	00	00	00	BE	00	80	A9	40	00	00	98	3F	00	00	E3	BF	00	00	FE	3F	00	00	00	00	00	00	00	00	00	00	00	00	00	00	00	00	00	00	00	00
1.826	3D DATA	true	-	-	-	-	-117634.1	-117798.9	-118593.3	-117871.2	-185156.5	-0.1	5.3	1.2	-1.8	2.0	-	-	-	-	-
1.860	3D MESSAGE	48	00	B3	91	20	59	EF	8C	C8	B8	56	3D	FE	C0	E5	C7	2E	13	E6	C7	8B	A0	E7	C7	8B	37	E6	C7	07	D1	34	C8	00	00	00	3D	00	C0	B9	40	00	00	B3	3F	00	00	D0	BF	00	00	19	40	00	00	00	00	00	00	00	00	00	00	00	00	00	00	00	00	00	00	00	00
1.860	3D DATA	true	-	-	-	-	-117634.0	-117798.4	-118593.1	-117871.1	-185156.1	0.0	5.8	1.4	-1.6	2.4	-	-	-	-	-
1.860	3D MESSAGE	48	00	B4	91	20	59	F0	8C	C8	B8	56	3D	CE	C0	E5	C7	DD	12	E6	C7	52	A0	E7	C7	68	37	E6	C7	D8	D0	34	C8	00	00	D0	3E	00	00	CE	40	00	00	EC	3F	00	00	AD	BF	00	00	48	40	00	00	00	00	00	00	00	00	00	00	00	00	00	00	00	00	00	00	00	00
1.860	3D DATA	true	-	-	-	-	-117633.6	-117797.7	-118592.6	-117870.8	-185155.4	0.4	6.4	1.8	-1.4	3.1	-	-	-	-	-
1.861	3D MESSAGE	48	00	B5	91	20	59	F1	8C	C8	B8	56	3D	84	C0	E5	C7	76	12	E6	C7	FD	9F	E7	C7	32	37	E6	C7	99	D0	34	C8	00	00	7C	3F	00	C0	E7	40	00	80	20	40	00	00	6E	BF	00	80	83	40	00	00	00	00	00	00	00	00	00	00	00	00	00	00	00	00	00	00	00	00
1.861	3D DATA	true	-	-	-	-	-117633.0	-117796.9	-118592.0	-117870.4	-185154.4	1.0	7.2	2.5	-0.9	4.1	-	-	-	-	-
1.861	3D MESSAGE	48	00	B6	91	20	59	F2	8C	C8	B8	56	3D	25	C0	E5	C7	FA	11	E6	C7	8F	9F	E7	C7	EC	36	E6	C7	4D	D0	34	C8	00	00	DD	3F	00	60	03	41	00	80	57	40	00	00	C4	BE	00	80	A9	40	00	00	00	00	00	00	00	00	00	00	00	00	00	00	00	00	00	00	00	00
1.861	3D DATA	true	-	-	-	-	-117632.3	-117796.0	-118591.1	-117869.8	-185153.2	1.7	8.2	3.4	-0.4	5.3	-	-	-	-	-
1.861	3D MESSAGE	48	00	B7	91	20	59	F3	8C	C8	B8	56	3D	B5	BF	E5	C7	68	11	E6	C7	0C	9F	E7	C7	9A	36	E6	C7	F8	CF	34	C8	00	80	26	40	00	A0	15	41	00	80	8C	40	00	00	84	3E	00	00	D4	40	00	00	00	00	00	00	00	00	00	00	00	00	00	00	00	00	00	00	00	00
1.861	3D DATA	true	-	-	-	-	-117631.4	-117794.8	-118590.1	-117869.2	-185151.9	2.6	9.4	4.4	0.3	6.6	-	-	-	-	-
1.861	3D MESSAGE	48	00	B8	91	20	59	F4	8C	C8	B8	56	3D	38	BF	E5	C7	C5	10	E6	C7	7E	9E	E7	C7	40	36	E6	C7	A0	CF	34	C8	00	00	65	40	00	00	2A	41	00	00	B0	40	00	00	76	3F	00	00	00	41	00	00	00	00	00	00	00	00	00	00	00	00	00	00	00	00	00	00	00	00
1.861	3D DATA	true	-	-	-	-	-117630.4	-117793.5	-118589.0	-117868.5	-185150.5	3.6	10.6	5.5	1.0	8.0	-	-	-	-	-
1.862	3D MESSAGE	48	00	B9	91	20	59	F5	8C	C8	B8	56	3D	B6	BE	E5	C7	16	10	E6	C7	EE	9D	E7	C7	EA	35	E6	C7	49	CF	34	C8	00	00	93	40	00	E0	3F	41	00	00	D4	40	00	00	D1	3F	00	C0	15	41	00	00	00	00	00	00	00	00	00	00	00	00	00	00	00	00	00	00	00	00
1.862	3D DATA	true	-	-	-	-	-117629.4	-117792.2	-118587.9	-117867.8	-185149.1	4.6	12.0	6.6	1.6	9.4	-	-	-	-	-
1.885	3D MESSAGE	48	00	BA	91	20	59	F6	8C	C8	B8	56	3D	34	BE	E5	C7	66	0F	E6	C7	68	9D	E7	C7	9C	35	E6	C7	F8	CE	34	C8	00	80	B3	40	00	E0	55	41	00	80	F5	40	00	80	0F	40	00	00	2A	41	00	00	00	00	00	00	00	00	00	00	00	00	00	00	00	00	00	00	00	00
1.885	3D DATA	true	-	-	-	-	-117628.4	-117790.8	-118586.8	-117867.2	-185147.9	5.6	13.4	7.7	2.2	10.6	-	-	-	-	-
1.886	3D MESSAGE	48	00	BB	91	20	59	F7	8C	C8	B8	56	3D	BA	BD	E5	C7	BE	0E	E6	C7	F7	9C	E7	C7	61	35	E6	C7	B1	CE	34	C8	00	00	D2	40	00	E0	6A	41	00	E0	08	41	00	00	2D	40	00	C0	3B	41	00	00	00	00	00	00	00	00	00	00	00	00	00	00	00	00	00	00	00	00
1.886	3D DATA	true	-	-	-	-	-117627.5	-117789.5	-118585.9	-117866.8	-185146.8	6.6	14.7	8.6	2.7	11.7	-	-	-	-	-
1.886	3D MESSAGE	48	00	BC	91	20	59	F8	8C	C8	B8	56	3D	4A	BD	E5	C7	26	0E	E6	C7	A1	9C	E7	C7	3A	35	E6	C7	78	CE	34	C8	00	00	EE	40	00	E0	7D	41	00	A0	13	41	00	80	40	40	00	00	4A	41	00	00	00	00	00	00	00	00	00	00	00	00	00	00	00	00	00	00	00	00
1.886	3D DATA	true	-	-	-	-	-117626.6	-117788.3	-118585.3	-117866.5	-185145.9	7.4	15.9	9.2	3.0	12.6	-	-	-	-	-
1.886	3D MESSAGE	48	00	BD	91	20	59	F9	8C	C8	B8	56	3D	E7	BC	E5	C7	A3	0D	E6	C7	67	9C	E7	C7	28	35	E6	C7	4D	CE	34	C8	00	60	03	41	00	20	87	41	00	E0	1A	41	00	80	49	40	00	C0	54	41	00	00	00	00	00	00	00	00	00	00	00	00	00	00	00	00	00	00	00	00
1.886	3D DATA	true	-	-	-	-	-117625.8	-117787.3	-118584.8	-117866.3	-185145.2	8.2	16.9	9.7	3.1	13.3	-	-	-	-	-
1.887	3D MESSAGE	48	00	BE	91	20	59	FA	8C	C8	B8	56	3D	8E	BC	E5	C7	30	0D	E6	C7	42	9C	E7	C7	26	35	E6	C7	2E	CE	34	C8	00	80	0E	41	00	50	8E	41	00	80	1F	41	00	80	4A	40	00	80	5C	41	00	00	00	00	00	00	00	00	00	00	00	00	00	00	00	00	00	00	00	00
1.887	3D DATA	true	-	-	-	-	-117625.1	-117786.4	-118584.5	-117866.3	-185144.7	8.9	17.8	10.0	3.2	13.8	-	-	-	-	-
1.916	3D MESSAGE	48	00	BF	91	20	59	FB	8C	C8	B8	56	3D	38	BC	E5	C7	C2	0C	E6	C7	26	9C	E7	C7	29	35	E6	C7	16	CE	34	C8	00	40	19	41	00	30	95	41	00	00	23	41	00	00	49	40	00	80	62	41	00	00	00	00	00	00	00	00	00	00	00	00	00	00	00	00	00	00	00	00
1.916	3D DATA	true	-	-	-	-	-117624.4	-117785.5	-118584.3	-117866.3	-185144.3	9.6	18.6	10.2	3.1	14.2	-	-	-	-	-
1.917	3D MESSAGE	48	00	C0	91	20	59	FC	8C	C8	B8	56	3D	D8	BB	E5	C7	4A	0C	E6	C7	06	9C	E7	C7	27	35	E6	C7	FD	CD	34	C8	00	40	25	41	00	B0	9C	41	00	00	27	41	00	00	4A	40	00	C0	68	41	00	00	00	00	00	00	00	00	00	00	00	00	00	00	00	00	00	00	00	00
1.917	3D DATA	true	-	-	-	-	-117623.7	-117784.6	-118584.0	-117866.3	-185144.0	10.3	19.6	10.4	3.2	14.5	-	-	-	-	-
1.918	3D MESSAGE	48	00	C1	91	20	59	FD	8C	C8	B8	56	3D	66	BB	E5	C7	B9	0B	E6	C7	D6	9B	E7	C7	18	35	E6	C7	DD	CD	34	C8	00	80	33	41	00	C0	A5	41	00	00	2D	41	00	80	51	40	00	C0	70	41	00	00	00	00	00	00	00	00	00	00	00	00	00	00	00	00	00	00	00	00
1.918	3D DATA	true	-	-	-	-	-117622.8	-117783.4	-118583.7	-117866.2	-185143.5	11.2	20.7	10.8	3.3	15.0	-	-	-	-	-
1.918	3D MESSAGE	48	00	C2	91	20	59	FE	8C	C8	B8	56	3D	DB	BA	E5	C7	FE	0A	E6	C7	8E	9B	E7	C7	F6	34	E6	C7	B0	CD	34	C8	00	E0	44	41	00	70	B1	41	00	00	36	41	00	80	62	40	00	00	7C	41	00	00	00	00	00	00	00	00	00	00	00	00	00	00	00	00	00	00	00	00
1.918	3D DATA	true	-	-	-	-	-117621.7	-117782.0	-118583.1	-117865.9	-185142.8	12.3	22.2	11.4	3.5	15.8	-	-	-	-	-
1.919	3D MESSAGE	48	00	C3	91	20	59	FF	8C	C8	B8	56	3D	35	BA	E5	C7	16	0A	E6	C7	2D	9B	E7	C7	C4	34	E6	C7	76	CD	34	C8	00	A0	59	41	00	F0	BF	41	00	20	42	41	00	80	7B	40	00	40	85	41	00	00	00	00	00	00	00	00	00	00	00	00	00	00	00	00	00	00	00	00
1.919	3D DATA	true	-	-	-	-	-117620.4	-117780.2	-118582.4	-117865.5	-185141.8	13.6	24.0	12.1	3.9	16.7	-	-	-	-	-
1.919	3D MESSAGE	48	00	C4	91	20	59	00	8C	C8	B8	56	3D	79	B9	E5	C7	FE	08	E6	C7	B7	9A	E7	C7	86	34	E6	C7	2D	CD	34	C8	00	20	71	41	00	70	D1	41	00	E0	50	41	00	40	8D	40	00	60	8E	41	00	00	00	00	00	00	00	00	00	00	00	00	00	00	00	00	00	00	00	00
1.919	3D DATA	true	-	-	-	-	-117618.9	-117778.0	-118581.4	-117865.0	-185140.7	15.1	26.2	13.1	4.4	17.8	-	-	-	-	-
1.950	3D MESSAGE	48	00	C5	91	20	59	01	8C	88	67	10	3E	AE	B8	E5	C7	BE	07	E6	C7	32	9A	E7	C7	45	34	E6	C7	DB	CC	34	C8	00	40	85	41	00	70	E5	41	00	80	61	41	00	80	9D	40	00	A0	98	41	00	00	00	00	00	00	00	00	00	00	00	00	00	00	00	00	00	00	00	00
1.950	3D DATA	true	-	-	-	-	-117617.4	-117775.5	-118580.4	-117864.5	-185139.4	16.7	28.7	14.1	4.9	19.1	-	-	-	-	-
1.951	3D MESSAGE	48	00	C6	91	20	59	02	8C	88	67	10	3E	D9	B7	E5	C7	60	06	E6	C7	A2	99	E7	C7	05	34	E6	C7	7F	CC	34	C8	00	90	92	41	00	50	FB	41	00	80	73	41	00	80	AD	40	00	20	A4	41	00	00	00	00	00	00	00	00	00	00	00	00	00	00	00	00	00	00	00	00
1.951	3D DATA	true	-	-	-	-	-117615.7	-117772.8	-118579.3	-117864.0	-185138.0	18.3	31.4	15.2	5.4	20.5	-	-	-	-	-
1.951	3D MESSAGE	48	00	C7	91	20	59	03	8C	88	67	10	3E	FE	B6	E5	C7	ED	04	E6	C7	08	99	E7	C7	C8	33	E6	C7	1C	CC	34	C8	00	40	A0	41	00	40	09	42	00	60	83	41	00	C0	BC	40	00	80	B0	41	00	00	00	00	00	00	00	00	00	00	00	00	00	00	00	00	00	00	00	00
1.951	3D DATA	true	-	-	-	-	-117614.0	-117769.9	-118578.1	-117863.6	-185136.4	20.0	34.3	16.4	5.9	22.1	-	-	-	-	-
1.951	3D MESSAGE	48	00	C8	91	20	59	04	8C	88	67	10	3E	1A	B6	E5	C7	6A	03	E6	C7	64	98	E7	C7	8C	33	E6	C7	AE	CB	34	C8	00	80	AE	41	00	58	15	42	00	A0	8D	41	00	C0	CB	40	00	40	BE	41	00	00	00	00	00	00	00	00	00	00	00	00	00	00	00	00	00	00	00	00
1.951	3D DATA	true	-	-	-	-	-117612.2	-117766.8	-118576.8	-117863.1	-185134.7	21.8	37.3	17.7	6.4	23.8	-	-	-	-	-
1.952	3D MESSAGE	48	00	C9	91	20	59	05	8C	88	67	10	3E	26	B5	E5	C7	D6	01	E6	C7	B1	97	E7	C7	47	33	E6	C7	31	CB	34	C8	00	C0	BD	41	00	F8	21	42	00	D0	98	41	00	00	DD	40	00	E0	CD	41	00	00	00	00	00	00	00	00	00	00	00	00	00	00	00	00	00	00	00	00
1.952	3D DATA	true	-	-	-	-	-117610.3	-117763.7	-118575.4	-117862.6	-185132.8	23.7	40.5	19.1	6.9	25.7	-	-	-	-	-
1.952	3D MESSAGE	48	00	CA	91	20	59	06	8C	88	67	10	3E	1A	B4	E5	C7	2A	00	E6	C7	EC	96	E7	C7	F1	32	E6	C7	A2	CA	34	C8	00	80	CE	41	00	58	2F	42	00	20	A5	41	00	80	F2	40	00	C0	DF	41	00	00	00	00	00	00	00	00	00	00	00	00	00	00	00	00	00	00	00	00
1.952	3D DATA	true	-	-	-	-	-117608.2	-117760.3	-118573.8	-117861.9	-185130.5	25.8	43.8	20.6	7.6	28.0	-	-	-	-	-
1.952	3D MESSAGE	48	00	CB	91	20	59	07	8C	88	67	10	3E	EC	B2	E5	C7	5A	FE	E5	C7	13	96	E7	C7	86	32	E6	C7	FE	C9	34	C8	00	60	E1	41	00	D8	3D	42	00	B0	B2	41	00	A0	06	41	00	40	F4	41	00	00	00	00	00	00	00	00	00	00	00	00	00	00	00	00	00	00	00	00
1.952	3D DATA	true	-	-	-	-	-117605.8	-117756.7	-118572.1	-117861.0	-185128.0	28.2	47.5	22.3	8.4	30.5	-	-	-	-	-
1.979	3D MESSAGE	48	00	CC	91	20	59	08	8C	88	67	10	3E	94	B1	E5	C7	5B	FC	E5	C7	26	95	E7	C7	04	32	E6	C7	47	C9	34	C8	00	E0	F6	41	00	D0	4D	42	00	80	C1	41	00	E0	16	41	00	90	05	42	00	00	00	00	00	00	00	00	00	00	00	00	00	00	00	00	00	00	00	00
1.979	3D DATA	true	-	-	-	-	-117603.2	-117752.7	-118570.3	-117860.0	-185125.1	30.9	51.5	24.2	9.4	33.4	-	-	-	-	-
1.979	3D MESSAGE	48	00	CD	91	20	59	09	8C	88	67	10	3E	0E	B0	E5	C7	21	FA	E5	C7	26	94	E7	C7	6E	31	E6	C7	7D	C8	34	C8	00	A0	07	42	00	A0	5F	42	00	80	D1	41	00	A0	29	41	00	30	12	42	00	00	00	00	00	00	00	00	00	00	00	00	00	00	00	00	00	00	00	00
1.980	3D DATA	true	-	-	-	-	-117600.1	-117748.3	-118568.3	-117858.9	-185122.0	33.9	55.9	26.2	10.6	36.5	-	-	-	-	-
1.981	3D MESSAGE	48	00	CE	91	20	59	0A	8C	88	67	10	3E	59	AE	E5	C7	A2	F7	E5	C7	11	93	E7	C7	CB	30	E6	C7	A2	C7	34	C8	00	48	15	42	00	98	73	42	00	D0	E2	41	00	00	3E	41	00	E0	1F	42	00	00	00	00	00	00	00	00	00	00	00	00	00	00	00	00	00	00	00	00
1.981	3D DATA	true	-	-	-	-	-117596.7	-117743.3	-118566.1	-117857.6	-185118.5	37.3	60.9	28.4	11.9	40.0	-	-	-	-	-
1.981	3D MESSAGE	48	00	CF	91	20	59	0B	8C	88	67	10	3E	74	AC	E5	C7	D4	F4	E5	C7	E4	91	E7	C7	20	30	E6	C7	B6	C6	34	C8	00	70	24	42	00	04	85	42	00	A0	F5	41	00	60	53	41	00	A0	2E	42	00	00	00	00	00	00	00	00	00	00	00	00	00	00	00	00	00	00	00	00
1.981	3D DATA	true	-	-	-	-	-117592.9	-117737.7	-118563.8	-117856.2	-185114.8	41.1	66.5	30.7	13.2	43.7	-	-	-	-	-
1.982	3D MESSAGE	48	00	D0	91	20	59	0C	8C	88	67	10	3E	5F	AA	E5	C7	B4	F1	E5	C7	98	90	E7	C7	72	2F	E6	C7	BA	C5	34	C8	00	18	35	42	00	84	91	42	00	30	05	42	00	20	69	41	00	60	3E	42	00	00	00	00	00	00	00	00	00	00	00	00	00	00	00	00	00	00	00	00
1.982	3D DATA	true	-	-	-	-	-117588.7	-117731.4	-118561.2	-117854.9	-185110.9	45.3	72.8	33.3	14.6	47.6	-	-	-	-	-
2.011	3D MESSAGE	48	00	D1	91	20	59	0D	8C	88	67	10	3E	1C	A8	E5	C7	3E	EE	E5	C7	29	8F	E7	C7	C2	2E	E6	C7	AA	C4	34	C8	00	30	47	42	00	5C	9F	42	00	A8	10	42	00	20	7F	41	00	60	4F	42	00	00	00	00	00	00	00	00	00	00	00	00	00	00	00	00	00	00	00	00
2.011	3D DATA	true	-	-	-	-	-117584.2	-117724.5	-118558.3	-117853.5	-185106.7	49.8	79.7	36.2	15.9	51.8	-	-	-	-	-
2.012	3D MESSAGE	48	00	D2	91	20	59	0E	8C	88	67	10	3E	AC	A5	E5	C7	74	EA	E5	C7	93	8D	E7	C7	10	2E	E6	C7	87	C3	34	C8	00	B0	5A	42	00	84	AE	42	00	58	1D	42	00	B0	8A	41	00	90	61	42	00	00	00	00	00	00	00	00	00	00	00	00	00	00	00	00	00	00	00	00
2.012	3D DATA	true	-	-	-	-	-117579.3	-117716.9	-118555.1	-117852.1	-185102.1	54.7	87.3	39.3	17.3	56.4	-	-	-	-	-
2.013	3D MESSAGE	48	00	D3	91	20	59	0F	8C	88	67	10	3E	0D	A3	E5	C7	58	E6	E5	C7	D3	8B	E7	C7	59	2D	E6	C7	4E	C2	34	C8	00	A8	6F	42	00	F4	BE	42	00	58	2B	42	00	20	96	41	00	20	75	42	00	00	00	00	00	00	00	00	00	00	00	00	00	00	00	00	00	00	00	00
2.013	3D DATA	true	-	-	-	-	-117574.1	-117708.7	-118551.6	-117850.7	-185097.2	59.9	95.5	42.8	18.8	61.3	-	-	-	-	-
2.014	3D MESSAGE	48	00	D4	91	20	59	10	8C	88	67	10	3E	40	A0	E5	C7	EF	E1	E5	C7	EC	89	E7	C7	9C	2C	E6	C7	FE	C0	34	C8	00	08	83	42	00	98	D0	42	00	90	3A	42	00	F0	A1	41	00	10	85	42	00	00	00	00	00	00	00	00	00	00	00	00	00	00	00	00	00	00	00	00
2.014	3D DATA	true	-	-	-	-	-117568.5	-117699.9	-118547.8	-117849.2	-185092.0	65.5	104.3	46.6	20.2	66.5	-	-	-	-	-
2.014	3D MESSAGE	48	00	D5	91	20	59	11	8C	88	67	10	3E	44	9D	E5	C7	3C	DD	E5	C7	DF	87	E7	C7	D3	2B	E6	C7	94	BF	34	C8	00	F8	8E	42	00	64	E3	42	00	F8	4A	42	00	80	AE	41	00	60	90	42	00	00	00	00	00	00	00	00	00	00	00	00	00	00	00	00	00	00	00	00
2.014	3D DATA	true	-	-	-	-	-117562.5	-117690.5	-118543.7	-117847.6	-185086.3	71.5	113.7	50.7	21.8	72.2	-	-	-	-	-
2.015	3D MESSAGE	48	00	D6	91	20	59	12	8C	88	67	10	3E	15	9A	E5	C7	42	D8	E5	C7	A9	85	E7	C7	FA	2A	E6	C7	08	BE	34	C8	00	B4	9B	42	00	4C	F7	42	00	A8	5C	42	00	10	BC	41	00	C0	9C	42	00	00	00	00	00	00	00	00	00	00	00	00	00	00	00	00	00	00	00	00
2.015	3D DATA	true	-	-	-	-	-117556.2	-117680.5	-118539.3	-117846.0	-185080.1	77.9	123.6	55.2	23.5	78.4	-	-	-	-	-
2.015	3D MESSAGE	48	00	D7	91	20	59	13	8C	88	67	10	3E	B2	96	E5	C7	FF	D2	E5	C7	46	83	E7	C7	0B	2A	E6	C7	55	BC	34	C8	00	40	A9	42	00	2C	06	43	00	C0	6F	42	00	00	CB	41	00	58	AA	42	00	00	00	00	00	00	00	00	00	00	00	00	00	00	00	00	00	00	00	00
2.015	3D DATA	true	-	-	-	-	-117549.4	-117670.0	-118534.5	-117844.1	-185073.3	84.6	134.2	59.9	25.4	85.2	-	-	-	-	-
2.015	3D MESSAGE	48	00	D8	91	20	59	14	8C	88	67	10	3E	1E	93	E5	C7	76	CD	E5	C7	AE	80	E7	C7	02	29	E6	C7	74	BA	34	C8	00	90	B7	42	00	3E	11	43	00	40	82	42	00	90	DB	41	00	60	B9	42	00	00	00	00	00	00	00	00	00	00	00	00	00	00	00	00	00	00	00	00
2.015	3D DATA	true	-	-	-	-	-117542.2	-117658.9	-118529.4	-117842.0	-185065.8	91.8	145.2	65.1	27.4	92.7	-	-	-	-	-
2.041	3D MESSAGE	48	00	D9	91	20	59	15	8C	88	67	10	3E	58	8F	E5	C7	AA	C7	E5	C7	DA	7D	E7	C7	DB	27	E6	C7	62	B8	34	C8	00	A8	C6	42	00	D6	1C	43	00	90	8D	42	00	00	EE	41	00	F0	C9	42	00	00	00	00	00	00	00	00	00	00	00	00	00	00	00	00	00	00	00	00
2.041	3D DATA	true	-	-	-	-	-117534.7	-117647.3	-118523.7	-117839.7	-185057.5	99.3	156.8	70.8	29.8	101.0	-	-	-	-	-
2.042	3D MESSAGE	48	00	DA	91	20	59	16	8C	88	67	10	3E	64	8B	E5	C7	A5	C1	E5	C7	C8	7A	E7	C7	9A	26	E6	C7	1D	B6	34	C8	00	78	D6	42	00	E0	28	43	00	D8	99	42	00	08	01	42	00	18	DC	42	00	00	00	00	00	00	00	00	00	00	00	00	00	00	00	00	00	00	00	00
2.042	3D DATA	true	-	-	-	-	-117526.8	-117635.3	-118517.6	-117837.2	-185048.5	107.2	168.9	76.9	32.3	110.0	-	-	-	-	-
2.042	3D MESSAGE	4E	00	DB	91	30	59	17	8D	00	00	5D	62	78	81	88	67	10	3E	43	87	E5	C7	76	BB	E5	C7	74	77	E7	C7	43	25	E6	C7	AA	B3	34	C8	00	FC	E6	42	00	3E	35	43	00	28	A7	42	00	C0	0B	42	00	B0	EF	42	00	00	00	00	00	00	00	00	00	00	00	00	00	00	00	00	00	00	00	00
2.042	3D DATA	true	-	0	25181	33144	-117518.5	-117622.9	-118510.9	-117834.5	-185038.7	115.5	181.2	83.6	34.9	119.8	-	-	-	-	-
2.044	3D MESSAGE	4E	00	DC	91	30	59	18	8D	00	00	E9	68	2B	7A	88	67	10	3E	F7	82	E5	C7	2F	B5	E5	C7	E1	73	E7	C7	DC	23	E6	C7	0C	B1	34	C8	00	2C	F8	42	00	CC	41	43	00	74	B5	42	00	F8	16	42	00	50	02	43	00	00	00	00	00	00	00	00	00	00	00	00	00	00	00	00	00	00	00	00
2.044	3D DATA	true	-	0	26857	31275	-117509.9	-117610.4	-118503.8	-117831.7	-185028.2	124.1	193.8	90.7	37.7	130.3	-	-	-	-	-
2.044	3D MESSAGE	4E	00	DD	91	30	59	19	8D	00	00	5A	6F	47	73	88	67	10	3E	7B	7E	E5	C7	E0	AE	E5	C7	10	70	E7	C7	67	22	E6	C7	46	AE	34	C8	00	0E	05	43	00	6A	4E	43	00	B8	C4	42	00	A0	22	42	00	68	0D	43	00	00	00	00	00	00	00	00	00	00	00	00	00	00	00	00	00	00	00	00
2.044	3D DATA	true	-	0	28506	29511	-117501.0	-117597.8	-118496.1	-117828.8	-185017.1	133.1	206.4	98.4	40.7	141.4	-	-	-	-	-
2.045	3D MESSAGE	4E	00	DE	91	30	59	1A	8D	00	00	A6	75	C4	6C	88	67	10	3E	CA	79	E5	C7	9A	A8	E5	C7	FE	6B	E7	C7	E3	20	E6	C7	59	AB	34	C8	00	70	0E	43	00	F6	5A	43	00	00	D5	42	00	C0	2E	42	00	1C	19	43	00	00	00	00	00	00	00	00	00	00	00	00	00	00	00	00	00	00	00	00
2.045	3D DATA	true	-	0	30118	27844	-117491.6	-117585.2	-118488.0	-117825.8	-185005.4	142.4	219.0	106.5	43.7	153.1	-	-	-	-	-
2.073	3D MESSAGE	4E	00	DF	91	30	59	1B	8D	00	00	C0	7B	97	66	88	67	10	3E	E0	74	E5	C7	6A	A2	E5	C7	A6	67	E7	C7	49	1F	E6	C7	41	A8	34	C8	00	44	18	43	00	56	67	43	00	60	E6	42	00	90	3B	42	00	7C	25	43	00	00	00	00	00	00	00	00	00	00	00	00	00	00	00	00	00	00	00	00
2.073	3D DATA	true	-	0	31680	26263	-117481.8	-117572.8	-118479.3	-117822.6	-184993.0	152.3	231.3	115.2	46.9	165.5	-	-	-	-	-
2.074	3D MESSAGE	4E	00	E0	91	30	59	1C	8D	00	00	9D	81	BB	60	88	67	10	3E	BE	6F	E5	C7	60	9C	E5	C7	FE	62	E7	C7	90	1D	E6	C7	F9	A4	34	C8	00	88	22	43	00	6A	73	43	00	00	F9	42	00	58	49	42	00	9C	32	43	00	00	00	00	00	00	00	00	00	00	00	00	00	00	00	00	00	00	00	00
2.074	3D DATA	true	-	0	33181	24763	-117471.5	-117560.8	-118470.0	-117819.1	-184979.9	162.5	243.4	124.5	50.3	178.6	-	-	-	-	-
2.074	3D MESSAGE	4E	00	E1	91	30	59	1D	8D	00	00	39	87	2E	5B	88	67	10	3E	6E	6A	E5	C7	90	96	E5	C7	FC	5D	E7	C7	B1	1B	E6	C7	80	A1	34	C8	00	28	2D	43	00	0A	7F	43	00	84	06	43	00	50	58	42	00	80	40	43	00	00	00	00	00	00	00	00	00	00	00	00	00	00	00	00	00	00	00	00
2.074	3D DATA	true	-	0	34617	23342	-117460.9	-117549.1	-118460.0	-117815.4	-184966.0	173.2	255.0	134.5	54.1	192.5	-	-	-	-	-
2.074	3D MESSAGE	4E	00	E2	91	30	59	1E	8D	00	00	92	8C	F5	55	88	67	10	3E	FF	64	E5	C7	18	91	E5	C7	9B	58	E7	C7	AA	19	E6	C7	D6	9D	34	C8	00	06	38	43	00	FD	84	43	00	46	11	43	00	88	68	42	00	28	4F	43	00	00	00	00	00	00	00	00	00	00	00	00	00	00	00	00	00	00	00	00
2.075	3D DATA	true	-	0	35986	22005	-117450.0	-117538.2	-118449.2	-117811.3	-184951.3	184.0	266.0	145.3	58.1	207.2	-	-	-	-	-
2.075	3D MESSAGE	4E	00	E3	91	30	59	1F	8D	00	00	A9	91	1D	51	88	67	10	3E	89	5F	E5	C7	1E	8C	E5	C7	DB	52	E7	C7	82	17	E6	C7	04	9A	34	C8	00	F2	42	43	00	F7	89	43	00	C6	1C	43	00	C8	79	42	00	70	5E	43	00	00	00	00	00	00	00	00	00	00	00	00	00	00	00	00	00	00	00	00
2.075	3D DATA	true	-	0	37289	20765	-117439.1	-117528.2	-118437.7	-117807.0	-184936.1	194.9	275.9	156.8	62.4	222.4	-	-	-	-	-
2.075	3D MESSAGE	4E	00	E4	91	30	59	20	8D	00	00	7B	96	B2	4C	88	67	10	3E	25	5A	E5	C7	CB	87	E5	C7	C3	4C	E7	C7	43	15	E6	C7	13	96	34	C8	00	BA	4D	43	00	4A	8E	43	00	F6	28	43	00	E0	85	42	00	34	6E	43	00	00	00	00	00	00	00	00	00	00	00	00	00	00	00	00	00	00	00	00
2.075	3D DATA	true	-	0	38523	19634	-117428.3	-117519.6	-118425.5	-117802.5	-184920.3	205.7	284.6	169.0	66.9	238.2	-	-	-	-	-
2.104	3D MESSAGE	4E	00	E5	91	30	59	21	8D	F6	00	08	9B	BE	48	88	67	10	3E	EC	54	E5	C7	4B	84	E5	C7	5D	46	E7	C7	FB	12	E6	C7	0F	92	34	C8	00	2C	58	43	00	CA	91	43	00	C2	35	43	00	00	8F	42	00	44	7E	43	00	00	00	00	00	00	00	00	00	00	00	00	00	00	00	00	00	00	00	00
2.104	3D DATA	true	-	246	39688	18622	-117417.8	-117512.6	-118412.7	-117798.0	-184904.2	216.2	291.6	181.8	71.5	254.3	-	-	-	-	-
2.105	3D MESSAGE	52	00	E6	91	32	59	22	8D	00	00	00	08	9D	03	4E	9F	42	45	88	67	10	3E	EE	4F	E5	C7	BF	81	E5	C7	B4	3F	E7	C7	B4	10	E6	C7	03	8E	34	C8	00	28	62	43	00	56	94	43	00	14	43	43	00	1C	98	42	00	3A	87	43	00	00	00	00	00	00	00	00	00	00	00	00	00	00	00	00	00	00	00	00
2.105	3D DATA	true	-	925	40782	17730	-117407.9	-117507.5	-118399.4	-117793.4	-184888.0	226.2	296.7	195.1	76.1	270.5	-	-	-	-	-
2.105	3D MESSAGE	4E	00	E7	91	30	59	23	8D	8A	07	64	A3	3B	42	88	67	10	3E	37	4B	E5	C7	40	80	E5	C7	CF	38	E7	C7	6E	0E	E6	C7	F9	89	34	C8	00	96	6B	43	00	D5	95	43	00	DE	50	43	00	34	A1	42	00	4E	8F	43	00	00	00	00	00	00	00	00	00	00	00	00	00	00	00	00	00	00	00	00
2.105	3D DATA	true	-	1930	41828	16955	-117398.4	-117504.5	-118385.6	-117788.9	-184871.9	235.6	299.7	208.9	80.6	286.6	-	-	-	-	-
2.106	3D MESSAGE	4E	00	E8	91	30	59	24	8D	72	0C	60	A7	9B	3F	88	67	10	3E	CA	46	E5	C7	D3	7F	E5	C7	B3	31	E7	C7	22	0C	E6	C7	F4	85	34	C8	00	70	74	43	00	42	96	43	00	16	5F	43	00	64	AA	42	00	58	97	43	00	00	00	00	00	00	00	00	00	00	00	00	00	00	00	00	00	00	00	00
2.106	3D DATA	true	-	3186	42848	16283	-117389.6	-117503.6	-118371.4	-117784.3	-184855.8	244.4	300.5	223.1	85.2	302.7	-	-	-	-	-
2.107	3D MESSAGE	52	00	E9	91	32	59	25	8D	00	00	00	88	28	12	45	AB	52	3D	88	67	10	3E	A2	42	E5	C7	71	80	E5	C7	5E	2A	E7	C7	C4	09	E6	C7	F9	81	34	C8	00	C0	7C	43	00	A4	95	43	00	C0	6D	43	00	DC	B3	42	00	4E	9F	43	00	00	00	00	00	00	00	00	00	00	00	00	00	00	00	00	00	00	00	00
2.107	3D DATA	true	-	4648	43845	15698	-117381.3	-117504.9	-118356.7	-117779.5	-184839.9	252.8	299.3	237.8	89.9	318.6	-	-	-	-	-
2.107	3D MESSAGE	4E	00	EA	91	30	59	26	8D	94	18	05	AF	4E	3B	88	67	10	3E	B8	3E	E5	C7	06	82	E5	C7	CC	22	E7	C7	43	07	E6	C7	09	7E	34	C8	00	4A	82	43	00	0F	94	43	00	E4	7C	43	00	E0	BD	42	00	2E	A7	43	00	00	00	00	00	00	00	00	00	00	00	00	00	00	00	00	00	00	00	00
2.107	3D DATA	true	-	6292	44805	15182	-117373.4	-117508.0	-118341.6	-117774.5	-184824.1	260.6	296.1	252.9	94.9	334.4	-	-	-	-	-
2.135	3D MESSAGE	4E	00	EB	91	30	59	27	8D	A7	1F	87	B2	7D	39	88	67	10	3E	01	3B	E5	C7	75	84	E5	C7	FB	1A	E7	C7	8F	04	E6	C7	26	7A	34	C8	00	01	86	43	00	A0	91	43	00	43	86	43	00	B0	C8	42	00	F4	AE	43	00	00	00	00	00	00	00	00	00	00	00	00	00	00	00	00	00	00	00	00
2.135	3D DATA	true	-	8103	45703	14717	-117366.0	-117512.9	-118326.0	-117769.1	-184808.6	268.0	291.2	268.5	100.3	349.9	-	-	-	-	-
2.136	3D MESSAGE	4E	00	EC	91	30	59	28	8D	55	27	B6	B5	CF	37	88	67	10	3E	77	37	E5	C7	9F	87	E5	C7	EE	12	E7	C7	9E	01	E6	C7	53	76	34	C8	00	8B	89	43	00	76	8E	43	00	50	8E	43	00	74	D4	42	00	9A	B6	43	00	00	00	00	00	00	00	00	00	00	00	00	00	00	00	00	00	00	00	00
2.136	3D DATA	true	-	10069	46518	14287	-117358.9	-117519.2	-118309.9	-117763.2	-184793.3	275.1	284.9	284.6	106.2	365.2	-	-	-	-	-
2.136	3D MESSAGE	4E	00	ED	91	30	59	29	8D	85	2F	88	B8	3C	36	E8	FA	D4	40	17	34	E5	C7	65	8B	E5	C7	AE	0A	E7	C7	6A	FE	E5	C7	96	72	34	C8	00	EB	8C	43	00	B0	8A	43	00	90	96	43	00	44	E1	42	00	14	BE	43	00	00	00	00	00	00	00	00	00	00	00	00	00	00	00	00	00	00	00	00
2.136	3D DATA	true	-	12165	47240	13884	-117352.2	-117526.8	-118293.4	-117756.8	-184778.3	281.8	277.4	301.1	112.6	380.2	-	-	-	-	-
2.136	3D MESSAGE	4E	00	EE	91	30	59	2A	8D	11	38	FB	BA	BE	34	E8	FA	D4	40	E4	30	E5	C7	AC	8F	E5	C7	50	02	E7	C7	F5	FA	E5	C7	F6	6E	34	C8	00	1E	90	43	00	69	86	43	00	EE	9E	43	00	18	EF	42	00	54	C5	43	00	00	00	00	00	00	00	00	00	00	00	00	00	00	00	00	00	00	00	00
2.136	3D DATA	true	-	14353	47867	13502	-117345.8	-117535.3	-118276.6	-117749.9	-184763.8	288.2	268.8	317.9	119.5	394.7	-	-	-	-	-
2.137	3D MESSAGE	4E	00	EF	91	30	59	2B	8D	C2	40	13	BD	56	33	E8	FA	D4	40	E4	2D	E5	C7	5A	94	E5	C7	EC	F9	E6	C7	42	F7	E5	C7	7C	6B	34	C8	00	1E	93	43	00	BB	81	43	00	52	A7	43	00	E4	FD	42	00	48	CC	43	00	00	00	00	00	00	00	00	00	00	00	00	00	00	00	00	00	00	00	00
2.137	3D DATA	true	-	16578	48403	13142	-117339.8	-117544.7	-118259.8	-117742.5	-184749.9	294.2	259.5	334.6	126.9	408.6	-	-	-	-	-
2.137	3D MESSAGE	4E	00	F0	91	30	59	2C	8D	59	49	DA	BE	06	32	E8	FA	D4	40	23	2B	E5	C7	59	99	E5	C7	A4	F1	E6	C7	57	F3	E5	C7	30	68	34	C8	00	DF	95	43	00	78	79	43	00	9A	AF	43	00	C8	06	43	00	E0	D2	43	00	00	00	00	00	00	00	00	00	00	00	00	00	00	00	00	00	00	00	00
2.137	3D DATA	true	-	18777	48858	12806	-117334.3	-117554.7	-118243.3	-117734.7	-184736.8	299.7	249.5	351.2	134.8	421.8	-	-	-	-	-
2.167	3D MESSAGE	4E	00	F1	91	30	59	2D	8D	9D	51	5B	C0	CF	30	E8	FA	D4	40	AE	28	E5	C7	94	9E	E5	C7	95	E9	E6	C7	3A	EF	E5	C7	1B	65	34	C8	00	54	98	43	00	02	6F	43	00	A9	B7	43	00	02	0F	43	00	0A	D9	43	00	00	00	00	00	00	00	00	00	00	00	00	00	00	00	00	00	00	00	00
2.167	3D DATA	true	-	20893	49243	12495	-117329.4	-117565.2	-118227.2	-117726.5	-184724.4	304.7	239.0	367.3	143.0	434.1	-	-	-	-	-
2.167	3D MESSAGE	4E	00	F2	91	30	59	2E	8D	69	59	A3	C1	B5	2F	E8	FA	D4	40	91	26	E5	C7	F9	A3	E5	C7	DD	E1	E6	C7	EF	EA	E5	C7	47	62	34	C8	00	71	9A	43	00	38	64	43	00	61	BF	43	00	98	17	43	00	B2	DE	43	00	00	00	00	00	00	00	00	00	00	00	00	00	00	00	00	00	00	00	00
2.167	3D DATA	true	-	22889	49571	12213	-117325.1	-117575.9	-118211.7	-117717.9	-184713.1	308.9	228.2	382.8	151.6	445.4	-	-	-	-	-
2.167	3D MESSAGE	4E	00	F3	91	30	59	2F	8D	B4	60	C2	C2	B4	2E	E8	FA	D4	40	D5	24	E5	C7	72	A9	E5	C7	92	DA	E6	C7	76	E6	E5	C7	BB	5F	34	C8	00	2D	9C	43	00	46	59	43	00	AC	C6	43	00	8A	20	43	00	CA	E3	43	00	00	00	00	00	00	00	00	00	00	00	00	00	00	00	00	00	00	00	00
2.168	3D DATA	true	-	24756	49858	11956	-117321.7	-117586.9	-118197.1	-117708.9	-184702.9	312.4	217.3	397.3	160.5	455.6	-	-	-	-	-
2.169	3D MESSAGE	4E	00	F4	91	30	59	30	8D	87	67	C3	C3	CD	2D	E8	FA	D4	40	80	23	E5	C7	EE	AE	E5	C7	C5	D3	E6	C7	D1	E1	E5	C7	7C	5D	34	C8	00	82	9D	43	00	4E	4E	43	00	79	CD	43	00	D4	29	43	00	48	E8	43	00	00	00	00	00	00	00	00	00	00	00	00	00	00	00	00	00	00	00	00
2.169	3D DATA	true	-	26503	50115	11725	-117319.0	-117597.9	-118183.5	-117699.6	-184693.9	315.0	206.3	410.9	169.8	464.6	-	-	-	-	-
2.170	3D MESSAGE	4E	00	F5	91	30	59	31	8D	F8	6D	B1	C4	FB	2C	E8	FA	D4	40	96	22	E5	C7	58	B4	E5	C7	80	CD	E6	C7	FB	DC	E5	C7	8C	5B	34	C8	00	6C	9E	43	00	7A	43	43	00	BE	D3	43	00	80	33	43	00	28	EC	43	00	00	00	00	00	00	00	00	00	00	00	00	00	00	00	00	00	00	00	00
2.170	3D DATA	true	-	28152	50353	11515	-117317.2	-117608.7	-118171.0	-117690.0	-184686.2	316.8	195.5	423.5	179.5	472.3	-	-	-	-	-
2.170	3D MESSAGE	52	00	F6	91	32	59	32	8D	00	00	00	A8	1F	74	94	C5	3B	2C	E8	FA	D4	40	17	22	E5	C7	A2	B9	E5	C7	CC	C7	E6	C7	F0	D7	E5	C7	EE	59	34	C8	00	EB	9E	43	00	E6	38	43	00	72	D9	43	00	96	3D	43	00	64	EF	43	00	00	00	00	00	00	00	00	00	00	00	00	00	00	00	00	00	00	00	00
2.170	3D DATA	true	-	29727	50580	11323	-117316.2	-117619.3	-118159.6	-117679.9	-184679.7	317.8	184.9	434.9	189.6	478.8	-	-	-	-	-
2.171	3D MESSAGE	4E	00	F7	91	30	59	33	8D	0E	7A	72	C6	87	2B	E8	FA	D4	40	FE	21	E5	C7	B9	BE	E5	C7	A7	C2	E6	C7	AB	D2	E5	C7	9E	58	34	C8	00	04	9F	43	00	B8	2E	43	00	97	DE	43	00	20	48	43	00	04	F2	43	00	00	00	00	00	00	00	00	00	00	00	00	00	00	00	00	00	00	00	00
2.171	3D DATA	true	-	31246	50802	11143	-117316.0	-117629.4	-118149.3	-117669.3	-184674.5	318.0	174.7	445.2	200.1	484.0	-	-	-	-	-
2.197	3D MESSAGE	4E	00	F8	91	30	59	34	8D	D1	7F	4F	C7	DA	2A	E8	FA	D4	40	46	22	E5	C7	92	C3	E5	C7	12	BE	E6	C7	24	CD	E5	C7	9C	57	34	C8	00	BC	9E	43	00	06	25	43	00	2C	E3	43	00	2E	53	43	00	08	F4	43	00	00	00	00	00	00	00	00	00	00	00	00	00	00	00	00	00	00	00	00
2.197	3D DATA	true	-	32721	51023	10970	-117316.5	-117639.1	-118140.1	-117658.3	-184670.4	317.5	165.0	454.3	211.2	488.1	-	-	-	-	-
2.198	3D MESSAGE	4E	00	F9	91	30	59	35	8D	70	85	2E	C8	2F	2A	E8	FA	D4	40	E9	22	E5	C7	1E	C8	E5	C7	09	BA	E6	C7	54	C7	E5	C7	E5	56	34	C8	00	19	9E	43	00	EE	1B	43	00	35	E7	43	00	CE	5E	43	00	76	F5	43	00	00	00	00	00	00	00	00	00	00	00	00	00	00	00	00	00	00	00	00
2.198	3D DATA	true	-	34160	51246	10799	-117317.8	-117648.2	-118132.1	-117646.7	-184667.6	316.2	155.9	462.4	222.8	490.9	-	-	-	-	-
2.198	3D MESSAGE	4E	00	FA	91	30	59	36	8D	EC	8A	11	C9	81	29	E8	FA	D4	40	DE	23	E5	C7	58	CC	E5	C7	8C	B6	E6	C7	37	C1	E5	C7	76	56	34	C8	00	24	9D	43	00	7A	13	43	00	B2	EA	43	00	08	6B	43	00	54	F6	43	00	00	00	00	00	00	00	00	00	00	00	00	00	00	00	00	00	00	00	00
2.198	3D DATA	true	-	35564	51473	10625	-117319.7	-117656.7	-118125.1	-117634.4	-184665.8	314.3	147.5	469.4	235.0	492.7	-	-	-	-	-
2.200	3D MESSAGE	4E	00	FB	91	30	59	37	8D	44	90	F9	C9	CE	28	E8	FA	D4	40	20	25	E5	C7	3D	D0	E5	C7	9A	B3	E6	C7	CC	BA	E5	C7	51	56	34	C8	00	E2	9B	43	00	B0	0B	43	00	A4	ED	43	00	DE	77	43	00	9E	F6	43	00	00	00	00	00	00	00	00	00	00	00	00	00	00	00	00	00	00	00	00
2.200	3D DATA	true	-	36932	51705	10446	-117322.2	-117664.5	-118119.2	-117621.6	-184665.3	311.8	139.7	475.3	247.9	493.2	-	-	-	-	-
2.200	3D MESSAGE	4E	00	FC	91	30	59	38	8D	76	95	E7	CA	17	28	E8	FA	D4	40	AF	26	E5	C7	CF	D3	E5	C7	36	B1	E6	C7	14	B4	E5	C7	74	56	34	C8	00	53	9A	43	00	8C	04	43	00	08	F0	43	00	A7	82	43	00	58	F6	43	00	00	00	00	00	00	00	00	00	00	00	00	00	00	00	00	00	00	00	00
2.200	3D DATA	true	-	38262	51943	10263	-117325.4	-117671.6	-118114.4	-117608.2	-184665.8	308.6	132.5	480.1	261.3	492.7	-	-	-	-	-
2.230	3D MESSAGE	4E	00	FD	91	30	59	39	8D	81	9A	DD	CB	60	27	E8	FA	D4	40	8A	28	E5	C7	16	D7	E5	C7	64	AF	E6	C7	17	AD	E5	C7	DE	56	34	C8	00	78	98	43	00	FC	FB	42	00	DA	F1	43	00	A4	89	43	00	84	F5	43	00	00	00	00	00	00	00	00	00	00	00	00	00	00	00	00	00	00	00	00
2.230	3D DATA	true	-	39553	52189	10080	-117329.1	-117678.2	-118110.8	-117594.2	-184667.5	304.9	126.0	483.7	275.3	491.0	-	-	-	-	-
2.230	3D MESSAGE	4E	00	FE	91	30	59	3A	8D	65	9F	DD	CC	AD	26	E8	FA	D4	40	B2	2A	E5	C7	1B	DA	E5	C7	2B	AE	E6	C7	DA	A5	E5	C7	8F	57	34	C8	00	50	96	43	00	E8	EF	42	00	13	F3	43	00	E1	90	43	00	22	F4	43	00	00	00	00	00	00	00	00	00	00	00	00	00	00	00	00	00	00	00	00
2.230	3D DATA	true	-	40805	52445	9901	-117333.4	-117684.2	-118108.3	-117579.7	-184670.2	300.6	120.0	486.1	289.8	488.3	-	-	-	-	-
2.231	3D MESSAGE	4E	00	FF	91	30	59	3B	8D	24	A4	E9	CD	04	26	E8	FA	D4	40	28	2D	E5	C7	E8	DC	E5	C7	8E	AD	E6	C7	62	9E	E5	C7	86	58	34	C8	00	DA	93	43	00	B4	E4	42	00	B0	F3	43	00	59	98	43	00	34	F2	43	00	00	00	00	00	00	00	00	00	00	00	00	00	00	00	00	00	00	00	00
2.231	3D DATA	true	-	42020	52713	9732	-117338.3	-117689.8	-118107.1	-117564.8	-184674.1	295.7	114.4	487.4	304.7	484.4	-	-	-	-	-
2.231	3D MESSAGE	4E	00	00	91	30	59	3C	8D	C3	A8	03	CF	68	25	E8	FA	D4	40	E8	2F	E5	C7	86	DF	E5	C7	93	AD	E6	C7	B2	96	E5	C7	C0	59	34	C8	00	1A	91	43	00	3C	DA	42	00	AB	F3	43	00	09	A0	43	00	C0	EF	43	00	00	00	00	00	00	00	00	00	00	00	00	00	00	00	00	00	00	00	00
2.231	3D DATA	true	-	43203	52995	9576	-117343.8	-117695.0	-118107.1	-117549.4	-184679.0	290.2	109.1	487.3	320.1	479.5	-	-	-	-	-
2.232	3D MESSAGE	4E	00	01	91	30	59	3D	8D	46	AD	2F	D0	D9	24	E8	FA	D4	40	F0	32	E5	C7	FE	E1	E5	C7	39	AE	E6	C7	D0	8E	E5	C7	3F	5B	34	C8	00	12	8E	43	00	5C	D0	42	00	05	F3	43	00	EB	A7	43	00	C2	EC	43	00	00	00	00	00	00	00	00	00	00	00	00	00	00	00	00	00	00	00	00
2.232	3D DATA	true	-	44358	53295	9433	-117349.9	-117700.0	-118108.4	-117533.6	-184685.0	284.1	104.2	486.0	335.8	473.5	-	-	-	-	-
2.232	3D MESSAGE	4E	00	02	91	30	59	3E	8D	B4	B1	6D	D1	57	24	E8	FA	D4	40	3C	36	E5	C7	58	E4	E5	C7	81	AF	E6	C7	BE	86	E5	C7	08	5D	34	C8	00	C6	8A	43	00	F4	C6	42	00	BD	F1	43	00	FD	AF	43	00	30	E9	43	00	00	00	00	00	00	00	00	00	00	00	00	00	00	00	00	00	00	00	00
2.232	3D DATA	true	-	45492	53613	9303	-117356.5	-117704.7	-118111.0	-117517.5	-184692.1	277.5	99.5	483.5	352.0	466.4	-	-	-	-	-
2.232	3D MESSAGE	4E	00	03	91	30	59	3F	8D	16	B6	C2	D2	E3	23	E8	FA	D4	40	CA	39	E5	C7	9D	E6	E5	C7	6D	B1	E6	C7	85	7E	E5	C7	20	5F	34	C8	00	38	87	43	00	E0	BD	42	00	D1	EF	43	00	36	B8	43	00	00	E5	43	00	00	00	00	00	00	00	00	00	00	00	00	00	00	00	00	00	00	00	00
2.232	3D DATA	true	-	46614	53954	9187	-117363.6	-117709.2	-118114.9	-117501.0	-184700.5	270.4	94.9	479.6	368.4	458.0	-	-	-	-	-
2.259	3D MESSAGE	4E	00	04	91	30	59	40	8D	72	BA	32	D4	81	23	E8	FA	D4	40	9A	3D	E5	C7	D6	E8	E5	C7	FF	B3	E6	C7	30	76	E5	C7	90	61	34	C8	00	68	83	43	00	FC	B4	42	00	3F	ED	43	00	8B	C0	43	00	20	E0	43	00	00	00	00	00	00	00	00	00	00	00	00	00	00	00	00	00	00	00	00
2.259	3D DATA	true	-	47730	54322	9089	-117371.2	-117713.7	-118120.0	-117484.4	-184710.2	262.8	90.5	474.5	385.1	448.2	-	-	-	-	-
2.260	3D MESSAGE	4E	00	05	91	30	59	41	8D	D5	BE	C0	D5	31	23	E8	FA	D4	40	AC	41	E5	C7	0A	EB	E5	C7	3C	B7	E6	C7	D2	6D	E5	C7	5C	64	34	C8	00	AC	7E	43	00	2C	AC	42	00	02	EA	43	00	E9	C8	43	00	88	DA	43	00	00	00	00	00	00	00	00	00	00	00	00	00	00	00	00	00	00	00	00
2.260	3D DATA	true	-	48853	54720	9009	-117379.3	-117718.1	-118126.5	-117467.6	-184721.4	254.7	86.1	468.0	401.8	437.1	-	-	-	-	-
2.260	3D MESSAGE	4E	00	06	91	30	59	42	8D	46	C3	72	D7	F8	22	E8	FA	D4	40	FE	45	E5	C7	3C	ED	E5	C7	27	BB	E6	C7	80	65	E5	C7	86	67	34	C8	00	08	76	43	00	64	A3	42	00	17	E6	43	00	3B	D1	43	00	34	D4	43	00	00	00	00	00	00	00	00	00	00	00	00	00	00	00	00	00	00	00	00
2.260	3D DATA	true	-	49990	55154	8952	-117388.0	-117722.5	-118134.3	-117451.0	-184734.1	246.0	81.7	460.2	418.5	424.4	-	-	-	-	-
2.261	3D MESSAGE	4E	00	07	91	30	59	43	8D	D2	C7	4E	D9	D4	22	E8	FA	D4	40	8A	4A	E5	C7	6A	EF	E5	C7	C6	BF	E6	C7	57	5D	E5	C7	07	6B	34	C8	00	F0	6C	43	00	AC	9A	42	00	78	E1	43	00	64	D9	43	00	32	CD	43	00	00	00	00	00	00	00	00	00	00	00	00	00	00	00	00	00	00	00	00
2.261	3D DATA	true	-	51154	55630	8916	-117397.1	-117726.8	-118143.5	-117434.7	-184748.1	236.9	77.3	450.9	434.8	410.4	-	-	-	-	-
2.261	3D MESSAGE	4E	00	08	91	30	59	44	8D	82	CC	56	DB	C6	22	E8	FA	D4	40	42	4F	E5	C7	8E	F1	E5	C7	19	C5	E6	C7	75	55	E5	C7	D5	6E	34	C8	00	80	63	43	00	1C	92	42	00	25	DC	43	00	46	E1	43	00	96	C5	43	00	00	00	00	00	00	00	00	00	00	00	00	00	00	00	00	00	00	00	00
2.261	3D DATA	true	-	52354	56150	8902	-117406.5	-117731.1	-118154.2	-117418.9	-184763.3	227.5	73.1	440.3	450.5	395.2	-	-	-	-	-
2.262	3D MESSAGE	4E	00	09	91	30	59	45	8D	5D	D1	8D	DD	CB	22	E8	FA	D4	40	14	54	E5	C7	9C	F3	E5	C7	20	CB	E6	C7	02	4E	E5	C7	DF	72	34	C8	00	DC	59	43	00	E4	89	42	00	1E	D6	43	00	B9	E8	43	00	82	BD	43	00	00	00	00	00	00	00	00	00	00	00	00	00	00	00	00	00	00	00	00
2.262	3D DATA	true	-	53597	56717	8907	-117416.2	-117735.2	-118166.2	-117404.0	-184779.5	217.9	68.9	428.2	465.4	379.0	-	-	-	-	-
2.291	3D MESSAGE	4E	00	0A	91	30	59	46	8D	6B	D6	F0	DF	E1	22	E8	FA	D4	40	EC	58	E5	C7	8C	F5	E5	C7	D8	D1	E6	C7	28	47	E5	C7	16	77	34	C8	00	2C	50	43	00	24	82	42	00	66	CF	43	00	93	EF	43	00	14	B5	43	00	00	00	00	00	00	00	00	00	00	00	00	00	00	00	00	00	00	00	00
2.291	3D DATA	true	-	54891	57328	8929	-117425.8	-117739.1	-118179.7	-117390.3	-184796.3	208.2	65.1	414.8	479.1	362.2	-	-	-	-	-
2.303	3D MESSAGE	4E	00	0B	91	30	59	47	8D	B1	DB	79	E2	0D	23	E8	FA	D4	40	B8	5D	E5	C7	56	F7	E5	C7	3B	D9	E6	C7	1C	41	E5	C7	6A	7B	34	C8	00	94	46	43	00	F8	75	42	00	03	C8	43	00	9F	F5	43	00	6C	AC	43	00	00	00	00	00	00	00	00	00	00	00	00	00	00	00	00	00	00	00	00
2.303	3D DATA	true	-	56241	57977	8973	-117435.4	-117742.7	-118194.5	-117378.2	-184813.7	198.6	61.5	400.0	491.2	344.8	-	-	-	-	-
2.304	3D MESSAGE	4E	00	0C	91	30	59	48	8D	2F	E1	1E	E5	5C	23	E8	FA	D4	40	6A	62	E5	C7	F7	F8	E5	C7	3D	E1	E6	C7	18	3C	E5	C7	D0	7F	34	C8	00	30	3D	43	00	F0	68	42	00	01	C0	43	00	A3	FA	43	00	A0	A3	43	00	00	00	00	00	00	00	00	00	00	00	00	00	00	00	00	00	00	00	00
2.304	3D DATA	true	-	57647	58654	9052	-117444.8	-117745.9	-118210.5	-117368.2	-184831.2	189.2	58.2	384.0	501.3	327.2	-	-	-	-	-
2.304	3D MESSAGE	4E	00	0D	91	30	59	49	8D	E7	E6	D3	E7	01	24	E8	FA	D4	40	FE	66	E5	C7	76	FA	E5	C7	D1	E9	E6	C7	58	38	E5	C7	40	84	34	C8	00	08	34	43	00	F8	5C	42	00	6D	B7	43	00	63	FE	43	00	C0	9A	43	00	00	00	00	00	00	00	00	00	00	00	00	00	00	00	00	00	00	00	00
2.305	3D DATA	true	-	59111	59347	9217	-117454.0	-117748.9	-118227.6	-117360.7	-184849.0	180.0	55.2	366.9	508.8	309.5	-	-	-	-	-
2.305	3D MESSAGE	4E	00	0E	91	30	59	4A	8D	D6	EC	8C	EA	78	25	E8	FA	D4	40	72	6B	E5	C7	D8	FB	E5	C7	E4	F2	E6	C7	11	36	E5	C7	B2	88	34	C8	00	20	2B	43	00	E8	51	42	00	5A	AE	43	00	55	00	44	00	DC	91	43	00	00	00	00	00	00	00	00	00	00	00	00	00	00	00	00	00	00	00	00
2.305	3D DATA	true	-	60630	60044	9592	-117462.9	-117751.7	-118245.8	-117356.1	-184866.8	171.1	52.5	348.7	513.3	291.7	-	-	-	-	-
2.305	3D MESSAGE	4E	00	0F	91	30	59	4B	8D	FB	F2	3F	ED	E1	27	E8	FA	D4	40	CA	6F	E5	C7	2A	FD	E5	C7	5C	FC	E6	C7	72	35	E5	C7	22	8D	34	C8	00	70	22	43	00	58	47	42	00	E2	A4	43	80	A4	00	44	00	FC	88	43	00	00	00	00	00	00	00	00	00	00	00	00	00	00	00	00	00	00	00	00
2.305	3D DATA	true	-	62203	60735	10209	-117471.6	-117754.3	-118264.7	-117354.9	-184884.5	162.4	49.8	329.8	514.6	274.0	-	-	-	-	-
2.306	3D MESSAGE	4E	00	10	91	30	59	4C	8D	55	F9	E5	EF	41	2A	E8	FA	D4	40	0C	74	E5	C7	75	FE	E5	C7	1E	06	E7	C7	96	36	E5	C7	88	91	34	C8	00	EC	19	43	00	00	3D	42	00	20	9B	43	80	12	00	44	00	30	80	43	00	00	00	00	00	00	00	00	00	00	00	00	00	00	00	00	00	00	00	00
2.306	3D DATA	true	-	63829	61413	10817	-117480.1	-117756.9	-118284.2	-117357.2	-184902.1	153.9	47.2	310.2	512.3	256.4	-	-	-	-	-
2.307	3D MESSAGE	4E	00	11	91	30	59	4D	8D	E6	FF	76	F2	B7	2C	E8	FA	D4	40	38	78	E5	C7	C1	FF	E5	C7	09	10	E7	C7	88	39	E5	C7	DA	95	34	C8	00	94	11	43	00	A0	32	42	00	35	91	43	00	33	FD	43	00	18	6F	43	00	00	00	00	00	00	00	00	00	00	00	00	00	00	00	00	00	00	00	00
2.307	3D DATA	true	-	65510	62070	11447	-117488.4	-117759.5	-118304.1	-117363.1	-184919.4	145.6	44.7	290.4	506.4	239.1	-	-	-	-	-
2.307	3D MESSAGE	4E	00	12	91	30	59	4E	8D	FE	FF	ED	F4	9B	2F	E8	FA	D4	40	4C	7C	E5	C7	10	01	E6	C7	FC	19	E7	C7	42	3E	E5	C7	0E	9A	34	C8	00	6C	09	43	00	28	28	42	00	42	87	43	00	79	F8	43	00	48	5E	43	00	00	00	00	00	00	00	00	00	00	00	00	00	00	00	00	00	00	00	00
2.307	3D DATA	true	-	65534	62701	12187	-117496.6	-117762.1	-118324.0	-117372.5	-184936.2	137.4	42.0	270.5	496.9	222.3	-	-	-	-	-
2.324	3D MESSAGE	4E	00	13	91	30	59	4F	8D	FE	FF	CC	F6	0A	33	E8	FA	D4	40	45	80	E5	C7	5F	02	E6	C7	D8	23	E7	C7	AB	44	E5	C7	19	9E	34	C8	00	7A	01	43	00	B0	1D	42	00	CC	7A	43	00	10	F2	43	00	1C	4E	43	00	00	00	00	00	00	00	00	00	00	00	00	00	00	00	00	00	00	00	00
2.324	3D DATA	true	-	65534	63180	13066	-117504.5	-117764.7	-118343.7	-117385.3	-184952.4	129.5	39.4	250.8	484.1	206.1	-	-	-	-	-
2.324	3D MESSAGE	4E	00	14	91	30	59	50	8D	FE	FF	4C	F8	FD	36	E8	FA	D4	40	1C	84	E5	C7	A9	03	E6	C7	81	2D	E7	C7	A2	4C	E5	C7	F2	A1	34	C8	00	98	F3	42	00	60	13	42	00	7A	67	43	00	19	EA	43	00	B8	3E	43	00	00	00	00	00	00	00	00	00	00	00	00	00	00	00	00	00	00	00	00
2.325	3D DATA	true	-	65534	63564	14077	-117512.2	-117767.3	-118363.0	-117401.3	-184967.8	121.8	36.8	231.5	468.2	190.7	-	-	-	-	-
2.325	3D MESSAGE	4E	00	15	91	30	59	51	8D	FE	FF	84	F9	74	3B	60	04	85	40	CF	87	E5	C7	E8	04	E6	C7	DE	36	E7	C7	FD	55	E5	C7	91	A5	34	C8	00	CC	E4	42	00	68	09	42	00	C0	54	43	00	BE	E0	43	00	3C	30	43	00	00	00	00	00	00	00	00	00	00	00	00	00	00	00	00	00	00	00	00
2.325	3D DATA	true	-	65534	63876	15220	-117519.6	-117769.8	-118381.7	-117420.0	-184982.3	114.4	34.4	212.8	449.5	176.2	-	-	-	-	-
2.354	3D MESSAGE	4E	00	16	91	30	59	52	8D	FE	FF	82	FA	71	40	60	04	85	40	5B	8B	E5	C7	14	06	E6	C7	DA	3F	E7	C7	88	60	E5	C7	F3	A8	34	C8	00	9C	D6	42	00	08	00	42	00	C8	42	43	00	33	D6	43	00	B4	22	43	00	00	00	00	00	00	00	00	00	00	00	00	00	00	00	00	00	00	00	00
2.354	3D DATA	true	-	65534	64130	16497	-117526.7	-117772.2	-118399.7	-117441.1	-184995.8	107.3	32.0	194.8	428.4	162.7	-	-	-	-	-
2.355	3D MESSAGE	4E	00	17	91	30	59	53	8D	FE	FF	4C	FB	FB	45	60	04	85	40	C1	8E	E5	C7	27	07	E6	C7	63	48	E7	C7	0A	6C	E5	C7	17	AC	34	C8	00	04	C9	42	00	E0	EE	41	00	B6	31	43	00	B1	CA	43	00	24	16	43	00	00	00	00	00	00	00	00	00	00	00	00	00	00	00	00	00	00	00	00
2.355	3D DATA	true	-	65534	64332	17915	-117533.5	-117774.3	-118416.8	-117464.1	-185008.4	100.5	29.9	177.7	405.4	150.1	-	-	-	-	-
2.355	3D MESSAGE	4E	00	18	91	30	59	54	8D	FE	FF	E7	FB	10	4C	60	04	85	40	03	92	E5	C7	1E	08	E6	C7	69	50	E7	C7	40	78	E5	C7	FE	AE	34	C8	00	FC	BB	42	00	70	DF	41	00	AA	21	43	00	7B	BE	43	00	88	0A	43	00	00	00	00	00	00	00	00	00	00	00	00	00	00	00	00	00	00	00	00
2.355	3D DATA	true	-	65534	64487	19472	-117540.0	-117776.2	-118432.8	-117488.5	-185020.0	94.0	27.9	161.7	381.0	138.5	-	-	-	-	-
2.355	3D MESSAGE	4E	00	19	91	30	59	55	8D	FE	FF	58	FC	AF	52	60	04	85	40	22	95	E5	C7	F6	08	E6	C7	DE	57	E7	C7	E4	84	E5	C7	AA	B1	34	C8	00	80	AF	42	00	F0	D1	41	00	C0	12	43	00	D7	B1	43	00	B0	FF	42	00	00	00	00	00	00	00	00	00	00	00	00	00	00	00	00	00	00	00	00
2.355	3D DATA	true	-	65534	64600	21167	-117546.3	-117777.9	-118447.7	-117513.8	-185030.7	87.8	26.2	146.8	355.7	127.8	-	-	-	-	-
2.355	3D MESSAGE	4E	00	1A	91	30	59	56	8D	FE	FF	A7	FC	CD	59	60	04	85	40	1E	98	E5	C7	AF	09	E6	C7	B8	5E	E7	C7	AC	91	E5	C7	1C	B4	34	C8	00	90	A3	42	00	60	C6	41	00	0C	05	43	00	0F	A5	43	00	20	EC	42	00	00	00	00	00	00	00	00	00	00	00	00	00	00	00	00	00	00	00	00
2.355	3D DATA	true	-	65534	64679	22989	-117552.2	-117779.4	-118461.4	-117539.3	-185040.4	81.8	24.8	133.0	330.1	118.1	-	-	-	-	-
2.355	3D MESSAGE	4E	00	1B	91	30	59	57	8D	FE	FF	D7	FC	5C	61	60	04	85	40	F0	9A	E5	C7	4A	0A	E6	C7	F4	64	E7	C7	50	9E	E5	C7	55	B6	34	C8	00	48	98	42	00	B0	BC	41	00	28	F1	42	00	6B	98	43	00	58	DA	42	00	00	00	00	00	00	00	00	00	00	00	00	00	00	00	00	00	00	00	00
2.355	3D DATA	true	-	65534	64727	24924	-117557.9	-117780.6	-118473.9	-117564.6	-185049.3	76.1	23.6	120.6	304.8	109.2	-	-	-	-	-
2.363	3D MESSAGE	4E	00	1C	91	30	59	58	8D	FE	FF	EC	FC	47	69	60	04	85	40	93	9D	E5	C7	C9	0A	E6	C7	91	6A	E7	C7	90	AA	E5	C7	57	B8	34	C8	00	BC	8D	42	00	C0	B4	41	00	B4	DA	42	00	2B	8C	43	00	48	CA	42	00	00	00	00	00	00	00	00	00	00	00	00	00	00	00	00	00	00	00	00
2.363	3D DATA	true	-	65534	64748	26951	-117563.1	-117781.6	-118485.1	-117589.1	-185057.4	70.9	22.6	109.4	280.3	101.1	-	-	-	-	-
2.363	3D MESSAGE	4E	00	1D	91	30	59	59	8D	FE	FF	EA	FC	76	71	60	04	85	40	FF	9F	E5	C7	32	0B	E6	C7	9A	6F	E7	C7	3A	B6	E5	C7	26	BA	34	C8	00	0C	84	42	00	30	AE	41	00	90	C6	42	00	81	80	43	00	D0	BB	42	00	00	00	00	00	00	00	00	00	00	00	00	00	00	00	00	00	00	00	00
2.363	3D DATA	true	-	65534	64746	29046	-117568.0	-117782.4	-118495.2	-117612.5	-185064.6	66.0	21.8	99.3	257.0	93.9	-	-	-	-	-
2.366	3D MESSAGE	4E	00	1E	91	30	59	5A	8D	FE	FF	D3	FC	D2	79	60	04	85	40	31	A2	E5	C7	8A	0B	E6	C7	1B	74	E7	C7	28	C1	E5	C7	C8	BB	34	C8	00	88	76	42	00	B0	A8	41	00	8C	B4	42	00	26	6B	43	00	C0	AE	42	00	00	00	00	00	00	00	00	00	00	00	00	00	00	00	00	00	00	00	00
2.366	3D DATA	true	-	65534	64723	31186	-117572.4	-117783.1	-118504.2	-117634.3	-185071.1	61.6	21.1	90.3	235.1	87.4	-	-	-	-	-
2.385	3D MESSAGE	4E	00	1F	91	30	59	5B	8D	FE	FF	A9	FC	44	82	60	04	85	40	29	A4	E5	C7	D8	0B	E6	C7	26	78	E7	C7	45	CB	E5	C7	43	BD	34	C8	00	C8	66	42	00	D0	A3	41	00	60	A4	42	00	EC	56	43	00	E8	A2	42	00	00	00	00	00	00	00	00	00	00	00	00	00	00	00	00	00	00	00	00
2.385	3D DATA	true	-	65534	64681	33348	-117576.3	-117783.7	-118512.3	-117654.5	-185077.0	57.7	20.5	82.2	214.9	81.5	-	-	-	-	-
2.386	3D MESSAGE	4E	00	20	91	30	59	5C	8D	FE	FF	6B	FC	B9	8A	60	04	85	40	EB	A5	E5	C7	25	0C	E6	C7	C6	7B	E7	C7	85	D4	E5	C7	A1	BE	34	C8	00	B8	58	42	00	00	9F	41	00	E0	95	42	00	6C	44	43	00	F8	97	42	00	00	00	00	00	00	00	00	00	00	00	00	00	00	00	00	00	00	00	00
2.386	3D DATA	true	-	65534	64619	35513	-117579.8	-117784.3	-118519.5	-117673.0	-185082.5	54.2	19.9	74.9	196.4	76.0	-	-	-	-	-
2.386	3D MESSAGE	4E	00	21	91	30	59	5D	8D	FE	FF	1B	FC	23	93	60	04	85	40	80	A7	E5	C7	76	0C	E6	C7	07	7F	E7	C7	EB	DC	E5	C7	E7	BF	34	C8	00	10	4C	42	00	F0	99	41	00	DC	88	42	00	A0	33	43	00	C8	8D	42	00	00	00	00	00	00	00	00	00	00	00	00	00	00	00	00	00	00	00	00
2.386	3D DATA	true	-	65534	64539	37667	-117583.0	-117784.9	-118526.1	-117689.8	-185087.6	51.0	19.2	68.4	179.6	70.9	-	-	-	-	-
2.387	3D MESSAGE	4E	00	22	91	30	59	5E	8D	FE	FF	BB	FB	76	9B	60	04	85	40	F3	A8	E5	C7	CF	0C	E6	C7	F0	81	E7	C7	7D	E4	E5	C7	1B	C1	34	C8	00	78	40	42	00	60	94	41	00	70	7A	42	00	7C	24	43	00	28	84	42	00	00	00	00	00	00	00	00	00	00	00	00	00	00	00	00	00	00	00	00
2.387	3D DATA	true	-	65534	64443	39798	-117585.9	-117785.6	-118531.9	-117705.0	-185092.4	48.1	18.5	62.6	164.5	66.1	-	-	-	-	-
2.417	3D MESSAGE	52	00	23	91	32	59	5F	8D	00	00	00	88	FE	FF	4C	FB	A7	A3	60	04	85	40	4C	AA	E5	C7	32	0D	E6	C7	84	84	E7	C7	4A	EB	E5	C7	3C	C2	34	C8	00	B0	35	42	00	30	8E	41	00	D0	65	42	00	E2	16	43	00	40	76	42	00	00	00	00	00	00	00	00	00	00	00	00	00	00	00	00	00	00	00	00
2.417	3D DATA	true	-	65534	64332	41895	-117588.6	-117786.4	-118537.0	-117718.6	-185096.9	45.4	17.8	57.5	150.9	61.6	-	-	-	-	-
2.418	3D MESSAGE	4E	00	24	91	30	59	60	8D	FE	FF	D1	FA	AD	AB	60	04	85	40	93	AB	E5	C7	9C	0D	E6	C7	C8	86	E7	C7	64	F1	E5	C7	4A	C3	34	C8	00	78	2B	42	00	90	87	41	00	B0	53	42	00	AE	0A	43	00	60	65	42	00	00	00	00	00	00	00	00	00	00	00	00	00	00	00	00	00	00	00	00
2.418	3D DATA	true	-	65534	64209	43949	-117591.1	-117787.2	-118541.6	-117730.8	-185101.2	42.9	16.9	52.9	138.7	57.3	-	-	-	-	-
2.418	3D MESSAGE	4E	00	25	91	30	59	61	8D	FE	FF	4E	FA	83	B3	60	04	85	40	CA	AC	E5	C7	0C	0E	E6	C7	C3	88	E7	C7	DE	F6	E5	C7	41	C4	34	C8	00	C0	21	42	00	90	80	41	00	D8	43	42	00	74	FF	42	00	F0	55	42	00	00	00	00	00	00	00	00	00	00	00	00	00	00	00	00	00	00	00	00
2.418	3D DATA	true	-	65534	64078	45955	-117593.6	-117788.1	-118545.5	-117741.7	-185105.0	40.4	16.1	49.0	127.7	53.5	-	-	-	-	-
2.418	3D MESSAGE	4E	00	26	91	30	59	62	8D	FE	FF	C4	F9	28	BB	60	04	85	40	F2	AD	E5	C7	7C	0E	E6	C7	7F	8A	E7	C7	D0	FB	E5	C7	1E	C5	34	C8	00	80	18	42	00	20	73	41	00	F8	35	42	00	AC	EB	42	00	20	48	42	00	00	00	00	00	00	00	00	00	00	00	00	00	00	00	00	00	00	00	00
2.418	3D DATA	true	-	65534	63940	47912	-117595.9	-117789.0	-118549.0	-117751.6	-185108.5	38.1	15.2	45.5	117.8	50.0	-	-	-	-	-
2.419	3D MESSAGE	4E	00	27	91	30	59	63	8D	FE	FF	35	F9	9D	C2	60	04	85	40	0A	AF	E5	C7	EA	0E	E6	C7	08	8C	E7	C7	4D	00	E6	C7	DE	C5	34	C8	00	C0	0F	42	00	60	65	41	00	B0	29	42	00	B8	D9	42	00	20	3C	42	00	00	00	00	00	00	00	00	00	00	00	00	00	00	00	00	00	00	00	00
2.419	3D DATA	true	-	65534	63797	49821	-117598.1	-117789.8	-118552.1	-117760.6	-185111.5	35.9	14.3	42.4	108.9	47.0	-	-	-	-	-
2.419	3D MESSAGE	4E	00	28	91	30	59	64	8D	FE	FF	A3	F8	E9	C9	60	04	85	40	11	B0	E5	C7	52	0F	E6	C7	6A	8D	E7	C7	66	04	E6	C7	82	C6	34	C8	00	88	07	42	00	60	58	41	00	A0	1E	42	00	54	C9	42	00	E0	31	42	00	00	00	00	00	00	00	00	00	00	00	00	00	00	00	00	00	00	00	00
2.419	3D DATA	true	-	65534	63651	51689	-117600.1	-117790.6	-118554.8	-117768.8	-185114.0	33.9	13.5	39.7	100.7	44.5	-	-	-	-	-
2.420	3D MESSAGE	4E	00	29	91	30	59	65	8D	FE	FF	0D	F8	0E	D1	60	04	85	40	09	B1	E5	C7	B4	0F	E6	C7	AE	8E	E7	C7	26	08	E6	C7	10	C7	34	C8	00	90	FF	41	00	20	4C	41	00	80	14	42	00	54	BA	42	00	00	29	42	00	00	00	00	00	00	00	00	00	00	00	00	00	00	00	00	00	00	00	00
2.420	3D DATA	true	-	65534	63501	53518	-117602.1	-117791.4	-118557.4	-117776.3	-185116.2	31.9	12.8	37.1	93.2	42.2	-	-	-	-	-
2.448	3D MESSAGE	4E	00	2A	91	30	59	66	8D	FE	FF	76	F7	11	D8	60	04	85	40	F4	B1	E5	C7	12	10	E6	C7	D9	8F	E7	C7	96	0B	E6	C7	8D	C7	34	C8	00	E0	F0	41	00	60	40	41	00	28	0B	42	00	94	AC	42	00	30	21	42	00	00	00	00	00	00	00	00	00	00	00	00	00	00	00	00	00	00	00	00
2.448	3D DATA	true	-	65534	63350	55313	-117603.9	-117792.1	-118559.7	-117783.2	-185118.2	30.1	12.0	34.8	86.3	40.3	-	-	-	-	-
2.449	3D MESSAGE	4E	00	2B	91	30	59	67	8D	FE	FF	DB	F6	ED	DE	60	04	85	40	D6	B2	E5	C7	6C	10	E6	C7	EE	90	E7	C7	B6	0E	E6	C7	FF	C7	34	C8	00	C0	E2	41	00	20	35	41	00	80	02	42	00	14	A0	42	00	10	1A	42	00	00	00	00	00	00	00	00	00	00	00	00	00	00	00	00	00	00	00	00
2.449	3D DATA	true	-	65534	63195	57069	-117605.7	-117792.8	-118561.9	-117789.4	-185120.0	28.3	11.3	32.6	80.0	38.5	-	-	-	-	-
2.449	3D MESSAGE	4E	00	2C	91	30	59	68	8D	FE	FF	40	F6	9C	E5	60	04	85	40	B3	B3	E5	C7	C3	10	E6	C7	EB	91	E7	C7	8A	11	E6	C7	6D	C8	34	C8	00	F0	D4	41	00	40	2A	41	00	30	F5	41	00	C4	94	42	00	30	13	42	00	00	00	00	00	00	00	00	00	00	00	00	00	00	00	00	00	00	00	00
2.449	3D DATA	true	-	65534	63040	58780	-117607.4	-117793.5	-118563.8	-117795.1	-185121.7	26.6	10.6	30.6	74.4	36.8	-	-	-	-	-
2.450	3D MESSAGE	4E	00	2D	91	30	59	69	8D	FE	FF	A4	F5	0B	EC	60	04	85	40	8C	B4	E5	C7	15	11	E6	C7	D0	92	E7	C7	12	14	E6	C7	DA	C8	34	C8	00	60	C7	41	00	00	20	41	00	E0	E6	41	00	A4	8A	42	00	60	0C	42	00	00	00	00	00	00	00	00	00	00	00	00	00	00	00	00	00	00	00	00
2.450	3D DATA	true	-	65534	62884	60427	-117609.1	-117794.2	-118565.6	-117800.1	-185123.4	24.9	10.0	28.9	69.3	35.1	-	-	-	-	-
2.450	3D MESSAGE	52	00	2E	91	32	59	6A	8D	02	10	04	08	FE	FF	08	F5	2C	F2	60	04	85	40	60	B5	E5	C7	60	11	E6	C7	9C	93	E7	C7	53	16	E6	C7	44	C9	34	C8	00	20	BA	41	00	A0	16	41	00	20	DA	41	00	A0	81	42	00	C0	05	42	00	00	00	00	00	00	00	00	00	00	00	00	00	00	00	00	00	00	00	00
2.450	3D DATA	true	-	65534	62728	61996	-117610.8	-117794.8	-118567.2	-117804.6	-185125.1	23.3	9.4	27.3	64.8	33.4	-	-	-	-	Flick West -> East
2.450	3D MESSAGE	50	00	2F	91	31	59	6B	8D	08	2B	FE	FF	4E	F4	FF	FF	60	04	85	40	2C	B6	E5	C7	9E	11	E6	C7	53	94	E7	C7	50	18	E6	C7	AA	C9	34	C8	00	00	00	00	00	00	00	00	00	00	00	00	00	00	00	00	00	00	00	00	00	00	00	00	00	00	00	00	00	00	00	00	00	00	00	00	00	00	00	00
2.450	3D DATA	true	43	65534	62542	65535	-117612.3	-117795.2	-118568.6	-117808.6	-185126.7	0.0	0.0	0.0	0.0	0.0	-	-	-	-	-
2.480	3D MESSAGE	4E	00	30	91	30	59	6C	8D	FE	FF	4E	F4	FF	FF	60	04	85	40	EA	B6	E5	C7	CD	11	E6	C7	F6	94	E7	C7	13	1A	E6	C7	06	CA	34	C8	00	00	BE	BF	00	00	BC	BE	00	00	A3	BF	00	80	61	C0	00	00	B8	BF	00	00	00	00	00	00	00	00	00	00	00	00	00	00	00	00	00	00	00	00
2.480	3D DATA	true	-	65534	62542	65535	-117613.8	-117795.6	-118569.9	-117812.1	-185128.1	-1.5	-0.4	-1.3	-3.5	-1.4	-	-	-	-	-
2.480	3D MESSAGE	48	00	31	91	20	59	6D	8C	60	04	85	40	95	B7	E5	C7	E9	11	E6	C7	8A	95	E7	C7	A4	1B	E6	C7	52	CA	34	C8	00	80	34	C0	00	00	16	BF	00	80	1B	C0	00	00	D5	C0	00	00	28	C0	00	00	00	00	00	00	00	00	00	00	00	00	00	00	00	00	00	00	00	00
2.480	3D DATA	true	-	-	-	-	-117615.2	-117795.8	-118571.1	-117815.3	-185129.3	-2.8	-0.6	-2.4	-6.7	-2.6	-	-	-	-	-
2.481	3D MESSAGE	48	00	32	91	20	59	6E	8C	60	04	85	40	2A	B8	E5	C7	F5	11	E6	C7	10	96	E7	C7	0E	1D	E6	C7	8B	CA	34	C8	00	00	7F	C0	00	00	2E	BF	00	80	5E	C0	00	C0	17	C1	00	00	61	C0	00	00	00	00	00	00	00	00	00	00	00	00	00	00	00	00	00	00	00	00
2.481	3D DATA	true	-	-	-	-	-117616.3	-117795.9	-118572.1	-117818.1	-185130.2	-4.0	-0.7	-3.5	-9.5	-3.5	-	-	-	-	-
2.481	3D MESSAGE	48	00	33	91	20	59	6F	8C	60	04	85	40	A5	B8	E5	C7	F5	11	E6	C7	8B	96	E7	C7	5B	1E	E6	C7	B3	CA	34	C8	00	40	9E	C0	00	00	2E	BF	00	00	8E	C0	00	60	41	C1	00	80	84	C0	00	00	00	00	00	00	00	00	00	00	00	00	00	00	00	00	00	00	00	00
2.481	3D DATA	true	-	-	-	-	-117617.3	-117795.9	-118573.1	-117820.7	-185130.8	-4.9	-0.7	-4.4	-12.1	-4.1	-	-	-	-	-
2.481	3D MESSAGE	48	00	34	91	20	59	70	8C	60	04	85	40	0A	B9	E5	C7	F1	11	E6	C7	FE	96	E7	C7	96	1F	E6	C7	CF	CA	34	C8	00	80	B7	C0	00	00	26	BF	00	C0	AA	C0	00	C0	68	C1	00	80	92	C0	00	00	00	00	00	00	00	00	00	00	00	00	00	00	00	00	00	00	00	00
2.481	3D DATA	true	-	-	-	-	-117618.1	-117795.9	-118574.0	-117823.2	-185131.2	-5.7	-0.6	-5.3	-14.5	-4.6	-	-	-	-	-
2.482	3D MESSAGE	48	00	35	91	20	59	71	8C	60	04	85	40	5C	B9	E5	C7	F2	11	E6	C7	68	97	E7	C7	C4	20	E6	C7	E9	CA	34	C8	00	00	CC	C0	00	00	28	BF	00	40	C5	C0	00	40	87	C1	00	80	9F	C0	00	00	00	00	00	00	00	00	00	00	00	00	00	00	00	00	00	00	00	00
2.482	3D DATA	true	-	-	-	-	-117618.7	-117795.9	-118574.8	-117825.5	-185131.6	-6.4	-0.7	-6.2	-16.9	-5.0	-	-	-	-	-
2.510	3D MESSAGE	48	00	36	91	20	59	72	8C	60	04	85	40	A2	B9	E5	C7	FA	11	E6	C7	CE	97	E7	C7	EA	21	E6	C7	08	CB	34	C8	00	80	DD	C0	00	00	38	BF	00	C0	DE	C0	00	A0	99	C1	00	00	AF	C0	00	00	00	00	00	00	00	00	00	00	00	00	00	00	00	00	00	00	00	00
2.510	3D DATA	true	-	-	-	-	-117619.3	-117796.0	-118575.6	-117827.8	-185132.1	-6.9	-0.7	-7.0	-19.2	-5.5	-	-	-	-	-
2.511	3D MESSAGE	48	00	37	91	20	59	73	8C	60	04	85	40	E0	B9	E5	C7	0E	12	E6	C7	2E	98	E7	C7	07	23	E6	C7	35	CB	34	C8	00	00	ED	C0	00	00	60	BF	00	C0	F6	C0	00	70	AB	C1	00	80	C5	C0	00	00	00	00	00	00	00	00	00	00	00	00	00	00	00	00	00	00	00	00
2.511	3D DATA	true	-	-	-	-	-117619.8	-117796.1	-118576.4	-117830.1	-185132.8	-7.4	-0.9	-7.7	-21.4	-6.2	-	-	-	-	-
2.511	3D MESSAGE	48	00	38	91	20	59	74	8C	60	04	85	40	19	BA	E5	C7	2B	12	E6	C7	89	98	E7	C7	19	24	E6	C7	73	CB	34	C8	00	40	FB	C0	00	00	8D	BF	00	C0	06	C1	00	90	BC	C1	00	80	E4	C0	00	00	00	00	00	00	00	00	00	00	00	00	00	00	00	00	00	00	00	00
2.511	3D DATA	true	-	-	-	-	-117620.2	-117796.3	-118577.1	-117832.2	-185133.8	-7.9	-1.1	-8.4	-23.6	-7.1	-	-	-	-	-
2.511	3D MESSAGE	48	00	39	91	20	59	75	8C	60	04	85	40	50	BA	E5	C7	4E	12	E6	C7	E0	98	E7	C7	1D	25	E6	C7	C0	CB	34	C8	00	80	04	C1	00	00	B0	BF	00	A0	11	C1	00	D0	CC	C1	00	80	05	C1	00	00	00	00	00	00	00	00	00	00	00	00	00	00	00	00	00	00	00	00
2.511	3D DATA	true	-	-	-	-	-117620.6	-117796.6	-118577.8	-117834.2	-185135.0	-8.3	-1.4	-9.1	-25.6	-8.3	-	-	-	-	-
2.512	3D MESSAGE	48	00	3A	91	20	59	76	8C	60	04	85	40	86	BA	E5	C7	73	12	E6	C7	34	99	E7	C7	10	26	E6	C7	18	CC	34	C8	00	40	0B	C1	00	00	D5	BF	00	20	1C	C1	00	00	DC	C1	00	80	1B	C1	00	00	00	00	00	00	00	00	00	00	00	00	00	00	00	00	00	00	00	00
2.512	3D DATA	true	-	-	-	-	-117621.0	-117796.9	-118578.4	-117836.1	-185136.4	-8.7	-1.7	-9.8	-27.5	-9.7	-	-	-	-	-
2.512	3D MESSAGE	48	00	3B	91	20	59	77	8C	60	04	85	40	BD	BA	E5	C7	98	12	E6	C7	84	99	E7	C7	F3	26	E6	C7	76	CC	34	C8	00	20	12	C1	00	00	FA	BF	00	20	26	C1	00	30	EA	C1	00	00	33	C1	00	00	00	00	00	00	00	00	00	00	00	00	00	00	00	00	00	00	00	00
2.512	3D DATA	true	-	-	-	-	-117621.5	-117797.2	-118579.0	-117837.9	-185137.8	-9.1	-2.0	-10.4	-29.3	-11.2	-	-	-	-	-
2.541	3D MESSAGE	48	00	3C	91	20	59	78	8C	60	04	85	40	F6	BA	E5	C7	BE	12	E6	C7	D3	99	E7	C7	C9	27	E6	C7	D4	CC	34	C8	00	40	19	C1	00	00	10	C0	00	00	30	C1	00	90	F7	C1	00	80	4A	C1	00	00	00	00	00	00	00	00	00	00	00	00	00	00	00	00	00	00	00	00
2.541	3D DATA	true	-	-	-	-	-117621.9	-117797.5	-118579.6	-117839.6	-185139.3	-9.6	-2.2	-11.0	-30.9	-12.7	-	-	-	-	-
2.542	3D MESSAGE	48	00	3D	91	20	59	79	8C	C0	D9	08	3F	33	BB	E5	C7	E7	12	E6	C7	23	9A	E7	C7	96	28	E6	C7	2E	CD	34	C8	00	E0	20	C1	00	80	24	C0	00	00	3A	C1	00	30	02	C2	00	00	61	C1	00	00	00	00	00	00	00	00	00	00	00	00	00	00	00	00	00	00	00	00
2.542	3D DATA	true	-	-	-	-	-117622.4	-117797.8	-118580.3	-117841.2	-185140.7	-10.1	-2.6	-11.6	-32.5	-14.1	-	-	-	-	-
2.542	3D MESSAGE	48	00	3E	91	20	59	7A	8C	C0	D9	08	3F	78	BB	E5	C7	14	13	E6	C7	76	9A	E7	C7	5E	29	E6	C7	81	CD	34	C8	00	80	29	C1	00	00	3B	C0	00	60	44	C1	00	70	08	C2	00	C0	75	C1	00	00	00	00	00	00	00	00	00	00	00	00	00	00	00	00	00	00	00	00
2.542	3D DATA	true	-	-	-	-	-117622.9	-117798.2	-118580.9	-117842.7	-185142.0	-10.6	-2.9	-12.3	-34.1	-15.4	-	-	-	-	-
2.543	3D MESSAGE	48	00	3F	91	20	59	7B	8C	C0	D9	08	3F	C6	BB	E5	C7	48	13	E6	C7	CC	9A	E7	C7	21	2A	E6	C7	CC	CD	34	C8	00	40	33	C1	00	00	55	C0	00	20	4F	C1	00	88	0E	C2	00	40	84	C1	00	00	00	00	00	00	00	00	00	00	00	00	00	00	00	00	00	00	00	00
2.543	3D DATA	true	-	-	-	-	-117623.5	-117798.6	-118581.6	-117844.3	-185143.2	-11.2	-3.3	-12.9	-35.6	-16.5	-	-	-	-	-
2.543	3D MESSAGE	48	00	40	91	20	59	7C	8C	C0	D9	08	3F	1D	BC	E5	C7	7D	13	E6	C7	24	9B	E7	C7	DF	2A	E6	C7	0C	CE	34	C8	00	20	3E	C1	00	80	6F	C0	00	20	5A	C1	00	78	14	C2	00	40	8C	C1	00	00	00	00	00	00	00	00	00	00	00	00	00	00	00	00	00	00	00	00
2.543	3D DATA	true	-	-	-	-	-117624.2	-117799.0	-118582.3	-117845.7	-185144.2	-11.9	-3.7	-13.6	-37.1	-17.5	-	-	-	-	-
2.544	3D MESSAGE	48	00	41	91	20	59	7D	8C	C0	D9	08	3F	7A	BC	E5	C7	B2	13	E6	C7	7B	9B	E7	C7	94	2B	E6	C7	40	CE	34	C8	00	C0	49	C1	00	00	85	C0	00	00	65	C1	00	20	1A	C2	00	C0	92	C1	00	00	00	00	00	00	00	00	00	00	00	00	00	00	00	00	00	00	00	00
2.544	3D DATA	true	-	-	-	-	-117625.0	-117799.4	-118583.0	-117847.2	-185145.0	-12.6	-4.2	-14.3	-38.5	-18.3	-	-	-	-	-
2.575	3D MESSAGE	48	00	42	91	20	59	7E	8C	C0	D9	08	3F	D8	BC	E5	C7	E0	13	E6	C7	CD	9B	E7	C7	3C	2C	E6	C7	66	CE	34	C8	00	80	55	C1	00	80	90	C0	00	40	6F	C1	00	60	1F	C2	00	80	97	C1	00	00	00	00	00	00	00	00	00	00	00	00	00	00	00	00	00	00	00	00
2.575	3D DATA	true	-	-	-	-	-117625.7	-117799.8	-118583.6	-117848.5	-185145.6	-13.3	-4.5	-15.0	-39.8	-18.9	-	-	-	-	-
2.576	3D MESSAGE	48	00	43	91	20	59	7F	8C	C0	D9	08	3F	31	BD	E5	C7	04	14	E6	C7	16	9C	E7	C7	D2	2C	E6	C7	81	CE	34	C8	00	A0	60	C1	00	80	99	C0	00	60	78	C1	00	10	24	C2	00	E0	9A	C1	00	00	00	00	00	00	00	00	00	00	00	00	00	00	00	00	00	00	00	00
2.576	3D DATA	true	-	-	-	-	-117626.4	-117800.0	-118584.2	-117849.6	-185146.0	-14.0	-4.8	-15.5	-41.0	-19.4	-	-	-	-	-
2.576	3D MESSAGE	4C	00	44	91	22	59	80	8C	00	00	00	00	C0	D9	08	3F	83	BD	E5	C7	1A	14	E6	C7	52	9C	E7	C7	56	2D	E6	C7	92	CE	34	C8	00	E0	6A	C1	00	00	9F	C0	00	E0	7F	C1	00	30	28	C2	00	00	9D	C1	00	00	00	00	00	00	00	00	00	00	00	00	00	00	00	00	00	00	00	00
2.576	3D DATA	true	-	-	-	-	-117627.0	-117800.2	-118584.6	-117850.7	-185146.3	-14.7	-5.0	-16.0	-42.0	-19.6	-	-	-	-	-
2.576	3D MESSAGE	48	00	45	91	20	59	81	8C	C0	D9	08	3F	CB	BD	E5	C7	22	14	E6	C7	81	9C	E7	C7	CA	2D	E6	C7	9E	CE	34	C8	00	E0	73	C1	00	00	A1	C0	00	E0	82	C1	00	D0	2B	C2	00	80	9E	C1	00	00	00	00	00	00	00	00	00	00	00	00	00	00	00	00	00	00	00	00
2.576	3D DATA	true	-	-	-	-	-117627.6	-117800.3	-118585.0	-117851.6	-185146.5	-15.2	-5.0	-16.4	-43.0	-19.8	-	-	-	-	-
2.577	3D MESSAGE	4A	00	46	91	21	59	82	8C	10	2B	C0	D9	08	3F	0C	BE	E5	C7	23	14	E6	C7	A4	9C	E7	C7	31	2E	E6	C7	A9	CE	34	C8	00	00	7C	C1	00	40	A1	C0	00	10	85	C1	00	00	00	00	00	E0	9F	C1	00	00	00	00	00	00	00	00	00	00	00	00	00	00	00	00	00	00	00	00
2.577	3D DATA	true	43	-	-	-	-117628.1	-117800.3	-118585.3	-117852.4	-185146.6	-15.8	-5.0	-16.6	0.0	-20.0	-	-	-	-	-
2.577	3D MESSAGE	48	00	47	91	20	59	83	8C	C0	D9	08	3F	46	BE	E5	C7	23	14	E6	C7	C0	9C	E7	C7	90	2E	E6	C7	B8	CE	34	C8	00	A0	81	C1	00	40	A1	C0	00	D0	86	C1	00	00	3E	BF	00	C0	A1	C1	00	00	00	00	00	00	00	00	00	00	00	00	00	00	00	00	00	00	00	00
2.577	3D DATA	true	-	-	-	-	-117628.5	-117800.3	-118585.5	-117853.1	-185146.9	-16.2	-5.0	-16.9	-0.7	-20.2	-	-	-	-	-
2.577	3D MESSAGE	4A	00	48	91	21	59	84	8C	10	2B	C0	D9	08	3F	7B	BE	E5	C7	29	14	E6	C7	D7	9C	E7	C7	EA	2E	E6	C7	CC	CE	34	C8	00	00	00	00	00	C0	A2	C0	00	00	00	00	00	00	B9	BF	00	00	00	00	00	00	00	00	00	00	00	00	00	00	00	00	00	00	00	00	00	00	00	00
2.577	3D DATA	true	43	-	-	-	-117629.0	-117800.3	-118585.7	-117853.8	-185147.2	0.0	-5.1	0.0	-1.4	0.0	-	-	-	-	-
2.605	3D MESSAGE	48	00	49	91	20	59	85	8C	C0	D9	08	3F	AD	BE	E5	C7	38	14	E6	C7	ED	9C	E7	C7	3E	2F	E6	C7	E5	CE	34	C8	00	00	C8	BE	00	80	A6	C0	00	00	30	BE	00	80	06	C0	00	00	C8	BE	00	00	00	00	00	00	00	00	00	00	00	00	00	00	00	00	00	00	00	00
2.605	3D DATA	true	-	-	-	-	-117629.4	-117800.4	-118585.9	-117854.5	-185147.6	-0.4	-5.2	-0.2	-2.1	-0.4	-	-	-	-	-
2.606	3D MESSAGE	48	00	4A	91	20	59	86	8C	C0	D9	08	3F	D9	BE	E5	C7	4F	14	E6	C7	01	9D	E7	C7	8A	2F	E6	C7	FF	CE	34	C8	00	00	3C	BF	00	40	AC	C0	00	00	A8	BE	00	80	2C	C0	00	00	4C	BF	00	00	00	00	00	00	00	00	00	00	00	00	00	00	00	00	00	00	00	00
2.606	3D DATA	true	-	-	-	-	-117629.7	-117800.6	-118586.0	-117855.1	-185148.0	-0.7	-5.4	-0.3	-2.7	-0.8	-	-	-	-	-
2.606	3D MESSAGE	48	00	4B	91	20	59	87	8C	C0	D9	08	3F	FC	BE	E5	C7	65	14	E6	C7	12	9D	E7	C7	CA	2F	E6	C7	14	CF	34	C8	00	00	81	BF	00	C0	B1	C0	00	00	EC	BE	00	80	4C	C0	00	00	90	BF	00	00	00	00	00	00	00	00	00	00	00	00	00	00	00	00	00	00	00	00
2.606	3D DATA	true	-	-	-	-	-117630.0	-117800.8	-118586.1	-117855.6	-185148.3	-1.0	-5.6	-0.5	-3.2	-1.1	-	-	-	-	-
2.606	3D MESSAGE	48	00	4C	91	20	59	88	8C	C0	D9	08	3F	14	BF	E5	C7	70	14	E6	C7	1D	9D	E7	C7	FA	2F	E6	C7	1F	CF	34	C8	00	00	99	BF	00	80	B4	C0	00	00	0C	BF	00	80	64	C0	00	00	A6	BF	00	00	00	00	00	00	00	00	00	00	00	00	00	00	00	00	00	00	00	00
2.606	3D DATA	true	-	-	-	-	-117630.2	-117800.9	-118586.2	-117856.0	-185148.5	-1.2	-5.6	-0.5	-3.6	-1.3	-	-	-	-	-
2.606	3D MESSAGE	48	00	4D	91	20	59	89	8C	C0	D9	08	3F	22	BF	E5	C7	6B	14	E6	C7	22	9D	E7	C7	1C	30	E6	C7	1D	CF	34	C8	00	00	A7	BF	00	40	B3	C0	00	00	16	BF	00	80	75	C0	00	00	A2	BF	00	00	00	00	00	00	00	00	00	00	00	00	00	00	00	00	00	00	00	00
2.606	3D DATA	true	-	-	-	-	-117630.3	-117800.8	-118586.3	-117856.2	-185148.5	-1.3	-5.6	-0.6	-3.8	-1.3	-	-	-	-	-
2.606	3D MESSAGE	48	00	4E	91	20	59	8A	8C	C0	D9	08	3F	26	BF	E5	C7	52	14	E6	C7	22	9D	E7	C7	35	30	E6	C7	0F	CF	34	C8	00	00	AB	BF	00	00	AD	C0	00	00	16	BF	00	00	81	C0	00	00	86	BF	00	00	00	00	00	00	00	00	00	00	00	00	00	00	00	00	00	00	00	00
2.607	3D DATA	true	-	-	-	-	-117630.3	-117800.6	-118586.3	-117856.4	-185148.2	-1.3	-5.4	-0.6	-4.0	-1.0	-	-	-	-	-
2.636	3D MESSAGE	48	00	4F	91	20	59	8B	8C	C0	D9	08	3F	26	BF	E5	C7	2E	14	E6	C7	25	9D	E7	C7	4E	30	E6	C7	FA	CE	34	C8	00	00	AB	BF	00	00	A4	C0	00	00	1C	BF	00	40	87	C0	00	00	38	BF	00	00	00	00	00	00	00	00	00	00	00	00	00	00	00	00	00	00	00	00
2.636	3D DATA	true	-	-	-	-	-117630.3	-117800.4	-118586.3	-117856.6	-185147.9	-1.3	-5.1	-0.6	-4.2	-0.7	-	-	-	-	-
2.636	3D MESSAGE	48	00	50	91	20	59	8C	8C	C0	D9	08	3F	28	BF	E5	C7	07	14	E6	C7	31	9D	E7	C7	72	30	E6	C7	E6	CE	34	C8	00	00	AD	BF	00	40	9A	C0	00	00	34	BF	00	40	90	C0	00	00	D0	BE	00	00	00	00	00	00	00	00	00	00	00	00	00	00	00	00	00	00	00	00
2.636	3D DATA	true	-	-	-	-	-117630.3	-117800.1	-118586.4	-117856.9	-185147.6	-1.4	-4.8	-0.7	-4.5	-0.4	-	-	-	-	-
2.637	3D MESSAGE	48	00	51	91	20	59	8D	8C	C0	D9	08	3F	2F	BF	E5	C7	EB	13	E6	C7	4A	9D	E7	C7	A9	30	E6	C7	D9	CE	34	C8	00	00	B4	BF	00	40	93	C0	00	00	66	BF	00	00	9E	C0	00	00	50	BE	00	00	00	00	00	00	00	00	00	00	00	00	00	00	00	00	00	00	00	00
2.637	3D DATA	true	-	-	-	-	-117630.4	-117799.8	-118586.6	-117857.3	-185147.4	-1.4	-4.6	-0.9	-4.9	-0.2	-	-	-	-	-
2.637	3D MESSAGE	48	00	52	91	20	59	8E	8C	C0	D9	08	3F	3B	BF	E5	C7	E3	13	E6	C7	72	9D	E7	C7	F4	30	E6	C7	D9	CE	34	C8	00	00	C0	BF	00	40	91	C0	00	00	9B	BF	00	C0	B0	C0	00	00	50	BE	00	00	00	00	00	00	00	00	00	00	00	00	00	00	00	00	00	00	00	00
2.637	3D DATA	true	-	-	-	-	-117630.5	-117799.8	-118586.9	-117857.9	-185147.4	-1.5	-4.5	-1.2	-5.5	-0.2	-	-	-	-	-
2.638	3D MESSAGE	48	00	53	91	20	59	8F	8C	C0	D9	08	3F	4A	BF	E5	C7	F0	13	E6	C7	A7	9D	E7	C7	52	31	E6	C7	E6	CE	34	C8	00	00	CF	BF	00	80	94	C0	00	00	D0	BF	00	40	C8	C0	00	00	D0	BE	00	00	00	00	00	00	00	00	00	00	00	00	00	00	00	00	00	00	00	00
2.638	3D DATA	true	-	-	-	-	-117630.6	-117799.9	-118587.3	-117858.6	-185147.6	-1.6	-4.6	-1.6	-6.3	-0.4	-	-	-	-	-
2.639	3D MESSAGE	48	00	54	91	20	59	90	8C	C0	D9	08	3F	58	BF	E5	C7	10	14	E6	C7	DF	9D	E7	C7	B4	31	E6	C7	FC	CE	34	C8	00	00	DD	BF	00	80	9C	C0	00	00	04	C0	00	C0	E0	C0	00	00	40	BF	00	00	00	00	00	00	00	00	00	00	00	00	00	00	00	00	00	00	00	00
2.639	3D DATA	true	-	-	-	-	-117630.7	-117800.1	-118587.7	-117859.4	-185147.9	-1.7	-4.9	-2.1	-7.0	-0.8	-	-	-	-	-
2.666	3D MESSAGE	48	00	55	91	20	59	91	8C	C0	D9	08	3F	62	BF	E5	C7	37	14	E6	C7	12	9E	E7	C7	0F	32	E6	C7	17	CF	34	C8	00	00	E7	BF	00	40	A6	C0	00	80	1D	C0	00	80	F7	C0	00	00	96	BF	00	00	00	00	00	00	00	00	00	00	00	00	00	00	00	00	00	00	00	00
2.666	3D DATA	true	-	-	-	-	-117630.8	-117800.4	-118588.1	-117860.1	-185148.4	-1.8	-5.2	-2.5	-7.7	-1.2	-	-	-	-	-
2.667	3D MESSAGE	48	00	56	91	20	59	92	8C	C0	D9	08	3F	66	BF	E5	C7	5C	14	E6	C7	36	9E	E7	C7	55	32	E6	C7	2F	CF	34	C8	00	00	EB	BF	00	00	00	00	00	80	2F	C0	00	80	04	C1	00	00	C6	BF	00	00	00	00	00	00	00	00	00	00	00	00	00	00	00	00	00	00	00	00
2.667	3D DATA	true	-	-	-	-	-117630.8	-117800.7	-118588.4	-117860.7	-185148.7	-1.8	0.0	-2.7	-8.3	-1.5	-	-	-	-	-
2.667	3D MESSAGE	48	00	57	91	20	59	93	8C	C0	D9	08	3F	66	BF	E5	C7	78	14	E6	C7	49	9E	E7	C7	7F	32	E6	C7	41	CF	34	C8	00	00	EB	BF	00	00	60	BE	00	00	39	C0	00	C0	09	C1	00	00	EA	BF	00	00	00	00	00	00	00	00	00	00	00	00	00	00	00	00	00	00	00	00
2.667	3D DATA	true	-	-	-	-	-117630.8	-117800.9	-118588.6	-117861.0	-185149.0	-1.8	-0.2	-2.9	-8.6	-1.8	-	-	-	-	-
2.667	3D MESSAGE	48	00	58	91	20	59	94	8C	C0	D9	08	3F	69	BF	E5	C7	8A	14	E6	C7	4B	9E	E7	C7	8E	32	E6	C7	4C	CF	34	C8	00	00	EE	BF	00	00	B8	BE	00	00	3A	C0	00	A0	0B	C1	00	00	00	C0	00	00	00	00	00	00	00	00	00	00	00	00	00	00	00	00	00	00	00	00
2.667	3D DATA	true	-	-	-	-	-117630.8	-117801.1	-118588.6	-117861.1	-185149.2	-1.9	-0.4	-2.9	-8.7	-2.0	-	-	-	-	-
2.668	3D MESSAGE	48	00	59	91	20	59	95	8C	C0	D9	08	3F	72	BF	E5	C7	92	14	E6	C7	44	9E	E7	C7	89	32	E6	C7	51	CF	34	C8	00	00	F7	BF	00	00	D8	BE	00	80	36	C0	00	00	0B	C1	00	00	05	C0	00	00	00	00	00	00	00	00	00	00	00	00	00	00	00	00	00	00	00	00
2.668	3D DATA	true	-	-	-	-	-117630.9	-117801.1	-118588.5	-117861.1	-185149.3	-1.9	-0.4	-2.9	-8.7	-2.1	-	-	-	-	-
2.669	3D MESSAGE	48	00	5A	91	20	59	96	8C	C0	D9	08	3F	87	BF	E5	C7	98	14	E6	C7	3B	9E	E7	C7	81	32	E6	C7	56	CF	34	C8	00	00	06	C0	00	00	F0	BE	00	00	32	C0	00	00	0A	C1	00	00	0A	C0	00	00	00	00	00	00	00	00	00	00	00	00	00	00	00	00	00	00	00	00
2.669	3D DATA	true	-	-	-	-	-117631.1	-117801.2	-118588.5	-117861.0	-185149.3	-2.1	-0.5	-2.8	-8.6	-2.2	-	-	-	-	-
2.700	3D MESSAGE	48	00	5B	91	20	59	97	8C	C0	D9	08	3F	A8	BF	E5	C7	A2	14	E6	C7	3B	9E	E7	C7	82	32	E6	C7	5F	CF	34	C8	00	80	16	C0	00	00	0C	BF	00	00	32	C0	00	20	0A	C1	00	00	13	C0	00	00	00	00	00	00	00	00	00	00	00	00	00	00	00	00	00	00	00	00
2.700	3D DATA	true	-	-	-	-	-117631.3	-117801.3	-118588.5	-117861.0	-185149.5	-2.4	-0.5	-2.8	-8.6	-2.3	-	-	-	-	-
2.701	3D MESSAGE	48	00	5C	91	20	59	98	8C	C0	D9	08	3F	D2	BF	E5	C7	B6	14	E6	C7	4A	9E	E7	C7	98	32	E6	C7	6D	CF	34	C8	00	80	2B	C0	00	00	34	BF	00	80	39	C0	00	E0	0C	C1	00	00	21	C0	00	00	00	00	00	00	00	00	00	00	00	00	00	00	00	00	00	00	00	00
2.701	3D DATA	true	-	-	-	-	-117631.6	-117801.4	-118588.6	-117861.2	-185149.7	-2.7	-0.7	-2.9	-8.8	-2.5	-	-	-	-	-
2.701	3D MESSAGE	48	00	5D	91	20	59	99	8C	C0	D9	08	3F	FE	BF	E5	C7	D5	14	E6	C7	69	9E	E7	C7	C6	32	E6	C7	82	CF	34	C8	00	80	41	C0	00	00	72	BF	00	00	49	C0	00	A0	12	C1	00	00	36	C0	00	00	00	00	00	00	00	00	00	00	00	00	00	00	00	00	00	00	00	00
2.701	3D DATA	true	-	-	-	-	-117632.0	-117801.7	-118588.8	-117861.5	-185150.0	-3.0	-0.9	-3.1	-9.2	-2.8	-	-	-	-	-
2.702	3D MESSAGE	48	00	5E	91	20	59	9A	8C	C0	D9	08	3F	24	C0	E5	C7	FE	14	E6	C7	95	9E	E7	C7	08	33	E6	C7	99	CF	34	C8	00	80	54	C0	00	00	A2	BF	00	00	5F	C0	00	E0	1A	C1	00	00	4D	C0	00	00	00	00	00	00	00	00	00	00	00	00	00	00	00	00	00	00	00	00
2.702	3D DATA	true	-	-	-	-	-117632.3	-117802.0	-118589.2	-117862.1	-185150.4	-3.3	-1.3	-3.5	-9.7	-3.2	-	-	-	-	-
2.702	3D MESSAGE	48	00	5F	91	20	59	9B	8C	C0	D9	08	3F	40	C0	E5	C7	2C	15	E6	C7	C8	9E	E7	C7	55	33	E6	C7	AF	CF	34	C8	00	80	62	C0	00	00	D0	BF	00	80	78	C0	00	80	24	C1	00	00	63	C0	00	00	00	00	00	00	00	00	00	00	00	00	00	00	00	00	00	00	00	00
2.702	3D DATA	true	-	-	-	-	-117632.5	-117802.3	-118589.6	-117862.7	-185150.7	-3.5	-1.6	-3.9	-10.3	-3.5	-	-	-	-	-
2.702	3D MESSAGE	48	00	60	91	20	59	9C	8C	C0	D9	08	3F	4D	C0	E5	C7	59	15	E6	C7	FA	9E	E7	C7	A1	33	E6	C7	C2	CF	34	C8	00	00	69	C0	00	00	FD	BF	00	C0	88	C0	00	00	2E	C1	00	00	76	C0	00	00	00	00	00	00	00	00	00	00	00	00	00	00	00	00	00	00	00	00
2.702	3D DATA	true	-	-	-	-	-117632.6	-117802.7	-118590.0	-117863.3	-185151.0	-3.6	-2.0	-4.3	-10.9	-3.8	-	-	-	-	-
2.702	3D MESSAGE	48	00	61	91	20	59	9D	8C	C0	D9	08	3F	4E	C0	E5	C7	80	15	E6	C7	25	9F	E7	C7	E0	33	E6	C7	CE	CF	34	C8	00	80	69	C0	00	00	12	C0	00	80	93	C0	00	E0	35	C1	00	00	81	C0	00	00	00	00	00	00	00	00	00	00	00	00	00	00	00	00	00	00	00	00
2.702	3D DATA	true	-	-	-	-	-117632.6	-117803.0	-118590.3	-117863.8	-185151.2	-3.6	-2.3	-4.6	-11.4	-4.0	-	-	-	-	-
2.730	3D MESSAGE	48	00	62	91	20	59	9E	8C	C0	D9	08	3F	46	C0	E5	C7	9B	15	E6	C7	46	9F	E7	C7	0E	34	E6	C7	D6	CF	34	C8	00	80	65	C0	00	80	1F	C0	00	C0	9B	C0	00	A0	3B	C1	00	00	85	C0	00	00	00	00	00	00	00	00	00	00	00	00	00	00	00	00	00	00	00	00
2.730	3D DATA	true	-	-	-	-	-117632.5	-117803.2	-118590.5	-117864.1	-185151.3	-3.6	-2.5	-4.9	-11.7	-4.2	-	-	-	-	-
2.731	3D MESSAGE	4A	00	63	91	21	59	9F	8C	10	2B	C0	D9	08	3F	3C	C0	E5	C7	A8	15	E6	C7	5D	9F	E7	C7	29	34	E6	C7	DC	CF	34	C8	00	80	60	C0	00	00	26	C0	00	80	A1	C0	00	00	00	00	00	00	88	C0	00	00	00	00	00	00	00	00	00	00	00	00	00	00	00	00	00	00	00	00
2.731	3D DATA	true	43	-	-	-	-117632.5	-117803.3	-118590.7	-117864.3	-185151.4	-3.5	-2.6	-5.0	0.0	-4.2	-	-	-	-	-
2.731	3D MESSAGE	48	00	64	91	20	59	A0	8C	C0	D9	08	3F	34	C0	E5	C7	A9	15	E6	C7	6B	9F	E7	C7	34	34	E6	C7	E5	CF	34	C8	00	80	5C	C0	00	80	26	C0	00	00	A5	C0	00	00	B0	BD	00	80	8C	C0	00	00	00	00	00	00	00	00	00	00	00	00	00	00	00	00	00	00	00	00
2.731	3D DATA	true	-	-	-	-	-117632.4	-117803.3	-118590.8	-117864.4	-185151.6	-3.4	-2.6	-5.2	-0.1	-4.4	-	-	-	-	-
2.732	3D MESSAGE	48	00	65	91	20	59	A1	8C	30	EB	50	3D	35	C0	E5	C7	A0	15	E6	C7	76	9F	E7	C7	36	34	E6	C7	F2	CF	34	C8	00	00	5D	C0	00	00	22	C0	00	C0	A7	C0	00	00	D0	BD	00	00	93	C0	00	00	00	00	00	00	00	00	00	00	00	00	00	00	00	00	00	00	00	00
2.732	3D DATA	true	-	-	-	-	-117632.4	-117803.2	-118590.9	-117864.4	-185151.8	-3.5	-2.5	-5.2	-0.1	-4.6	-	-	-	-	-
2.732	3D MESSAGE	48	00	66	91	20	59	A2	8C	30	EB	50	3D	3E	C0	E5	C7	92	15	E6	C7	82	9F	E7	C7	34	34	E6	C7	05	D0	34	C8	00	80	61	C0	00	00	1B	C0	00	C0	AA	C0	00	00	B0	BD	00	80	9C	C0	00	00	00	00	00	00	00	00	00	00	00	00	00	00	00	00	00	00	00	00
2.732	3D DATA	true	-	-	-	-	-117632.5	-117803.1	-118591.0	-117864.4	-185152.1	-3.5	-2.4	-5.3	-0.1	-4.9	-	-	-	-	-
2.733	3D MESSAGE	48	00	67	91	20	59	A3	8C	30	EB	50	3D	4C	C0	E5	C7	86	15	E6	C7	8F	9F	E7	C7	33	34	E6	C7	1A	D0	34	C8	00	80	68	C0	00	00	15	C0	00	00	AE	C0	00	00	A0	BD	00	00	A7	C0	00	00	00	00	00	00	00	00	00	00	00	00	00	00	00	00	00	00	00	00
2.733	3D DATA	true	-	-	-	-	-117632.6	-117803.0	-118591.1	-117864.4	-185152.4	-3.6	-2.3	-5.4	-0.1	-5.2	-	-	-	-	-
2.761	3D MESSAGE	48	00	68	91	20	59	A4	8C	30	EB	50	3D	5D	C0	E5	C7	80	15	E6	C7	A0	9F	E7	C7	37	34	E6	C7	2E	D0	34	C8	00	00	71	C0	00	00	12	C0	00	40	B2	C0	00	00	E0	BD	00	00	B1	C0	00	00	00	00	00	00	00	00	00	00	00	00	00	00	00	00	00	00	00	00
2.761	3D DATA	true	-	-	-	-	-117632.7	-117803.0	-118591.2	-117864.4	-185152.7	-3.8	-2.3	-5.6	-0.1	-5.5	-	-	-	-	-
2.761	3D MESSAGE	48	00	69	91	20	59	A5	8C	30	EB	50	3D	6B	C0	E5	C7	86	15	E6	C7	B3	9F	E7	C7	42	34	E6	C7	3C	D0	34	C8	00	00	78	C0	00	00	15	C0	00	00	B7	C0	00	00	48	BE	00	00	B8	C0	00	00	00	00	00	00	00	00	00	00	00	00	00	00	00	00	00	00	00	00
2.761	3D DATA	true	-	-	-	-	-117632.8	-117803.0	-118591.4	-117864.5	-185152.9	-3.9	-2.3	-5.7	-0.2	-5.8	-	-	-	-	-
2.762	3D MESSAGE	48	00	6A	91	20	59	A6	8C	30	EB	50	3D	76	C0	E5	C7	99	15	E6	C7	C7	9F	E7	C7	56	34	E6	C7	43	D0	34	C8	00	80	7D	C0	00	80	1E	C0	00	00	BC	C0	00	00	B4	BE	00	80	BB	C0	00	00	00	00	00	00	00	00	00	00	00	00	00	00	00	00	00	00	00	00
2.762	3D DATA	true	-	-	-	-	-117632.9	-117803.2	-118591.6	-117864.7	-185153.0	-4.0	-2.5	-5.9	-0.4	-5.9	-	-	-	-	-
2.762	3D MESSAGE	48	00	6B	91	20	59	A7	8C	30	EB	50	3D	7E	C0	E5	C7	BA	15	E6	C7	DC	9F	E7	C7	74	34	E6	C7	45	D0	34	C8	00	C0	80	C0	00	00	2F	C0	00	40	C1	C0	00	00	16	BF	00	80	BC	C0	00	00	00	00	00	00	00	00	00	00	00	00	00	00	00	00	00	00	00	00
2.762	3D DATA	true	-	-	-	-	-117633.0	-117803.5	-118591.7	-117864.9	-185153.1	-4.0	-2.7	-6.0	-0.6	-5.9	-	-	-	-	-
2.762	3D MESSAGE	48	00	6C	91	20	59	A8	8C	30	EB	50	3D	88	C0	E5	C7	E5	15	E6	C7	F4	9F	E7	C7	9D	34	E6	C7	46	D0	34	C8	00	40	83	C0	00	80	44	C0	00	40	C7	C0	00	00	68	BF	00	00	BD	C0	00	00	00	00	00	00	00	00	00	00	00	00	00	00	00	00	00	00	00	00
2.762	3D DATA	true	-	-	-	-	-117633.1	-117803.8	-118591.9	-117865.2	-185153.1	-4.1	-3.1	-6.2	-0.9	-5.9	-	-	-	-	-
2.763	3D MESSAGE	48	00	6D	91	20	59	A9	8C	30	EB	50	3D	96	C0	E5	C7	15	16	E6	C7	11	A0	E7	C7	CE	34	E6	C7	49	D0	34	C8	00	C0	86	C0	00	80	5C	C0	00	80	CE	C0	00	00	A5	BF	00	80	BE	C0	00	00	00	00	00	00	00	00	00	00	00	00	00	00	00	00	00	00	00	00
2.764	3D DATA	true	-	-	-	-	-117633.2	-117804.2	-118592.1	-117865.6	-185153.1	-4.2	-3.4	-6.5	-1.3	-6.0	-	-	-	-	-
2.765	3D MESSAGE	48	00	6E	91	20	59	AA	8C	30	EB	50	3D	AA	C0	E5	C7	41	16	E6	C7	31	A0	E7	C7	03	35	E6	C7	52	D0	34	C8	00	C0	8B	C0	00	80	72	C0	00	80	D6	C0	00	00	DA	BF	00	00	C3	C0	00	00	00	00	00	00	00	00	00	00	00	00	00	00	00	00	00	00	00	00
2.765	3D DATA	true	-	-	-	-	-117633.3	-117804.5	-118592.4	-117866.0	-185153.3	-4.4	-3.8	-6.7	-1.7	-6.1	-	-	-	-	-
2.795	3D MESSAGE	48	00	6F	91	20	59	AB	8C	30	EB	50	3D	C0	C0	E5	C7	5E	16	E6	C7	52	A0	E7	C7	33	35	E6	C7	60	D0	34	C8	00	40	91	C0	00	80	80	C0	00	C0	DE	C0	00	00	05	C0	00	00	CA	C0	00	00	00	00	00	00	00	00	00	00	00	00	00	00	00	00	00	00	00	00
2.795	3D DATA	true	-	-	-	-	-117633.5	-117804.7	-118592.6	-117866.4	-185153.5	-4.5	-4.0	-7.0	-2.1	-6.3	-	-	-	-	-
2.796	3D MESSAGE	48	00	70	91	20	59	AC	8C	30	EB	50	3D	D2	C0	E5	C7	63	16	E6	C7	6C	A0	E7	C7	52	35	E6	C7	6E	D0	34	C8	00	C0	95	C0	00	C0	81	C0	00	40	E5	C0	00	80	14	C0	00	00	D1	C0	00	00	00	00	00	00	00	00	00	00	00	00	00	00	00	00	00	00	00	00
2.796	3D DATA	true	-	-	-	-	-117633.6	-117804.8	-118592.8	-117866.6	-185153.7	-4.7	-4.1	-7.2	-2.3	-6.5	-	-	-	-	-
2.797	3D MESSAGE	48	00	71	91	20	59	AD	8C	30	EB	50	3D	D8	C0	E5	C7	4A	16	E6	C7	78	A0	E7	C7	5B	35	E6	C7	76	D0	34	C8	00	40	97	C0	00	00	77	C0	00	40	E8	C0	00	00	19	C0	00	00	D5	C0	00	00	00	00	00	00	00	00	00	00	00	00	00	00	00	00	00	00	00	00
2.797	3D DATA	true	-	-	-	-	-117633.7	-117804.6	-118592.9	-117866.7	-185153.8	-4.7	-3.9	-7.3	-2.4	-6.7	-	-	-	-	-
2.797	3D MESSAGE	48	00	72	91	20	59	AE	8C	30	EB	50	3D	D1	C0	E5	C7	16	16	E6	C7	6D	A0	E7	C7	4A	35	E6	C7	74	D0	34	C8	00	80	95	C0	00	00	5D	C0	00	80	E5	C0	00	80	10	C0	00	00	D4	C0	00	00	00	00	00	00	00	00	00	00	00	00	00	00	00	00	00	00	00	00
2.797	3D DATA	true	-	-	-	-	-117633.6	-117804.2	-118592.9	-117866.6	-185153.8	-4.7	-3.5	-7.2	-2.3	-6.6	-	-	-	-	-
2.798	3D MESSAGE	48	00	73	91	20	59	AF	8C	30	EB	50	3D	BD	C0	E5	C7	CE	15	E6	C7	4A	A0	E7	C7	25	35	E6	C7	68	D0	34	C8	00	80	90	C0	00	00	39	C0	00	C0	DC	C0	00	00	FC	BF	00	00	CE	C0	00	00	00	00	00	00	00	00	00	00	00	00	00	00	00	00	00	00	00	00
2.798	3D DATA	true	-	-	-	-	-117633.5	-117803.6	-118592.6	-117866.3	-185153.6	-4.5	-2.9	-6.9	-2.0	-6.4	-	-	-	-	-
2.798	3D MESSAGE	48	00	74	91	20	59	B0	8C	30	EB	50	3D	A4	C0	E5	C7	84	15	E6	C7	13	A0	E7	C7	F7	34	E6	C7	55	D0	34	C8	00	40	8A	C0	00	00	14	C0	00	00	CF	C0	00	00	CE	BF	00	80	C4	C0	00	00	00	00	00	00	00	00	00	00	00	00	00	00	00	00	00	00	00	00
2.798	3D DATA	true	-	-	-	-	-117633.3	-117803.0	-118592.1	-117865.9	-185153.3	-4.3	-2.3	-6.5	-1.6	-6.1	-	-	-	-	-
2.825	3D MESSAGE	48	00	75	91	20	59	B1	8C	30	EB	50	3D	90	C0	E5	C7	46	15	E6	C7	D2	9F	E7	C7	CE	34	E6	C7	42	D0	34	C8	00	40	85	C0	00	00	EA	BF	00	00	00	00	00	00	A5	BF	00	00	BB	C0	00	00	00	00	00	00	00	00	00	00	00	00	00	00	00	00	00	00	00	00
2.825	3D DATA	true	-	-	-	-	-117633.1	-117802.5	-118591.6	-117865.6	-185153.0	-4.2	-1.8	0.0	-1.3	-5.8	-	-	-	-	-
2.825	3D MESSAGE	48	00	76	91	20	59	B2	8C	30	EB	50	3D	8C	C0	E5	C7	24	15	E6	C7	93	9F	E7	C7	B5	34	E6	C7	38	D0	34	C8	00	40	84	C0	00	00	C8	BF	00	00	FC	3E	00	00	8C	BF	00	00	00	00	00	00	00	00	00	00	00	00	00	00	00	00	00	00	00	00	00	00	00	00
2.825	3D DATA	true	-	-	-	-	-117633.1	-117802.3	-118591.1	-117865.4	-185152.9	-4.1	-1.6	0.5	-1.1	0.0	-	-	-	-	-
2.826	3D MESSAGE	48	00	77	91	20	59	B3	8C	30	EB	50	3D	9A	C0	E5	C7	22	15	E6	C7	65	9F	E7	C7	B3	34	E6	C7	3C	D0	34	C8	00	C0	87	C0	00	00	C6	BF	00	00	5A	3F	00	00	8A	BF	00	00	80	BD	00	00	00	00	00	00	00	00	00	00	00	00	00	00	00	00	00	00	00	00
2.826	3D DATA	true	-	-	-	-	-117633.2	-117802.3	-118590.8	-117865.4	-185152.9	-4.2	-1.5	0.9	-1.1	-0.1	-	-	-	-	-
2.826	3D MESSAGE	48	00	78	91	20	59	B4	8C	30	EB	50	3D	BD	C0	E5	C7	3E	15	E6	C7	50	9F	E7	C7	C8	34	E6	C7	4F	D0	34	C8	00	80	90	C0	00	00	E2	BF	00	00	82	3F	00	00	9F	BF	00	00	B8	BE	00	00	00	00	00	00	00	00	00	00	00	00	00	00	00	00	00	00	00	00
2.826	3D DATA	true	-	-	-	-	-117633.5	-117802.5	-118590.6	-117865.6	-185153.2	-4.5	-1.8	1.0	-1.2	-0.4	-	-	-	-	-
2.826	3D MESSAGE	48	00	79	91	20	59	B5	8C	30	EB	50	3D	ED	C0	E5	C7	6F	15	E6	C7	56	9F	E7	C7	EE	34	E6	C7	6D	D0	34	C8	00	80	9C	C0	00	80	09	C0	00	00	78	3F	00	00	C5	BF	00	00	54	BF	00	00	00	00	00	00	00	00	00	00	00	00	00	00	00	00	00	00	00	00
2.826	3D DATA	true	-	-	-	-	-117633.9	-117802.9	-118590.7	-117865.9	-185153.7	-4.9	-2.1	1.0	-1.5	-0.8	-	-	-	-	-
2.826	3D MESSAGE	48	00	7A	91	20	59	B6	8C	30	EB	50	3D	20	C1	E5	C7	A8	15	E6	C7	73	9F	E7	C7	1C	35	E6	C7	92	D0	34	C8	00	40	A9	C0	00	00	26	C0	00	00	3E	3F	00	00	F3	BF	00	00	B4	BF	00	00	00	00	00	00	00	00	00	00	00	00	00	00	00	00	00	00	00	00
2.826	3D DATA	true	-	-	-	-	-117634.2	-117803.3	-118590.9	-117866.2	-185154.3	-5.3	-2.6	0.7	-1.9	-1.4	-	-	-	-	-
2.854	3D MESSAGE	48	00	7B	91	20	59	B7	8C	30	EB	50	3D	4E	C1	E5	C7	DB	15	E6	C7	9F	9F	E7	C7	48	35	E6	C7	B5	D0	34	C8	00	C0	B4	C0	00	80	3F	C0	00	00	CC	3E	00	80	0F	C0	00	00	FA	BF	00	00	00	00	00	00	00	00	00	00	00	00	00	00	00	00	00	00	00	00
2.854	3D DATA	true	-	-	-	-	-117634.6	-117803.7	-118591.2	-117866.6	-185154.8	-5.6	-3.0	0.4	-2.2	-2.0	-	-	-	-	-
2.855	3D MESSAGE	48	00	7C	91	20	59	B8	8C	30	EB	50	3D	6F	C1	E5	C7	02	16	E6	C7	CF	9F	E7	C7	6D	35	E6	C7	D2	D0	34	C8	00	00	BD	C0	00	00	53	C0	00	00	C0	3C	00	00	22	C0	00	00	1A	C0	00	00	00	00	00	00	00	00	00	00	00	00	00	00	00	00	00	00	00	00
2.855	3D DATA	true	-	-	-	-	-117634.9	-117804.0	-118591.6	-117866.9	-185155.3	-5.9	-3.3	0.0	-2.5	-2.4	-	-	-	-	-
2.855	3D MESSAGE	48	00	7D	91	20	59	B9	8C	30	EB	50	3D	7F	C1	E5	C7	1C	16	E6	C7	FB	9F	E7	C7	8A	35	E6	C7	E6	D0	34	C8	00	00	C1	C0	00	00	60	C0	00	00	A4	BE	00	80	30	C0	00	00	2E	C0	00	00	00	00	00	00	00	00	00	00	00	00	00	00	00	00	00	00	00	00
2.855	3D DATA	true	-	-	-	-	-117635.0	-117804.2	-118592.0	-117867.1	-185155.6	-6.0	-3.5	-0.3	-2.8	-2.7	-	-	-	-	-
2.855	3D MESSAGE	48	00	7E	91	20	59	BA	8C	30	EB	50	3D	7C	C1	E5	C7	2A	16	E6	C7	1E	A0	E7	C7	9E	35	E6	C7	F1	D0	34	C8	00	40	C0	C0	00	00	67	C0	00	00	18	BF	00	80	3A	C0	00	00	39	C0	00	00	00	00	00	00	00	00	00	00	00	00	00	00	00	00	00	00	00	00
2.855	3D DATA	true	-	-	-	-	-117635.0	-117804.3	-118592.2	-117867.2	-185155.8	-6.0	-3.6	-0.6	-2.9	-2.9	-	-	-	-	-
2.855	3D MESSAGE	48	00	7F	91	20	59	BB	8C	30	EB	50	3D	69	C1	E5	C7	32	16	E6	C7	35	A0	E7	C7	AD	35	E6	C7	F3	D0	34	C8	00	80	BB	C0	00	00	6B	C0	00	00	46	BF	00	00	42	C0	00	00	3B	C0	00	00	00	00	00	00	00	00	00	00	00	00	00	00	00	00	00	00	00	00
2.855	3D DATA	true	-	-	-	-	-117634.8	-117804.4	-118592.4	-117867.4	-185155.8	-5.9	-3.7	-0.8	-3.0	-2.9	-	-	-	-	-
2.856	3D MESSAGE	48	00	80	91	20	59	BC	8C	30	EB	50	3D	48	C1	E5	C7	36	16	E6	C7	40	A0	E7	C7	B6	35	E6	C7	EE	D0	34	C8	00	00	00	00	00	00	6D	C0	00	00	5C	BF	00	80	46	C0	00	00	36	C0	00	00	00	00	00	00	00	00	00	00	00	00	00	00	00	00	00	00	00	00
2.856	3D DATA	true	-	-	-	-	-117634.6	-117804.4	-118592.5	-117867.4	-185155.7	0.0	-3.7	-0.9	-3.1	-2.8	-	-	-	-	-
2.889	3D MESSAGE	48	00	81	91	20	59	BD	8C	30	EB	50	3D	1F	C1	E5	C7	3A	16	E6	C7	40	A0	E7	C7	BA	35	E6	C7	E3	D0	34	C8	00	00	A4	3E	00	00	6F	C0	00	00	5C	BF	00	80	48	C0	00	00	2B	C0	00	00	00	00	00	00	00	00	00	00	00	00	00	00	00	00	00	00	00	00
2.889	3D DATA	true	-	-	-	-	-117634.2	-117804.5	-118592.5	-117867.5	-185155.5	0.3	-3.7	-0.9	-3.1	-2.7	-	-	-	-	-
2.890	3D MESSAGE	48	00	82	91	20	59	BE	8C	30	EB	50	3D	F8	C0	E5	C7	3D	16	E6	C7	39	A0	E7	C7	B9	35	E6	C7	D3	D0	34	C8	00	00	20	3F	00	80	70	C0	00	00	4E	BF	00	00	48	C0	00	00	1B	C0	00	00	00	00	00	00	00	00	00	00	00	00	00	00	00	00	00	00	00	00
2.890	3D DATA	true	-	-	-	-	-117633.9	-117804.5	-118592.4	-117867.4	-185155.3	0.6	-3.8	-0.8	-3.1	-2.4	-	-	-	-	-
2.890	3D MESSAGE	48	00	83	91	20	59	BF	8C	30	EB	50	3D	D9	C0	E5	C7	40	16	E6	C7	2B	A0	E7	C7	B6	35	E6	C7	C2	D0	34	C8	00	00	5E	3F	00	00	72	C0	00	00	32	BF	00	80	46	C0	00	00	0A	C0	00	00	00	00	00	00	00	00	00	00	00	00	00	00	00	00	00	00	00	00
2.890	3D DATA	true	-	-	-	-	-117633.7	-117804.5	-118592.3	-117867.4	-185155.0	0.9	-3.8	-0.7	-3.1	-2.2	-	-	-	-	-
2.891	3D MESSAGE	48	00	84	91	20	59	C0	8C	30	EB	50	3D	CB	C0	E5	C7	45	16	E6	C7	1B	A0	E7	C7	B3	35	E6	C7	B1	D0	34	C8	00	00	7A	3F	00	80	74	C0	00	00	12	BF	00	00	45	C0	00	00	F2	BF	00	00	00	00	00	00	00	00	00	00	00	00	00	00	00	00	00	00	00	00
2.891	3D DATA	true	-	-	-	-	-117633.6	-117804.5	-118592.2	-117867.4	-185154.8	1.0	-3.8	-0.6	-3.1	-1.9	-	-	-	-	-
2.891	3D MESSAGE	48	00	85	91	20	59	C1	8C	30	EB	50	3D	D1	C0	E5	C7	4D	16	E6	C7	0A	A0	E7	C7	B4	35	E6	C7	A3	D0	34	C8	00	00	6E	3F	00	80	78	C0	00	00	E0	BE	00	80	45	C0	00	00	D6	BF	00	00	00	00	00	00	00	00	00	00	00	00	00	00	00	00	00	00	00	00
2.891	3D DATA	true	-	-	-	-	-117633.6	-117804.6	-118592.1	-117867.4	-185154.5	0.9	-3.9	-0.4	-3.1	-1.7	-	-	-	-	-
2.892	3D MESSAGE	48	00	86	91	20	59	C2	8C	30	EB	50	3D	E8	C0	E5	C7	5B	16	E6	C7	FD	9F	E7	C7	BB	35	E6	C7	9C	D0	34	C8	00	00	40	3F	00	80	7F	C0	00	00	AC	BE	00	00	49	C0	00	00	C8	BF	00	00	00	00	00	00	00	00	00	00	00	00	00	00	00	00	00	00	00	00
2.892	3D DATA	true	-	-	-	-	-117633.8	-117804.7	-118592.0	-117867.5	-185154.4	0.8	-4.0	-0.3	-3.1	-1.6	-	-	-	-	-
2.892	3D MESSAGE	48	00	87	91	20	59	C3	8C	30	EB	50	3D	09	C1	E5	C7	71	16	E6	C7	F2	9F	E7	C7	C8	35	E6	C7	99	D0	34	C8	00	00	FC	3E	00	40	85	C0	00	00	80	BE	00	80	4F	C0	00	00	C2	BF	00	00	00	00	00	00	00	00	00	00	00	00	00	00	00	00	00	00	00	00
2.892	3D DATA	true	-	-	-	-	-117634.1	-117804.9	-118591.9	-117867.6	-185154.4	0.5	-4.2	-0.2	-3.2	-1.5	-	-	-	-	-
2.919	3D MESSAGE	48	00	88	91	20	59	C4	8C	30	EB	50	3D	2C	C1	E5	C7	8D	16	E6	C7	EA	9F	E7	C7	D5	35	E6	C7	9C	D0	34	C8	00	00	60	3E	00	40	8C	C0	00	00	40	BE	00	00	56	C0	00	00	C8	BF	00	00	00	00	00	00	00	00	00	00	00	00	00	00	00	00	00	00	00	00
2.919	3D DATA	true	-	-	-	-	-117634.3	-117805.1	-118591.8	-117867.7	-185154.4	0.2	-4.4	-0.2	-3.3	-1.6	-	-	-	-	-
2.920	3D MESSAGE	48	00	89	91	20	59	C5	8C	30	EB	50	3D	47	C1	E5	C7	AA	16	E6	C7	E0	9F	E7	C7	DC	35	E6	C7	9F	D0	34	C8	00	00	00	3C	00	80	93	C0	00	00	E0	BD	00	80	59	C0	00	00	CE	BF	00	00	00	00	00	00	00	00	00	00	00	00	00	00	00	00	00	00	00	00
2.920	3D DATA	true	-	-	-	-	-117634.6	-117805.3	-118591.8	-117867.7	-185154.5	0.0	-4.6	-0.1	-3.4	-1.6	-	-	-	-	-
2.920	3D MESSAGE	48	00	8A	91	20	59	C6	8C	30	EB	50	3D	54	C1	E5	C7	C0	16	E6	C7	D0	9F	E7	C7	D6	35	E6	C7	A1	D0	34	C8	00	00	C0	BD	00	00	99	C0	00	00	80	3C	00	80	56	C0	00	00	D2	BF	00	00	00	00	00	00	00	00	00	00	00	00	00	00	00	00	00	00	00	00
2.920	3D DATA	true	-	-	-	-	-117634.7	-117805.5	-118591.6	-117867.7	-185154.5	-0.1	-4.8	0.0	-3.4	-1.6	-	-	-	-	-
2.921	3D MESSAGE	48	00	8B	91	20	59	C7	8C	30	EB	50	3D	50	C1	E5	C7	C8	16	E6	C7	B4	9F	E7	C7	BC	35	E6	C7	9C	D0	34	C8	00	00	80	BD	00	00	9B	C0	00	00	70	3E	00	80	49	C0	00	00	C8	BF	00	00	00	00	00	00	00	00	00	00	00	00	00	00	00	00	00	00	00	00
2.921	3D DATA	true	-	-	-	-	-117634.6	-117805.6	-118591.4	-117867.5	-185154.4	-0.1	-4.8	0.2	-3.1	-1.6	-	-	-	-	-
2.921	3D MESSAGE	48	00	8C	91	20	59	C8	8C	30	EB	50	3D	3D	C1	E5	C7	B8	16	E6	C7	8C	9F	E7	C7	8A	35	E6	C7	8E	D0	34	C8	00	00	B0	3D	00	00	97	C0	00	00	0C	3F	00	80	30	C0	00	00	AC	BF	00	00	00	00	00	00	00	00	00	00	00	00	00	00	00	00	00	00	00	00
2.921	3D DATA	true	-	-	-	-	-117634.5	-117805.4	-118591.1	-117867.1	-185154.2	0.1	-4.7	0.5	-2.8	-1.3	-	-	-	-	-
2.921	3D MESSAGE	48	00	8D	91	20	59	C9	8C	60	03	5E	3D	1E	C1	E5	C7	8B	16	E6	C7	57	9F	E7	C7	44	35	E6	C7	75	D0	34	C8	00	00	A8	3E	00	C0	8B	C0	00	00	76	3F	00	80	0D	C0	00	00	74	BF	00	00	00	00	00	00	00	00	00	00	00	00	00	00	00	00	00	00	00	00
2.921	3D DATA	true	-	-	-	-	-117634.2	-117805.1	-118590.7	-117866.5	-185153.8	0.3	-4.4	1.0	-2.2	-1.0	-	-	-	-	-
2.947	3D MESSAGE	48	00	8E	91	20	59	CA	8C	60	03	5E	3D	F6	C0	E5	C7	3F	16	E6	C7	1C	9F	E7	C7	EF	34	E6	C7	52	D0	34	C8	00	00	24	3F	00	80	71	C0	00	00	B6	3F	00	00	C6	BF	00	00	D0	BE	00	00	00	00	00	00	00	00	00	00	00	00	00	00	00	00	00	00	00	00
2.947	3D DATA	true	-	-	-	-	-117633.9	-117804.5	-118590.2	-117865.9	-185153.3	0.6	-3.8	1.4	-1.5	-0.4	-	-	-	-	-
2.947	3D MESSAGE	48	00	8F	91	20	59	CB	8C	60	03	5E	3D	C7	C0	E5	C7	D8	15	E6	C7	E2	9E	E7	C7	94	34	E6	C7	24	D0	34	C8	00	00	81	3F	00	00	3E	C0	00	00	F0	3F	00	00	56	BF	00	00	A0	3E	00	00	00	00	00	00	00	00	00	00	00	00	00	00	00	00	00	00	00	00
2.947	3D DATA	true	-	-	-	-	-117633.6	-117803.7	-118589.8	-117865.2	-185152.6	1.0	-3.0	1.9	-0.8	0.3	-	-	-	-	-
2.948	3D MESSAGE	48	00	90	91	20	59	CC	8C	60	03	5E	3D	96	C0	E5	C7	61	15	E6	C7	B3	9E	E7	C7	3C	34	E6	C7	F1	CF	34	C8	00	00	B2	3F	00	80	02	C0	00	80	0F	40	00	00	18	BE	00	00	8E	3F	00	00	00	00	00	00	00	00	00	00	00	00	00	00	00	00	00	00	00	00
2.948	3D DATA	true	-	-	-	-	-117633.2	-117802.8	-118589.4	-117864.5	-185151.8	1.4	-2.0	2.2	-0.1	1.1	-	-	-	-	-
2.949	3D MESSAGE	48	00	91	91	20	59	CD	8C	60	03	5E	3D	64	C0	E5	C7	E8	14	E6	C7	97	9E	E7	C7	F1	33	E6	C7	BE	CF	34	C8	00	00	E4	3F	00	00	8C	BF	00	80	1D	40	00	00	E0	3E	00	00	F4	3F	00	00	00	00	00	00	00	00	00	00	00	00	00	00	00	00	00	00	00	00
2.949	3D DATA	true	-	-	-	-	-117632.8	-117801.8	-118589.2	-117863.9	-185151.0	1.8	-1.1	2.5	0.4	1.9	-	-	-	-	-
2.949	3D MESSAGE	48	00	92	91	20	59	CE	8C	60	03	5E	3D	36	C0	E5	C7	80	14	E6	C7	94	9E	E7	C7	BB	33	E6	C7	90	CF	34	C8	00	00	09	40	00	00	90	BE	00	00	1F	40	00	00	5C	3F	00	00	28	40	00	00	00	00	00	00	00	00	00	00	00	00	00	00	00	00	00	00	00	00
2.949	3D DATA	true	-	-	-	-	-117632.4	-117801.0	-118589.2	-117863.5	-185150.2	2.1	-0.3	2.5	0.9	2.6	-	-	-	-	-
2.980	3D MESSAGE	48	00	93	91	20	59	CF	8C	60	03	5E	3D	13	C0	E5	C7	38	14	E6	C7	AB	9E	E7	C7	9E	33	E6	C7	70	CF	34	C8	00	80	1A	40	00	00	90	3E	00	80	13	40	00	00	8B	3F	00	00	48	40	00	00	00	00	00	00	00	00	00	00	00	00	00	00	00	00	00	00	00	00
2.980	3D DATA	true	-	-	-	-	-117632.1	-117800.4	-118589.3	-117863.2	-185149.8	2.4	0.3	2.3	1.1	3.1	-	-	-	-	-
2.980	3D MESSAGE	48	00	94	91	20	59	D0	8C	60	03	5E	3D	FF	BF	E5	C7	18	14	E6	C7	D7	9E	E7	C7	98	33	E6	C7	62	CF	34	C8	00	80	24	40	00	00	08	3F	00	00	FB	3F	00	00	91	3F	00	00	56	40	00	00	00	00	00	00	00	00	00	00	00	00	00	00	00	00	00	00	00	00
2.980	3D DATA	true	-	-	-	-	-117632.0	-117800.2	-118589.7	-117863.2	-185149.5	2.6	0.5	2.0	1.1	3.3	-	-	-	-	-
2.981	3D MESSAGE	48	00	95	91	20	59	D1	8C	60	03	5E	3D	FE	BF	E5	C7	22	14	E6	C7	12	9F	E7	C7	A4	33	E6	C7	64	CF	34	C8	00	00	25	40	00	00	E8	3E	00	00	C0	3F	00	00	85	3F	00	00	54	40	00	00	00	00	00	00	00	00	00	00	00	00	00	00	00	00	00	00	00	00
2.981	3D DATA	true	-	-	-	-	-117632.0	-117800.3	-118590.1	-117863.3	-185149.6	2.6	0.5	1.5	1.0	3.3	-	-	-	-	-
2.981	3D MESSAGE	48	00	96	91	20	59	D2	8C	60	03	5E	3D	0F	C0	E5	C7	4D	14	E6	C7	53	9F	E7	C7	BB	33	E6	C7	76	CF	34	C8	00	80	1C	40	00	00	F0	3D	00	00	7E	3F	00	00	5C	3F	00	00	42	40	00	00	00	00	00	00	00	00	00	00	00	00	00	00	00	00	00	00	00	00
2.981	3D DATA	true	-	-	-	-	-117632.1	-117800.6	-118590.6	-117863.5	-185149.8	2.4	0.1	1.0	0.9	3.0	-	-	-	-	-
2.981	3D MESSAGE	48	00	97	91	20	59	D3	8C	60	03	5E	3D	2C	C0	E5	C7	8B	14	E6	C7	90	9F	E7	C7	D0	33	E6	C7	90	CF	34	C8	00	00	0E	40	00	00	BC	BE	00	00	04	3F	00	00	32	3F	00	00	28	40	00	00	00	00	00	00	00	00	00	00	00	00	00	00	00	00	00	00	00	00
2.981	3D DATA	true	-	-	-	-	-117632.3	-117801.1	-118591.1	-117863.6	-185150.2	2.2	-0.4	0.5	0.7	2.6	-	-	-	-	-
2.981	3D MESSAGE	48	00	98	91	20	59	D4	8C	60	03	5E	3D	4B	C0	E5	C7	CC	14	E6	C7	C0	9F	E7	C7	DA	33	E6	C7	AA	CF	34	C8	00	00	FD	3F	00	00	60	BF	00	00	10	3E	00	00	1E	3F	00	00	0E	40	00	00	00	00	00	00	00	00	00	00	00	00	00	00	00	00	00	00	00	00
2.981	3D DATA	true	-	-	-	-	-117632.6	-117801.6	-118591.5	-117863.7	-185150.7	2.0	-0.9	0.1	0.6	2.2	-	-	-	-	-
2.982	3D MESSAGE	48	00	99	91	20	59	D5	8C	60	03	5E	3D	64	C0	E5	C7	05	15	E6	C7	DE	9F	E7	C7	D2	33	E6	C7	C1	CF	34	C8	00	00	E4	3F	00	00	A9	BF	00	00	C0	BD	00	00	2E	3F	00	00	EE	3F	00	00	00	00	00	00	00	00	00	00	00	00	00	00	00	00	00	00	00	00
2.982	3D DATA	true	-	-	-	-	-117632.8	-117802.0	-118591.7	-117863.6	-185151.0	1.8	-1.3	-0.1	0.7	1.9	-	-	-	-	-
3.011	3D MESSAGE	48	00	9A	91	20	59	D6	8C	60	03	5E	3D	6E	C0	E5	C7	2D	15	E6	C7	E6	9F	E7	C7	B6	33	E6	C7	CF	CF	34	C8	00	00	DA	3F	00	00	D1	BF	00	00	20	BE	00	00	66	3F	00	00	D2	3F	00	00	00	00	00	00	00	00	00	00	00	00	00	00	00	00	00	00	00	00
3.011	3D DATA	true	-	-	-	-	-117632.9	-117802.4	-118591.8	-117863.4	-185151.2	1.7	-1.6	-0.2	0.9	1.6	-	-	-	-	-
3.012	3D MESSAGE	48	00	9B	91	20	59	D7	8C	60	03	5E	3D	64	C0	E5	C7	43	15	E6	C7	D6	9F	E7	C7	87	33	E6	C7	D5	CF	34	C8	00	00	E4	3F	00	00	E7	BF	00	00	00	BD	00	00	A2	3F	00	00	C6	3F	00	00	00	00	00	00	00	00	00	00	00	00	00	00	00	00	00	00	00	00
3.012	3D DATA	true	-	-	-	-	-117632.8	-117802.5	-118591.7	-117863.1	-185151.3	1.8	-1.8	-0.0	1.3	1.5	-	-	-	-	-
3.012	3D MESSAGE	48	00	9C	91	20	59	D8	8C	60	03	5E	3D	47	C0	E5	C7	49	15	E6	C7	B1	9F	E7	C7	4A	33	E6	C7	D5	CF	34	C8	00	80	00	40	00	00	ED	BF	00	00	84	3E	00	00	DF	3F	00	00	C6	3F	00	00	00	00	00	00	00	00	00	00	00	00	00	00	00	00	00	00	00	00
3.012	3D DATA	true	-	-	-	-	-117632.6	-117802.6	-118591.4	-117862.6	-185151.3	2.0	-1.9	0.3	1.7	1.5	-	-	-	-	-
3.012	3D MESSAGE	48	00	9D	91	20	59	D9	8C	60	03	5E	3D	1A	C0	E5	C7	41	15	E6	C7	7C	9F	E7	C7	05	33	E6	C7	D2	CF	34	C8	00	00	17	40	00	00	E5	BF	00	00	2C	3F	00	00	12	40	00	00	CC	3F	00	00	00	00	00	00	00	00	00	00	00	00	00	00	00	00	00	00	00	00
3.012	3D DATA	true	-	-	-	-	-117632.2	-117802.5	-118591.0	-117862.0	-185151.3	2.4	-1.8	0.7	2.3	1.6	-	-	-	-	-
3.013	3D MESSAGE	48	00	9E	91	20	59	DA	8C	60	03	5E	3D	E3	BF	E5	C7	2D	15	E6	C7	3D	9F	E7	C7	BE	32	E6	C7	CC	CF	34	C8	00	80	32	40	00	00	D1	BF	00	00	95	3F	00	80	35	40	00	00	D8	3F	00	00	00	00	00	00	00	00	00	00	00	00	00	00	00	00	00	00	00	00
3.013	3D DATA	true	-	-	-	-	-117631.8	-117802.4	-118590.5	-117861.5	-185151.2	2.8	-1.6	1.2	2.8	1.7	-	-	-	-	-
3.013	3D MESSAGE	48	00	9F	91	20	59	DB	8C	60	03	5E	3D	A8	BF	E5	C7	0D	15	E6	C7	FA	9E	E7	C7	78	32	E6	C7	C4	CF	34	C8	00	00	50	40	00	00	B1	BF	00	00	D8	3F	00	80	58	40	00	00	E8	3F	00	00	00	00	00	00	00	00	00	00	00	00	00	00	00	00	00	00	00	00
3.013	3D DATA	true	-	-	-	-	-117631.3	-117802.1	-118590.0	-117860.9	-185151.1	3.2	-1.4	1.7	3.4	1.8	-	-	-	-	-
3.042	3D MESSAGE	48	00	A0	91	20	59	DC	8C	60	03	5E	3D	70	BF	E5	C7	E2	14	E6	C7	BC	9E	E7	C7	37	32	E6	C7	B6	CF	34	C8	00	00	6C	40	00	00	86	BF	00	00	0B	40	00	00	79	40	00	00	02	40	00	00	00	00	00	00	00	00	00	00	00	00	00	00	00	00	00	00	00	00
3.042	3D DATA	true	-	-	-	-	-117630.9	-117801.8	-118589.5	-117860.4	-185150.8	3.7	-1.0	2.2	3.9	2.0	-	-	-	-	-
3.042	3D MESSAGE	48	00	A1	91	20	59	DD	8C	60	03	5E	3D	3E	BF	E5	C7	AF	14	E6	C7	8B	9E	E7	C7	FD	31	E6	C7	A2	CF	34	C8	00	80	82	40	00	00	26	BF	00	80	23	40	00	00	8B	40	00	00	16	40	00	00	00	00	00	00	00	00	00	00	00	00	00	00	00	00	00	00	00	00
3.042	3D DATA	true	-	-	-	-	-117630.5	-117801.4	-118589.1	-117860.0	-185150.5	4.1	-0.6	2.6	4.3	2.3	-	-	-	-	-
3.043	3D MESSAGE	48	00	A2	91	20	59	DE	8C	60	03	5E	3D	17	BF	E5	C7	7B	14	E6	C7	6D	9E	E7	C7	CC	31	E6	C7	89	CF	34	C8	00	40	8C	40	00	00	78	BE	00	80	32	40	00	40	97	40	00	00	2F	40	00	00	00	00	00	00	00	00	00	00	00	00	00	00	00	00	00	00	00	00
3.043	3D DATA	true	-	-	-	-	-117630.2	-117801.0	-118588.9	-117859.6	-185150.1	4.4	-0.2	2.8	4.7	2.7	-	-	-	-	-
3.043	3D MESSAGE	48	00	A3	91	20	59	DF	8C	60	03	5E	3D	FB	BE	E5	C7	4F	14	E6	C7	65	9E	E7	C7	A5	31	E6	C7	6E	CF	34	C8	00	40	93	40	00	00	D0	3D	00	80	36	40	00	00	A1	40	00	00	4A	40	00	00	00	00	00	00	00	00	00	00	00	00	00	00	00	00	00	00	00	00
3.043	3D DATA	true	-	-	-	-	-117630.0	-117800.6	-118588.8	-117859.3	-185149.7	4.6	0.1	2.9	5.0	3.2	-	-	-	-	-
3.044	3D MESSAGE	48	00	A4	91	20	59	E0	8C	60	03	5E	3D	EC	BE	E5	C7	32	14	E6	C7	70	9E	E7	C7	88	31	E6	C7	56	CF	34	C8	00	00	97	40	00	00	A8	3E	00	00	31	40	00	40	A8	40	00	00	62	40	00	00	00	00	00	00	00	00	00	00	00	00	00	00	00	00	00	00	00	00
3.044	3D DATA	true	-	-	-	-	-117629.8	-117800.4	-118588.9	-117859.1	-185149.3	4.7	0.3	2.8	5.3	3.5	-	-	-	-	-
3.044	3D MESSAGE	48	00	A5	91	20	59	E1	8C	60	03	5E	3D	E6	BE	E5	C7	29	14	E6	C7	86	9E	E7	C7	71	31	E6	C7	45	CF	34	C8	00	80	98	40	00	00	CC	3E	00	00	26	40	00	00	AE	40	00	00	73	40	00	00	00	00	00	00	00	00	00	00	00	00	00	00	00	00	00	00	00	00
3.044	3D DATA	true	-	-	-	-	-117629.8	-117800.3	-118589.0	-117858.9	-185149.1	4.8	0.4	2.6	5.4	3.8	-	-	-	-	-
3.074	3D MESSAGE	48	00	A6	91	20	59	E2	8C	60	03	5E	3D	E3	BE	E5	C7	2F	14	E6	C7	9B	9E	E7	C7	5A	31	E6	C7	3C	CF	34	C8	00	40	99	40	00	00	B4	3E	00	80	1B	40	00	C0	B3	40	00	00	7C	40	00	00	00	00	00	00	00	00	00	00	00	00	00	00	00	00	00	00	00	00
3.074	3D DATA	true	-	-	-	-	-117629.8	-117800.4	-118589.2	-117858.7	-185148.9	4.8	0.4	2.4	5.6	3.9	-	-	-	-	-
3.075	3D MESSAGE	48	00	A7	91	20	59	E3	8C	60	03	5E	3D	DA	BE	E5	C7	3B	14	E6	C7	A0	9E	E7	C7	3C	31	E6	C7	38	CF	34	C8	00	80	9B	40	00	00	84	3E	00	00	19	40	00	40	BB	40	00	00	80	40	00	00	00	00	00	00	00	00	00	00	00	00	00	00	00	00	00	00	00	00
3.075	3D DATA	true	-	-	-	-	-117629.7	-117800.5	-118589.2	-117858.5	-185148.9	4.9	0.3	2.4	5.9	4.0	-	-	-	-	-
3.075	3D MESSAGE	48	00	A8	91	20	59	E4	8C	60	03	5E	3D	C5	BE	E5	C7	41	14	E6	C7	8B	9E	E7	C7	10	31	E6	C7	34	CF	34	C8	00	C0	A0	40	00	00	58	3E	00	80	23	40	00	40	C6	40	00	00	82	40	00	00	00	00	00	00	00	00	00	00	00	00	00	00	00	00	00	00	00	00
3.075	3D DATA	true	-	-	-	-	-117629.5	-117800.5	-118589.1	-117858.1	-185148.8	5.0	0.2	2.6	6.2	4.1	-	-	-	-	-
3.076	3D MESSAGE	48	00	A9	91	20	59	E5	8C	60	03	5E	3D	A0	BE	E5	C7	3B	14	E6	C7	57	9E	E7	C7	D2	30	E6	C7	29	CF	34	C8	00	00	AA	40	00	00	84	3E	00	80	3D	40	00	C0	D5	40	00	80	87	40	00	00	00	00	00	00	00	00	00	00	00	00	00	00	00	00	00	00	00	00
3.076	3D DATA	true	-	-	-	-	-117629.2	-117800.5	-118588.7	-117857.6	-185148.6	5.3	0.3	3.0	6.7	4.2	-	-	-	-	-
3.076	3D MESSAGE	48	00	AA	91	20	59	E6	8C	60	03	5E	3D	6A	BE	E5	C7	26	14	E6	C7	0A	9E	E7	C7	83	30	E6	C7	12	CF	34	C8	00	80	B7	40	00	00	D8	3E	00	00	64	40	00	80	E9	40	00	00	93	40	00	00	00	00	00	00	00	00	00	00	00	00	00	00	00	00	00	00	00	00
3.076	3D DATA	true	-	-	-	-	-117628.8	-117800.3	-118588.1	-117857.0	-185148.3	5.7	0.4	3.6	7.3	4.6	-	-	-	-	-
3.076	3D MESSAGE	48	00	AB	91	20	59	E7	8C	60	03	5E	3D	2B	BE	E5	C7	0A	14	E6	C7	B2	9D	E7	C7	27	30	E6	C7	F0	CE	34	C8	00	40	C7	40	00	00	24	3F	00	00	88	40	00	40	00	41	00	00	A4	40	00	00	00	00	00	00	00	00	00	00	00	00	00	00	00	00	00	00	00	00
3.076	3D DATA	true	-	-	-	-	-117628.3	-117800.1	-118587.4	-117856.3	-185147.8	6.2	0.6	4.2	8.0	5.1	-	-	-	-	-
3.076	3D MESSAGE	48	00	AC	91	20	59	E8	8C	60	03	5E	3D	ED	BD	E5	C7	F2	13	E6	C7	5E	9D	E7	C7	C5	2F	E6	C7	C8	CE	34	C8	00	C0	D6	40	00	00	54	3F	00	00	9D	40	00	80	0C	41	00	00	B8	40	00	00	00	00	00	00	00	00	00	00	00	00	00	00	00	00	00	00	00	00
3.076	3D DATA	true	-	-	-	-	-117627.9	-117799.9	-118586.7	-117855.5	-185147.1	6.7	0.8	4.9	8.8	5.8	-	-	-	-	-
3.105	3D MESSAGE	48	00	AD	91	20	59	E9	8C	60	03	5E	3D	BA	BD	E5	C7	E8	13	E6	C7	1E	9D	E7	C7	65	2F	E6	C7	A1	CE	34	C8	00	80	E3	40	00	00	68	3F	00	00	AD	40	00	80	18	41	00	80	CB	40	00	00	00	00	00	00	00	00	00	00	00	00	00	00	00	00	00	00	00	00
3.105	3D DATA	true	-	-	-	-	-117627.5	-117799.8	-118586.2	-117854.8	-185146.5	7.1	0.9	5.4	9.5	6.4	-	-	-	-	-
3.106	3D MESSAGE	48	00	AE	91	20	59	EA	8C	60	03	5E	3D	97	BD	E5	C7	F1	13	E6	C7	FB	9C	E7	C7	0C	2F	E6	C7	83	CE	34	C8	00	40	EC	40	00	00	56	3F	00	C0	B5	40	00	A0	23	41	00	80	DA	40	00	00	00	00	00	00	00	00	00	00	00	00	00	00	00	00	00	00	00	00
3.106	3D DATA	true	-	-	-	-	-117627.2	-117799.9	-118586.0	-117854.1	-185146.0	7.4	0.8	5.7	10.2	6.8	-	-	-	-	-
3.106	3D MESSAGE	48	00	AF	91	20	59	EB	8C	60	03	5E	3D	86	BD	E5	C7	0F	14	E6	C7	F4	9C	E7	C7	BC	2E	E6	C7	72	CE	34	C8	00	80	F0	40	00	00	1A	3F	00	80	B7	40	00	A0	2D	41	00	00	E3	40	00	00	00	00	00	00	00	00	00	00	00	00	00	00	00	00	00	00	00	00
3.106	3D DATA	true	-	-	-	-	-117627.0	-117800.1	-118585.9	-117853.5	-185145.8	7.5	0.6	5.7	10.9	7.1	-	-	-	-	-
3.107	3D MESSAGE	48	00	B0	91	20	59	EC	8C	60	03	5E	3D	81	BD	E5	C7	38	14	E6	C7	01	9D	E7	C7	73	2E	E6	C7	6F	CE	34	C8	00	C0	F1	40	00	00	90	3E	00	40	B4	40	00	C0	36	41	00	80	E4	40	00	00	00	00	00	00	00	00	00	00	00	00	00	00	00	00	00	00	00	00
3.107	3D DATA	true	-	-	-	-	-117627.0	-117800.4	-118586.0	-117852.9	-185145.7	7.6	0.3	5.6	11.4	7.1	-	-	-	-	-
3.107	3D MESSAGE	48	00	B1	91	20	59	ED	8C	60	03	5E	3D	7D	BD	E5	C7	61	14	E6	C7	14	9D	E7	C7	2A	2E	E6	C7	74	CE	34	C8	00	C0	F2	40	00	00	20	BD	00	80	AF	40	00	E0	3F	41	00	00	E2	40	00	00	00	00	00	00	00	00	00	00	00	00	00	00	00	00	00	00	00	00
3.107	3D DATA	true	-	-	-	-	-117627.0	-117800.8	-118586.2	-117852.3	-185145.8	7.6	-0.0	5.5	12.0	7.1	-	-	-	-	-
3.107	3D MESSAGE	48	00	B2	91	20	59	EE	8C	60	03	5E	3D	6E	BD	E5	C7	7F	14	E6	C7	1F	9D	E7	C7	D8	2D	E6	C7	7A	CE	34	C8	00	80	F6	40	00	00	8C	BE	00	C0	AC	40	00	20	4A	41	00	00	DF	40	00	00	00	00	00	00	00	00	00	00	00	00	00	00	00	00	00	00	00	00
3.107	3D DATA	true	-	-	-	-	-117626.9	-117801.0	-118586.2	-117851.7	-185145.9	7.7	-0.3	5.4	12.6	7.0	-	-	-	-	-
3.136	3D MESSAGE	48	00	B3	91	20	59	EF	8C	60	03	5E	3D	4A	BD	E5	C7	8A	14	E6	C7	15	9D	E7	C7	72	2D	E6	C7	78	CE	34	C8	00	80	FF	40	00	00	B8	BE	00	40	AF	40	00	E0	56	41	00	00	E0	40	00	00	00	00	00	00	00	00	00	00	00	00	00	00	00	00	00	00	00	00
3.136	3D DATA	true	-	-	-	-	-117626.6	-117801.1	-118586.2	-117850.9	-185145.9	8.0	-0.4	5.5	13.4	7.0	-	-	-	-	-
3.137	3D MESSAGE	48	00	B4	91	20	59	F0	8C	60	03	5E	3D	08	BD	E5	C7	7C	14	E6	C7	EE	9C	E7	C7	ED	2C	E6	C7	66	CE	34	C8	00	00	08	41	00	00	80	BE	00	00	B9	40	00	80	67	41	00	00	E9	40	00	00	00	00	00	00	00	00	00	00	00	00	00	00	00	00	00	00	00	00
3.137	3D DATA	true	-	-	-	-	-117626.1	-117801.0	-118585.9	-117849.9	-185145.6	8.5	-0.2	5.8	14.5	7.3	-	-	-	-	-
3.137	3D MESSAGE	48	00	B5	91	20	59	F1	8C	90	A0	A6	3D	A7	BC	E5	C7	57	14	E6	C7	A7	9C	E7	C7	41	2C	E6	C7	40	CE	34	C8	00	20	14	41	00	00	20	3D	00	C0	CA	40	00	00	7D	41	00	00	FC	40	00	00	00	00	00	00	00	00	00	00	00	00	00	00	00	00	00	00	00	00
3.137	3D DATA	true	-	-	-	-	-117625.3	-117800.7	-118585.3	-117848.5	-185145.0	9.3	0.0	6.3	15.8	7.9	-	-	-	-	-
3.138	3D MESSAGE	48	00	B6	91	20	59	F2	8C	90	A0	A6	3D	2A	BC	E5	C7	1C	14	E6	C7	42	9C	E7	C7	6A	2B	E6	C7	04	CE	34	C8	00	C0	23	41	00	00	00	3F	00	00	E4	40	00	F0	8B	41	00	00	0D	41	00	00	00	00	00	00	00	00	00	00	00	00	00	00	00	00	00	00	00	00
3.138	3D DATA	true	-	-	-	-	-117624.3	-117800.2	-118584.5	-117846.8	-185144.1	10.2	0.5	7.1	17.5	8.8	-	-	-	-	-
3.138	3D MESSAGE	48	00	B7	91	20	59	F3	8C	90	A0	A6	3D	96	BB	E5	C7	D2	13	E6	C7	C5	9B	E7	C7	6A	2A	E6	C7	B6	CD	34	C8	00	40	36	41	00	00	8A	3F	00	A0	01	41	00	F0	9B	41	00	80	20	41	00	00	00	00	00	00	00	00	00	00	00	00	00	00	00	00	00	00	00	00
3.138	3D DATA	true	-	-	-	-	-117623.2	-117799.6	-118583.5	-117844.8	-185142.8	11.4	1.1	8.1	19.5	10.0	-	-	-	-	-
3.138	3D MESSAGE	48	00	B8	91	20	59	F4	8C	90	A0	A6	3D	FA	BA	E5	C7	7E	13	E6	C7	3A	9B	E7	C7	4D	29	E6	C7	5E	CD	34	C8	00	C0	49	41	00	00	DE	3F	00	00	13	41	00	C0	AD	41	00	80	36	41	00	00	00	00	00	00	00	00	00	00	00	00	00	00	00	00	00	00	00	00
3.138	3D DATA	true	-	-	-	-	-117622.0	-117799.0	-118582.5	-117842.6	-185141.5	12.6	1.7	9.2	21.7	11.4	-	-	-	-	-
3.171	3D MESSAGE	48	00	B9	91	20	59	F5	8C	90	A0	A6	3D	5F	BA	E5	C7	2A	13	E6	C7	AB	9A	E7	C7	20	28	E6	C7	04	CD	34	C8	00	20	5D	41	00	00	19	40	00	E0	24	41	00	90	C0	41	00	00	4D	41	00	00	00	00	00	00	00	00	00	00	00	00	00	00	00	00	00	00	00	00
3.171	3D DATA	true	-	-	-	-	-117620.7	-117798.3	-118581.3	-117840.2	-185140.1	13.8	2.4	10.3	24.1	12.8	-	-	-	-	-
3.171	3D MESSAGE	48	00	BA	91	20	59	F6	8C	90	A0	A6	3D	D0	B9	E5	C7	DD	12	E6	C7	27	9A	E7	C7	F7	26	E6	C7	B4	CC	34	C8	00	00	6F	41	00	80	3F	40	00	60	35	41	00	20	D3	41	00	00	61	41	00	00	00	00	00	00	00	00	00	00	00	00	00	00	00	00	00	00	00	00
3.171	3D DATA	true	-	-	-	-	-117619.6	-117797.7	-118580.3	-117837.9	-185138.8	14.9	3.0	11.3	26.4	14.1	-	-	-	-	-
3.171	3D MESSAGE	48	00	BB	91	20	59	F7	8C	90	A0	A6	3D	53	B9	E5	C7	A0	12	E6	C7	B7	99	E7	C7	E1	25	E6	C7	72	CC	34	C8	00	A0	7E	41	00	00	5E	40	00	60	43	41	00	80	E4	41	00	80	71	41	00	00	00	00	00	00	00	00	00	00	00	00	00	00	00	00	00	00	00	00
3.171	3D DATA	true	-	-	-	-	-117618.6	-117797.2	-118579.4	-117835.8	-185137.8	15.9	3.5	12.2	28.6	15.1	-	-	-	-	-
3.172	3D MESSAGE	48	00	BC	91	20	59	F8	8C	90	A0	A6	3D	E9	B8	E5	C7	76	12	E6	C7	63	99	E7	C7	E9	24	E6	C7	41	CC	34	C8	00	F0	85	41	00	00	73	40	00	E0	4D	41	00	00	F4	41	00	C0	7D	41	00	00	00	00	00	00	00	00	00	00	00	00	00	00	00	00	00	00	00	00
3.172	3D DATA	true	-	-	-	-	-117617.8	-117796.9	-118578.8	-117833.8	-185137.0	16.7	3.8	12.9	30.5	15.9	-	-	-	-	-
3.172	3D MESSAGE	48	00	BD	91	20	59	F9	8C	90	A0	A6	3D	8C	B8	E5	C7	62	12	E6	C7	2A	99	E7	C7	10	24	E6	C7	1E	CC	34	C8	00	C0	8B	41	00	00	7D	40	00	00	55	41	00	C8	00	42	00	40	83	41	00	00	00	00	00	00	00	00	00	00	00	00	00	00	00	00	00	00	00	00
3.172	3D DATA	true	-	-	-	-	-117617.1	-117796.8	-118578.3	-117832.1	-185136.5	17.5	4.0	13.3	32.2	16.4	-	-	-	-	-
3.173	3D MESSAGE	48	00	BE	91	20	59	FA	8C	90	A0	A6	3D	32	B8	E5	C7	5E	12	E6	C7	05	99	E7	C7	51	23	E6	C7	03	CC	34	C8	00	60	91	41	00	00	7F	40	00	A0	59	41	00	C0	06	42	00	A0	86	41	00	00	00	00	00	00	00	00	00	00	00	00	00	00	00	00	00	00	00	00
3.173	3D DATA	true	-	-	-	-	-117616.4	-117796.7	-118578.0	-117830.6	-185136.0	18.2	4.0	13.6	33.7	16.8	-	-	-	-	-
3.173	3D MESSAGE	48	00	BF	91	20	59	FB	8C	90	A0	A6	3D	D2	B7	E5	C7	64	12	E6	C7	E7	98	E7	C7	9A	22	E6	C7	E6	CB	34	C8	00	60	97	41	00	00	7C	40	00	60	5D	41	00	78	0C	42	00	40	8A	41	00	00	00	00	00	00	00	00	00	00	00	00	00	00	00	00	00	00	00	00
3.173	3D DATA	true	-	-	-	-	-117615.6	-117796.8	-118577.8	-117829.2	-185135.6	18.9	3.9	13.8	35.1	17.3	-	-	-	-	-
3.201	3D MESSAGE	48	00	C0	91	20	59	FC	8C	90	A0	A6	3D	61	B7	E5	C7	6A	12	E6	C7	C0	98	E7	C7	DA	21	E6	C7	C1	CB	34	C8	00	70	9E	41	00	00	79	40	00	40	62	41	00	78	12	42	00	E0	8E	41	00	00	00	00	00	00	00	00	00	00	00	00	00	00	00	00	00	00	00	00
3.201	3D DATA	true	-	-	-	-	-117614.8	-117796.8	-118577.5	-117827.7	-185135.0	19.8	3.9	14.1	36.6	17.9	-	-	-	-	-
3.201	3D MESSAGE	48	00	C1	91	20	59	FD	8C	90	A0	A6	3D	DC	B6	E5	C7	6B	12	E6	C7	80	98	E7	C7	FF	20	E6	C7	90	CB	34	C8	00	C0	A6	41	00	80	78	40	00	40	6A	41	00	50	19	42	00	00	95	41	00	00	00	00	00	00	00	00	00	00	00	00	00	00	00	00	00	00	00	00
3.201	3D DATA	true	-	-	-	-	-117613.7	-117796.8	-118577.0	-117826.0	-185134.2	20.8	3.9	14.6	38.3	18.6	-	-	-	-	-
3.202	3D MESSAGE	48	00	C2	91	20	59	FE	8C	90	A0	A6	3D	44	B6	E5	C7	61	12	E6	C7	1D	98	E7	C7	FA	1F	E6	C7	54	CB	34	C8	00	40	B0	41	00	80	7D	40	00	A0	76	41	00	78	21	42	00	80	9C	41	00	00	00	00	00	00	00	00	00	00	00	00	00	00	00	00	00	00	00	00
3.202	3D DATA	true	-	-	-	-	-117612.5	-117796.8	-118576.2	-117824.0	-185133.3	22.0	4.0	15.4	40.4	19.6	-	-	-	-	-
3.202	3D MESSAGE	48	00	C3	91	20	59	FF	8C	90	A0	A6	3D	9E	B5	E5	C7	4A	12	E6	C7	94	97	E7	C7	C2	1E	E6	C7	0C	CB	34	C8	00	A0	BA	41	00	80	84	40	00	E0	83	41	00	38	2B	42	00	80	A5	41	00	00	00	00	00	00	00	00	00	00	00	00	00	00	00	00	00	00	00	00
3.202	3D DATA	true	-	-	-	-	-117611.2	-117796.6	-118575.2	-117821.5	-185132.2	23.3	4.1	16.5	42.8	20.7	-	-	-	-	-
3.203	3D MESSAGE	48	00	C4	91	20	59	00	8C	90	A0	A6	3D	EE	B4	E5	C7	28	12	E6	C7	ED	96	E7	C7	58	1D	E6	C7	BE	CA	34	C8	00	A0	C5	41	00	00	8D	40	00	50	8E	41	00	88	36	42	00	40	AF	41	00	00	00	00	00	00	00	00	00	00	00	00	00	00	00	00	00	00	00	00
3.203	3D DATA	true	-	-	-	-	-117609.9	-117796.3	-118573.9	-117818.7	-185131.0	24.7	4.4	17.8	45.6	21.9	-	-	-	-	-
3.203	3D MESSAGE	48	00	C5	91	20	59	01	8C	90	A0	A6	3D	3E	B4	E5	C7	FD	11	E6	C7	30	96	E7	C7	C0	1B	E6	C7	6D	CA	34	C8	00	A0	D0	41	00	C0	97	40	00	20	9A	41	00	48	43	42	00	60	B9	41	00	00	00	00	00	00	00	00	00	00	00	00	00	00	00	00	00	00	00	00
3.203	3D DATA	true	-	-	-	-	-117608.5	-117796.0	-118572.4	-117815.5	-185129.7	26.1	4.7	19.3	48.8	23.2	-	-	-	-	-
3.231	3D MESSAGE	48	00	C6	91	20	59	02	8C	90	A0	A6	3D	90	B3	E5	C7	CD	11	E6	C7	6E	95	E7	C7	00	1A	E6	C7	19	CA	34	C8	00	80	DB	41	00	C0	A3	40	00	40	A6	41	00	48	51	42	00	E0	C3	41	00	00	00	00	00	00	00	00	00	00	00	00	00	00	00	00	00	00	00	00
3.231	3D DATA	true	-	-	-	-	-117607.1	-117795.6	-118570.9	-117812.0	-185128.4	27.4	5.1	20.8	52.3	24.5	-	-	-	-	-
3.232	3D MESSAGE	48	00	C7	91	20	59	03	8C	90	A0	A6	3D	E8	B2	E5	C7	9B	11	E6	C7	B2	94	E7	C7	24	18	E6	C7	C6	C9	34	C8	00	00	E6	41	00	40	B0	40	00	00	B2	41	00	28	60	42	00	40	CE	41	00	00	00	00	00	00	00	00	00	00	00	00	00	00	00	00	00	00	00	00
3.232	3D DATA	true	-	-	-	-	-117605.8	-117795.2	-118569.4	-117808.3	-185127.1	28.8	5.5	22.2	56.0	25.8	-	-	-	-	-
3.232	3D MESSAGE	48	00	C8	91	20	59	04	8C	90	A0	A6	3D	43	B2	E5	C7	6A	11	E6	C7	03	94	E7	C7	2F	16	E6	C7	72	C9	34	C8	00	50	F0	41	00	80	BC	40	00	F0	BC	41	00	D0	6F	42	00	C0	D8	41	00	00	00	00	00	00	00	00	00	00	00	00	00	00	00	00	00	00	00	00
3.232	3D DATA	true	-	-	-	-	-117604.5	-117794.8	-118568.0	-117804.4	-185125.8	30.0	5.9	23.6	60.0	27.1	-	-	-	-	-
3.232	3D MESSAGE	48	00	C9	91	20	59	05	8C	90	A0	A6	3D	9D	B1	E5	C7	3A	11	E6	C7	5E	93	E7	C7	22	14	E6	C7	1C	C9	34	C8	00	B0	FA	41	00	80	C8	40	00	40	C7	41	00	1C	80	42	00	80	E3	41	00	00	00	00	00	00	00	00	00	00	00	00	00	00	00	00	00	00	00	00
3.232	3D DATA	true	-	-	-	-	-117603.2	-117794.5	-118566.7	-117800.3	-185124.4	31.3	6.3	24.9	64.1	28.4	-	-	-	-	-
3.233	3D MESSAGE	48	00	CA	91	20	59	06	8C	90	A0	A6	3D	ED	B0	E5	C7	08	11	E6	C7	BB	92	E7	C7	F7	11	E6	C7	C2	C8	34	C8	00	D8	02	42	00	00	D5	40	00	70	D1	41	00	C8	88	42	00	C0	EE	41	00	00	00	00	00	00	00	00	00	00	00	00	00	00	00	00	00	00	00	00
3.233	3D DATA	true	-	-	-	-	-117601.9	-117794.1	-118565.5	-117795.9	-185123.0	32.7	6.7	26.2	68.4	29.8	-	-	-	-	-
3.233	3D MESSAGE	48	00	CB	91	20	59	07	8C	90	A0	A6	3D	28	B0	E5	C7	D0	10	E6	C7	0D	92	E7	C7	A0	0F	E6	C7	5E	C8	34	C8	00	00	09	42	00	00	E3	40	00	50	DC	41	00	24	92	42	00	40	FB	41	00	00	00	00	00	00	00	00	00	00	00	00	00	00	00	00	00	00	00	00
3.233	3D DATA	true	-	-	-	-	-117600.3	-117793.6	-118564.1	-117791.2	-185121.5	34.2	7.1	27.5	73.1	31.4	-	-	-	-	-
3.263	3D MESSAGE	48	00	CC	91	20	59	08	8C	90	A0	A6	3D	40	AF	E5	C7	8B	10	E6	C7	46	91	E7	C7	0B	0D	E6	C7	EA	C7	34	C8	00	40	10	42	00	40	F4	40	00	C0	E8	41	00	78	9C	42	00	E0	04	42	00	00	00	00	00	00	00	00	00	00	00	00	00	00	00	00	00	00	00	00
3.263	3D DATA	true	-	-	-	-	-117598.5	-117793.1	-118562.5	-117786.1	-185119.7	36.1	7.6	29.1	78.2	33.2	-	-	-	-	-
3.264	3D MESSAGE	48	00	CD	91	20	59	09	8C	90	A0	A6	3D	2A	AE	E5	C7	2F	10	E6	C7	58	90	E7	C7	26	0A	E6	C7	5F	C7	34	C8	00	F0	18	42	00	A0	05	41	00	A0	F7	41	00	0C	A8	42	00	90	0D	42	00	00	00	00	00	00	00	00	00	00	00	00	00	00	00	00	00	00	00	00
3.264	3D DATA	true	-	-	-	-	-117596.3	-117792.4	-118560.7	-117780.3	-185117.5	38.2	8.4	31.0	84.0	35.4	-	-	-	-	-
3.264	3D MESSAGE	48	00	CE	91	20	59	0A	8C	90	A0	A6	3D	DD	AC	E5	C7	B8	0F	E6	C7	3C	8F	E7	C7	E2	06	E6	C7	B6	C6	34	C8	00	58	23	42	00	80	14	41	00	B0	04	42	00	1C	B5	42	00	20	18	42	00	00	00	00	00	00	00	00	00	00	00	00	00	00	00	00	00	00	00	00
3.264	3D DATA	true	-	-	-	-	-117593.7	-117791.4	-118558.5	-117773.8	-185114.8	40.8	9.3	33.2	90.6	38.0	-	-	-	-	-
3.265	3D MESSAGE	48	00	CF	91	20	59	0B	8C	90	A0	A6	3D	55	AB	E5	C7	24	0F	E6	C7	F0	8D	E7	C7	34	03	E6	C7	EE	C5	34	C8	00	98	2F	42	00	00	27	41	00	10	0F	42	00	D4	C3	42	00	A0	24	42	00	00	00	00	00	00	00	00	00	00	00	00	00	00	00	00	00	00	00	00
3.265	3D DATA	true	-	-	-	-	-117590.7	-117790.3	-118555.9	-117766.4	-185111.7	43.9	10.4	35.8	97.9	41.2	-	-	-	-	-
3.265	3D MESSAGE	48	00	D0	91	20	59	0C	8C	90	A0	A6	3D	95	A9	E5	C7	7A	0E	E6	C7	75	8C	E7	C7	1A	FF	E5	C7	07	C5	34	C8	00	98	3D	42	00	40	3C	41	00	E8	1A	42	00	3C	D4	42	00	10	33	42	00	00	00	00	00	00	00	00	00	00	00	00	00	00	00	00	00	00	00	00
3.265	3D DATA	true	-	-	-	-	-117587.2	-117789.0	-118552.9	-117758.2	-185108.1	47.4	11.8	38.7	106.1	44.8	-	-	-	-	-
3.265	3D MESSAGE	48	00	D1	91	20	59	0D	8C	90	A0	A6	3D	A7	A7	E5	C7	C5	0D	E6	C7	D2	8A	E7	C7	97	FA	E5	C7	09	C4	34	C8	00	08	4D	42	00	E0	52	41	00	00	28	42	00	48	E6	42	00	F0	42	42	00	00	00	00	00	00	00	00	00	00	00	00	00	00	00	00	00	00	00	00
3.265	3D DATA	true	-	-	-	-	-117583.3	-117787.5	-118549.6	-117749.2	-185104.1	51.3	13.2	42.0	115.1	48.7	-	-	-	-	-
3.266	3D MESSAGE	48	00	D2	91	20	59	0E	8C	90	A0	A6	3D	98	A5	E5	C7	12	0D	E6	C7	0C	89	E7	C7	B2	F5	E5	C7	FA	C2	34	C8	00	80	5D	42	00	40	69	41	00	30	36	42	00	DC	F9	42	00	E0	53	42	00	00	00	00	00	00	00	00	00	00	00	00	00	00	00	00	00	00	00	00
3.266	3D DATA	true	-	-	-	-	-117579.2	-117786.1	-118546.1	-117739.4	-185099.9	55.4	14.6	45.5	124.9	53.0	-	-	-	-	-
3.293	3D MESSAGE	48	00	D3	91	20	59	0F	8C	90	A0	A6	3D	75	A3	E5	C7	6F	0C	E6	C7	28	87	E7	C7	74	F0	E5	C7	E1	C1	34	C8	00	98	6E	42	00	A0	7D	41	00	50	45	42	00	6A	07	43	00	70	65	42	00	00	00	00	00	00	00	00	00	00	00	00	00	00	00	00	00	00	00	00
3.293	3D DATA	true	-	-	-	-	-117574.9	-117784.9	-118542.3	-117728.9	-185095.5	59.6	15.9	49.3	135.4	57.4	-	-	-	-	-
3.294	3D MESSAGE	48	00	D4	91	20	59	10	8C	90	A0	A6	3D	49	A1	E5	C7	E4	0B	E6	C7	2B	85	E7	C7	E2	EA	E5	C7	C3	C0	34	C8	00	F8	7F	42	00	80	87	41	00	38	55	42	00	8E	12	43	00	50	77	42	00	00	00	00	00	00	00	00	00	00	00	00	00	00	00	00	00	00	00	00
3.294	3D DATA	true	-	-	-	-	-117570.6	-117783.8	-118538.3	-117717.8	-185091.0	64.0	16.9	53.3	146.6	61.8	-	-	-	-	-
3.294	3D MESSAGE	48	00	D5	91	20	59	11	8C	90	A0	A6	3D	1C	9F	E5	C7	72	0B	E6	C7	15	83	E7	C7	04	E5	E5	C7	A0	BF	34	C8	00	B0	88	42	00	A0	8E	41	00	E8	65	42	00	4A	1E	43	00	C0	84	42	00	00	00	00	00	00	00	00	00	00	00	00	00	00	00	00	00	00	00	00
3.294	3D DATA	true	-	-	-	-	-117566.2	-117782.9	-118534.2	-117706.0	-185086.5	68.3	17.8	57.5	158.3	66.4	-	-	-	-	-
3.294	3D MESSAGE	48	00	D6	91	20	59	12	8C	90	A0	A6	3D	EE	9C	E5	C7	14	0B	E6	C7	E4	80	E7	C7	DA	DE	E5	C7	76	BE	34	C8	00	68	91	42	00	80	94	41	00	70	77	42	00	9E	2A	43	00	10	8E	42	00	00	00	00	00	00	00	00	00	00	00	00	00	00	00	00	00	00	00	00
3.294	3D DATA	true	-	-	-	-	-117561.9	-117782.2	-118529.8	-117693.7	-185081.8	72.7	18.6	61.9	170.6	71.0	-	-	-	-	-
3.295	3D MESSAGE	48	00	D7	91	20	59	13	8C	90	A0	A6	3D	BA	9A	E5	C7	BF	0A	E6	C7	91	7E	E7	C7	66	D8	E5	C7	3F	BD	34	C8	00	38	9A	42	00	D0	99	41	00	04	85	42	00	86	37	43	00	C8	97	42	00	00	00	00	00	00	00	00	00	00	00	00	00	00	00	00	00	00	00	00
3.295	3D DATA	true	-	-	-	-	-117557.5	-117781.5	-118525.1	-117680.8	-185077.0	77.1	19.2	66.5	183.5	75.9	-	-	-	-	-
3.295	3D MESSAGE	48	00	D8	91	20	59	14	8C	90	A0	A6	3D	78	98	E5	C7	64	0A	E6	C7	0F	7C	E7	C7	A6	D1	E5	C7	F0	BB	34	C8	00	40	A3	42	00	80	9F	41	00	0C	8F	42	00	06	45	43	00	40	A2	42	00	00	00	00	00	00	00	00	00	00	00	00	00	00	00	00	00	00	00	00
3.295	3D DATA	true	-	-	-	-	-117552.9	-117780.8	-118520.1	-117667.3	-185071.8	81.6	19.9	71.5	197.0	81.1	-	-	-	-	-
3.322	3D MESSAGE	48	00	D9	91	20	59	15	8C	90	A0	A6	3D	1C	96	E5	C7	F4	09	E6	C7	4E	79	E7	C7	99	CA	E5	C7	82	BA	34	C8	00	B0	AC	42	00	80	A6	41	00	10	9A	42	00	20	53	43	00	B0	AD	42	00	00	00	00	00	00	00	00	00	00	00	00	00	00	00	00	00	00	00	00
3.322	3D DATA	true	-	-	-	-	-117548.2	-117779.9	-118514.6	-117653.2	-185066.0	86.3	20.8	77.0	211.1	86.8	-	-	-	-	-
3.323	3D MESSAGE	48	00	DA	91	20	59	16	8C	90	A0	A6	3D	97	93	E5	C7	66	09	E6	C7	3C	76	E7	C7	45	C3	E5	C7	EC	B8	34	C8	00	C4	B6	42	00	60	AF	41	00	58	A6	42	00	C8	61	43	00	60	BA	42	00	00	00	00	00	00	00	00	00	00	00	00	00	00	00	00	00	00	00	00
3.323	3D DATA	true	-	-	-	-	-117543.2	-117778.8	-118508.5	-117638.5	-185059.7	91.4	21.9	83.2	225.8	93.2	-	-	-	-	-
3.324	3D MESSAGE	48	00	DB	91	20	59	17	8C	90	A0	A6	3D	E0	90	E5	C7	B2	08	E6	C7	C8	72	E7	C7	B5	BB	E5	C7	28	B7	34	C8	00	A0	C1	42	00	A0	BA	41	00	28	B4	42	00	E8	70	43	00	80	C8	42	00	00	00	00	00	00	00	00	00	00	00	00	00	00	00	00	00	00	00	00
3.324	3D DATA	true	-	-	-	-	-117537.8	-117777.4	-118501.6	-117623.4	-185052.6	96.8	23.3	90.1	240.9	100.2	-	-	-	-	-
3.324	3D MESSAGE	48	00	DC	91	20	59	18	8C	90	A0	A6	3D	EE	8D	E5	C7	DC	07	E6	C7	E8	6E	E7	C7	00	B4	E5	C7	33	B5	34	C8	00	68	CD	42	00	00	C8	41	00	A8	C3	42	00	29	80	43	00	28	D8	42	00	00	00	00	00	00	00	00	00	00	00	00	00	00	00	00	00	00	00	00
3.324	3D DATA	true	-	-	-	-	-117531.9	-117775.7	-118493.8	-117608.0	-185044.8	102.7	25.0	97.8	256.3	108.1	-	-	-	-	-
3.324	3D MESSAGE	48	00	DD	91	20	59	19	8C	94	A0	4C	40	C3	8A	E5	C7	EA	06	E6	C7	94	6A	E7	C7	4D	AC	E5	C7	0B	B3	34	C8	00	14	DA	42	00	20	D7	41	00	F8	D4	42	00	DC	87	43	00	68	E9	42	00	00	00	00	00	00	00	00	00	00	00	00	00	00	00	00	00	00	00	00
3.324	3D DATA	true	-	-	-	-	-117525.5	-117773.8	-118485.2	-117592.6	-185036.2	109.0	26.9	106.5	271.7	116.7	-	-	-	-	-
3.325	3D MESSAGE	4E	00	DE	91	30	59	1A	8D	FE	FF	E7	A5	91	60	94	A0	4C	40	64	87	E5	C7	E5	05	E6	C7	D1	65	E7	C7	D0	A4	E5	C7	B4	B0	34	C8	00	90	E7	42	00	70	E7	41	00	04	E8	42	00	59	8F	43	00	20	FC	42	00	00	00	00	00	00	00	00	00	00	00	00	00	00	00	00	00	00	00	00
3.325	3D DATA	true	-	65534	42471	24721	-117518.8	-117771.8	-118475.6	-117577.6	-185026.8	115.8	28.9	116.0	286.7	126.1	-	-	-	-	-
3.353	3D MESSAGE	4E	00	DF	91	30	59	1B	8D	FE	FF	ED	AA	27	5B	94	A0	4C	40	DF	83	E5	C7	D9	04	E6	C7	A6	60	E7	C7	C7	9D	E5	C7	32	AE	34	C8	00	A4	F5	42	00	30	F8	41	00	B0	FC	42	00	62	96	43	00	18	08	43	00	00	00	00	00	00	00	00	00	00	00	00	00	00	00	00	00	00	00	00
3.353	3D DATA	true	-	65534	43757	23335	-117511.7	-117769.7	-118465.3	-117563.6	-185016.8	122.8	31.0	126.3	300.8	136.1	-	-	-	-	-
3.354	3D MESSAGE	4E	00	E0	91	30	59	1C	8D	FE	FF	B5	AF	47	56	94	A0	4C	40	43	80	E5	C7	CB	03	E6	C7	22	5B	E7	C7	74	97	E5	C7	8A	AB	34	C8	00	0A	02	43	00	88	04	42	00	60	09	43	00	B5	9C	43	00	B8	12	43	00	00	00	00	00	00	00	00	00	00	00	00	00	00	00	00	00	00	00	00
3.354	3D DATA	true	-	65534	44981	22087	-117504.5	-117767.6	-118454.3	-117550.9	-185006.2	130.0	33.1	137.4	313.4	146.7	-	-	-	-	-
3.355	3D MESSAGE	4E	00	E1	91	30	59	1D	8D	FE	FF	32	B4	FA	51	94	A0	4C	40	A0	7C	E5	C7	BE	02	E6	C7	56	55	E7	C7	15	92	E5	C7	C4	A8	34	C8	00	50	09	43	00	F0	0C	42	00	F8	14	43	00	14	A2	43	00	D0	1D	43	00	00	00	00	00	00	00	00	00	00	00	00	00	00	00	00	00	00	00	00
3.355	3D DATA	true	-	65534	46130	20986	-117497.2	-117765.5	-118442.7	-117540.2	-184995.1	137.3	35.2	149.0	324.2	157.8	-	-	-	-	-
3.355	3D MESSAGE	4E	00	E2	91	30	59	1E	8D	FE	FF	55	B8	41	4E	94	A0	4C	40	02	79	E5	C7	AE	01	E6	C7	54	4F	E7	C7	DA	8D	E5	C7	E6	A5	34	C8	00	8C	10	43	00	70	15	42	00	FC	20	43	00	4F	A6	43	00	48	29	43	00	00	00	00	00	00	00	00	00	00	00	00	00	00	00	00	00	00	00	00
3.355	3D DATA	true	-	65534	47189	20033	-117490.0	-117763.4	-118430.7	-117531.7	-184983.6	144.5	37.4	161.0	332.6	169.3	-	-	-	-	-
3.355	3D MESSAGE	4E	00	E3	91	30	59	1F	8D	FE	FF	11	BC	1A	4B	94	A0	4C	40	72	75	E5	C7	9A	00	E6	C7	30	49	E7	C7	E7	8A	E5	C7	F8	A2	34	C8	00	AC	17	43	00	10	1E	42	00	44	2D	43	00	42	A9	43	00	00	35	43	00	00	00	00	00	00	00	00	00	00	00	00	00	00	00	00	00	00	00	00
3.355	3D DATA	true	-	65534	48145	19226	-117482.9	-117761.2	-118418.4	-117525.8	-184971.9	151.7	39.5	173.3	338.5	181.0	-	-	-	-	-
3.356	3D MESSAGE	4E	00	E4	91	30	59	20	8D	FE	FF	5C	BF	7B	48	94	A0	4C	40	F2	71	E5	C7	7A	FF	E5	C7	02	43	E7	C7	4A	89	E5	C7	02	A0	34	C8	00	AC	1E	43	00	10	27	42	00	A0	39	43	00	DF	AA	43	00	D8	40	43	00	00	00	00	00	00	00	00	00	00	00	00	00	00	00	00	00	00	00	00
3.356	3D DATA	true	-	65534	48988	18555	-117475.9	-117759.0	-118406.0	-117522.6	-184960.0	158.7	41.8	185.6	341.7	192.8	-	-	-	-	-
3.385	3D MESSAGE	4E	00	E5	91	30	59	21	8D	FE	FF	2D	C2	59	46	94	A0	4C	40	80	6E	E5	C7	4D	FE	E5	C7	DF	3C	E7	C7	00	89	E5	C7	0C	9D	34	C8	00	90	25	43	00	78	30	42	00	E6	45	43	00	29	AB	43	00	B0	4C	43	00	00	00	00	00	00	00	00	00	00	00	00	00	00	00	00	00	00	00	00
3.385	3D DATA	true	-	65534	49709	18009	-117469.0	-117756.6	-118393.7	-117522.0	-184948.2	165.6	44.1	197.9	342.3	204.7	-	-	-	-	-
3.386	3D MESSAGE	52	00	E6	91	32	59	22	8D	00	00	00	80	FE	FF	85	C4	A6	44	94	A0	4C	40	1C	6B	E5	C7	0E	FD	E5	C7	DE	36	E7	C7	F8	89	E5	C7	1C	9A	34	C8	00	58	2C	43	00	70	3A	42	00	E8	51	43	00	31	AA	43	00	70	58	43	00	00	00	00	00	00	00	00	00	00	00	00	00	00	00	00	00	00	00	00
3.386	3D DATA	true	-	65534	50309	17574	-117462.2	-117754.1	-118381.7	-117523.9	-184936.4	172.3	46.6	209.9	340.4	216.4	-	-	-	-	-
3.386	3D MESSAGE	4E	00	E7	91	30	59	23	8D	FE	FF	6A	C6	55	43	94	A0	4C	40	C1	67	E5	C7	BA	FB	E5	C7	10	31	E7	C7	14	8C	E5	C7	3A	97	34	C8	00	0E	33	43	00	10	45	42	00	84	5D	43	00	15	A8	43	00	F8	63	43	00	00	00	00	00	00	00	00	00	00	00	00	00	00	00	00	00	00	00	00
3.386	3D DATA	true	-	65534	50794	17237	-117455.5	-117751.5	-118370.1	-117528.2	-184924.9	179.1	49.3	221.5	336.2	228.0	-	-	-	-	-
3.386	3D MESSAGE	4E	00	E8	91	30	59	24	8D	FE	FF	E5	C7	55	42	94	A0	4C	40	6E	64	E5	C7	4C	FA	E5	C7	84	2B	E7	C7	31	8F	E5	C7	69	94	34	C8	00	B4	39	43	00	80	50	42	00	9C	68	43	00	F8	A4	43	00	3C	6F	43	00	00	00	00	00	00	00	00	00	00	00	00	00	00	00	00	00	00	00	00
3.386	3D DATA	true	-	65534	51173	16981	-117448.9	-117748.6	-118359.0	-117534.4	-184913.6	185.7	52.1	232.6	329.9	239.2	-	-	-	-	-
3.387	3D MESSAGE	52	00	E9	91	32	59	25	8D	00	00	00	88	FE	FF	04	C9	97	41	94	A0	4C	40	25	61	E5	C7	C2	F8	E5	C7	40	26	E7	C7	26	93	E5	C7	AC	91	34	C8	00	46	40	43	00	D0	5C	42	00	24	73	43	00	03	A1	43	00	30	7A	43	00	00	00	00	00	00	00	00	00	00	00	00	00	00	00	00	00	00	00	00
3.387	3D DATA	true	-	65534	51460	16791	-117442.3	-117745.5	-118348.5	-117542.3	-184902.7	192.3	55.2	243.1	322.0	250.2	-	-	-	-	-
3.387	3D MESSAGE	4E	00	EA	91	30	59	26	8D	FE	FF	D6	C9	0E	41	94	A0	4C	40	EC	5D	E5	C7	19	F7	E5	C7	47	21	E7	C7	CA	97	E5	C7	07	8F	34	C8	00	B8	46	43	00	18	6A	42	00	16	7D	43	00	5F	9C	43	00	62	82	43	00	00	00	00	00	00	00	00	00	00	00	00	00	00	00	00	00	00	00	00
3.387	3D DATA	true	-	65534	51670	16654	-117435.8	-117742.2	-118338.6	-117551.6	-184892.1	198.7	58.5	253.1	312.7	260.8	-	-	-	-	-
3.416	3D MESSAGE	4E	00	EB	91	30	59	27	8D	FE	FF	6B	CA	AE	40	94	A0	4C	40	CC	5A	E5	C7	52	F5	E5	C7	9A	1C	E7	C7	F8	9C	E5	C7	81	8C	34	C8	00	F8	4C	43	00	50	78	42	00	38	83	43	00	31	97	43	00	6E	87	43	00	00	00	00	00	00	00	00	00	00	00	00	00	00	00	00	00	00	00	00
3.416	3D DATA	true	-	65534	51819	16558	-117429.6	-117738.6	-118329.2	-117561.9	-184882.0	205.0	62.1	262.4	302.4	270.9	-	-	-	-	-
3.416	3D MESSAGE	4E	00	EC	91	30	59	28	8D	FE	FF	D0	CA	6E	40	94	A0	4C	40	D0	57	E5	C7	71	F3	E5	C7	3C	18	E7	C7	8C	A2	E5	C7	1E	8A	34	C8	00	F0	52	43	00	AC	83	42	00	96	87	43	00	9D	91	43	00	34	8C	43	00	00	00	00	00	00	00	00	00	00	00	00	00	00	00	00	00	00	00	00
3.416	3D DATA	true	-	65534	51920	16494	-117423.6	-117734.9	-118320.5	-117573.1	-184872.5	210.9	65.8	271.2	291.2	280.4	-	-	-	-	-
3.417	3D MESSAGE	4E	00	ED	91	30	59	29	8D	1D	FF	12	CB	47	40	94	A0	4C	40	04	55	E5	C7	7D	F1	E5	C7	36	14	E7	C7	6A	A8	E5	C7	E9	87	34	C8	00	88	58	43	00	7C	8B	42	00	9C	8B	43	00	BF	8B	43	00	9E	90	43	00	00	00	00	00	00	00	00	00	00	00	00	00	00	00	00	00	00	00	00
3.417	3D DATA	true	-	65309	51986	16455	-117418.0	-117731.0	-118312.4	-117584.8	-184863.6	216.5	69.7	279.2	279.5	289.2	-	-	-	-	-
3.417	3D MESSAGE	4E	00	EE	91	30	59	2A	8D	35	FD	39	CB	36	40	94	A0	4C	40	74	52	E5	C7	7E	EF	E5	C7	93	10	E7	C7	7A	AE	E5	C7	EA	85	34	C8	00	A8	5D	43	00	78	93	42	00	3F	8F	43	00	AF	85	43	00	9C	94	43	00	00	00	00	00	00	00	00	00	00	00	00	00	00	00	00	00	00	00	00
3.417	3D DATA	true	-	64821	52025	16438	-117412.9	-117727.0	-118305.1	-117597.0	-184855.7	221.7	73.7	286.5	267.4	297.2	-	-	-	-	-
3.418	3D MESSAGE	4E	00	EF	91	30	59	2B	8D	5E	FA	4D	CB	37	40	94	A0	4C	40	26	50	E5	C7	7A	ED	E5	C7	60	0D	E7	C7	A8	B4	E5	C7	25	84	34	C8	00	44	62	43	00	88	9B	42	00	72	92	43	00	02	7F	43	00	26	98	43	00	00	00	00	00	00	00	00	00	00	00	00	00	00	00	00	00	00	00	00
3.418	3D DATA	true	-	64094	52045	16439	-117408.3	-117723.0	-118298.8	-117609.3	-184848.6	226.3	77.8	292.9	255.0	304.3	-	-	-	-	-
3.418	3D MESSAGE	4E	00	F0	91	30	59	2C	8D	A4	F6	51	CB	48	40	94	A0	4C	40	20	4E	E5	C7	73	EB	E5	C7	AA	0A	E7	C7	DE	BA	E5	C7	9D	82	34	C8	00	50	66	43	00	A4	A3	42	00	28	95	43	00	96	72	43	00	36	9B	43	00	00	00	00	00	00	00	00	00	00	00	00	00	00	00	00	00	00	00	00
3.418	3D DATA	true	-	63140	52049	16456	-117404.2	-117718.9	-118293.3	-117621.7	-184842.5	230.3	81.8	298.3	242.6	310.4	-	-	-	-	-
3.449	3D MESSAGE	4E	00	F1	91	30	59	2D	8D	07	F2	44	CB	67	40	94	A0	4C	40	61	4C	E5	C7	68	E9	E5	C7	74	08	E7	C7	0C	C1	E5	C7	50	81	34	C8	00	CE	69	43	00	D0	AB	42	00	5E	97	43	00	3A	66	43	00	D0	9D	43	00	00	00	00	00	00	00	00	00	00	00	00	00	00	00	00	00	00	00	00
3.449	3D DATA	true	-	61959	52036	16487	-117400.8	-117714.8	-118288.9	-117634.1	-184837.2	233.8	85.9	302.7	230.2	315.6	-	-	-	-	-
3.449	3D MESSAGE	4E	00	F2	91	30	59	2E	8D	77	EC	21	CB	97	40	94	A0	4C	40	E8	4A	E5	C7	55	E7	E5	C7	BE	06	E7	C7	1E	C7	E5	C7	36	80	34	C8	00	C0	6C	43	00	1C	B4	42	00	14	99	43	00	16	5A	43	00	04	A0	43	00	00	00	00	00	00	00	00	00	00	00	00	00	00	00	00	00	00	00	00
3.449	3D DATA	true	-	60535	52001	16535	-117397.8	-117710.7	-118285.5	-117646.2	-184832.8	236.8	90.1	306.2	218.1	320.0	-	-	-	-	-
3.450	3D MESSAGE	4E	00	F3	91	30	59	2F	8D	D3	E5	E5	CA	DA	40	94	A0	4C	40	B0	49	E5	C7	38	E5	E5	C7	84	05	E7	C7	02	CD	E5	C7	4C	7F	34	C8	00	30	6F	43	00	90	BC	42	00	4E	9A	43	00	4E	4E	43	00	D8	A1	43	00	00	00	00	00	00	00	00	00	00	00	00	00	00	00	00	00	00	00	00
3.450	3D DATA	true	-	58835	51941	16602	-117395.4	-117706.4	-118283.0	-117658.0	-184829.2	239.2	94.3	308.6	206.3	323.7	-	-	-	-	-
3.450	3D MESSAGE	4E	00	F4	91	30	59	30	8D	F0	DD	91	CA	3B	41	94	A0	4C	40	B4	48	E5	C7	0A	E3	E5	C7	B9	04	E7	C7	A9	D2	E5	C7	8A	7E	34	C8	00	28	71	43	00	48	C5	42	00	19	9B	43	00	00	43	43	00	5C	A3	43	00	00	00	00	00	00	00	00	00	00	00	00	00	00	00	00	00	00	00	00
3.450	3D DATA	true	-	56816	51857	16699	-117393.4	-117702.1	-118281.4	-117669.3	-184826.2	241.2	98.6	310.2	195.0	326.7	-	-	-	-	-
3.451	3D MESSAGE	4E	00	F5	91	30	59	31	8D	A5	D4	28	CA	C8	41	94	A0	4C	40	F0	47	E5	C7	CA	E0	E5	C7	55	04	E7	C7	0A	D8	E5	C7	EF	7D	34	C8	00	B0	72	43	00	48	CE	42	00	7D	9B	43	00	3E	38	43	00	92	A4	43	00	00	00	00	00	00	00	00	00	00	00	00	00	00	00	00	00	00	00	00
3.451	3D DATA	true	-	54437	51752	16840	-117391.9	-117697.6	-118280.7	-117680.1	-184823.7	242.7	103.1	311.0	184.2	329.1	-	-	-	-	-
3.451	3D MESSAGE	4E	00	F6	91	30	59	32	8D	EA	C9	B3	C9	9A	42	94	A0	4C	40	5E	47	E5	C7	70	DE	E5	C7	4B	04	E7	C7	1A	DD	E5	C7	79	7D	34	C8	00	D4	73	43	00	B0	D7	42	00	87	9B	43	00	1E	2E	43	00	7E	A5	43	00	00	00	00	00	00	00	00	00	00	00	00	00	00	00	00	00	00	00	00
3.451	3D DATA	true	-	51690	51635	17050	-117390.7	-117692.9	-118280.6	-117690.2	-184821.9	243.8	107.8	311.1	174.1	331.0	-	-	-	-	-
3.451	3D MESSAGE	4E	00	F7	91	30	59	33	8D	FF	BD	37	C9	B0	43	94	A0	4C	40	F8	46	E5	C7	F1	DB	E5	C7	94	04	E7	C7	D7	E1	E5	C7	26	7D	34	C8	00	A0	74	43	00	AC	E1	42	00	3E	9B	43	00	A4	24	43	00	24	A6	43	00	00	00	00	00	00	00	00	00	00	00	00	00	00	00	00	00	00	00	00
3.451	3D DATA	true	-	48639	51511	17328	-117389.9	-117687.9	-118281.2	-117699.7	-184820.6	244.6	112.8	310.5	164.6	332.3	-	-	-	-	-
3.480	3D MESSAGE	4E	00	F8	91	30	59	34	8D	91	B1	BD	C8	C8	44	94	A0	4C	40	B6	46	E5	C7	42	D9	E5	C7	26	05	E7	C7	3C	E6	E5	C7	F7	7C	34	C8	00	24	75	43	00	68	EC	42	00	AC	9A	43	00	DA	1B	43	00	82	A6	43	00	00	00	00	00	00	00	00	00	00	00	00	00	00	00	00	00	00	00	00
3.480	3D DATA	true	-	45457	51389	17608	-117389.4	-117682.5	-118282.3	-117708.5	-184819.9	245.1	118.2	309.3	155.9	333.0	-	-	-	-	-
3.481	3D MESSAGE	4E	00	F9	91	30	59	35	8D	85	A5	45	C8	93	45	94	A0	4C	40	93	46	E5	C7	54	D6	E5	C7	FB	05	E7	C7	49	EA	E5	C7	E9	7C	34	C8	00	6A	75	43	00	20	F8	42	00	D7	99	43	00	C0	13	43	00	9E	A6	43	00	00	00	00	00	00	00	00	00	00	00	00	00	00	00	00	00	00	00	00
3.481	3D DATA	true	-	42373	51269	17811	-117389.1	-117676.7	-118284.0	-117716.6	-184819.6	245.4	124.1	307.7	147.8	333.2	-	-	-	-	-
3.481	3D MESSAGE	4E	00	FA	91	30	59	36	8D	8C	9A	D0	C7	0F	46	94	A0	4C	40	8B	46	E5	C7	1E	D3	E5	C7	11	07	E7	C7	FE	ED	E5	C7	FD	7C	34	C8	00	7A	75	43	00	7C	02	43	00	C1	98	43	00	56	0C	43	00	76	A6	43	00	00	00	00	00	00	00	00	00	00	00	00	00	00	00	00	00	00	00	00
3.481	3D DATA	true	-	39564	51152	17935	-117389.1	-117670.2	-118286.1	-117724.0	-184820.0	245.5	130.5	305.5	140.3	332.9	-	-	-	-	-
3.481	3D MESSAGE	4E	00	FB	91	30	59	37	8D	DD	90	5B	C7	5E	46	94	A0	4C	40	A0	46	E5	C7	9E	CF	E5	C7	69	08	E7	C7	61	F1	E5	C7	30	7D	34	C8	00	50	75	43	00	7C	09	43	00	69	97	43	00	90	05	43	00	10	A6	43	00	00	00	00	00	00	00	00	00	00	00	00	00	00	00	00	00	00	00	00
3.481	3D DATA	true	-	37085	51035	18014	-117389.2	-117663.2	-118288.8	-117730.8	-184820.8	245.3	137.5	302.8	133.6	332.1	-	-	-	-	-
3.482	3D MESSAGE	4E	00	FC	91	30	59	38	8D	55	88	E5	C6	95	46	94	A0	4C	40	D7	46	E5	C7	DD	CB	E5	C7	09	0A	E7	C7	7C	F4	E5	C7	86	7D	34	C8	00	E2	74	43	00	FE	10	43	00	C9	95	43	00	B4	FE	42	00	64	A5	43	00	00	00	00	00	00	00	00	00	00	00	00	00	00	00	00	00	00	00	00
3.482	3D DATA	true	-	34901	50917	18069	-117389.7	-117655.7	-118292.1	-117737.0	-184822.1	244.9	145.0	299.6	127.4	330.8	-	-	-	-	-
3.482	3D MESSAGE	4E	00	FD	91	30	59	39	8D	B5	80	6D	C6	C1	46	94	A0	4C	40	3D	47	E5	C7	E9	C7	E5	C7	FC	0B	E7	C7	60	F7	E5	C7	01	7E	34	C8	00	16	74	43	00	E6	18	43	00	D6	93	43	00	24	F3	42	00	6E	A4	43	00	00	00	00	00	00	00	00	00	00	00	00	00	00	00	00	00	00	00	00
3.482	3D DATA	true	-	32949	50797	18113	-117390.5	-117647.8	-118296.0	-117742.8	-184824.0	244.1	152.9	295.7	121.6	328.9	-	-	-	-	-
3.512	3D MESSAGE	4E	00	FE	91	30	59	3A	8D	C0	79	F0	C5	EA	46	94	A0	4C	40	DD	47	E5	C7	DA	C3	E5	C7	4F	0E	E7	C7	20	FA	E5	C7	A9	7E	34	C8	00	D6	72	43	00	04	21	43	00	83	91	43	00	24	E8	42	00	1E	A3	43	00	00	00	00	00	00	00	00	00	00	00	00	00	00	00	00	00	00	00	00
3.512	3D DATA	true	-	31168	50672	18154	-117391.7	-117639.7	-118300.6	-117748.2	-184826.6	242.8	161.0	291.0	116.1	326.2	-	-	-	-	-
3.513	3D MESSAGE	52	00	FF	91	32	59	3B	8D	00	00	00	A8	49	73	6F	C5	17	47	94	A0	4C	40	C4	48	E5	C7	C4	BF	E5	C7	0D	11	E7	C7	D0	FC	E5	C7	83	7F	34	C8	00	08	71	43	00	30	29	43	00	C5	8E	43	00	64	DD	42	00	6A	A1	43	00	00	00	00	00	00	00	00	00	00	00	00	00	00	00	00	00	00	00	00
3.513	3D DATA	true	-	29513	50543	18199	-117393.5	-117631.5	-118306.1	-117753.6	-184830.0	241.0	169.2	285.5	110.7	322.8	-	-	-	-	-
3.513	3D MESSAGE	4E	00	00	91	30	59	3C	8D	29	6D	E7	C4	50	47	94	A0	4C	40	FB	49	E5	C7	BA	BB	E5	C7	3E	14	E7	C7	82	FF	E5	C7	98	80	34	C8	00	9A	6E	43	00	44	31	43	00	94	8B	43	00	9C	D2	42	00	40	9F	43	00	00	00	00	00	00	00	00	00	00	00	00	00	00	00	00	00	00	00	00
3.513	3D DATA	true	-	27945	50407	18256	-117396.0	-117623.5	-118312.5	-117759.0	-184834.4	238.6	177.3	279.2	105.3	318.5	-	-	-	-	-
3.514	3D MESSAGE	4E	00	01	91	30	59	3D	8D	42	67	58	C4	9C	47	94	A0	4C	40	83	4B	E5	C7	C5	B7	E5	C7	E0	17	E7	C7	3D	02	E6	C7	E8	81	34	C8	00	8A	6B	43	00	2E	39	43	00	F2	87	43	00	B0	C7	42	00	A0	9C	43	00	00	00	00	00	00	00	00	00	00	00	00	00	00	00	00	00	00	00	00
3.514	3D DATA	true	-	26434	50264	18332	-117399.0	-117615.5	-118319.8	-117764.5	-184839.6	235.5	185.2	271.9	99.8	313.2	-	-	-	-	-
3.514	3D MESSAGE	4E	00	02	91	30	59	3E	8D	7C	61	BD	C3	0A	48	94	A0	4C	40	57	4D	E5	C7	E6	B3	E5	C7	ED	1B	E7	C7	02	05	E6	C7	75	83	34	C8	00	E2	67	43	00	EC	40	43	00	E5	83	43	00	9C	BC	42	00	86	99	43	00	00	00	00	00	00	00	00	00	00	00	00	00	00	00	00	00	00	00	00
3.514	3D DATA	true	-	24956	50109	18442	-117402.7	-117607.8	-118327.9	-117770.0	-184845.8	231.9	192.9	263.8	94.3	307.0	-	-	-	-	-
3.514	3D MESSAGE	4E	00	03	91	30	59	3F	8D	C1	5B	12	C3	B4	48	94	A0	4C	40	6D	4F	E5	C7	18	B0	E5	C7	54	20	E7	C7	C8	07	E6	C7	39	85	34	C8	00	B6	63	43	00	88	48	43	00	FC	7E	43	00	84	B1	42	00	FE	95	43	00	00	00	00	00	00	00	00	00	00	00	00	00	00	00	00	00	00	00	00
3.514	3D DATA	true	-	23489	49938	18612	-117406.9	-117600.2	-118336.7	-117775.6	-184852.9	227.7	200.5	255.0	88.8	300.0	-	-	-	-	-
3.515	3D MESSAGE	4E	00	04	91	30	59	40	8D	02	56	53	C2	CB	49	94	A0	4C	40	B4	51	E5	C7	54	AC	E5	C7	02	25	E7	C7	7C	0A	E6	C7	2A	87	34	C8	00	28	5F	43	00	10	50	43	00	A0	75	43	00	B4	A6	42	00	1C	92	43	00	00	00	00	00	00	00	00	00	00	00	00	00	00	00	00	00	00	00	00
3.515	3D DATA	true	-	22018	49747	18891	-117411.4	-117592.7	-118346.0	-117781.0	-184860.7	223.2	208.1	245.6	83.4	292.2	-	-	-	-	-
3.541	3D MESSAGE	4E	00	05	91	30	59	41	8D	36	50	79	C1	73	4B	00	C6	97	3E	19	54	E5	C7	97	A8	E5	C7	DE	29	E7	C7	0D	0D	E6	C7	3D	89	34	C8	00	5E	5A	43	00	8A	57	43	00	E8	6B	43	00	70	9C	42	00	F6	8D	43	00	00	00	00	00	00	00	00	00	00	00	00	00	00	00	00	00	00	00	00
3.541	3D DATA	true	-	20534	49529	19315	-117416.2	-117585.2	-118355.7	-117786.1	-184869.0	218.4	215.5	235.9	78.2	283.9	-	-	-	-	-
3.542	3D MESSAGE	4E	00	06	91	30	59	42	8D	59	4A	7E	C0	4B	4D	00	C6	97	3E	8D	56	E5	C7	E5	A4	E5	C7	D2	2E	E7	C7	66	0F	E6	C7	65	8B	34	C8	00	76	55	43	00	EE	5E	43	00	00	62	43	00	0C	93	42	00	A6	89	43	00	00	00	00	00	00	00	00	00	00	00	00	00	00	00	00	00	00	00	00
3.542	3D DATA	true	-	19033	49278	19787	-117421.1	-117577.8	-118365.6	-117790.8	-184877.6	213.5	222.9	226.0	73.5	275.3	-	-	-	-	-
3.542	3D MESSAGE	4E	00	07	91	30	59	43	8D	69	44	5D	BF	BC	4E	00	C6	97	3E	05	59	E5	C7	4D	A1	E5	C7	CA	33	E7	C7	7D	11	E6	C7	99	8D	34	C8	00	86	50	43	00	1E	66	43	00	10	58	43	00	B0	8A	42	00	3E	85	43	00	00	00	00	00	00	00	00	00	00	00	00	00	00	00	00	00	00	00	00
3.542	3D DATA	true	-	17513	48989	20156	-117426.0	-117570.6	-118375.6	-117795.0	-184886.4	208.5	230.1	216.1	69.3	266.5	-	-	-	-	-
3.542	3D MESSAGE	4E	00	08	91	30	59	44	8D	6A	3E	12	BE	CD	4F	00	C6	97	3E	7A	5B	E5	C7	EA	9D	E5	C7	B7	38	E7	C7	4E	13	E6	C7	D2	8F	34	C8	00	9C	4B	43	00	E4	6C	43	00	36	4E	43	00	6C	83	42	00	CC	80	43	00	00	00	00	00	00	00	00	00	00	00	00	00	00	00	00	00	00	00	00
3.542	3D DATA	true	-	15978	48658	20429	-117431.0	-117563.8	-118385.4	-117798.6	-184895.3	203.6	236.9	206.2	65.7	257.6	-	-	-	-	-
3.543	3D MESSAGE	4E	00	09	91	30	59	45	8D	60	38	9A	BC	BD	50	00	C6	97	3E	F2	5D	E5	C7	E1	9A	E5	C7	91	3D	E7	C7	E0	14	E6	C7	10	92	34	C8	00	AC	46	43	00	F6	72	43	00	82	44	43	00	48	7A	42	00	A0	78	43	00	00	00	00	00	00	00	00	00	00	00	00	00	00	00	00	00	00	00	00
3.543	3D DATA	true	-	14432	48282	20669	-117435.9	-117557.8	-118395.1	-117801.8	-184904.2	198.7	243.0	196.5	62.6	248.6	-	-	-	-	-
3.574	3D MESSAGE	4E	00	0A	91	30	59	46	8D	4F	32	F7	BA	BA	51	00	C6	97	3E	75	60	E5	C7	59	98	E5	C7	58	42	E7	C7	44	16	E6	C7	56	94	34	C8	00	A6	41	43	00	06	78	43	00	F4	3A	43	00	28	6F	42	00	88	6F	43	00	00	00	00	00	00	00	00	00	00	00	00	00	00	00	00	00	00	00	00
3.574	3D DATA	true	-	12879	47863	20922	-117440.9	-117552.7	-118404.7	-117804.5	-184913.3	193.6	248.0	187.0	59.8	239.5	-	-	-	-	-
3.574	3D MESSAGE	4E	00	0B	91	30	59	47	8D	38	2C	2A	B9	EB	52	00	C6	97	3E	0F	63	E5	C7	79	96	E5	C7	0D	47	E7	C7	8E	17	E6	C7	AA	96	34	C8	00	72	3C	43	00	C6	7B	43	00	8A	31	43	00	D8	64	42	00	38	66	43	00	00	00	00	00	00	00	00	00	00	00	00	00	00	00	00	00	00	00	00
3.574	3D DATA	true	-	11320	47402	21227	-117446.1	-117548.9	-118414.1	-117807.1	-184922.7	188.4	251.8	177.5	57.2	230.2	-	-	-	-	-
3.575	3D MESSAGE	4E	00	0C	91	30	59	48	8D	19	26	36	B7	7F	54	00	C6	97	3E	CC	65	E5	C7	5C	95	E5	C7	B6	4B	E7	C7	D0	18	E6	C7	0E	99	34	C8	00	F8	36	43	00	00	7E	43	00	38	28	43	00	C8	5A	42	00	A8	5C	43	00	00	00	00	00	00	00	00	00	00	00	00	00	00	00	00	00	00	00	00
3.575	3D DATA	true	-	9753	46902	21631	-117451.6	-117546.7	-118423.4	-117809.6	-184932.2	183.0	254.0	168.2	54.7	220.7	-	-	-	-	-
3.575	3D MESSAGE	4E	00	0D	91	30	59	49	8D	ED	1F	1C	B5	A3	56	00	C6	97	3E	B4	68	E5	C7	11	95	E5	C7	52	50	E7	C7	19	1A	E6	C7	85	9B	34	C8	00	28	31	43	00	96	7E	43	00	00	1F	43	00	80	50	42	00	CC	52	43	00	00	00	00	00	00	00	00	00	00	00	00	00	00	00	00	00	00	00	00
3.575	3D DATA	true	-	8173	46364	22179	-117457.4	-117546.1	-118432.6	-117812.2	-184942.1	177.2	254.6	159.0	52.1	210.8	-	-	-	-	-
3.576	3D MESSAGE	4E	00	0E	91	30	59	4A	8D	A8	19	E0	B2	5C	59	00	C6	97	3E	CA	6B	E5	C7	98	95	E5	C7	DE	54	E7	C7	72	1B	E6	C7	0C	9E	34	C8	00	FC	2A	43	00	88	7D	43	00	E8	15	43	00	B8	45	42	00	B0	48	43	00	00	00	00	00	00	00	00	00	00	00	00	00	00	00	00	00	00	00	00
3.576	3D DATA	true	-	6568	45792	22876	-117463.6	-117547.2	-118441.7	-117814.9	-184952.2	171.0	253.5	149.9	49.4	200.7	-	-	-	-	-
3.576	3D MESSAGE	4E	00	0F	91	30	59	4B	8D	3E	13	84	B0	79	5C	00	C6	97	3E	09	6F	E5	C7	E2	96	E5	C7	50	59	E7	C7	DC	1C	E6	C7	9C	A0	34	C8	00	7E	24	43	00	F4	7A	43	00	04	0D	43	00	68	3A	42	00	70	3E	43	00	00	00	00	00	00	00	00	00	00	00	00	00	00	00	00	00	00	00	00
3.576	3D DATA	true	-	4926	45188	23673	-117470.1	-117549.8	-118450.6	-117817.7	-184962.4	164.5	251.0	141.0	46.6	190.4	-	-	-	-	-
3.576	3D MESSAGE	4E	00	10	91	30	59	4C	8D	A1	0C	09	AE	D8	5F	00	C6	97	3E	67	72	E5	C7	D9	98	E5	C7	9C	5D	E7	C7	52	1E	E6	C7	2E	A3	34	C8	00	C2	1D	43	00	06	77	43	00	6C	04	43	00	B8	2E	42	00	28	34	43	00	00	00	00	00	00	00	00	00	00	00	00	00	00	00	00	00	00	00	00
3.576	3D DATA	true	-	3233	44553	24536	-117476.8	-117553.7	-118459.2	-117820.6	-184972.7	157.8	247.0	132.4	43.7	180.2	-	-	-	-	-
3.603	3D MESSAGE	4E	00	11	91	30	59	4D	8D	C1	05	73	AB	7E	63	00	C6	97	3E	D8	75	E5	C7	64	9B	E5	C7	B6	61	E7	C7	CF	1F	E6	C7	BB	A5	34	C8	00	E0	16	43	00	F0	71	43	00	70	F8	42	00	D0	22	42	00	F4	29	43	00	00	00	00	00	00	00	00	00	00	00	00	00	00	00	00	00	00	00	00
3.603	3D DATA	true	-	1473	43891	25470	-117483.7	-117558.8	-118467.4	-117823.6	-184982.9	150.9	241.9	124.2	40.7	170.0	-	-	-	-	-
3.604	3D MESSAGE	4E	00	12	91	30	59	4E	8D	00	00	C3	A8	71	67	00	C6	97	3E	4C	79	E5	C7	68	9E	E5	C7	97	65	E7	C7	49	21	E6	C7	39	A8	34	C8	00	F8	0F	43	00	E8	6B	43	00	EC	E8	42	00	00	17	42	00	FC	1F	43	00	00	00	00	00	00	00	00	00	00	00	00	00	00	00	00	00	00	00	00
3.604	3D DATA	true	-	0	43203	26481	-117490.6	-117564.8	-118475.2	-117826.6	-184992.9	144.0	235.9	116.5	37.8	160.0	-	-	-	-	-
3.604	3D MESSAGE	4E	00	13	91	30	59	4F	8D	00	00	23	A6	AC	6B	00	C6	97	3E	B5	7C	E5	C7	CF	A1	E5	C7	3A	69	E7	C7	B6	22	E6	C7	A1	AA	34	C8	00	26	09	43	00	1A	65	43	00	60	DA	42	00	98	0B	42	00	5C	16	43	00	00	00	00	00	00	00	00	00	00	00	00	00	00	00	00	00	00	00	00
3.604	3D DATA	true	-	0	42531	27564	-117497.4	-117571.6	-118482.5	-117829.4	-185002.5	137.1	229.1	109.2	34.9	150.4	-	-	-	-	-
3.604	3D MESSAGE	4E	00	14	91	30	59	50	8D	00	00	D9	A3	23	70	00	C6	97	3E	06	80	E5	C7	85	A5	E5	C7	A1	6C	E7	C7	0E	24	E6	C7	ED	AC	34	C8	00	84	02	43	00	AE	5D	43	00	C4	CC	42	00	D8	00	42	00	2C	0D	43	00	00	00	00	00	00	00	00	00	00	00	00	00	00	00	00	00	00	00	00
3.604	3D DATA	true	-	0	41945	28707	-117504.0	-117579.0	-118489.3	-117832.1	-185011.7	130.5	221.7	102.4	32.2	141.2	-	-	-	-	-
3.605	3D MESSAGE	4E	00	15	91	30	59	51	8D	00	00	C5	A1	C7	74	00	C6	97	3E	34	83	E5	C7	78	A9	E5	C7	CB	6F	E7	C7	48	25	E6	C7	17	AF	34	C8	00	50	F8	42	00	C8	55	43	00	1C	C0	42	00	10	EE	41	00	84	04	43	00	00	00	00	00	00	00	00	00	00	00	00	00	00	00	00	00	00	00	00
3.605	3D DATA	true	-	0	41413	29895	-117510.4	-117586.9	-118495.6	-117834.6	-185020.4	124.2	213.8	96.1	29.8	132.5	-	-	-	-	-
3.605	3D MESSAGE	4E	00	16	91	30	59	52	8D	00	00	D4	9F	8D	79	00	C6	97	3E	3B	86	E5	C7	97	AD	E5	C7	BC	72	E7	C7	5B	26	E6	C7	18	B1	34	C8	00	34	EC	42	00	8A	4D	43	00	58	B4	42	00	E0	DC	41	00	00	F9	42	00	00	00	00	00	00	00	00	00	00	00	00	00	00	00	00	00	00	00	00
3.605	3D DATA	true	-	0	40916	31117	-117516.5	-117595.2	-118501.5	-117836.7	-185028.4	118.1	205.5	90.2	27.6	124.5	-	-	-	-	-
3.639	3D MESSAGE	4E	00	17	91	30	59	53	8D	00	00	FD	9D	6E	7E	00	C6	97	3E	1B	89	E5	C7	D4	B1	E5	C7	76	75	E7	C7	47	27	E6	C7	F2	B2	34	C8	00	B4	E0	42	00	10	45	43	00	70	A9	42	00	20	CE	41	00	30	EA	42	00	00	00	00	00	00	00	00	00	00	00	00	00	00	00	00	00	00	00	00
3.639	3D DATA	true	-	0	40445	32366	-117522.2	-117603.7	-118506.9	-117838.6	-185035.8	112.4	197.1	84.7	25.8	117.1	-	-	-	-	-
3.640	3D MESSAGE	4E	00	18	91	30	59	54	8D	00	00	39	9C	67	83	00	C6	97	3E	D9	8B	E5	C7	24	B6	E5	C7	FC	77	E7	C7	0D	28	E6	C7	A5	B4	34	C8	00	BC	D5	42	00	70	3C	43	00	58	9F	42	00	C0	C1	41	00	98	DC	42	00	00	00	00	00	00	00	00	00	00	00	00	00	00	00	00	00	00	00	00
3.640	3D DATA	true	-	0	39993	33639	-117527.7	-117612.3	-118512.0	-117840.1	-185042.6	106.9	188.4	79.7	24.2	110.3	-	-	-	-	-
3.640	3D MESSAGE	4E	00	19	91	30	59	55	8D	00	00	84	9A	81	88	00	C6	97	3E	7E	8E	E5	C7	80	BA	E5	C7	57	7A	E7	C7	B8	28	E6	C7	38	B6	34	C8	00	28	CB	42	00	B8	33	43	00	EC	95	42	00	10	B7	41	00	00	D0	42	00	00	00	00	00	00	00	00	00	00	00	00	00	00	00	00	00	00	00	00
3.640	3D DATA	true	-	0	39556	34945	-117533.0	-117621.0	-118516.7	-117841.4	-185048.9	101.6	179.7	75.0	22.9	104.0	-	-	-	-	-
3.640	3D MESSAGE	4E	00	1A	91	30	59	56	8D	00	00	DD	98	CE	8D	00	C6	97	3E	14	91	E5	C7	E4	BE	E5	C7	92	7C	E7	C7	56	29	E6	C7	B4	B7	34	C8	00	D0	C0	42	00	F0	2A	43	00	00	8D	42	00	30	AD	41	00	20	C4	42	00	00	00	00	00	00	00	00	00	00	00	00	00	00	00	00	00	00	00	00
3.640	3D DATA	true	-	0	39133	36302	-117538.2	-117629.8	-118521.1	-117842.7	-185054.8	96.4	170.9	70.5	21.6	98.1	-	-	-	-	-
3.641	3D MESSAGE	4E	00	1B	91	30	59	57	8D	00	00	40	97	69	93	00	C6	97	3E	A4	93	E5	C7	4F	C3	E5	C7	BC	7E	E7	C7	F8	29	E6	C7	25	B9	34	C8	00	90	B6	42	00	1A	22	43	00	58	84	42	00	10	A3	41	00	98	B8	42	00	00	00	00	00	00	00	00	00	00	00	00	00	00	00	00	00	00	00	00
3.641	3D DATA	true	-	0	38720	37737	-117543.3	-117638.6	-118525.5	-117843.9	-185060.6	91.3	162.1	66.2	20.4	92.3	-	-	-	-	-
3.641	3D MESSAGE	4E	00	1C	91	30	59	58	8D	00	00	AC	95	6C	99	00	C6	97	3E	34	96	E5	C7	BC	C7	E5	C7	DD	80	E7	C7	A9	2A	E6	C7	90	BA	34	C8	00	50	AC	42	00	40	19	43	00	A8	77	42	00	00	98	41	00	40	AD	42	00	00	00	00	00	00	00	00	00	00	00	00	00	00	00	00	00	00	00	00
3.641	3D DATA	true	-	0	38316	39276	-117548.4	-117647.5	-118529.7	-117845.3	-185066.2	86.2	153.2	61.9	19.0	86.6	-	-	-	-	-
3.641	3D MESSAGE	4E	00	1D	91	30	59	59	8D	00	00	1C	94	E8	9F	00	C6	97	3E	C3	98	E5	C7	24	CC	E5	C7	FC	82	E7	C7	6F	2B	E6	C7	FB	BB	34	C8	00	14	A2	42	00	70	10	43	00	B0	66	42	00	A0	8B	41	00	E8	A1	42	00	00	00	00	00	00	00	00	00	00	00	00	00	00	00	00	00	00	00	00
3.641	3D DATA	true	-	0	37916	40936	-117553.5	-117656.3	-118534.0	-117846.9	-185071.9	81.0	144.4	57.7	17.5	81.0	-	-	-	-	-
3.669	3D MESSAGE	4E	00	1E	91	30	59	5A	8D	00	00	8F	92	DA	A6	00	C6	97	3E	49	9B	E5	C7	7B	D0	E5	C7	14	85	E7	C7	47	2C	E6	C7	64	BD	34	C8	00	FC	97	42	00	C2	07	43	00	F0	55	42	00	40	7C	41	00	A0	96	42	00	00	00	00	00	00	00	00	00	00	00	00	00	00	00	00	00	00	00	00
3.669	3D DATA	true	-	0	37519	42714	-117558.6	-117665.0	-118538.2	-117848.6	-185077.6	76.0	135.8	53.5	15.8	75.3	-	-	-	-	-
3.669	3D MESSAGE	4E	00	1F	91	30	59	5B	8D	00	00	00	91	27	AE	00	C6	97	3E	BA	9D	E5	C7	B2	D4	E5	C7	1B	87	E7	C7	26	2D	E6	C7	C4	BE	34	C8	00	38	8E	42	00	A8	FE	42	00	B8	45	42	00	60	60	41	00	A0	8B	42	00	00	00	00	00	00	00	00	00	00	00	00	00	00	00	00	00	00	00	00
3.669	3D DATA	true	-	0	37120	44583	-117563.5	-117673.4	-118542.2	-117850.3	-185083.1	71.1	127.3	49.4	14.0	69.8	-	-	-	-	-
3.670	3D MESSAGE	4E	00	20	91	30	59	5C	8D	00	00	6F	8F	9C	B5	00	C6	97	3E	05	A0	E5	C7	B9	D8	E5	C7	01	89	E7	C7	FC	2D	E6	C7	12	C0	34	C8	00	0C	85	42	00	8C	EE	42	00	88	36	42	00	A0	45	41	00	30	81	42	00	00	00	00	00	00	00	00	00	00	00	00	00	00	00	00	00	00	00	00
3.670	3D DATA	true	-	0	36719	46492	-117568.0	-117681.4	-118546.0	-117852.0	-185088.3	66.5	119.3	45.6	12.4	64.6	-	-	-	-	-
3.670	3D MESSAGE	4E	00	21	91	30	59	5D	8D	00	00	DB	8D	F8	BC	00	C6	97	3E	1C	A2	E5	C7	80	DC	E5	C7	B7	8A	E7	C7	BB	2E	E6	C7	45	C1	34	C8	00	60	79	42	00	70	DF	42	00	D8	28	42	00	C0	2D	41	00	30	6F	42	00	00	00	00	00	00	00	00	00	00	00	00	00	00	00	00	00	00	00	00
3.670	3D DATA	true	-	0	36315	48376	-117572.2	-117689.0	-118549.4	-117853.5	-185093.1	62.3	111.7	42.2	10.9	59.8	-	-	-	-	-
3.670	3D MESSAGE	52	00	22	91	32	59	5E	8D	00	00	00	88	00	00	43	8C	F7	C3	00	C6	97	3E	F5	A3	E5	C7	F9	DF	E5	C7	31	8C	E7	C7	57	2F	E6	C7	52	C2	34	C8	00	98	6A	42	00	8C	D1	42	00	08	1D	42	00	40	1A	41	00	60	5E	42	00	00	00	00	00	00	00	00	00	00	00	00	00	00	00	00	00	00	00	00
3.670	3D DATA	true	-	0	35907	50167	-117575.9	-117695.9	-118552.4	-117854.7	-185097.3	58.6	104.8	39.3	9.6	55.6	-	-	-	-	-
3.671	3D MESSAGE	4E	00	23	91	30	59	5F	8D	00	00	A7	8A	62	CA	00	C6	97	3E	8B	A5	E5	C7	1C	E3	E5	C7	6D	8D	E7	C7	CA	2F	E6	C7	35	C3	34	C8	00	E8	5D	42	00	00	C5	42	00	28	13	42	00	E0	0B	41	00	30	50	42	00	00	00	00	00	00	00	00	00	00	00	00	00	00	00	00	00	00	00	00
3.671	3D DATA	true	-	0	35495	51810	-117579.1	-117702.2	-118554.9	-117855.6	-185100.8	55.5	98.5	36.8	8.7	52.0	-	-	-	-	-
3.701	3D MESSAGE	4E	00	24	91	30	59	60	8D	00	00	0A	89	17	D0	00	C6	97	3E	E2	A6	E5	C7	E8	E5	E5	C7	70	8E	E7	C7	14	30	E6	C7	EC	C3	34	C8	00	30	53	42	00	D0	B9	42	00	10	0B	42	00	A0	02	41	00	C0	44	42	00	00	00	00	00	00	00	00	00	00	00	00	00	00	00	00	00	00	00	00
3.701	3D DATA	true	-	0	35082	53271	-117581.8	-117707.8	-118556.9	-117856.2	-185103.7	52.8	92.9	34.8	8.2	49.2	-	-	-	-	-
3.701	3D MESSAGE	4E	00	25	91	30	59	61	8D	00	00	6A	87	19	D5	00	C6	97	3E	07	A8	E5	C7	65	E8	E5	C7	43	8F	E7	C7	3C	30	E6	C7	7D	C4	34	C8	00	08	4A	42	00	DC	AF	42	00	78	04	42	00	40	FB	40	00	B0	3B	42	00	00	00	00	00	00	00	00	00	00	00	00	00	00	00	00	00	00	00	00
3.702	3D DATA	true	-	0	34666	54553	-117584.1	-117712.8	-118558.5	-117856.5	-185106.0	50.5	87.9	33.1	7.9	46.9	-	-	-	-	-
3.702	3D MESSAGE	48	00	26	91	20	59	62	8C	00	C6	97	3E	0A	A9	E5	C7	A1	EA	E5	C7	F8	8F	E7	C7	4C	30	E6	C7	F0	C4	34	C8	00	F0	41	42	00	EC	A6	42	00	A0	FD	41	00	40	F7	40	00	80	34	42	00	00	00	00	00	00	00	00	00	00	00	00	00	00	00	00	00	00	00	00
3.702	3D DATA	true	-	-	-	-	-117586.1	-117717.3	-118559.9	-117856.6	-185107.8	48.5	83.5	31.7	7.7	45.1	-	-	-	-	-
3.702	3D MESSAGE	48	00	27	91	20	59	63	8C	00	C6	97	3E	FD	A9	E5	C7	B2	EC	E5	C7	9C	90	E7	C7	50	30	E6	C7	51	C5	34	C8	00	58	3A	42	00	A8	9E	42	00	60	F3	41	00	40	F6	40	00	70	2E	42	00	00	00	00	00	00	00	00	00	00	00	00	00	00	00	00	00	00	00	00
3.702	3D DATA	true	-	-	-	-	-117588.0	-117721.4	-118561.2	-117856.6	-185109.3	46.6	79.3	30.4	7.7	43.6	-	-	-	-	-
3.703	3D MESSAGE	48	00	28	91	20	59	64	8C	00	C6	97	3E	EF	AA	E5	C7	AC	EE	E5	C7	3E	91	E7	C7	58	30	E6	C7	AD	C5	34	C8	00	C8	32	42	00	C0	96	42	00	40	E9	41	00	40	F4	40	00	B0	28	42	00	00	00	00	00	00	00	00	00	00	00	00	00	00	00	00	00	00	00	00
3.703	3D DATA	true	-	-	-	-	-117589.9	-117725.3	-118562.5	-117856.7	-185110.7	44.7	75.4	29.2	7.6	42.2	-	-	-	-	-
3.703	3D MESSAGE	48	00	29	91	20	59	65	8C	00	C6	97	3E	EA	AB	E5	C7	A1	F0	E5	C7	E6	91	E7	C7	6E	30	E6	C7	0D	C6	34	C8	00	F0	2A	42	00	EC	8E	42	00	C0	DE	41	00	C0	EE	40	00	B0	22	42	00	00	00	00	00	00	00	00	00	00	00	00	00	00	00	00	00	00	00	00
3.703	3D DATA	true	-	-	-	-	-117591.8	-117729.3	-118563.8	-117856.9	-185112.2	42.7	71.5	27.8	7.5	40.7	-	-	-	-	-
3.730	3D MESSAGE	48	00	2A	91	20	59	66	8C	00	C6	97	3E	F0	AC	E5	C7	9C	F2	E5	C7	9B	92	E7	C7	97	30	E6	C7	76	C6	34	C8	00	C0	22	42	00	00	87	42	00	70	D3	41	00	80	E4	40	00	20	1C	42	00	00	00	00	00	00	00	00	00	00	00	00	00	00	00	00	00	00	00	00
3.730	3D DATA	true	-	-	-	-	-117593.9	-117733.2	-118565.2	-117857.2	-185113.8	40.7	67.5	26.4	7.1	39.0	-	-	-	-	-
3.731	3D MESSAGE	48	00	2B	91	20	59	67	8C	00	C6	97	3E	FE	AD	E5	C7	9B	F4	E5	C7	59	93	E7	C7	D5	30	E6	C7	E9	C6	34	C8	00	50	1A	42	00	08	7E	42	00	90	C7	41	00	00	D5	40	00	F0	14	42	00	00	00	00	00	00	00	00	00	00	00	00	00	00	00	00	00	00	00	00
3.731	3D DATA	true	-	-	-	-	-117596.0	-117737.2	-118566.7	-117857.7	-185115.6	38.6	63.5	24.9	6.7	37.2	-	-	-	-	-
3.731	3D MESSAGE	4C	00	2C	91	22	59	68	8C	03	10	04	08	00	C6	97	3E	09	AF	E5	C7	92	F6	E5	C7	1A	94	E7	C7	22	31	E6	C7	62	C7	34	C8	00	F8	11	42	00	50	6E	42	00	80	BB	41	00	C0	C1	40	00	60	0D	42	00	00	00	00	00	00	00	00	00	00	00	00	00	00	00	00	00	00	00	00
3.731	3D DATA	true	-	-	-	-	-117598.1	-117741.1	-118568.2	-117858.3	-185117.5	36.5	59.6	23.4	6.1	35.3	-	-	-	-	Flick East -> West
3.731	3D MESSAGE	4A	00	2D	91	21	59	69	8C	08	2B	FC	8B	D6	3F	09	B0	E5	C7	71	F8	E5	C7	D3	94	E7	C7	75	31	E6	C7	DA	C7	34	C8	00	00	00	00	00	00	00	00	00	00	00	00	00	00	00	00	00	00	00	00	00	00	00	00	00	00	00	00	00	00	00	00	00	00	00	00	00	00	00	00
3.731	3D DATA	true	43	-	-	-	-117600.1	-117744.9	-118569.6	-117858.9	-185119.4	0.0	0.0	0.0	0.0	0.0	-	-	-	-	-
3.732	3D MESSAGE	48	00	2E	91	20	59	6A	8C	FC	8B	D6	3F	F6	B0	E5	C7	26	FA	E5	C7	7A	95	E7	C7	C2	31	E6	C7	4B	C8	34	C8	00	00	ED	BF	00	80	5A	C0	00	00	A7	BF	00	00	1A	BF	00	00	E2	BF	00	00	00	00	00	00	00	00	00	00	00	00	00	00	00	00	00	00	00	00
3.732	3D DATA	true	-	-	-	-	-117601.9	-117748.3	-118571.0	-117859.5	-185121.2	-1.9	-3.4	-1.3	-0.6	-1.8	-	-	-	-	-
3.732	3D MESSAGE	48	00	2F	91	20	59	6B	8C	FC	8B	D6	3F	CE	B1	E5	C7	A6	FB	E5	C7	06	96	E7	C7	02	32	E6	C7	B2	C8	34	C8	00	80	62	C0	00	40	CD	C0	00	80	19	C0	00	00	8D	BF	00	00	58	C0	00	00	00	00	00	00	00	00	00	00	00	00	00	00	00	00	00	00	00	00
3.732	3D DATA	true	-	-	-	-	-117603.6	-117751.3	-118572.0	-117860.0	-185122.8	-3.5	-6.4	-2.4	-1.1	-3.4	-	-	-	-	-
3.761	3D MESSAGE	48	00	30	91	20	59	6C	8C	FC	8B	D6	3F	92	B2	E5	C7	EE	FC	E5	C7	71	96	E7	C7	30	32	E6	C7	0B	C9	34	C8	00	40	A2	C0	00	A0	0F	C1	00	00	4F	C0	00	00	BB	BF	00	80	98	C0	00	00	00	00	00	00	00	00	00	00	00	00	00	00	00	00	00	00	00	00
3.761	3D DATA	true	-	-	-	-	-117605.1	-117753.9	-118572.9	-117860.4	-185124.2	-5.1	-9.0	-3.2	-1.5	-4.8	-	-	-	-	-
3.761	3D MESSAGE	48	00	31	91	20	59	6D	8C	FC	8B	D6	3F	49	B3	E5	C7	03	FE	E5	C7	BA	96	E7	C7	4C	32	E6	C7	57	C9	34	C8	00	00	D0	C0	00	40	32	C1	00	80	73	C0	00	00	D7	BF	00	80	BE	C0	00	00	00	00	00	00	00	00	00	00	00	00	00	00	00	00	00	00	00	00
3.761	3D DATA	true	-	-	-	-	-117606.6	-117756.0	-118573.5	-117860.6	-185125.4	-6.5	-11.1	-3.8	-1.7	-6.0	-	-	-	-	-
3.762	3D MESSAGE	48	00	32	91	20	59	6E	8C	FC	8B	D6	3F	F8	B3	E5	C7	F2	FE	E5	C7	E8	96	E7	C7	5B	32	E6	C7	9A	C9	34	C8	00	C0	FB	C0	00	20	50	C1	00	40	85	C0	00	00	E6	BF	00	00	E0	C0	00	00	00	00	00	00	00	00	00	00	00	00	00	00	00	00	00	00	00	00
3.762	3D DATA	true	-	-	-	-	-117607.9	-117757.9	-118573.8	-117860.7	-185126.4	-7.9	-13.0	-4.2	-1.8	-7.0	-	-	-	-	-
3.762	3D MESSAGE	48	00	33	91	20	59	6F	8C	FC	8B	D6	3F	A5	B4	E5	C7	CB	FF	E5	C7	06	97	E7	C7	64	32	E6	C7	D8	C9	34	C8	00	80	13	C1	00	40	6B	C1	00	C0	8C	C0	00	00	EF	BF	00	00	FF	C0	00	00	00	00	00	00	00	00	00	00	00	00	00	00	00	00	00	00	00	00
3.762	3D DATA	true	-	-	-	-	-117609.3	-117759.6	-118574.0	-117860.8	-185127.4	-9.2	-14.7	-4.4	-1.9	-8.0	-	-	-	-	-
3.763	3D MESSAGE	48	00	34	91	20	59	70	8C	FC	8B	D6	3F	52	B5	E5	C7	A0	00	E6	C7	21	97	E7	C7	73	32	E6	C7	16	CA	34	C8	00	20	29	C1	00	F0	82	C1	00	80	93	C0	00	00	FE	BF	00	00	0F	C1	00	00	00	00	00	00	00	00	00	00	00	00	00	00	00	00	00	00	00	00
3.763	3D DATA	true	-	-	-	-	-117610.6	-117761.2	-118574.3	-117860.9	-185128.3	-10.6	-16.4	-4.6	-2.0	-8.9	-	-	-	-	-
3.763	3D MESSAGE	48	00	35	91	20	59	71	8C	FC	8B	D6	3F	00	B6	E5	C7	80	01	E6	C7	4A	97	E7	C7	8E	32	E6	C7	59	CA	34	C8	00	E0	3E	C1	00	F0	90	C1	00	C0	9D	C0	00	80	0C	C0	00	C0	1F	C1	00	00	00	00	00	00	00	00	00	00	00	00	00	00	00	00	00	00	00	00
3.763	3D DATA	true	-	-	-	-	-117612.0	-117763.0	-118574.6	-117861.1	-185129.4	-11.9	-18.1	-4.9	-2.2	-10.0	-	-	-	-	-
3.792	3D MESSAGE	48	00	36	91	20	59	72	8C	FC	8B	D6	3F	AD	B6	E5	C7	74	02	E6	C7	8B	97	E7	C7	BC	32	E6	C7	A5	CA	34	C8	00	80	54	C1	00	30	A0	C1	00	00	AE	C0	00	80	23	C0	00	C0	32	C1	00	00	00	00	00	00	00	00	00	00	00	00	00	00	00	00	00	00	00	00
3.792	3D DATA	true	-	-	-	-	-117613.4	-117764.9	-118575.1	-117861.5	-185130.6	-13.3	-20.0	-5.4	-2.6	-11.2	-	-	-	-	-
3.793	3D MESSAGE	48	00	37	91	20	59	73	8C	FC	8B	D6	3F	57	B7	E5	C7	7E	03	E6	C7	ED	97	E7	C7	01	33	E6	C7	FC	CA	34	C8	00	C0	69	C1	00	D0	B0	C1	00	80	C6	C0	00	00	46	C0	00	80	48	C1	00	00	00	00	00	00	00	00	00	00	00	00	00	00	00	00	00	00	00	00
3.793	3D DATA	true	-	-	-	-	-117614.7	-117767.0	-118575.9	-117862.0	-185131.9	-14.6	-22.1	-6.2	-3.1	-12.5	-	-	-	-	-
3.793	3D MESSAGE	48	00	38	91	20	59	74	8C	FC	8B	D6	3F	FD	B7	E5	C7	9B	04	E6	C7	6E	98	E7	C7	5A	33	E6	C7	5C	CB	34	C8	00	80	7E	C1	00	A0	C2	C1	00	C0	E6	C0	00	80	72	C0	00	80	60	C1	00	00	00	00	00	00	00	00	00	00	00	00	00	00	00	00	00	00	00	00
3.793	3D DATA	true	-	-	-	-	-117616.0	-117769.2	-118576.9	-117862.7	-185133.4	-15.9	-24.3	-7.2	-3.8	-14.0	-	-	-	-	-
3.794	3D MESSAGE	4C	00	39	91	22	59	75	8C	00	00	00	00	FC	8B	D6	3F	9D	B8	E5	C7	C2	05	E6	C7	05	99	E7	C7	C4	33	E6	C7	C3	CB	34	C8	00	40	89	C1	00	10	D5	C1	00	40	06	C1	00	C0	93	C0	00	40	7A	C1	00	00	00	00	00	00	00	00	00	00	00	00	00	00	00	00	00	00	00	00
3.794	3D DATA	true	-	-	-	-	-117617.2	-117771.5	-118578.0	-117863.5	-185135.0	-17.2	-26.6	-8.4	-4.6	-15.6	-	-	-	-	-
3.794	3D MESSAGE	48	00	3A	91	20	59	76	8C	FC	8B	D6	3F	34	B9	E5	C7	E8	06	E6	C7	A7	99	E7	C7	33	34	E6	C7	2D	CC	34	C8	00	B0	92	C1	00	70	E7	C1	00	80	1A	C1	00	80	AF	C0	00	60	8A	C1	00	00	00	00	00	00	00	00	00	00	00	00	00	00	00	00	00	00	00	00
3.794	3D DATA	true	-	-	-	-	-117618.4	-117773.8	-118579.3	-117864.4	-185136.7	-18.3	-28.9	-9.7	-5.5	-17.3	-	-	-	-	-
3.794	3D MESSAGE	48	00	3B	91	20	59	77	8C	FC	8B	D6	3F	C0	B9	E5	C7	FF	07	E6	C7	43	9A	E7	C7	9C	34	E6	C7	94	CC	34	C8	00	70	9B	C1	00	E0	F8	C1	00	00	2E	C1	00	C0	C9	C0	00	40	97	C1	00	00	00	00	00	00	00	00	00	00	00	00	00	00	00	00	00	00	00	00
3.794	3D DATA	true	-	-	-	-	-117619.5	-117776.0	-118580.5	-117865.2	-185138.3	-19.4	-31.1	-10.9	-6.3	-18.9	-	-	-	-	-
3.826	3D MESSAGE	48	00	3C	91	20	59	78	8C	FC	8B	D6	3F	3A	BA	E5	C7	FE	08	E6	C7	CD	9A	E7	C7	F3	34	E6	C7	F4	CC	34	C8	00	10	A3	C1	00	68	04	C2	00	40	3F	C1	00	80	DF	C0	00	40	A3	C1	00	00	00	00	00	00	00	00	00	00	00	00	00	00	00	00	00	00	00	00
3.826	3D DATA	true	-	-	-	-	-117620.5	-117778.0	-118581.6	-117865.9	-185139.8	-20.4	-33.1	-12.0	-7.0	-20.4	-	-	-	-	-
3.827	3D MESSAGE	48	00	3D	91	20	59	79	8C	FC	8B	D6	3F	A2	BA	E5	C7	E1	09	E6	C7	3F	9B	E7	C7	33	35	E6	C7	47	CD	34	C8	00	90	A9	C1	00	80	0B	C2	00	80	4D	C1	00	80	EF	C0	00	A0	AD	C1	00	00	00	00	00	00	00	00	00	00	00	00	00	00	00	00	00	00	00	00
3.827	3D DATA	true	-	-	-	-	-117621.3	-117779.8	-118582.5	-117866.4	-185141.1	-21.2	-34.9	-12.8	-7.5	-21.7	-	-	-	-	-
3.827	3D MESSAGE	48	00	3E	91	20	59	7A	8C	FC	8B	D6	3F	F6	BA	E5	C7	A6	0A	E6	C7	99	9B	E7	C7	58	35	E6	C7	8B	CD	34	C8	00	D0	AE	C1	00	A8	11	C2	00	C0	58	C1	00	C0	F8	C0	00	20	B6	C1	00	00	00	00	00	00	00	00	00	00	00	00	00	00	00	00	00	00	00	00
3.827	3D DATA	true	-	-	-	-	-117621.9	-117781.3	-118583.2	-117866.7	-185142.2	-21.9	-36.4	-13.5	-7.8	-22.8	-	-	-	-	-
3.827	3D MESSAGE	48	00	3F	91	20	59	7B	8C	FC	8B	D6	3F	36	BB	E5	C7	4F	0B	E6	C7	DF	9B	E7	C7	68	35	E6	C7	BE	CD	34	C8	00	D0	B2	C1	00	F0	16	C2	00	80	61	C1	00	C0	FC	C0	00	80	BC	C1	00	00	00	00	00	00	00	00	00	00	00	00	00	00	00	00	00	00	00	00
3.827	3D DATA	true	-	-	-	-	-117622.4	-117782.6	-118583.7	-117866.8	-185143.0	-22.4	-37.7	-14.1	-7.9	-23.6	-	-	-	-	-
3.828	3D MESSAGE	48	00	40	91	20	59	7C	8C	FC	8B	D6	3F	6A	BB	E5	C7	E2	0B	E6	C7	18	9C	E7	C7	6A	35	E6	C7	E0	CD	34	C8	00	10	B6	C1	00	88	1B	C2	00	A0	68	C1	00	40	FD	C0	00	C0	C0	C1	00	00	00	00	00	00	00	00	00	00	00	00	00	00	00	00	00	00	00	00
3.828	3D DATA	true	-	-	-	-	-117622.8	-117783.8	-118584.2	-117866.8	-185143.5	-22.8	-38.9	-14.5	-7.9	-24.1	-	-	-	-	-
3.828	3D MESSAGE	48	00	41	91	20	59	7D	8C	FC	8B	D6	3F	95	BB	E5	C7	60	0C	E6	C7	49	9C	E7	C7	66	35	E6	C7	F4	CD	34	C8	00	C0	B8	C1	00	78	1F	C2	00	C0	6E	C1	00	40	FC	C0	00	40	C3	C1	00	00	00	00	00	00	00	00	00	00	00	00	00	00	00	00	00	00	00	00
3.828	3D DATA	true	-	-	-	-	-117623.2	-117784.8	-118584.6	-117866.8	-185143.8	-23.1	-39.9	-14.9	-7.9	-24.4	-	-	-	-	-
3.828	3D MESSAGE	48	00	42	91	20	59	7E	8C	FC	8B	D6	3F	BE	BB	E5	C7	CF	0C	E6	C7	76	9C	E7	C7	64	35	E6	C7	FE	CD	34	C8	00	50	BB	C1	00	F0	22	C2	00	60	74	C1	00	C0	FB	C0	00	80	C4	C1	00	00	00	00	00	00	00	00	00	00	00	00	00	00	00	00	00	00	00	00
3.828	3D DATA	true	-	-	-	-	-117623.5	-117785.6	-118584.9	-117866.8	-185144.0	-23.4	-40.7	-15.3	-7.9	-24.6	-	-	-	-	-
3.856	3D MESSAGE	48	00	43	91	20	59	7F	8C	FC	8B	D6	3F	EC	BB	E5	C7	31	0D	E6	C7	A3	9C	E7	C7	6B	35	E6	C7	04	CE	34	C8	00	30	BE	C1	00	00	26	C2	00	00	7A	C1	00	80	FD	C0	00	40	C5	C1	00	00	00	00	00	00	00	00	00	00	00	00	00	00	00	00	00	00	00	00
3.856	3D DATA	true	-	-	-	-	-117623.8	-117786.4	-118585.3	-117866.8	-185144.1	-23.8	-41.5	-15.6	-7.9	-24.7	-	-	-	-	-
3.856	3D MESSAGE	4A	00	44	91	21	59	80	8C	10	2B	FC	8B	D6	3F	22	BC	E5	C7	8C	0D	E6	C7	D0	9C	E7	C7	7E	35	E6	C7	10	CE	34	C8	00	90	C1	C1	00	00	00	00	00	A0	7F	C1	00	20	01	C1	00	C0	C6	C1	00	00	00	00	00	00	00	00	00	00	00	00	00	00	00	00	00	00	00	00
3.856	3D DATA	true	43	-	-	-	-117624.3	-117787.1	-118585.6	-117867.0	-185144.2	-24.2	0.0	-16.0	-8.1	-24.8	-	-	-	-	-
3.857	3D MESSAGE	4A	00	45	91	21	59	81	8C	10	2B	FC	8B	D6	3F	62	BC	E5	C7	E4	0D	E6	C7	01	9D	E7	C7	9C	35	E6	C7	26	CE	34	C8	00	00	00	00	00	00	30	BF	00	E0	82	C1	00	E0	04	C1	00	00	00	00	00	00	00	00	00	00	00	00	00	00	00	00	00	00	00	00	00	00	00	00
3.857	3D DATA	true	43	-	-	-	-117624.8	-117787.8	-118586.0	-117867.2	-185144.6	0.0	-0.7	-16.4	-8.3	0.0	-	-	-	-	-
3.857	3D MESSAGE	48	00	46	91	20	59	82	8C	FC	8B	D6	3F	AA	BC	E5	C7	3E	0E	E6	C7	36	9D	E7	C7	C6	35	E6	C7	4D	CE	34	C8	00	00	10	BF	00	00	B2	BF	00	30	86	C1	00	20	0A	C1	00	00	1C	BF	00	00	00	00	00	00	00	00	00	00	00	00	00	00	00	00	00	00	00	00
3.857	3D DATA	true	-	-	-	-	-117625.3	-117788.5	-118586.4	-117867.5	-185145.2	-0.6	-1.4	-16.8	-8.6	-0.6	-	-	-	-	-
3.858	3D MESSAGE	4A	00	47	91	21	59	83	8C	10	2B	FC	8B	D6	3F	F9	BC	E5	C7	9E	0E	E6	C7	6E	9D	E7	C7	F6	35	E6	C7	83	CE	34	C8	00	00	97	BF	00	00	09	C0	00	00	00	00	00	20	10	C1	00	00	BA	BF	00	00	00	00	00	00	00	00	00	00	00	00	00	00	00	00	00	00	00	00
3.858	3D DATA	true	43	-	-	-	-117625.9	-117789.2	-118586.9	-117867.9	-185146.0	-1.2	-2.1	0.0	-9.0	-1.5	-	-	-	-	-
3.858	3D MESSAGE	48	00	48	91	20	59	84	8C	FC	8B	D6	3F	4B	BD	E5	C7	01	0F	E6	C7	A8	9D	E7	C7	28	36	E6	C7	C4	CE	34	C8	00	00	E9	BF	00	80	3A	C0	00	00	E8	BE	00	60	16	C1	00	00	1E	C0	00	00	00	00	00	00	00	00	00	00	00	00	00	00	00	00	00	00	00	00
3.858	3D DATA	true	-	-	-	-	-117626.6	-117790.0	-118587.3	-117868.3	-185147.1	-1.8	-2.9	-0.5	-9.4	-2.5	-	-	-	-	-
3.886	3D MESSAGE	48	00	49	91	20	59	85	8C	FC	8B	D6	3F	9A	BD	E5	C7	64	0F	E6	C7	DD	9D	E7	C7	55	36	E6	C7	07	CF	34	C8	00	00	1C	C0	00	00	6C	C0	00	00	5E	BF	00	00	1C	C1	00	00	61	C0	00	00	00	00	00	00	00	00	00	00	00	00	00	00	00	00	00	00	00	00
3.886	3D DATA	true	-	-	-	-	-117627.2	-117790.8	-118587.7	-117868.7	-185148.1	-2.4	-3.7	-0.9	-9.8	-3.5	-	-	-	-	-
3.887	3D MESSAGE	48	00	4A	91	20	59	86	8C	FC	8B	D6	3F	DE	BD	E5	C7	C0	0F	E6	C7	04	9E	E7	C7	71	36	E6	C7	42	CF	34	C8	00	00	3E	C0	00	00	8D	C0	00	00	96	BF	00	80	1F	C1	00	00	8E	C0	00	00	00	00	00	00	00	00	00	00	00	00	00	00	00	00	00	00	00	00
3.887	3D DATA	true	-	-	-	-	-117627.7	-117791.5	-118588.0	-117868.9	-185149.0	-3.0	-4.4	-1.2	-10.0	-4.4	-	-	-	-	-
3.887	3D MESSAGE	48	00	4B	91	20	59	87	8C	FC	8B	D6	3F	14	BE	E5	C7	10	10	E6	C7	17	9E	E7	C7	78	36	E6	C7	6C	CF	34	C8	00	00	59	C0	00	00	A1	C0	00	00	A9	BF	00	60	20	C1	00	00	A3	C0	00	00	00	00	00	00	00	00	00	00	00	00	00	00	00	00	00	00	00	00
3.887	3D DATA	true	-	-	-	-	-117628.2	-117792.1	-118588.2	-117868.9	-185149.7	-3.4	-5.0	-1.3	-10.0	-5.1	-	-	-	-	-
3.888	3D MESSAGE	48	00	4C	91	20	59	88	8C	FC	8B	D6	3F	3A	BE	E5	C7	50	10	E6	C7	10	9E	E7	C7	68	36	E6	C7	83	CF	34	C8	00	00	6C	C0	00	00	B1	C0	00	00	A2	BF	00	60	1E	C1	00	80	AE	C0	00	00	00	00	00	00	00	00	00	00	00	00	00	00	00	00	00	00	00	00
3.888	3D DATA	true	-	-	-	-	-117628.5	-117792.6	-118588.1	-117868.8	-185150.0	-3.7	-5.5	-1.3	-9.9	-5.5	-	-	-	-	-
3.888	3D MESSAGE	48	00	4D	91	20	59	89	8C	FC	8B	D6	3F	50	BE	E5	C7	81	10	E6	C7	F2	9D	E7	C7	44	36	E6	C7	86	CF	34	C8	00	00	77	C0	00	40	BD	C0	00	00	84	BF	00	E0	19	C1	00	00	B0	C0	00	00	00	00	00	00	00	00	00	00	00	00	00	00	00	00	00	00	00	00
3.895	3D DATA	true	-	-	-	-	-117628.6	-117793.0	-118587.9	-117868.5	-185150.1	-3.9	-5.9	-1.0	-9.6	-5.5	-	-	-	-	-
3.895	3D MESSAGE	48	00	4E	91	20	59	8A	8C	FC	8B	D6	3F	5C	BE	E5	C7	A5	10	E6	C7	C6	9D	E7	C7	18	36	E6	C7	7A	CF	34	C8	00	00	7D	C0	00	40	C6	C0	00	00	30	BF	00	00	00	00	00	00	AA	C0	00	00	00	00	00	00	00	00	00	00	00	00	00	00	00	00	00	00	00	00
3.895	3D DATA	true	-	-	-	-	-117628.7	-117793.3	-118587.5	-117868.2	-185149.9	-4.0	-6.2	-0.7	0.0	-5.3	-	-	-	-	-
3.895	3D MESSAGE	48	00	4F	91	20	59	8B	8C	FC	8B	D6	3F	67	BE	E5	C7	C3	10	E6	C7	9A	9D	E7	C7	F0	35	E6	C7	65	CF	34	C8	00	40	81	C0	00	C0	CD	C0	00	00	B0	BE	00	00	A0	3E	00	80	9F	C0	00	00	00	00	00	00	00	00	00	00	00	00	00	00	00	00	00	00	00	00
3.895	3D DATA	true	-	-	-	-	-117628.8	-117793.5	-118587.2	-117867.9	-185149.6	-4.0	-6.4	-0.3	0.3	-5.0	-	-	-	-	-
3.896	3D MESSAGE	48	00	50	91	20	59	8C	8C	FC	8B	D6	3F	78	BE	E5	C7	E1	10	E6	C7	7A	9D	E7	C7	D8	35	E6	C7	4C	CF	34	C8	00	80	85	C0	00	40	D5	C0	00	00	C0	BD	00	00	00	3F	00	00	93	C0	00	00	00	00	00	00	00	00	00	00	00	00	00	00	00	00	00	00	00	00
3.896	3D DATA	true	-	-	-	-	-117628.9	-117793.8	-118587.0	-117867.7	-185149.2	-4.2	-6.7	-0.1	0.5	-4.6	-	-	-	-	-
3.918	3D MESSAGE	48	00	51	91	20	59	8D	8C	FC	8B	D6	3F	94	BE	E5	C7	03	11	E6	C7	72	9D	E7	C7	D8	35	E6	C7	35	CF	34	C8	00	80	8C	C0	00	C0	DD	C0	00	00	00	BD	00	00	00	3F	00	80	87	C0	00	00	00	00	00	00	00	00	00	00	00	00	00	00	00	00	00	00	00	00
3.918	3D DATA	true	-	-	-	-	-117629.2	-117794.0	-118586.9	-117867.7	-185148.8	-4.4	-6.9	-0.0	0.5	-4.2	-	-	-	-	-
3.919	3D MESSAGE	48	00	52	91	20	59	8E	8C	FC	8B	D6	3F	BE	BE	E5	C7	2C	11	E6	C7	88	9D	E7	C7	F0	35	E6	C7	23	CF	34	C8	00	00	97	C0	00	00	E8	C0	00	00	50	BE	00	00	A0	3E	00	00	7D	C0	00	00	00	00	00	00	00	00	00	00	00	00	00	00	00	00	00	00	00	00
3.919	3D DATA	true	-	-	-	-	-117629.5	-117794.3	-118587.1	-117867.9	-185148.5	-4.7	-7.2	-0.2	0.3	-4.0	-	-	-	-	-
3.919	3D MESSAGE	48	00	53	91	20	59	8F	8C	FC	8B	D6	3F	F4	BE	E5	C7	5E	11	E6	C7	B8	9D	E7	C7	1E	36	E6	C7	18	CF	34	C8	00	80	A4	C0	00	80	F4	C0	00	00	14	BF	00	00	40	BD	00	00	72	C0	00	00	00	00	00	00	00	00	00	00	00	00	00	00	00	00	00	00	00	00
3.919	3D DATA	true	-	-	-	-	-117629.9	-117794.7	-118587.4	-117868.2	-185148.4	-5.1	-7.6	-0.6	-0.0	-3.8	-	-	-	-	-
3.920	3D MESSAGE	48	00	54	91	20	59	90	8C	FC	8B	D6	3F	31	BF	E5	C7	98	11	E6	C7	FD	9D	E7	C7	57	36	E6	C7	15	CF	34	C8	00	C0	B3	C0	00	80	01	C1	00	00	8F	BF	00	00	FC	BE	00	00	6F	C0	00	00	00	00	00	00	00	00	00	00	00	00	00	00	00	00	00	00	00	00
3.921	3D DATA	true	-	-	-	-	-117630.4	-117795.2	-118588.0	-117868.7	-185148.3	-5.6	-8.1	-1.1	-0.5	-3.7	-	-	-	-	-
3.921	3D MESSAGE	48	00	55	91	20	59	91	8C	20	9C	93	3D	73	BF	E5	C7	D8	11	E6	C7	4A	9E	E7	C7	93	36	E6	C7	1D	CF	34	C8	00	40	C4	C0	00	80	09	C1	00	00	DC	BF	00	00	76	BF	00	00	77	C0	00	00	00	00	00	00	00	00	00	00	00	00	00	00	00	00	00	00	00	00
3.921	3D DATA	true	-	-	-	-	-117630.9	-117795.7	-118588.6	-117869.1	-185148.5	-6.1	-8.6	-1.7	-1.0	-3.9	-	-	-	-	-
3.950	3D MESSAGE	48	00	56	91	20	59	92	8C	20	9C	93	3D	B4	BF	E5	C7	1B	12	E6	C7	93	9E	E7	C7	C8	36	E6	C7	31	CF	34	C8	00	80	D4	C0	00	E0	11	C1	00	80	12	C0	00	00	B0	BF	00	80	85	C0	00	00	00	00	00	00	00	00	00	00	00	00	00	00	00	00	00	00	00	00
3.950	3D DATA	true	-	-	-	-	-117631.4	-117796.2	-118589.1	-117869.6	-185148.8	-6.6	-9.1	-2.3	-1.4	-4.2	-	-	-	-	-
3.951	3D MESSAGE	48	00	57	91	20	59	93	8C	20	9C	93	3D	F2	BF	E5	C7	5E	12	E6	C7	D2	9E	E7	C7	F3	36	E6	C7	52	CF	34	C8	00	00	E4	C0	00	40	1A	C1	00	00	32	C0	00	00	DB	BF	00	00	96	C0	00	00	00	00	00	00	00	00	00	00	00	00	00	00	00	00	00	00	00	00
3.951	3D DATA	true	-	-	-	-	-117631.9	-117796.7	-118589.6	-117869.9	-185149.3	-7.1	-9.6	-2.8	-1.7	-4.7	-	-	-	-	-
3.951	3D MESSAGE	48	00	58	91	20	59	94	8C	20	9C	93	3D	2B	C0	E5	C7	9F	12	E6	C7	04	9F	E7	C7	0F	37	E6	C7	80	CF	34	C8	00	40	F2	C0	00	60	22	C1	00	00	4B	C0	00	00	F7	BF	00	00	AD	C0	00	00	00	00	00	00	00	00	00	00	00	00	00	00	00	00	00	00	00	00
3.951	3D DATA	true	-	-	-	-	-117632.3	-117797.2	-118590.0	-117870.1	-185150.0	-7.6	-10.1	-3.2	-1.9	-5.4	-	-	-	-	-
3.952	3D MESSAGE	48	00	59	91	20	59	95	8C	20	9C	93	3D	5B	C0	E5	C7	D8	12	E6	C7	28	9F	E7	C7	1C	37	E6	C7	B6	CF	34	C8	00	40	FE	C0	00	80	29	C1	00	00	5D	C0	00	00	02	C0	00	00	C8	C0	00	00	00	00	00	00	00	00	00	00	00	00	00	00	00	00	00	00	00	00
3.952	3D DATA	true	-	-	-	-	-117632.7	-117797.7	-118590.3	-117870.2	-185150.8	-7.9	-10.6	-3.5	-2.0	-6.2	-	-	-	-	-
3.952	3D MESSAGE	48	00	5A	91	20	59	96	8C	20	9C	93	3D	81	C0	E5	C7	08	13	E6	C7	46	9F	E7	C7	1A	37	E6	C7	EF	CF	34	C8	00	E0	03	C1	00	80	2F	C1	00	00	6C	C0	00	00	01	C0	00	80	E4	C0	00	00	00	00	00	00	00	00	00	00	00	00	00	00	00	00	00	00	00	00
3.952	3D DATA	true	-	-	-	-	-117633.0	-117798.1	-118590.5	-117870.2	-185151.7	-8.2	-11.0	-3.7	-2.0	-7.1	-	-	-	-	-
3.952	3D MESSAGE	48	00	5B	91	20	59	97	8C	20	9C	93	3D	9C	C0	E5	C7	2E	13	E6	C7	63	9F	E7	C7	10	37	E6	C7	24	D0	34	C8	00	40	07	C1	00	40	34	C1	00	80	7A	C0	00	00	F8	BF	00	00	FF	C0	00	00	00	00	00	00	00	00	00	00	00	00	00	00	00	00	00	00	00	00
3.952	3D DATA	true	-	-	-	-	-117633.2	-117798.4	-118590.8	-117870.1	-185152.6	-8.5	-11.3	-3.9	-1.9	-8.0	-	-	-	-	-
3.981	3D MESSAGE	48	00	5C	91	20	59	98	8C	20	9C	93	3D	AE	C0	E5	C7	4B	13	E6	C7	86	9F	E7	C7	00	37	E6	C7	4E	D0	34	C8	00	80	09	C1	00	E0	37	C1	00	00	86	C0	00	00	E8	BF	00	00	0A	C1	00	00	00	00	00	00	00	00	00	00	00	00	00	00	00	00	00	00	00	00
3.981	3D DATA	true	-	-	-	-	-117633.4	-117798.6	-118591.0	-117870.0	-185153.2	-8.6	-11.5	-4.2	-1.8	-8.6	-	-	-	-	-
3.982	3D MESSAGE	48	00	5D	91	20	59	99	8C	20	9C	93	3D	BA	C0	E5	C7	64	13	E6	C7	B3	9F	E7	C7	F1	36	E6	C7	69	D0	34	C8	00	00	0B	C1	00	00	3B	C1	00	40	91	C0	00	00	D9	BF	00	C0	10	C1	00	00	00	00	00	00	00	00	00	00	00	00	00	00	00	00	00	00	00	00
3.982	3D DATA	true	-	-	-	-	-117633.5	-117798.8	-118591.4	-117869.9	-185153.6	-8.7	-11.7	-4.5	-1.7	-9.0	-	-	-	-	-
3.982	3D MESSAGE	48	00	5E	91	20	59	9A	8C	20	9C	93	3D	C4	C0	E5	C7	7D	13	E6	C7	E9	9F	E7	C7	EA	36	E6	C7	75	D0	34	C8	00	40	0C	C1	00	20	3E	C1	00	C0	9E	C0	00	00	D2	BF	00	C0	13	C1	00	00	00	00	00	00	00	00	00	00	00	00	00	00	00	00	00	00	00	00
3.982	3D DATA	true	-	-	-	-	-117633.5	-117799.0	-118591.8	-117869.8	-185153.8	-8.8	-11.9	-5.0	-1.6	-9.2	-	-	-	-	-
3.983	3D MESSAGE	4A	00	5F	91	21	59	9B	8C	10	2B	20	9C	93	3D	D1	C0	E5	C7	97	13	E6	C7	23	A0	E7	C7	EF	36	E6	C7	74	D0	34	C8	00	E0	0D	C1	00	00	00	00	00	40	AD	C0	00	00	D7	BF	00	80	13	C1	00	00	00	00	00	00	00	00	00	00	00	00	00	00	00	00	00	00	00	00
3.983	3D DATA	true	43	-	-	-	-117633.6	-117799.2	-118592.3	-117869.9	-185153.8	-8.9	0.0	-5.4	-1.7	-9.2	-	-	-	-	-
3.983	3D MESSAGE	48	00	60	91	20	59	9C	8C	20	9C	93	3D	E2	C0	E5	C7	B4	13	E6	C7	5B	A0	E7	C7	05	37	E6	C7	6B	D0	34	C8	00	00	10	C1	00	00	68	BE	00	40	BB	C0	00	00	ED	BF	00	40	11	C1	00	00	00	00	00	00	00	00	00	00	00	00	00	00	00	00	00	00	00	00
3.983	3D DATA	true	-	-	-	-	-117633.8	-117799.4	-118592.7	-117870.0	-185153.7	-9.0	-0.2	-5.9	-1.9	-9.1	-	-	-	-	-
3.984	3D MESSAGE	48	00	61	91	20	59	9D	8C	20	9C	93	3D	F5	C0	E5	C7	D1	13	E6	C7	8A	A0	E7	C7	28	37	E6	C7	5E	D0	34	C8	00	60	12	C1	00	00	E8	BE	00	00	C7	C0	00	00	08	C0	00	00	0E	C1	00	00	00	00	00	00	00	00	00	00	00	00	00	00	00	00	00	00	00	00
3.984	3D DATA	true	-	-	-	-	-117633.9	-117799.6	-118593.1	-117870.3	-185153.5	-9.1	-0.5	-6.2	-2.1	-8.9	-	-	-	-	-
4.014	3D MESSAGE	48	00	62	91	20	59	9E	8C	20	9C	93	3D	08	C1	E5	C7	EA	13	E6	C7	A7	A0	E7	C7	52	37	E6	C7	54	D0	34	C8	00	C0	14	C1	00	00	26	BF	00	40	CE	C0	00	00	1D	C0	00	80	0B	C1	00	00	00	00	00	00	00	00	00	00	00	00	00	00	00	00	00	00	00	00
4.014	3D DATA	true	-	-	-	-	-117634.1	-117799.8	-118593.3	-117870.6	-185153.3	-9.3	-0.6	-6.4	-2.5	-8.7	-	-	-	-	-
4.015	3D MESSAGE	48	00	63	91	20	59	9F	8C	20	9C	93	3D	16	C1	E5	C7	F8	13	E6	C7	AE	A0	E7	C7	7A	37	E6	C7	4D	D0	34	C8	00	80	16	C1	00	00	42	BF	00	00	D0	C0	00	00	31	C0	00	C0	09	C1	00	00	00	00	00	00	00	00	00	00	00	00	00	00	00	00	00	00	00	00
4.015	3D DATA	true	-	-	-	-	-117634.2	-117799.9	-118593.4	-117871.0	-185153.2	-9.4	-0.8	-6.5	-2.8	-8.6	-	-	-	-	-
4.015	3D MESSAGE	48	00	64	91	20	59	A0	8C	20	9C	93	3D	1D	C1	E5	C7	FD	13	E6	C7	9D	A0	E7	C7	99	37	E6	C7	4D	D0	34	C8	00	00	00	00	00	00	4C	BF	00	C0	CB	C0	00	80	40	C0	00	C0	09	C1	00	00	00	00	00	00	00	00	00	00	00	00	00	00	00	00	00	00	00	00
4.015	3D DATA	true	-	-	-	-	-117634.2	-117800.0	-118593.2	-117871.2	-185153.2	0.0	-0.8	-6.4	-3.0	-8.6	-	-	-	-	-
4.016	3D MESSAGE	48	00	65	91	20	59	A1	8C	20	9C	93	3D	1E	C1	E5	C7	F9	13	E6	C7	78	A0	E7	C7	A8	37	E6	C7	55	D0	34	C8	00	00	00	BC	00	00	44	BF	00	80	C2	C0	00	00	48	C0	00	C0	0B	C1	00	00	00	00	00	00	00	00	00	00	00	00	00	00	00	00	00	00	00	00
4.016	3D DATA	true	-	-	-	-	-117634.2	-117799.9	-118592.9	-117871.3	-185153.3	-0.0	-0.8	-6.1	-3.1	-8.7	-	-	-	-	-
4.016	3D MESSAGE	48	00	66	91	20	59	A2	8C	20	9C	93	3D	1E	C1	E5	C7	F2	13	E6	C7	46	A0	E7	C7	A6	37	E6	C7	64	D0	34	C8	00	00	00	BC	00	00	36	BF	00	00	B6	C0	00	00	47	C0	00	80	0F	C1	00	00	00	00	00	00	00	00	00	00	00	00	00	00	00	00	00	00	00	00
4.016	3D DATA	true	-	-	-	-	-117634.2	-117799.9	-118592.5	-117871.3	-185153.6	-0.0	-0.7	-5.7	-3.1	-9.0	-	-	-	-	-
4.016	3D MESSAGE	48	00	67	91	20	59	A3	8C	20	9C	93	3D	1F	C1	E5	C7	F1	13	E6	C7	0F	A0	E7	C7	94	37	E6	C7	7A	D0	34	C8	00	00	80	BC	00	00	34	BF	00	40	A8	C0	00	00	3E	C0	00	00	15	C1	00	00	00	00	00	00	00	00	00	00	00	00	00	00	00	00	00	00	00	00
4.016	3D DATA	true	-	-	-	-	-117634.2	-117799.9	-118592.1	-117871.2	-185153.9	-0.0	-0.7	-5.3	-3.0	-9.3	-	-	-	-	-
4.017	3D MESSAGE	48	00	68	91	20	59	A4	8C	20	9C	93	3D	23	C1	E5	C7	FA	13	E6	C7	DF	9F	E7	C7	79	37	E6	C7	95	D0	34	C8	00	00	40	BD	00	00	46	BF	00	40	9C	C0	00	80	30	C0	00	C0	1B	C1	00	00	00	00	00	00	00	00	00	00	00	00	00	00	00	00	00	00	00	00
4.017	3D DATA	true	-	-	-	-	-117634.3	-117800.0	-118591.7	-117870.9	-185154.3	-0.0	-0.8	-4.9	-2.8	-9.7	-	-	-	-	-
4.043	3D MESSAGE	48	00	69	91	20	59	A5	8C	20	9C	93	3D	2A	C1	E5	C7	11	14	E6	C7	BE	9F	E7	C7	59	37	E6	C7	B2	D0	34	C8	00	00	D0	BD	00	00	74	BF	00	00	94	C0	00	80	20	C0	00	00	23	C1	00	00	00	00	00	00	00	00	00	00	00	00	00	00	00	00	00	00	00	00
4.043	3D DATA	true	-	-	-	-	-117634.3	-117800.1	-118591.5	-117870.7	-185154.8	-0.1	-1.0	-4.6	-2.5	-10.2	-	-	-	-	-
4.044	3D MESSAGE	48	00	6A	91	20	59	A6	8C	20	9C	93	3D	33	C1	E5	C7	33	14	E6	C7	B1	9F	E7	C7	38	37	E6	C7	CA	D0	34	C8	00	00	30	BE	00	00	9C	BF	00	C0	90	C0	00	00	10	C0	00	00	29	C1	00	00	00	00	00	00	00	00	00	00	00	00	00	00	00	00	00	00	00	00
4.044	3D DATA	true	-	-	-	-	-117634.4	-117800.4	-118591.4	-117870.4	-185155.2	-0.2	-1.2	-4.5	-2.2	-10.6	-	-	-	-	-
4.044	3D MESSAGE	4A	00	6B	91	21	59	A7	8C	10	2B	20	9C	93	3D	3A	C1	E5	C7	5D	14	E6	C7	B8	9F	E7	C7	1C	37	E6	C7	DB	D0	34	C8	00	00	68	BE	00	00	C6	BF	00	80	92	C0	00	00	02	C0	00	00	00	00	00	00	00	00	00	00	00	00	00	00	00	00	00	00	00	00	00	00	00	00
4.044	3D DATA	true	43	-	-	-	-117634.5	-117800.7	-118591.4	-117870.2	-185155.4	-0.2	-1.5	-4.6	-2.0	0.0	-	-	-	-	-
4.045	3D MESSAGE	48	00	6C	91	20	59	A8	8C	20	9C	93	3D	3F	C1	E5	C7	89	14	E6	C7	D0	9F	E7	C7	08	37	E6	C7	E0	D0	34	C8	00	00	88	BE	00	00	F2	BF	00	80	98	C0	00	00	F0	BF	00	00	A0	BD	00	00	00	00	00	00	00	00	00	00	00	00	00	00	00	00	00	00	00	00
4.045	3D DATA	true	-	-	-	-	-117634.5	-117801.1	-118591.6	-117870.1	-185155.5	-0.3	-1.9	-4.8	-1.9	-0.1	-	-	-	-	-
4.045	3D MESSAGE	48	00	6D	91	20	59	A9	8C	20	9C	93	3D	44	C1	E5	C7	B5	14	E6	C7	F3	9F	E7	C7	01	37	E6	C7	DC	D0	34	C8	00	00	9C	BE	00	00	0F	C0	00	40	A1	C0	00	00	E9	BF	00	00	80	BC	00	00	00	00	00	00	00	00	00	00	00	00	00	00	00	00	00	00	00	00
4.045	3D DATA	true	-	-	-	-	-117634.5	-117801.4	-118591.9	-117870.0	-185155.4	-0.3	-2.2	-5.0	-1.8	-0.0	-	-	-	-	-
4.045	3D MESSAGE	48	00	6E	91	20	59	AA	8C	20	9C	93	3D	4E	C1	E5	C7	E1	14	E6	C7	1C	A0	E7	C7	0A	37	E6	C7	D1	D0	34	C8	00	00	C4	BE	00	00	25	C0	00	80	AB	C0	00	00	F2	BF	00	00	20	3E	00	00	00	00	00	00	00	00	00	00	00	00	00	00	00	00	00	00	00	00
4.045	3D DATA	true	-	-	-	-	-117634.6	-117801.8	-118592.2	-117870.1	-185155.3	-0.4	-2.6	-5.4	-1.9	0.2	-	-	-	-	-
4.076	3D MESSAGE	48	00	6F	91	20	59	AB	8C	20	9C	93	3D	5D	C1	E5	C7	0C	15	E6	C7	42	A0	E7	C7	25	37	E6	C7	C6	D0	34	C8	00	00	00	BF	00	80	3A	C0	00	00	B5	C0	00	80	06	C0	00	00	A8	3E	00	00	00	00	00	00	00	00	00	00	00	00	00	00	00	00	00	00	00	00
4.076	3D DATA	true	-	-	-	-	-117634.7	-117802.1	-118592.5	-117870.3	-185155.1	-0.5	-2.9	-5.7	-2.1	0.3	-	-	-	-	-
4.077	3D MESSAGE	48	00	70	91	20	59	AC	8C	20	9C	93	3D	74	C1	E5	C7	39	15	E6	C7	5F	A0	E7	C7	4E	37	E6	C7	C1	D0	34	C8	00	00	2E	BF	00	00	51	C0	00	40	BC	C0	00	00	1B	C0	00	00	D0	3E	00	00	00	00	00	00	00	00	00	00	00	00	00	00	00	00	00	00	00	00
4.077	3D DATA	true	-	-	-	-	-117634.9	-117802.4	-118592.7	-117870.6	-185155.0	-0.7	-3.3	-5.9	-2.4	0.4	-	-	-	-	-
4.077	3D MESSAGE	48	00	71	91	20	59	AD	8C	20	9C	93	3D	91	C1	E5	C7	64	15	E6	C7	70	A0	E7	C7	7D	37	E6	C7	C4	D0	34	C8	00	00	68	BF	00	80	66	C0	00	00	00	00	00	80	32	C0	00	00	B8	3E	00	00	00	00	00	00	00	00	00	00	00	00	00	00	00	00	00	00	00	00
4.077	3D DATA	true	-	-	-	-	-117635.1	-117802.8	-118592.9	-117871.0	-185155.1	-0.9	-3.6	0.0	-2.8	0.4	-	-	-	-	-
4.077	3D MESSAGE	48	00	72	91	20	59	AE	8C	20	9C	93	3D	AC	C1	E5	C7	88	15	E6	C7	72	A0	E7	C7	A7	37	E6	C7	CC	D0	34	C8	00	00	8F	BF	00	80	78	C0	00	00	80	BC	00	80	47	C0	00	00	70	3E	00	00	00	00	00	00	00	00	00	00	00	00	00	00	00	00	00	00	00	00
4.077	3D DATA	true	-	-	-	-	-117635.3	-117803.1	-118592.9	-117871.3	-185155.2	-1.1	-3.9	-0.0	-3.1	0.2	-	-	-	-	-
4.078	3D MESSAGE	48	00	73	91	20	59	AF	8C	20	9C	93	3D	C0	C1	E5	C7	9F	15	E6	C7	65	A0	E7	C7	C2	37	E6	C7	D6	D0	34	C8	00	00	A3	BF	00	00	82	C0	00	00	B0	3D	00	00	55	C0	00	00	A0	3D	00	00	00	00	00	00	00	00	00	00	00	00	00	00	00	00	00	00	00	00
4.078	3D DATA	true	-	-	-	-	-117635.5	-117803.2	-118592.8	-117871.5	-185155.3	-1.3	-4.1	0.1	-3.3	0.1	-	-	-	-	-
4.078	3D MESSAGE	48	00	74	91	20	59	B0	8C	20	9C	93	3D	C7	C1	E5	C7	A5	15	E6	C7	4A	A0	E7	C7	C6	37	E6	C7	DA	D0	34	C8	00	00	AA	BF	00	80	83	C0	00	00	98	3E	00	00	57	C0	00	00	80	3C	00	00	00	00	00	00	00	00	00	00	00	00	00	00	00	00	00	00	00	00
4.078	3D DATA	true	-	-	-	-	-117635.6	-117803.3	-118592.6	-117871.5	-185155.4	-1.3	-4.1	0.3	-3.4	0.0	-	-	-	-	-
4.106	3D MESSAGE	48	00	75	91	20	59	B1	8C	20	9C	93	3D	BE	C1	E5	C7	97	15	E6	C7	28	A0	E7	C7	B3	37	E6	C7	D4	D0	34	C8	00	00	A1	BF	00	00	80	C0	00	00	10	3F	00	80	4D	C0	00	00	E0	3D	00	00	00	00	00	00	00	00	00	00	00	00	00	00	00	00	00	00	00	00
4.106	3D DATA	true	-	-	-	-	-117635.5	-117803.2	-118592.3	-117871.4	-185155.3	-1.3	-4.0	0.6	-3.2	0.1	-	-	-	-	-
4.107	3D MESSAGE	48	00	76	91	20	59	B2	8C	20	9C	93	3D	A6	C1	E5	C7	79	15	E6	C7	05	A0	E7	C7	8C	37	E6	C7	C4	D0	34	C8	00	00	89	BF	00	00	71	C0	00	00	56	3F	00	00	3A	C0	00	00	B8	3E	00	00	00	00	00	00	00	00	00	00	00	00	00	00	00	00	00	00	00	00
4.107	3D DATA	true	-	-	-	-	-117635.3	-117802.9	-118592.0	-117871.1	-185155.1	-1.1	-3.8	0.8	-2.9	0.4	-	-	-	-	-
4.107	3D MESSAGE	48	00	77	91	20	59	B3	8C	20	9C	93	3D	84	C1	E5	C7	50	15	E6	C7	E8	9F	E7	C7	5F	37	E6	C7	AD	D0	34	C8	00	00	4E	BF	00	80	5C	C0	00	00	88	3F	00	80	23	C0	00	00	38	3F	00	00	00	00	00	00	00	00	00	00	00	00	00	00	00	00	00	00	00	00
4.107	3D DATA	true	-	-	-	-	-117635.0	-117802.6	-118591.8	-117870.7	-185154.7	-0.8	-3.4	1.1	-2.6	0.7	-	-	-	-	-
4.108	3D MESSAGE	48	00	78	91	20	59	B4	8C	20	9C	93	3D	5E	C1	E5	C7	28	15	E6	C7	D8	9F	E7	C7	38	37	E6	C7	95	D0	34	C8	00	00	02	BF	00	80	48	C0	00	00	98	3F	00	00	10	C0	00	00	8C	3F	00	00	00	00	00	00	00	00	00	00	00	00	00	00	00	00	00	00	00	00
4.108	3D DATA	true	-	-	-	-	-117634.7	-117802.3	-118591.7	-117870.4	-185154.3	-0.5	-3.1	1.2	-2.2	1.1	-	-	-	-	-
4.108	3D MESSAGE	48	00	79	91	20	59	B5	8C	20	9C	93	3D	3E	C1	E5	C7	08	15	E6	C7	D9	9F	E7	C7	22	37	E6	C7	82	D0	34	C8	00	00	84	BE	00	80	38	C0	00	00	97	3F	00	00	05	C0	00	00	B2	3F	00	00	00	00	00	00	00	00	00	00	00	00	00	00	00	00	00	00	00	00
4.108	3D DATA	true	-	-	-	-	-117634.5	-117802.1	-118591.7	-117870.3	-185154.0	-0.3	-2.9	1.2	-2.1	1.4	-	-	-	-	-
4.109	3D MESSAGE	48	00	7A	91	20	59	B6	8C	20	9C	93	3D	29	C1	E5	C7	F7	14	E6	C7	EC	9F	E7	C7	24	37	E6	C7	78	D0	34	C8	00	00	C0	BD	00	00	30	C0	00	00	84	3F	00	00	06	C0	00	00	C6	3F	00	00	00	00	00	00	00	00	00	00	00	00	00	00	00	00	00	00	00	00
4.109	3D DATA	true	-	-	-	-	-117634.3	-117801.9	-118591.8	-117870.3	-185153.9	-0.1	-2.8	1.0	-2.1	1.5	-	-	-	-	-
4.135	3D MESSAGE	48	00	7B	91	20	59	B7	8C	20	9C	93	3D	26	C1	E5	C7	F8	14	E6	C7	0F	A0	E7	C7	40	37	E6	C7	7B	D0	34	C8	00	00	90	BD	00	80	30	C0	00	00	42	3F	00	00	14	C0	00	00	C0	3F	00	00	00	00	00	00	00	00	00	00	00	00	00	00	00	00	00	00	00	00
4.135	3D DATA	true	-	-	-	-	-117634.3	-117801.9	-118592.1	-117870.5	-185153.9	-0.1	-2.8	0.8	-2.3	1.5	-	-	-	-	-
4.135	3D MESSAGE	48	00	7C	91	20	59	B8	8C	20	9C	93	3D	36	C1	E5	C7	0A	15	E6	C7	3B	A0	E7	C7	70	37	E6	C7	88	D0	34	C8	00	00	48	BE	00	80	39	C0	00	00	D4	3E	00	00	2C	C0	00	00	A6	3F	00	00	00	00	00	00	00	00	00	00	00	00	00	00	00	00	00	00	00	00
4.136	3D DATA	true	-	-	-	-	-117634.4	-117802.1	-118592.5	-117870.9	-185154.1	-0.2	-2.9	0.4	-2.7	1.3	-	-	-	-	-
4.136	3D MESSAGE	48	00	7D	91	20	59	B9	8C	60	14	68	3D	56	C1	E5	C7	28	15	E6	C7	68	A0	E7	C7	A9	37	E6	C7	9C	D0	34	C8	00	00	E4	BE	00	80	48	C0	00	00	80	3D	00	80	48	C0	00	00	7C	3F	00	00	00	00	00	00	00	00	00	00	00	00	00	00	00	00	00	00	00	00
4.136	3D DATA	true	-	-	-	-	-117634.7	-117802.3	-118592.8	-117871.3	-185154.4	-0.4	-3.1	0.1	-3.1	1.0	-	-	-	-	-
4.136	3D MESSAGE	48	00	7E	91	20	59	BA	8C	60	14	68	3D	7F	C1	E5	C7	49	15	E6	C7	8D	A0	E7	C7	DF	37	E6	C7	B1	D0	34	C8	00	00	44	BF	00	00	59	C0	00	00	68	BE	00	80	63	C0	00	00	28	3F	00	00	00	00	00	00	00	00	00	00	00	00	00	00	00	00	00	00	00	00
4.136	3D DATA	true	-	-	-	-	-117635.0	-117802.6	-118593.1	-117871.7	-185154.8	-0.8	-3.4	-0.2	-3.6	0.7	-	-	-	-	-
4.137	3D MESSAGE	48	00	7F	91	20	59	BB	8C	60	14	68	3D	A3	C1	E5	C7	64	15	E6	C7	A1	A0	E7	C7	06	38	E6	C7	C0	D0	34	C8	00	00	86	BF	00	80	66	C0	00	00	C4	BE	00	00	77	C0	00	00	D8	3E	00	00	00	00	00	00	00	00	00	00	00	00	00	00	00	00	00	00	00	00
4.137	3D DATA	true	-	-	-	-	-117635.3	-117802.8	-118593.3	-117872.0	-185155.0	-1.0	-3.6	-0.4	-3.9	0.4	-	-	-	-	-
4.137	3D MESSAGE	48	00	80	91	20	59	BC	8C	60	14	68	3D	B6	C1	E5	C7	72	15	E6	C7	9F	A0	E7	C7	12	38	E6	C7	C6	D0	34	C8	00	00	99	BF	00	80	6D	C0	00	00	BC	BE	00	00	7D	C0	00	00	A8	3E	00	00	00	00	00	00	00	00	00	00	00	00	00	00	00	00	00	00	00	00
4.137	3D DATA	true	-	-	-	-	-117635.4	-117802.9	-118593.2	-117872.1	-185155.1	-1.2	-3.7	-0.4	-4.0	0.3	-	-	-	-	-
4.168	3D MESSAGE	48	00	81	91	20	59	BD	8C	60	14	68	3D	AE	C1	E5	C7	6A	15	E6	C7	84	A0	E7	C7	FE	37	E6	C7	BE	D0	34	C8	00	00	91	BF	00	80	69	C0	00	00	20	BE	00	00	73	C0	00	00	E8	3E	00	00	00	00	00	00	00	00	00	00	00	00	00	00	00	00	00	00	00	00
4.168	3D DATA	true	-	-	-	-	-117635.4	-117802.8	-118593.0	-117872.0	-185155.0	-1.1	-3.6	-0.2	-3.8	0.5	-	-	-	-	-
4.168	3D MESSAGE	48	00	82	91	20	59	BE	8C	60	14	68	3D	85	C1	E5	C7	4A	15	E6	C7	52	A0	E7	C7	C8	37	E6	C7	A7	D0	34	C8	00	00	50	BF	00	80	59	C0	00	00	70	3E	00	00	58	C0	00	00	50	3F	00	00	00	00	00	00	00	00	00	00	00	00	00	00	00	00	00	00	00	00
4.168	3D DATA	true	-	-	-	-	-117635.0	-117802.6	-118592.6	-117871.6	-185154.6	-0.8	-3.4	0.2	-3.4	0.8	-	-	-	-	-
4.169	3D MESSAGE	48	00	83	91	20	59	BF	8C	60	14	68	3D	3E	C1	E5	C7	16	15	E6	C7	0D	A0	E7	C7	78	37	E6	C7	85	D0	34	C8	00	00	84	BE	00	80	3F	C0	00	00	46	3F	00	00	30	C0	00	00	AC	3F	00	00	00	00	00	00	00	00	00	00	00	00	00	00	00	00	00	00	00	00
4.169	3D DATA	true	-	-	-	-	-117634.5	-117802.2	-118592.1	-117870.9	-185154.1	-0.3	-3.0	0.8	-2.8	1.3	-	-	-	-	-
4.169	3D MESSAGE	48	00	84	91	20	59	C0	8C	60	14	68	3D	E3	C0	E5	C7	D4	14	E6	C7	C0	9F	E7	C7	18	37	E6	C7	5C	D0	34	C8	00	00	E8	3E	00	80	1E	C0	00	00	B0	3F	00	00	00	C0	00	00	FE	3F	00	00	00	00	00	00	00	00	00	00	00	00	00	00	00	00	00	00	00	00
4.169	3D DATA	true	-	-	-	-	-117633.8	-117801.7	-118591.5	-117870.2	-185153.4	0.5	-2.5	1.4	-2.0	2.0	-	-	-	-	-
4.170	3D MESSAGE	48	00	85	91	20	59	C1	8C	60	14	68	3D	85	C0	E5	C7	93	14	E6	C7	76	9F	E7	C7	B9	36	E6	C7	35	D0	34	C8	00	00	98	3F	00	00	FC	BF	00	00	FA	3F	00	00	A1	BF	00	00	26	40	00	00	00	00	00	00	00	00	00	00	00	00	00	00	00	00	00	00	00	00
4.170	3D DATA	true	-	-	-	-	-117633.0	-117801.1	-118590.9	-117869.4	-185152.8	1.2	-2.0	2.0	-1.3	2.6	-	-	-	-	-
4.170	3D MESSAGE	48	00	86	91	20	59	C2	8C	60	14	68	3D	36	C0	E5	C7	62	14	E6	C7	3D	9F	E7	C7	6A	36	E6	C7	18	D0	34	C8	00	00	E7	3F	00	00	CB	BF	00	80	19	40	00	00	24	BF	00	00	43	40	00	00	00	00	00	00	00	00	00	00	00	00	00	00	00	00	00	00	00	00
4.170	3D DATA	true	-	-	-	-	-117632.4	-117800.8	-118590.5	-117868.8	-185152.4	1.8	-1.6	2.4	-0.6	3.0	-	-	-	-	-
4.171	3D MESSAGE	48	00	87	91	20	59	C3	8C	60	14	68	3D	07	C0	E5	C7	4C	14	E6	C7	1E	9F	E7	C7	39	36	E6	C7	0C	D0	34	C8	00	00	0B	40	00	00	B5	BF	00	00	29	40	00	00	84	BE	00	00	4F	40	00	00	00	00	00	00	00	00	00	00	00	00	00	00	00	00	00	00	00	00
4.171	3D DATA	true	-	-	-	-	-117632.1	-117800.6	-118590.2	-117868.4	-185152.2	2.2	-1.4	2.6	-0.3	3.2	-	-	-	-	-
4.198	3D MESSAGE	48	00	88	91	20	59	C4	8C	60	14	68	3D	00	C0	E5	C7	58	14	E6	C7	21	9F	E7	C7	2D	36	E6	C7	13	D0	34	C8	00	80	0E	40	00	00	C1	BF	00	80	27	40	00	00	28	BE	00	00	48	40	00	00	00	00	00	00	00	00	00	00	00	00	00	00	00	00	00	00	00	00
4.198	3D DATA	true	-	-	-	-	-117632.0	-117800.7	-118590.3	-117868.4	-185152.3	2.2	-1.5	2.6	-0.2	3.1	-	-	-	-	-
4.199	3D MESSAGE	48	00	89	91	20	59	C5	8C	60	14	68	3D	24	C0	E5	C7	82	14	E6	C7	44	9F	E7	C7	46	36	E6	C7	2D	D0	34	C8	00	00	F9	3F	00	00	EB	BF	00	00	16	40	00	00	B8	BE	00	00	2E	40	00	00	00	00	00	00	00	00	00	00	00	00	00	00	00	00	00	00	00	00
4.199	3D DATA	true	-	-	-	-	-117632.3	-117801.0	-118590.5	-117868.5	-185152.7	1.9	-1.8	2.3	-0.4	2.7	-	-	-	-	-
4.199	3D MESSAGE	48	00	8A	91	20	59	C6	8C	60	14	68	3D	69	C0	E5	C7	C2	14	E6	C7	83	9F	E7	C7	7F	36	E6	C7	52	D0	34	C8	00	00	B4	3F	00	80	15	C0	00	00	ED	3F	00	00	4E	BF	00	00	09	40	00	00	00	00	00	00	00	00	00	00	00	00	00	00	00	00	00	00	00	00
4.199	3D DATA	true	-	-	-	-	-117632.8	-117801.5	-118591.0	-117869.0	-185153.3	1.4	-2.3	1.9	-0.8	2.1	-	-	-	-	-
4.199	3D MESSAGE	48	00	8B	91	20	59	C7	8C	60	14	68	3D	C1	C0	E5	C7	07	15	E6	C7	D0	9F	E7	C7	CB	36	E6	C7	79	D0	34	C8	00	00	38	3F	00	00	38	C0	00	00	A0	3F	00	00	B3	BF	00	00	C4	3F	00	00	00	00	00	00	00	00	00	00	00	00	00	00	00	00	00	00	00	00
4.199	3D DATA	true	-	-	-	-	-117633.5	-117802.1	-118591.6	-117869.6	-185153.9	0.7	-2.9	1.2	-1.4	1.5	-	-	-	-	-
4.199	3D MESSAGE	48	00	8C	91	20	59	C8	8C	60	14	68	3D	1B	C1	E5	C7	44	15	E6	C7	20	A0	E7	C7	1C	37	E6	C7	99	D0	34	C8	00	00	80	3C	00	80	56	C0	00	00	20	3F	00	00	02	C0	00	00	84	3F	00	00	00	00	00	00	00	00	00	00	00	00	00	00	00	00	00	00	00	00
4.200	3D DATA	true	-	-	-	-	-117634.2	-117802.5	-118592.2	-117870.2	-185154.4	0.0	-3.4	0.6	-2.0	1.0	-	-	-	-	-
4.200	3D MESSAGE	48	00	8D	91	20	59	C9	8C	60	14	68	3D	6A	C1	E5	C7	6E	15	E6	C7	64	A0	E7	C7	66	37	E6	C7	AB	D0	34	C8	00	00	1A	BF	00	80	6B	C0	00	00	C0	3D	00	00	27	C0	00	00	40	3F	00	00	00	00	00	00	00	00	00	00	00	00	00	00	00	00	00	00	00	00
4.200	3D DATA	true	-	-	-	-	-117634.8	-117802.9	-118592.8	-117870.8	-185154.7	-0.6	-3.7	0.1	-2.6	0.8	-	-	-	-	-
4.228	3D MESSAGE	48	00	8E	91	20	59	CA	8C	60	14	68	3D	A2	C1	E5	C7	82	15	E6	C7	94	A0	E7	C7	9F	37	E6	C7	AF	D0	34	C8	00	00	85	BF	00	80	75	C0	00	00	90	BE	00	80	43	C0	00	00	30	3F	00	00	00	00	00	00	00	00	00	00	00	00	00	00	00	00	00	00	00	00
4.228	3D DATA	true	-	-	-	-	-117635.3	-117803.0	-118593.2	-117871.2	-185154.7	-1.0	-3.8	-0.3	-3.1	0.7	-	-	-	-	-
4.229	3D MESSAGE	48	00	8F	91	20	59	CB	8C	60	14	68	3D	C1	C1	E5	C7	85	15	E6	C7	AD	A0	E7	C7	C6	37	E6	C7	A8	D0	34	C8	00	00	A4	BF	00	00	77	C0	00	00	F4	BE	00	00	57	C0	00	00	4C	3F	00	00	00	00	00	00	00	00	00	00	00	00	00	00	00	00	00	00	00	00
4.229	3D DATA	true	-	-	-	-	-117635.5	-117803.0	-118593.4	-117871.5	-185154.6	-1.3	-3.9	-0.5	-3.4	0.8	-	-	-	-	-
4.229	3D MESSAGE	48	00	90	91	20	59	CC	8C	60	14	68	3D	C6	C1	E5	C7	7C	15	E6	C7	B0	A0	E7	C7	DC	37	E6	C7	9E	D0	34	C8	00	00	A9	BF	00	80	72	C0	00	00	00	BF	00	00	62	C0	00	00	74	3F	00	00	00	00	00	00	00	00	00	00	00	00	00	00	00	00	00	00	00	00
4.229	3D DATA	true	-	-	-	-	-117635.5	-117803.0	-118593.4	-117871.7	-185154.5	-1.3	-3.8	-0.5	-3.5	1.0	-	-	-	-	-
4.229	3D MESSAGE	48	00	91	91	20	59	CD	8C	60	14	68	3D	B8	C1	E5	C7	6F	15	E6	C7	A2	A0	E7	C7	E3	37	E6	C7	96	D0	34	C8	00	00	9B	BF	00	00	6C	C0	00	00	C8	BE	00	80	65	C0	00	00	8A	3F	00	00	00	00	00	00	00	00	00	00	00	00	00	00	00	00	00	00	00	00
4.229	3D DATA	true	-	-	-	-	-117635.4	-117802.9	-118593.3	-117871.8	-185154.3	-1.2	-3.7	-0.4	-3.6	1.1	-	-	-	-	-
4.229	3D MESSAGE	48	00	92	91	20	59	CE	8C	60	14	68	3D	99	C1	E5	C7	63	15	E6	C7	89	A0	E7	C7	E0	37	E6	C7	92	D0	34	C8	00	00	78	BF	00	00	66	C0	00	00	48	BE	00	00	64	C0	00	00	92	3F	00	00	00	00	00	00	00	00	00	00	00	00	00	00	00	00	00	00	00	00
4.229	3D DATA	true	-	-	-	-	-117635.2	-117802.8	-118593.1	-117871.8	-185154.3	-1.0	-3.6	-0.2	-3.6	1.1	-	-	-	-	-
4.230	3D MESSAGE	48	00	93	91	20	59	CF	8C	60	14	68	3D	72	C1	E5	C7	5A	15	E6	C7	6E	A0	E7	C7	D6	37	E6	C7	92	D0	34	C8	00	00	2A	BF	00	80	61	C0	00	00	80	3C	00	00	5F	C0	00	00	92	3F	00	00	00	00	00	00	00	00	00	00	00	00	00	00	00	00	00	00	00	00
4.230	3D DATA	true	-	-	-	-	-117634.9	-117802.7	-118592.9	-117871.7	-185154.3	-0.7	-3.5	0.0	-3.5	1.1	-	-	-	-	-
4.260	3D MESSAGE	48	00	94	91	20	59	D0	8C	60	14	68	3D	48	C1	E5	C7	53	15	E6	C7	56	A0	E7	C7	C4	37	E6	C7	93	D0	34	C8	00	00	AC	BE	00	00	5E	C0	00	00	50	3E	00	00	56	C0	00	00	90	3F	00	00	00	00	00	00	00	00	00	00	00	00	00	00	00	00	00	00	00	00
4.260	3D DATA	true	-	-	-	-	-117634.6	-117802.6	-118592.7	-117871.5	-185154.3	-0.3	-3.5	0.2	-3.3	1.1	-	-	-	-	-
4.261	3D MESSAGE	48	00	95	91	20	59	D1	8C	60	14	68	3D	23	C1	E5	C7	52	15	E6	C7	49	A0	E7	C7	AE	37	E6	C7	90	D0	34	C8	00	00	40	BD	00	80	5D	C0	00	00	9C	3E	00	00	4B	C0	00	00	96	3F	00	00	00	00	00	00	00	00	00	00	00	00	00	00	00	00	00	00	00	00
4.261	3D DATA	true	-	-	-	-	-117634.3	-117802.6	-118592.6	-117871.4	-185154.2	-0.0	-3.5	0.3	-3.2	1.2	-	-	-	-	-
4.261	3D MESSAGE	48	00	96	91	20	59	D2	8C	60	14	68	3D	0D	C1	E5	C7	58	15	E6	C7	4A	A0	E7	C7	97	37	E6	C7	8A	D0	34	C8	00	00	00	3E	00	80	60	C0	00	00	98	3E	00	80	3F	C0	00	00	A2	3F	00	00	00	00	00	00	00	00	00	00	00	00	00	00	00	00	00	00	00	00
4.261	3D DATA	true	-	-	-	-	-117634.1	-117802.7	-118592.6	-117871.2	-185154.2	0.1	-3.5	0.3	-3.0	1.3	-	-	-	-	-
4.261	3D MESSAGE	48	00	97	91	20	59	D3	8C	60	14	68	3D	10	C1	E5	C7	69	15	E6	C7	60	A0	E7	C7	87	37	E6	C7	82	D0	34	C8	00	00	D0	3D	00	00	69	C0	00	00	00	3E	00	80	37	C0	00	00	B2	3F	00	00	00	00	00	00	00	00	00	00	00	00	00	00	00	00	00	00	00	00
4.261	3D DATA	true	-	-	-	-	-117634.1	-117802.8	-118592.8	-117871.1	-185154.0	0.1	-3.6	0.1	-2.9	1.4	-	-	-	-	-
4.261	3D MESSAGE	48	00	98	91	20	59	D4	8C	60	14	68	3D	30	C1	E5	C7	8A	15	E6	C7	8A	A0	E7	C7	86	37	E6	C7	7F	D0	34	C8	00	00	18	BE	00	80	79	C0	00	00	50	BE	00	00	37	C0	00	00	B8	3F	00	00	00	00	00	00	00	00	00	00	00	00	00	00	00	00	00	00	00	00
4.261	3D DATA	true	-	-	-	-	-117634.4	-117803.1	-118593.1	-117871.0	-185154.0	-0.1	-3.9	-0.2	-2.9	1.4	-	-	-	-	-
4.262	3D MESSAGE	48	00	99	91	20	59	D5	8C	60	14	68	3D	6F	C1	E5	C7	B8	15	E6	C7	C8	A0	E7	C7	9A	37	E6	C7	85	D0	34	C8	00	00	24	BF	00	40	88	C0	00	00	30	BF	00	00	41	C0	00	00	AC	3F	00	00	00	00	00	00	00	00	00	00	00	00	00	00	00	00	00	00	00	00
4.262	3D DATA	true	-	-	-	-	-117634.9	-117803.4	-118593.6	-117871.2	-185154.1	-0.6	-4.3	-0.7	-3.0	1.3	-	-	-	-	-
4.293	3D MESSAGE	48	00	9A	91	20	59	D6	8C	60	14	68	3D	C5	C1	E5	C7	EE	15	E6	C7	10	A1	E7	C7	C3	37	E6	C7	96	D0	34	C8	00	00	A8	BF	00	C0	95	C0	00	00	A0	BF	00	80	55	C0	00	00	8A	3F	00	00	00	00	00	00	00	00	00	00	00	00	00	00	00	00	00	00	00	00
4.293	3D DATA	true	-	-	-	-	-117635.5	-117803.9	-118594.1	-117871.5	-185154.3	-1.3	-4.7	-1.2	-3.3	1.1	-	-	-	-	-
4.293	3D MESSAGE	48	00	9B	91	20	59	D7	8C	60	14	68	3D	24	C2	E5	C7	20	16	E6	C7	57	A1	E7	C7	FB	37	E6	C7	B0	D0	34	C8	00	80	03	C0	00	40	A2	C0	00	00	E7	BF	00	80	71	C0	00	00	2C	3F	00	00	00	00	00	00	00	00	00	00	00	00	00	00	00	00	00	00	00	00
4.294	3D DATA	true	-	-	-	-	-117636.3	-117804.2	-118594.7	-117872.0	-185154.8	-2.1	-5.1	-1.8	-3.8	0.7	-	-	-	-	-
4.294	3D MESSAGE	48	00	9C	91	20	59	D8	8C	60	14	68	3D	78	C2	E5	C7	42	16	E6	C7	8C	A1	E7	C7	36	38	E6	C7	CD	D0	34	C8	00	80	2D	C0	00	C0	AA	C0	00	00	0E	C0	00	80	87	C0	00	00	60	3E	00	00	00	00	00	00	00	00	00	00	00	00	00	00	00	00	00	00	00	00
4.294	3D DATA	true	-	-	-	-	-117636.9	-117804.5	-118595.1	-117872.4	-185155.2	-2.7	-5.3	-2.2	-4.2	0.2	-	-	-	-	-
4.294	3D MESSAGE	48	00	9D	91	20	59	D9	8C	60	14	68	3D	B0	C2	E5	C7	44	16	E6	C7	A2	A1	E7	C7	63	38	E6	C7	E5	D0	34	C8	00	80	49	C0	00	40	AB	C0	00	00	19	C0	00	C0	92	C0	00	00	20	BE	00	00	00	00	00	00	00	00	00	00	00	00	00	00	00	00	00	00	00	00
4.294	3D DATA	true	-	-	-	-	-117637.4	-117804.5	-118595.3	-117872.8	-185155.6	-3.1	-5.4	-2.4	-4.6	-0.2	-	-	-	-	-
4.294	3D MESSAGE	48	00	9E	91	20	59	DA	8C	60	14	68	3D	C0	C2	E5	C7	22	16	E6	C7	90	A1	E7	C7	74	38	E6	C7	F2	D0	34	C8	00	80	51	C0	00	C0	A2	C0	00	00	10	C0	00	00	97	C0	00	00	B8	BE	00	00	00	00	00	00	00	00	00	00	00	00	00	00	00	00	00	00	00	00
4.294	3D DATA	true	-	-	-	-	-117637.5	-117804.3	-118595.1	-117872.9	-185155.8	-3.3	-5.1	-2.2	-4.7	-0.4	-	-	-	-	-
4.294	3D MESSAGE	48	00	9F	91	20	59	DB	8C	60	14	68	3D	A5	C2	E5	C7	DC	15	E6	C7	54	A1	E7	C7	62	38	E6	C7	F0	D0	34	C8	00	00	44	C0	00	40	91	C0	00	00	E4	BF	00	80	92	C0	00	00	A8	BE	00	00	00	00	00	00	00	00	00	00	00	00	00	00	00	00	00	00	00	00
4.294	3D DATA	true	-	-	-	-	-117637.3	-117803.7	-118594.7	-117872.8	-185155.8	-3.1	-4.5	-1.8	-4.6	-0.3	-	-	-	-	-
4.295	3D MESSAGE	48	00	A0	91	20	59	DC	8C	60	14	68	3D	64	C2	E5	C7	78	15	E6	C7	FA	A0	E7	C7	2F	38	E6	C7	E0	D0	34	C8	00	80	23	C0	00	80	70	C0	00	00	8A	BF	00	C0	85	C0	00	00	A0	BD	00	00	00	00	00	00	00	00	00	00	00	00	00	00	00	00	00	00	00	00
4.295	3D DATA	true	-	-	-	-	-117636.8	-117802.9	-118594.0	-117872.4	-185155.5	-2.6	-3.8	-1.1	-4.2	-0.1	-	-	-	-	-
4.323	3D MESSAGE	48	00	A1	91	20	59	DD	8C	60	14	68	3D	0A	C2	E5	C7	06	15	E6	C7	92	A0	E7	C7	E6	37	E6	C7	C8	D0	34	C8	00	00	ED	BF	00	80	37	C0	00	00	88	BE	00	00	67	C0	00	00	98	3E	00	00	00	00	00	00	00	00	00	00	00	00	00	00	00	00	00	00	00	00
4.323	3D DATA	true	-	-	-	-	-117636.1	-117802.0	-118593.1	-117871.8	-185155.1	-1.9	-2.9	-0.3	-3.6	0.3	-	-	-	-	-
4.324	3D MESSAGE	48	00	A2	91	20	59	DE	8C	60	14	68	3D	AB	C1	E5	C7	9A	14	E6	C7	31	A0	E7	C7	98	37	E6	C7	AE	D0	34	C8	00	00	8E	BF	00	80	01	C0	00	00	FC	3E	00	00	40	C0	00	00	34	3F	00	00	00	00	00	00	00	00	00	00	00	00	00	00	00	00	00	00	00	00
4.324	3D DATA	true	-	-	-	-	-117635.3	-117801.2	-118592.4	-117871.2	-185154.7	-1.1	-2.0	0.5	-3.0	0.7	-	-	-	-	-
4.324	3D MESSAGE	48	00	A3	91	20	59	DF	8C	60	14	68	3D	57	C1	E5	C7	44	14	E6	C7	E9	9F	E7	C7	58	37	E6	C7	9A	D0	34	C8	00	00	E8	BE	00	00	AD	BF	00	00	87	3F	00	00	20	C0	00	00	82	3F	00	00	00	00	00	00	00	00	00	00	00	00	00	00	00	00	00	00	00	00
4.324	3D DATA	true	-	-	-	-	-117634.7	-117800.5	-118591.8	-117870.7	-185154.4	-0.5	-1.4	1.1	-2.5	1.0	-	-	-	-	-
4.324	3D MESSAGE	48	00	A4	91	20	59	E0	8C	60	14	68	3D	1D	C1	E5	C7	17	14	E6	C7	C8	9F	E7	C7	35	37	E6	C7	90	D0	34	C8	00	00	00	00	00	00	80	BF	00	00	A8	3F	00	80	0E	C0	00	00	96	3F	00	00	00	00	00	00	00	00	00	00	00	00	00	00	00	00	00	00	00	00
4.324	3D DATA	true	-	-	-	-	-117634.2	-117800.2	-118591.6	-117870.4	-185154.2	0.0	-1.0	1.3	-2.2	1.2	-	-	-	-	-
4.324	3D MESSAGE	48	00	A5	91	20	59	E1	8C	90	42	7B	3D	05	C1	E5	C7	18	14	E6	C7	D3	9F	E7	C7	37	37	E6	C7	94	D0	34	C8	00	00	40	3E	00	00	81	BF	00	00	9D	3F	00	80	0F	C0	00	00	8E	3F	00	00	00	00	00	00	00	00	00	00	00	00	00	00	00	00	00	00	00	00
4.324	3D DATA	true	-	-	-	-	-117634.0	-117800.2	-118591.6	-117870.4	-185154.3	0.2	-1.0	1.2	-2.2	1.1	-	-	-	-	-
4.325	3D MESSAGE	48	00	A6	91	20	59	E2	8C	90	42	7B	3D	11	C1	E5	C7	47	14	E6	C7	02	A0	E7	C7	5B	37	E6	C7	A3	D0	34	C8	00	00	C0	3D	00	00	B0	BF	00	00	5C	3F	00	80	21	C0	00	00	60	3F	00	00	00	00	00	00	00	00	00	00	00	00	00	00	00	00	00	00	00	00
4.325	3D DATA	true	-	-	-	-	-117634.1	-117800.6	-118592.0	-117870.7	-185154.5	0.1	-1.4	0.9	-2.5	0.9	-	-	-	-	-
4.356	3D MESSAGE	48	00	A7	91	20	59	E3	8C	90	42	7B	3D	3D	C1	E5	C7	97	14	E6	C7	48	A0	E7	C7	97	37	E6	C7	B9	D0	34	C8	00	00	80	BE	00	00	00	C0	00	00	A0	3E	00	80	3F	C0	00	00	08	3F	00	00	00	00	00	00	00	00	00	00	00	00	00	00	00	00	00	00	00	00
4.356	3D DATA	true	-	-	-	-	-117634.5	-117801.2	-118592.6	-117871.2	-185154.9	-0.2	-2.0	0.3	-3.0	0.5	-	-	-	-	-
4.356	3D MESSAGE	48	00	A8	91	20	59	E4	8C	90	42	7B	3D	7C	C1	E5	C7	F4	14	E6	C7	93	A0	E7	C7	DA	37	E6	C7	CE	D0	34	C8	00	00	3E	BF	00	80	2E	C0	00	00	8C	BE	00	00	61	C0	00	00	50	3E	00	00	00	00	00	00	00	00	00	00	00	00	00	00	00	00	00	00	00	00
4.356	3D DATA	true	-	-	-	-	-117635.0	-117801.9	-118593.1	-117871.7	-185155.2	-0.7	-2.7	-0.3	-3.5	0.2	-	-	-	-	-
4.356	3D MESSAGE	48	00	A9	91	20	59	E5	8C	90	42	7B	3D	C1	C1	E5	C7	49	15	E6	C7	D2	A0	E7	C7	15	38	E6	C7	DC	D0	34	C8	00	00	A4	BF	00	00	59	C0	00	00	44	BF	00	80	7E	C0	00	00	80	BC	00	00	00	00	00	00	00	00	00	00	00	00	00	00	00	00	00	00	00	00
4.356	3D DATA	true	-	-	-	-	-117635.5	-117802.6	-118593.6	-117872.2	-185155.4	-1.3	-3.4	-0.8	-4.0	-0.0	-	-	-	-	-
4.357	3D MESSAGE	48	00	AA	91	20	59	E6	8C	90	42	7B	3D	FE	C1	E5	C7	84	15	E6	C7	F6	A0	E7	C7	38	38	E6	C7	DE	D0	34	C8	00	00	E1	BF	00	80	76	C0	00	00	86	BF	00	00	88	C0	00	00	40	BD	00	00	00	00	00	00	00	00	00	00	00	00	00	00	00	00	00	00	00	00
4.357	3D DATA	true	-	-	-	-	-117636.0	-117803.0	-118593.9	-117872.4	-185155.5	-1.8	-3.9	-1.0	-4.2	-0.0	-	-	-	-	-
4.357	3D MESSAGE	48	00	AB	91	20	59	E7	8C	90	42	7B	3D	27	C2	E5	C7	99	15	E6	C7	FC	A0	E7	C7	3C	38	E6	C7	D3	D0	34	C8	00	00	05	C0	00	80	80	C0	00	00	8C	BF	00	00	89	C0	00	00	00	3E	00	00	00	00	00	00	00	00	00	00	00	00	00	00	00	00	00	00	00	00
4.357	3D DATA	true	-	-	-	-	-117636.3	-117803.2	-118594.0	-117872.5	-185155.3	-2.1	-4.0	-1.1	-4.3	0.1	-	-	-	-	-
4.358	3D MESSAGE	48	00	AC	91	20	59	E8	8C	90	42	7B	3D	34	C2	E5	C7	8A	15	E6	C7	E8	A0	E7	C7	20	38	E6	C7	BE	D0	34	C8	00	80	0B	C0	00	80	79	C0	00	00	70	BF	00	00	82	C0	00	00	E8	3E	00	00	00	00	00	00	00	00	00	00	00	00	00	00	00	00	00	00	00	00
4.358	3D DATA	true	-	-	-	-	-117636.4	-117803.1	-118593.8	-117872.2	-185155.0	-2.2	-3.9	-0.9	-4.1	0.5	-	-	-	-	-
4.385	3D MESSAGE	48	00	AD	91	20	59	E9	8C	90	42	7B	3D	24	C2	E5	C7	5F	15	E6	C7	BE	A0	E7	C7	E9	37	E6	C7	A1	D0	34	C8	00	80	03	C0	00	00	64	C0	00	00	1C	BF	00	80	68	C0	00	00	68	3F	00	00	00	00	00	00	00	00	00	00	00	00	00	00	00	00	00	00	00	00
4.385	3D DATA	true	-	-	-	-	-117636.3	-117802.7	-118593.5	-117871.8	-185154.5	-2.1	-3.6	-0.6	-3.6	0.9	-	-	-	-	-
4.386	3D MESSAGE	48	00	AE	91	20	59	EA	8C	90	42	7B	3D	FD	C1	E5	C7	24	15	E6	C7	8A	A0	E7	C7	A1	37	E6	C7	83	D0	34	C8	00	00	E0	BF	00	80	46	C0	00	00	50	BE	00	80	44	C0	00	00	B0	3F	00	00	00	00	00	00	00	00	00	00	00	00	00	00	00	00	00	00	00	00
4.386	3D DATA	true	-	-	-	-	-117636.0	-117802.3	-118593.1	-117871.3	-185154.0	-1.8	-3.1	-0.2	-3.1	1.4	-	-	-	-	-
4.386	3D MESSAGE	48	00	AF	91	20	59	EB	8C	90	42	7B	3D	C6	C1	E5	C7	E9	14	E6	C7	53	A0	E7	C7	55	37	E6	C7	67	D0	34	C8	00	00	A9	BF	00	00	29	C0	00	00	68	3E	00	80	1E	C0	00	00	E8	3F	00	00	00	00	00	00	00	00	00	00	00	00	00	00	00	00	00	00	00	00
4.386	3D DATA	true	-	-	-	-	-117635.5	-117801.8	-118592.6	-117870.7	-185153.6	-1.3	-2.6	0.2	-2.5	1.8	-	-	-	-	-
4.386	3D MESSAGE	48	00	B0	91	20	59	EC	8C	90	42	7B	3D	8E	C1	E5	C7	B7	14	E6	C7	1F	A0	E7	C7	12	37	E6	C7	50	D0	34	C8	00	00	62	BF	00	00	10	C0	00	00	22	3F	00	00	FA	BF	00	00	0B	40	00	00	00	00	00	00	00	00	00	00	00	00	00	00	00	00	00	00	00	00
4.386	3D DATA	true	-	-	-	-	-117635.1	-117801.4	-118592.2	-117870.1	-185153.2	-0.9	-2.2	0.6	-2.0	2.2	-	-	-	-	-
4.387	3D MESSAGE	48	00	B1	91	20	59	ED	8C	90	42	7B	3D	60	C1	E5	C7	96	14	E6	C7	F4	9F	E7	C7	E4	36	E6	C7	41	D0	34	C8	00	00	06	BF	00	00	FF	BF	00	00	78	3F	00	00	CC	BF	00	00	1A	40	00	00	00	00	00	00	00	00	00	00	00	00	00	00	00	00	00	00	00	00
4.387	3D DATA	true	-	-	-	-	-117634.8	-117801.2	-118591.9	-117869.8	-185153.0	-0.5	-2.0	1.0	-1.6	2.4	-	-	-	-	-
4.387	3D MESSAGE	48	00	B2	91	20	59	EE	8C	90	42	7B	3D	44	C1	E5	C7	87	14	E6	C7	D5	9F	E7	C7	D2	36	E6	C7	3B	D0	34	C8	00	00	9C	BE	00	00	F0	BF	00	00	9B	3F	00	00	BA	BF	00	00	20	40	00	00	00	00	00	00	00	00	00	00	00	00	00	00	00	00	00	00	00	00
4.387	3D DATA	true	-	-	-	-	-117634.5	-117801.1	-118591.7	-117869.6	-185152.9	-0.3	-1.9	1.2	-1.5	2.5	-	-	-	-	-
4.417	3D MESSAGE	48	00	B3	91	20	59	EF	8C	90	42	7B	3D	40	C1	E5	C7	8C	14	E6	C7	C3	9F	E7	C7	E0	36	E6	C7	3F	D0	34	C8	00	00	8C	BE	00	00	F5	BF	00	00	AD	3F	00	00	C8	BF	00	00	1C	40	00	00	00	00	00	00	00	00	00	00	00	00	00	00	00	00	00	00	00	00
4.417	3D DATA	true	-	-	-	-	-117634.5	-117801.1	-118591.5	-117869.8	-185153.0	-0.3	-1.9	1.4	-1.6	2.4	-	-	-	-	-
4.418	3D MESSAGE	48	00	B4	91	20	59	F0	8C	90	42	7B	3D	4F	C1	E5	C7	A1	14	E6	C7	C0	9F	E7	C7	08	37	E6	C7	4F	D0	34	C8	00	00	C8	BE	00	00	05	C0	00	00	B0	3F	00	00	F0	BF	00	00	0C	40	00	00	00	00	00	00	00	00	00	00	00	00	00	00	00	00	00	00	00	00
4.418	3D DATA	true	-	-	-	-	-117634.6	-117801.3	-118591.5	-117870.1	-185153.2	-0.4	-2.1	1.4	-1.9	2.2	-	-	-	-	-
4.418	3D MESSAGE	48	00	B5	91	20	59	F1	8C	90	42	7B	3D	6A	C1	E5	C7	C4	14	E6	C7	CC	9F	E7	C7	42	37	E6	C7	6A	D0	34	C8	00	00	1A	BF	00	80	16	C0	00	00	A4	3F	00	00	15	C0	00	00	E2	3F	00	00	00	00	00	00	00	00	00	00	00	00	00	00	00	00	00	00	00	00
4.418	3D DATA	true	-	-	-	-	-117634.8	-117801.5	-118591.6	-117870.5	-185153.7	-0.6	-2.4	1.3	-2.3	1.8	-	-	-	-	-
4.418	3D MESSAGE	48	00	B6	91	20	59	F2	8C	90	42	7B	3D	87	C1	E5	C7	F0	14	E6	C7	E2	9F	E7	C7	80	37	E6	C7	8E	D0	34	C8	00	00	54	BF	00	80	2C	C0	00	00	8E	3F	00	00	34	C0	00	00	9A	3F	00	00	00	00	00	00	00	00	00	00	00	00	00	00	00	00	00	00	00	00
4.419	3D DATA	true	-	-	-	-	-117635.1	-117801.9	-118591.8	-117871.0	-185154.2	-0.8	-2.7	1.1	-2.8	1.2	-	-	-	-	-
4.419	3D MESSAGE	48	00	B7	91	20	59	F3	8C	90	42	7B	3D	99	C1	E5	C7	1A	15	E6	C7	FB	9F	E7	C7	B1	37	E6	C7	B3	D0	34	C8	00	00	78	BF	00	80	41	C0	00	00	6A	3F	00	80	4C	C0	00	00	20	3F	00	00	00	00	00	00	00	00	00	00	00	00	00	00	00	00	00	00	00	00
4.419	3D DATA	true	-	-	-	-	-117635.2	-117802.2	-118592.0	-117871.4	-185154.8	-1.0	-3.0	0.9	-3.2	0.6	-	-	-	-	-
4.419	3D MESSAGE	48	00	B8	91	20	59	F4	8C	90	42	7B	3D	97	C1	E5	C7	3A	15	E6	C7	0D	A0	E7	C7	C8	37	E6	C7	D3	D0	34	C8	00	00	74	BF	00	80	51	C0	00	00	46	3F	00	00	58	C0	00	00	00	3E	00	00	00	00	00	00	00	00	00	00	00	00	00	00	00	00	00	00	00	00
4.419	3D DATA	true	-	-	-	-	-117635.2	-117802.5	-118592.1	-117871.6	-185155.3	-1.0	-3.3	0.8	-3.4	0.1	-	-	-	-	-
4.420	3D MESSAGE	48	00	B9	91	20	59	F5	8C	90	42	7B	3D	7E	C1	E5	C7	40	15	E6	C7	0F	A0	E7	C7	BF	37	E6	C7	E4	D0	34	C8	00	00	42	BF	00	80	54	C0	00	00	42	3F	00	80	53	C0	00	00	10	BE	00	00	00	00	00	00	00	00	00	00	00	00	00	00	00	00	00	00	00	00
4.420	3D DATA	true	-	-	-	-	-117635.0	-117802.5	-118592.1	-117871.5	-185155.6	-0.8	-3.3	0.8	-3.3	-0.1	-	-	-	-	-
4.451	3D MESSAGE	48	00	BA	91	20	59	F6	8C	90	42	7B	3D	52	C1	E5	C7	26	15	E6	C7	FD	9F	E7	C7	95	37	E6	C7	E0	D0	34	C8	00	00	D4	BE	00	80	47	C0	00	00	66	3F	00	80	3E	C0	00	00	A0	BD	00	00	00	00	00	00	00	00	00	00	00	00	00	00	00	00	00	00	00	00
4.451	3D DATA	true	-	-	-	-	-117634.6	-117802.3	-118592.0	-117871.2	-185155.5	-0.4	-3.1	0.9	-3.0	-0.1	-	-	-	-	-
4.452	3D MESSAGE	48	00	BB	91	20	59	F7	8C	90	42	7B	3D	1B	C1	E5	C7	EA	14	E6	C7	DA	9F	E7	C7	54	37	E6	C7	C7	D0	34	C8	00	00	80	3C	00	80	29	C0	00	00	96	3F	00	00	1E	C0	00	00	A0	3E	00	00	00	00	00	00	00	00	00	00	00	00	00	00	00	00	00	00	00	00
4.452	3D DATA	true	-	-	-	-	-117634.2	-117801.8	-118591.7	-117870.7	-185155.1	0.0	-2.6	1.2	-2.5	0.3	-	-	-	-	-
4.452	3D MESSAGE	48	00	BC	91	20	59	F8	8C	90	42	7B	3D	E6	C0	E5	C7	92	14	E6	C7	AD	9F	E7	C7	0D	37	E6	C7	9E	D0	34	C8	00	00	DC	3E	00	00	FB	BF	00	00	C3	3F	00	00	F5	BF	00	00	74	3F	00	00	00	00	00	00	00	00	00	00	00	00	00	00	00	00	00	00	00	00
4.452	3D DATA	true	-	-	-	-	-117633.8	-117801.1	-118591.4	-117870.1	-185154.5	0.4	-2.0	1.5	-1.9	1.0	-	-	-	-	-
4.452	3D MESSAGE	48	00	BD	91	20	59	F9	8C	90	42	7B	3D	BE	C0	E5	C7	30	14	E6	C7	83	9F	E7	C7	D1	36	E6	C7	70	D0	34	C8	00	00	3E	3F	00	00	99	BF	00	00	ED	3F	00	00	B9	BF	00	00	D6	3F	00	00	00	00	00	00	00	00	00	00	00	00	00	00	00	00	00	00	00	00
4.452	3D DATA	true	-	-	-	-	-117633.5	-117800.4	-118591.0	-117869.6	-185153.8	0.7	-1.2	1.9	-1.4	1.7	-	-	-	-	-
4.453	3D MESSAGE	48	00	BE	91	20	59	FA	8C	90	42	7B	3D	AA	C0	E5	C7	D9	13	E6	C7	68	9F	E7	C7	AE	36	E6	C7	47	D0	34	C8	00	00	66	3F	00	00	04	BF	00	00	04	40	00	00	96	BF	00	00	14	40	00	00	00	00	00	00	00	00	00	00	00	00	00	00	00	00	00	00	00	00
4.453	3D DATA	true	-	-	-	-	-117633.3	-117799.7	-118590.8	-117869.4	-185153.1	0.9	-0.5	2.1	-1.2	2.3	-	-	-	-	-
4.453	3D MESSAGE	48	00	BF	91	20	59	FB	8C	90	42	7B	3D	AE	C0	E5	C7	A0	13	E6	C7	64	9F	E7	C7	AD	36	E6	C7	2D	D0	34	C8	00	00	5E	3F	00	00	90	BD	00	00	06	40	00	00	95	BF	00	00	2E	40	00	00	00	00	00	00	00	00	00	00	00	00	00	00	00	00	00	00	00	00
4.453	3D DATA	true	-	-	-	-	-117633.4	-117799.2	-118590.8	-117869.4	-185152.7	0.9	-0.1	2.1	-1.2	2.7	-	-	-	-	-
4.481	3D MESSAGE	48	00	C0	91	20	59	FC	8C	90	42	7B	3D	C3	C0	E5	C7	91	13	E6	C7	79	9F	E7	C7	CC	36	E6	C7	26	D0	34	C8	00	00	34	3F	00	00	40	3D	00	00	F7	3F	00	00	B4	BF	00	00	35	40	00	00	00	00	00	00	00	00	00	00	00	00	00	00	00	00	00	00	00	00
4.481	3D DATA	true	-	-	-	-	-117633.5	-117799.1	-118590.9	-117869.6	-185152.6	0.7	0.0	1.9	-1.4	2.8	-	-	-	-	-
4.482	3D MESSAGE	48	00	C1	91	20	59	FD	8C	90	42	7B	3D	E2	C0	E5	C7	AC	13	E6	C7	A0	9F	E7	C7	02	37	E6	C7	32	D0	34	C8	00	00	EC	3E	00	00	28	BE	00	00	D0	3F	00	00	EA	BF	00	00	29	40	00	00	00	00	00	00	00	00	00	00	00	00	00	00	00	00	00	00	00	00
4.482	3D DATA	true	-	-	-	-	-117633.8	-117799.3	-118591.2	-117870.0	-185152.8	0.5	-0.2	1.6	-1.8	2.6	-	-	-	-	-
4.482	3D MESSAGE	48	00	C2	91	20	59	FE	8C	90	42	7B	3D	02	C1	E5	C7	E7	13	E6	C7	CF	9F	E7	C7	3E	37	E6	C7	48	D0	34	C8	00	00	58	3E	00	00	20	BF	00	00	A1	3F	00	00	13	C0	00	00	13	40	00	00	00	00	00	00	00	00	00	00	00	00	00	00	00	00	00	00	00	00
4.482	3D DATA	true	-	-	-	-	-117634.0	-117799.8	-118591.6	-117870.5	-185153.1	0.2	-0.6	1.3	-2.3	2.3	-	-	-	-	-
4.482	3D MESSAGE	48	00	C3	91	20	59	FF	8C	90	42	7B	3D	16	C1	E5	C7	2D	14	E6	C7	F7	9F	E7	C7	70	37	E6	C7	60	D0	34	C8	00	00	60	3D	00	00	96	BF	00	00	72	3F	00	00	2C	C0	00	00	F6	3F	00	00	00	00	00	00	00	00	00	00	00	00	00	00	00	00	00	00	00	00
4.482	3D DATA	true	-	-	-	-	-117634.2	-117800.4	-118591.9	-117870.9	-185153.5	0.1	-1.2	0.9	-2.7	1.9	-	-	-	-	-
4.483	3D MESSAGE	48	00	C4	91	20	59	00	8C	90	42	7B	3D	18	C1	E5	C7	69	14	E6	C7	0B	A0	E7	C7	89	37	E6	C7	70	D0	34	C8	00	00	20	3D	00	00	D2	BF	00	00	4A	3F	00	80	38	C0	00	00	D6	3F	00	00	00	00	00	00	00	00	00	00	00	00	00	00	00	00	00	00	00	00
4.483	3D DATA	true	-	-	-	-	-117634.2	-117800.8	-118592.1	-117871.1	-185153.8	0.0	-1.6	0.8	-2.9	1.7	-	-	-	-	-
4.483	3D MESSAGE	48	00	C5	91	20	59	01	8C	90	42	7B	3D	07	C1	E5	C7	88	14	E6	C7	02	A0	E7	C7	83	37	E6	C7	71	D0	34	C8	00	00	30	3E	00	00	F1	BF	00	00	5C	3F	00	80	35	C0	00	00	D4	3F	00	00	00	00	00	00	00	00	00	00	00	00	00	00	00	00	00	00	00	00
4.483	3D DATA	true	-	-	-	-	-117634.1	-117801.1	-118592.0	-117871.0	-185153.8	0.2	-1.9	0.9	-2.8	1.7	-	-	-	-	-
4.511	3D MESSAGE	48	00	C6	91	20	59	02	8C	90	42	7B	3D	E0	C0	E5	C7	80	14	E6	C7	DB	9F	E7	C7	5D	37	E6	C7	61	D0	34	C8	00	00	F4	3E	00	00	E9	BF	00	00	95	3F	00	80	22	C0	00	00	F4	3F	00	00	00	00	00	00	00	00	00	00	00	00	00	00	00	00	00	00	00	00
4.511	3D DATA	true	-	-	-	-	-117633.8	-117801.0	-118591.7	-117870.7	-185153.5	0.5	-1.8	1.2	-2.5	1.9	-	-	-	-	-
4.511	3D MESSAGE	48	00	C7	91	20	59	03	8C	90	42	7B	3D	AA	C0	E5	C7	52	14	E6	C7	99	9F	E7	C7	20	37	E6	C7	42	D0	34	C8	00	00	66	3F	00	00	BB	BF	00	00	D7	3F	00	00	04	C0	00	00	19	40	00	00	00	00	00	00	00	00	00	00	00	00	00	00	00	00	00	00	00	00
4.511	3D DATA	true	-	-	-	-	-117633.3	-117800.6	-118591.2	-117870.2	-185153.0	0.9	-1.5	1.7	-2.1	2.4	-	-	-	-	-
4.512	3D MESSAGE	48	00	C8	91	20	59	04	8C	90	42	7B	3D	6D	C0	E5	C7	0A	14	E6	C7	48	9F	E7	C7	D7	36	E6	C7	1A	D0	34	C8	00	00	B0	3F	00	00	66	BF	00	00	14	40	00	00	BF	BF	00	00	41	40	00	00	00	00	00	00	00	00	00	00	00	00	00	00	00	00	00	00	00	00
4.512	3D DATA	true	-	-	-	-	-117632.9	-117800.1	-118590.6	-117869.7	-185152.4	1.4	-0.9	2.3	-1.5	3.0	-	-	-	-	-
4.512	3D MESSAGE	48	00	C9	91	20	59	05	8C	90	42	7B	3D	33	C0	E5	C7	B8	13	E6	C7	F8	9E	E7	C7	93	36	E6	C7	EE	CF	34	C8	00	00	EA	3F	00	00	84	BE	00	00	3C	40	00	00	76	BF	00	00	6D	40	00	00	00	00	00	00	00	00	00	00	00	00	00	00	00	00	00	00	00	00
4.512	3D DATA	true	-	-	-	-	-117632.4	-117799.4	-118589.9	-117869.1	-185151.7	1.8	-0.3	2.9	-1.0	3.7	-	-	-	-	-
4.513	3D MESSAGE	48	00	CA	91	20	59	06	8C	90	42	7B	3D	06	C0	E5	C7	6C	13	E6	C7	B6	9E	E7	C7	5E	36	E6	C7	C6	CF	34	C8	00	80	0B	40	00	00	AC	3E	00	00	5D	40	00	00	0C	BF	00	80	8A	40	00	00	00	00	00	00	00	00	00	00	00	00	00	00	00	00	00	00	00	00
4.513	3D DATA	true	-	-	-	-	-117632.0	-117798.8	-118589.4	-117868.7	-185151.1	2.2	0.3	3.5	-0.5	4.3	-	-	-	-	-
4.513	3D MESSAGE	48	00	CB	91	20	59	07	8C	90	42	7B	3D	EC	BF	E5	C7	32	13	E6	C7	8B	9E	E7	C7	42	36	E6	C7	A7	CF	34	C8	00	80	18	40	00	00	4A	3F	00	80	72	40	00	00	A8	BE	00	00	9A	40	00	00	00	00	00	00	00	00	00	00	00	00	00	00	00	00	00	00	00	00
4.513	3D DATA	true	-	-	-	-	-117631.8	-117798.4	-118589.1	-117868.5	-185150.6	2.4	0.8	3.8	-0.3	4.8	-	-	-	-	-
4.543	3D MESSAGE	48	00	CC	91	20	59	08	8C	90	42	7B	3D	E6	BF	E5	C7	13	13	E6	C7	7E	9E	E7	C7	40	36	E6	C7	94	CF	34	C8	00	80	1B	40	00	00	84	3F	00	00	79	40	00	00	A0	BE	00	80	A3	40	00	00	00	00	00	00	00	00	00	00	00	00	00	00	00	00	00	00	00	00
4.543	3D DATA	true	-	-	-	-	-117631.8	-117798.1	-118589.0	-117868.5	-185150.3	2.4	1.0	3.9	-0.3	5.1	-	-	-	-	-
4.544	3D MESSAGE	48	00	CD	91	20	59	09	8C	D8	2F	85	3D	F3	BF	E5	C7	0E	13	E6	C7	8E	9E	E7	C7	55	36	E6	C7	8E	CF	34	C8	00	00	15	40	00	00	89	3F	00	00	71	40	00	00	F4	BE	00	80	A6	40	00	00	00	00	00	00	00	00	00	00	00	00	00	00	00	00	00	00	00	00
4.544	3D DATA	true	-	-	-	-	-117631.9	-117798.1	-118589.1	-117868.7	-185150.2	2.3	1.1	3.8	-0.5	5.2	-	-	-	-	-
4.544	3D MESSAGE	48	00	CE	91	20	59	0A	8C	D8	2F	85	3D	0C	C0	E5	C7	22	13	E6	C7	B5	9E	E7	C7	7B	36	E6	C7	95	CF	34	C8	00	80	08	40	00	00	6A	3F	00	80	5D	40	00	00	46	BF	00	00	A3	40	00	00	00	00	00	00	00	00	00	00	00	00	00	00	00	00	00	00	00	00
4.544	3D DATA	true	-	-	-	-	-117632.1	-117798.3	-118589.4	-117869.0	-185150.3	2.1	0.9	3.5	-0.8	5.1	-	-	-	-	-
4.544	3D MESSAGE	48	00	CF	91	20	59	0B	8C	D8	2F	85	3D	2C	C0	E5	C7	48	13	E6	C7	EE	9E	E7	C7	A8	36	E6	C7	A8	CF	34	C8	00	00	F1	3F	00	00	1E	3F	00	00	41	40	00	00	90	BF	00	80	99	40	00	00	00	00	00	00	00	00	00	00	00	00	00	00	00	00	00	00	00	00
4.544	3D DATA	true	-	-	-	-	-117632.3	-117798.6	-118589.9	-117869.3	-185150.6	1.9	0.6	3.0	-1.1	4.8	-	-	-	-	-
4.544	3D MESSAGE	48	00	D0	91	20	59	0C	8C	D8	2F	85	3D	4A	C0	E5	C7	7A	13	E6	C7	2C	9F	E7	C7	D3	36	E6	C7	C2	CF	34	C8	00	00	D3	3F	00	00	68	3E	00	00	22	40	00	00	BB	BF	00	80	8C	40	00	00	00	00	00	00	00	00	00	00	00	00	00	00	00	00	00	00	00	00
4.544	3D DATA	true	-	-	-	-	-117632.6	-117799.0	-118590.3	-117869.6	-185151.0	1.6	0.2	2.5	-1.5	4.4	-	-	-	-	-
4.544	3D MESSAGE	48	00	D1	91	20	59	0D	8C	D8	2F	85	3D	60	C0	E5	C7	AB	13	E6	C7	67	9F	E7	C7	F3	36	E6	C7	E0	CF	34	C8	00	00	BD	3F	00	00	20	BE	00	80	04	40	00	00	DB	BF	00	00	7B	40	00	00	00	00	00	00	00	00	00	00	00	00	00	00	00	00	00	00	00	00
4.545	3D DATA	true	-	-	-	-	-117632.8	-117799.3	-118590.8	-117869.9	-185151.5	1.5	-0.2	2.1	-1.7	3.9	-	-	-	-	-
4.545	3D MESSAGE	48	00	D2	91	20	59	0E	8C	D8	2F	85	3D	6C	C0	E5	C7	D2	13	E6	C7	94	9F	E7	C7	01	37	E6	C7	FC	CF	34	C8	00	00	B1	3F	00	00	EC	BE	00	00	DC	3F	00	00	E9	BF	00	00	5F	40	00	00	00	00	00	00	00	00	00	00	00	00	00	00	00	00	00	00	00	00
4.545	3D DATA	true	-	-	-	-	-117632.8	-117799.6	-118591.2	-117870.0	-185151.9	1.4	-0.5	1.7	-1.8	3.5	-	-	-	-	-
4.575	3D MESSAGE	48	00	D3	91	20	59	0F	8C	D8	2F	85	3D	69	C0	E5	C7	E5	13	E6	C7	AB	9F	E7	C7	FA	36	E6	C7	12	D0	34	C8	00	00	B4	3F	00	00	1C	BF	00	00	C5	3F	00	00	E2	BF	00	00	49	40	00	00	00	00	00	00	00	00	00	00	00	00	00	00	00	00	00	00	00	00
4.575	3D DATA	true	-	-	-	-	-117632.8	-117799.8	-118591.3	-117870.0	-185152.3	1.4	-0.6	1.5	-1.8	3.1	-	-	-	-	-
4.576	3D MESSAGE	48	00	D4	91	20	59	10	8C	D8	2F	85	3D	5A	C0	E5	C7	DE	13	E6	C7	A6	9F	E7	C7	E1	36	E6	C7	1E	D0	34	C8	00	00	C3	3F	00	00	0E	BF	00	00	CA	3F	00	00	C9	BF	00	00	3D	40	00	00	00	00	00	00	00	00	00	00	00	00	00	00	00	00	00	00	00	00
4.576	3D DATA	true	-	-	-	-	-117632.7	-117799.7	-118591.3	-117869.8	-185152.5	1.5	-0.6	1.6	-1.6	3.0	-	-	-	-	-
4.576	3D MESSAGE	48	00	D5	91	20	59	11	8C	D8	2F	85	3D	3E	C0	E5	C7	BC	13	E6	C7	85	9F	E7	C7	BA	36	E6	C7	1F	D0	34	C8	00	00	DF	3F	00	00	94	BE	00	00	EB	3F	00	00	A2	BF	00	00	3C	40	00	00	00	00	00	00	00	00	00	00	00	00	00	00	00	00	00	00	00	00
4.576	3D DATA	true	-	-	-	-	-117632.5	-117799.5	-118591.0	-117869.5	-185152.5	1.7	-0.3	1.8	-1.3	2.9	-	-	-	-	-
4.577	3D MESSAGE	48	00	D6	91	20	59	12	8C	D8	2F	85	3D	1C	C0	E5	C7	85	13	E6	C7	4E	9F	E7	C7	8F	36	E6	C7	19	D0	34	C8	00	80	00	40	00	00	10	3E	00	00	11	40	00	00	6E	BF	00	00	42	40	00	00	00	00	00	00	00	00	00	00	00	00	00	00	00	00	00	00	00	00
4.577	3D DATA	true	-	-	-	-	-117632.2	-117799.0	-118590.6	-117869.1	-185152.4	2.0	0.1	2.3	-0.9	3.0	-	-	-	-	-
4.577	3D MESSAGE	48	00	D7	91	20	59	13	8C	D8	2F	85	3D	F9	BF	E5	C7	45	13	E6	C7	0A	9F	E7	C7	68	36	E6	C7	10	D0	34	C8	00	00	12	40	00	00	24	3F	00	00	33	40	00	00	20	BF	00	00	4B	40	00	00	00	00	00	00	00	00	00	00	00	00	00	00	00	00	00	00	00	00
4.577	3D DATA	true	-	-	-	-	-117631.9	-117798.5	-118590.1	-117868.8	-185152.2	2.3	0.6	2.8	-0.6	3.2	-	-	-	-	-
4.578	3D MESSAGE	48	00	D8	91	20	59	14	8C	D8	2F	85	3D	DC	BF	E5	C7	08	13	E6	C7	C8	9E	E7	C7	4F	36	E6	C7	0A	D0	34	C8	00	80	20	40	00	00	8F	3F	00	00	54	40	00	00	DC	BE	00	00	51	40	00	00	00	00	00	00	00	00	00	00	00	00	00	00	00	00	00	00	00	00
4.578	3D DATA	true	-	-	-	-	-117631.7	-117798.1	-118589.6	-117868.6	-185152.2	2.5	1.1	3.3	-0.4	3.3	-	-	-	-	-
4.606	3D MESSAGE	48	00	D9	91	20	59	15	8C	D8	2F	85	3D	CB	BF	E5	C7	DE	12	E6	C7	93	9E	E7	C7	46	36	E6	C7	0B	D0	34	C8	00	00	29	40	00	00	B9	3F	00	80	6E	40	00	00	B8	BE	00	00	50	40	00	00	00	00	00	00	00	00	00	00	00	00	00	00	00	00	00	00	00	00
4.606	3D DATA	true	-	-	-	-	-117631.6	-117797.7	-118589.1	-117868.5	-185152.2	2.6	1.4	3.7	-0.4	3.2	-	-	-	-	-
4.606	3D MESSAGE	48	00	DA	91	20	59	16	8C	D8	2F	85	3D	CB	BF	E5	C7	CA	12	E6	C7	72	9E	E7	C7	4C	36	E6	C7	12	D0	34	C8	00	00	29	40	00	00	CD	3F	00	00	7F	40	00	00	D0	BE	00	00	49	40	00	00	00	00	00	00	00	00	00	00	00	00	00	00	00	00	00	00	00	00
4.607	3D DATA	true	-	-	-	-	-117631.6	-117797.6	-118588.9	-117868.6	-185152.3	2.6	1.6	4.0	-0.4	3.1	-	-	-	-	-
4.607	3D MESSAGE	48	00	DB	91	20	59	17	8C	D8	2F	85	3D	DA	BF	E5	C7	CF	12	E6	C7	65	9E	E7	C7	60	36	E6	C7	20	D0	34	C8	00	80	21	40	00	00	C8	3F	00	C0	82	40	00	00	10	BF	00	00	3B	40	00	00	00	00	00	00	00	00	00	00	00	00	00	00	00	00	00	00	00	00
4.607	3D DATA	true	-	-	-	-	-117631.7	-117797.6	-118588.8	-117868.8	-185152.5	2.5	1.6	4.1	-0.6	2.9	-	-	-	-	-
4.607	3D MESSAGE	48	00	DC	91	20	59	18	8C	D8	2F	85	3D	F2	BF	E5	C7	E8	12	E6	C7	68	9E	E7	C7	7C	36	E6	C7	2F	D0	34	C8	00	80	15	40	00	00	AF	3F	00	00	82	40	00	00	48	BF	00	00	2C	40	00	00	00	00	00	00	00	00	00	00	00	00	00	00	00	00	00	00	00	00
4.607	3D DATA	true	-	-	-	-	-117631.9	-117797.8	-118588.8	-117869.0	-185152.7	2.3	1.4	4.1	-0.8	2.7	-	-	-	-	-
4.608	3D MESSAGE	48	00	DD	91	20	59	19	8C	D8	2F	85	3D	0C	C0	E5	C7	0C	13	E6	C7	71	9E	E7	C7	9B	36	E6	C7	3B	D0	34	C8	00	80	08	40	00	00	8B	3F	00	80	7F	40	00	00	83	BF	00	00	20	40	00	00	00	00	00	00	00	00	00	00	00	00	00	00	00	00	00	00	00	00
4.608	3D DATA	true	-	-	-	-	-117632.1	-117798.1	-118588.9	-117869.2	-185152.9	2.1	1.1	4.0	-1.0	2.5	-	-	-	-	-
4.608	3D MESSAGE	48	00	DE	91	20	59	1A	8C	D8	2F	85	3D	1B	C0	E5	C7	2D	13	E6	C7	78	9E	E7	C7	BA	36	E6	C7	3F	D0	34	C8	00	00	01	40	00	00	54	3F	00	00	7C	40	00	00	A2	BF	00	00	1C	40	00	00	00	00	00	00	00	00	00	00	00	00	00	00	00	00	00	00	00	00
4.608	3D DATA	true	-	-	-	-	-117632.2	-117798.4	-118588.9	-117869.5	-185153.0	2.0	0.8	3.9	-1.3	2.4	-	-	-	-	-
4.636	3D MESSAGE	48	00	DF	91	20	59	1B	8C	D8	2F	85	3D	18	C0	E5	C7	42	13	E6	C7	73	9E	E7	C7	D1	36	E6	C7	37	D0	34	C8	00	80	02	40	00	00	2A	3F	00	80	7E	40	00	00	B9	BF	00	00	24	40	00	00	00	00	00	00	00	00	00	00	00	00	00	00	00	00	00	00	00	00
4.636	3D DATA	true	-	-	-	-	-117632.2	-117798.5	-118588.9	-117869.6	-185152.9	2.0	0.7	4.0	-1.4	2.6	-	-	-	-	-
4.638	3D MESSAGE	48	00	E0	91	20	59	1C	8C	D8	2F	85	3D	FD	BF	E5	C7	40	13	E6	C7	5F	9E	E7	C7	DC	36	E6	C7	22	D0	34	C8	00	00	10	40	00	00	2E	3F	00	40	84	40	00	00	C4	BF	00	00	39	40	00	00	00	00	00	00	00	00	00	00	00	00	00	00	00	00	00	00	00	00
4.638	3D DATA	true	-	-	-	-	-117632.0	-117798.5	-118588.7	-117869.7	-185152.5	2.2	0.7	4.1	-1.5	2.9	-	-	-	-	-
4.638	3D MESSAGE	48	00	E1	91	20	59	1D	8C	D8	2F	85	3D	C7	BF	E5	C7	24	13	E6	C7	3A	9E	E7	C7	D2	36	E6	C7	FF	CF	34	C8	00	00	2B	40	00	00	66	3F	00	80	8D	40	00	00	BA	BF	00	00	5C	40	00	00	00	00	00	00	00	00	00	00	00	00	00	00	00	00	00	00	00	00
4.638	3D DATA	true	-	-	-	-	-117631.6	-117798.3	-118588.5	-117869.6	-185152.0	2.7	0.9	4.4	-1.5	3.4	-	-	-	-	-
4.639	3D MESSAGE	48	00	E2	91	20	59	1E	8C	D8	2F	85	3D	79	BF	E5	C7	E9	12	E6	C7	05	9E	E7	C7	AD	36	E6	C7	CE	CF	34	C8	00	00	52	40	00	00	AE	3F	00	C0	9A	40	00	00	95	BF	00	80	86	40	00	00	00	00	00	00	00	00	00	00	00	00	00	00	00	00	00	00	00	00
4.639	3D DATA	true	-	-	-	-	-117630.9	-117797.8	-118588.0	-117869.4	-185151.2	3.3	1.4	4.8	-1.2	4.2	-	-	-	-	-
4.639	3D MESSAGE	48	00	E3	91	20	59	1F	8C	D8	2F	85	3D	1D	BF	E5	C7	94	12	E6	C7	C7	9D	E7	C7	6C	36	E6	C7	92	CF	34	C8	00	00	80	40	00	80	01	40	00	40	AA	40	00	00	28	BF	00	80	A4	40	00	00	00	00	00	00	00	00	00	00	00	00	00	00	00	00	00	00	00	00
4.639	3D DATA	true	-	-	-	-	-117630.2	-117797.2	-118587.6	-117868.8	-185150.3	4.0	2.0	5.3	-0.7	5.1	-	-	-	-	-
4.640	3D MESSAGE	48	00	E4	91	20	59	20	8C	D8	2F	85	3D	BB	BE	E5	C7	2A	12	E6	C7	86	9D	E7	C7	12	36	E6	C7	51	CF	34	C8	00	80	98	40	00	80	36	40	00	80	BA	40	00	00	40	3D	00	00	C5	40	00	00	00	00	00	00	00	00	00	00	00	00	00	00	00	00	00	00	00	00
4.640	3D DATA	true	-	-	-	-	-117629.5	-117796.3	-118587.0	-117868.1	-185149.3	4.8	2.9	5.8	0.0	6.2	-	-	-	-	-
4.640	3D MESSAGE	48	00	E5	91	20	59	21	8C	D8	2F	85	3D	61	BE	E5	C7	B7	11	E6	C7	4E	9D	E7	C7	AB	35	E6	C7	10	CF	34	C8	00	00	AF	40	00	00	70	40	00	80	C8	40	00	00	5A	3F	00	80	E5	40	00	00	00	00	00	00	00	00	00	00	00	00	00	00	00	00	00	00	00	00
4.640	3D DATA	true	-	-	-	-	-117628.8	-117795.4	-118586.6	-117867.3	-185148.2	5.5	3.8	6.3	0.9	7.2	-	-	-	-	-
4.666	3D MESSAGE	48	00	E6	91	20	59	22	8C	D8	2F	85	3D	17	BE	E5	C7	47	11	E6	C7	2A	9D	E7	C7	45	35	E6	C7	D7	CE	34	C8	00	80	C1	40	00	00	94	40	00	80	D1	40	00	00	D3	3F	00	00	01	41	00	00	00	00	00	00	00	00	00	00	00	00	00	00	00	00	00	00	00	00
4.666	3D DATA	true	-	-	-	-	-117628.2	-117794.6	-118586.3	-117866.5	-185147.4	6.0	4.6	6.5	1.6	8.1	-	-	-	-	-
4.667	3D MESSAGE	48	00	E7	91	20	59	23	8C	D8	2F	85	3D	E6	BD	E5	C7	E8	10	E6	C7	22	9D	E7	C7	F3	34	E6	C7	AF	CE	34	C8	00	C0	CD	40	00	C0	AB	40	00	80	D3	40	00	80	12	40	00	00	0B	41	00	00	00	00	00	00	00	00	00	00	00	00	00	00	00	00	00	00	00	00
4.667	3D DATA	true	-	-	-	-	-117627.8	-117793.8	-118586.3	-117865.9	-185146.7	6.4	5.4	6.6	2.3	8.7	-	-	-	-	-
4.668	3D MESSAGE	48	00	E8	91	20	59	24	8C	D8	2F	85	3D	CE	BD	E5	C7	A4	10	E6	C7	39	9D	E7	C7	C1	34	E6	C7	9E	CE	34	C8	00	C0	D3	40	00	C0	BC	40	00	C0	CD	40	00	80	2B	40	00	40	0F	41	00	00	00	00	00	00	00	00	00	00	00	00	00	00	00	00	00	00	00	00
4.668	3D DATA	true	-	-	-	-	-117627.6	-117793.3	-118586.4	-117865.5	-185146.5	6.6	5.9	6.4	2.7	9.0	-	-	-	-	-
4.668	3D MESSAGE	48	00	E9	91	20	59	25	8C	D8	2F	85	3D	CC	BD	E5	C7	81	10	E6	C7	6A	9D	E7	C7	B4	34	E6	C7	A6	CE	34	C8	00	40	D4	40	00	80	C5	40	00	80	C1	40	00	00	32	40	00	40	0D	41	00	00	00	00	00	00	00	00	00	00	00	00	00	00	00	00	00	00	00	00
4.668	3D DATA	true	-	-	-	-	-117627.6	-117793.0	-118586.8	-117865.4	-185146.6	6.6	6.2	6.0	2.8	8.8	-	-	-	-	-
4.669	3D MESSAGE	48	00	EA	91	20	59	26	8C	D8	2F	85	3D	D8	BD	E5	C7	7C	10	E6	C7	AC	9D	E7	C7	CA	34	E6	C7	C5	CE	34	C8	00	40	D1	40	00	C0	C6	40	00	00	B1	40	00	00	27	40	00	80	05	41	00	00	00	00	00	00	00	00	00	00	00	00	00	00	00	00	00	00	00	00
4.669	3D DATA	true	-	-	-	-	-117627.7	-117793.0	-118587.3	-117865.6	-185147.1	6.5	6.2	5.5	2.6	8.3	-	-	-	-	-
4.670	3D MESSAGE	48	00	EB	91	20	59	27	8C	D8	2F	85	3D	E6	BD	E5	C7	8B	10	E6	C7	EF	9D	E7	C7	F9	34	E6	C7	F4	CE	34	C8	00	C0	CD	40	00	00	C3	40	00	40	A0	40	00	80	0F	40	00	80	F3	40	00	00	00	00	00	00	00	00	00	00	00	00	00	00	00	00	00	00	00	00
4.670	3D DATA	true	-	-	-	-	-117627.8	-117793.1	-118587.9	-117865.9	-185147.8	6.4	6.1	5.0	2.2	7.6	-	-	-	-	-
4.702	3D MESSAGE	48	00	EC	91	20	59	28	8C	D8	2F	85	3D	EC	BD	E5	C7	A1	10	E6	C7	24	9E	E7	C7	32	35	E6	C7	26	CF	34	C8	00	40	CC	40	00	80	BD	40	00	00	93	40	00	00	E6	3F	00	80	DA	40	00	00	00	00	00	00	00	00	00	00	00	00	00	00	00	00	00	00	00	00
4.702	3D DATA	true	-	-	-	-	-117627.8	-117793.3	-118588.3	-117866.4	-185148.6	6.4	5.9	4.6	1.8	6.8	-	-	-	-	-
4.703	3D MESSAGE	48	00	ED	91	20	59	29	8C	D8	2F	85	3D	DF	BD	E5	C7	AC	10	E6	C7	3E	9E	E7	C7	6A	35	E6	C7	52	CF	34	C8	00	80	CF	40	00	C0	BA	40	00	80	8C	40	00	00	AE	3F	00	80	C4	40	00	00	00	00	00	00	00	00	00	00	00	00	00	00	00	00	00	00	00	00
4.703	3D DATA	true	-	-	-	-	-117627.7	-117793.3	-118588.5	-117866.8	-185149.3	6.5	5.8	4.4	1.4	6.1	-	-	-	-	-
4.703	3D MESSAGE	48	00	EE	91	20	59	2A	8C	D8	2F	85	3D	BB	BD	E5	C7	9F	10	E6	C7	35	9E	E7	C7	94	35	E6	C7	6B	CF	34	C8	00	80	D8	40	00	00	BE	40	00	C0	8E	40	00	00	84	3F	00	00	B8	40	00	00	00	00	00	00	00	00	00	00	00	00	00	00	00	00	00	00	00	00
4.703	3D DATA	true	-	-	-	-	-117627.5	-117793.2	-118588.4	-117867.2	-185149.7	6.8	5.9	4.5	1.0	5.8	-	-	-	-	-
4.703	3D MESSAGE	48	00	EF	91	20	59	2B	8C	D8	2F	85	3D	7F	BD	E5	C7	70	10	E6	C7	0A	9E	E7	C7	AB	35	E6	C7	6C	CF	34	C8	00	80	E7	40	00	C0	C9	40	00	80	99	40	00	00	5A	3F	00	80	B7	40	00	00	00	00	00	00	00	00	00	00	00	00	00	00	00	00	00	00	00	00
4.703	3D DATA	true	-	-	-	-	-117627.0	-117792.9	-118588.1	-117867.3	-185149.7	7.2	6.3	4.8	0.9	5.7	-	-	-	-	-
4.704	3D MESSAGE	48	00	F0	91	20	59	2C	8C	D8	2F	85	3D	2E	BD	E5	C7	1D	10	E6	C7	C2	9D	E7	C7	AE	35	E6	C7	54	CF	34	C8	00	C0	FB	40	00	80	DE	40	00	80	AB	40	00	00	54	3F	00	80	C3	40	00	00	00	00	00	00	00	00	00	00	00	00	00	00	00	00	00	00	00	00
4.704	3D DATA	true	-	-	-	-	-117626.4	-117792.2	-118587.5	-117867.4	-185149.3	7.9	7.0	5.4	0.8	6.1	-	-	-	-	-
4.704	3D MESSAGE	48	00	F1	91	20	59	2D	8C	D8	2F	85	3D	CF	BC	E5	C7	AC	0F	E6	C7	65	9D	E7	C7	9E	35	E6	C7	28	CF	34	C8	00	C0	09	41	00	C0	FA	40	00	C0	C2	40	00	00	74	3F	00	80	D9	40	00	00	00	00	00	00	00	00	00	00	00	00	00	00	00	00	00	00	00	00
4.704	3D DATA	true	-	-	-	-	-117625.6	-117791.3	-118586.8	-117867.2	-185148.6	8.6	7.8	6.1	1.0	6.8	-	-	-	-	-
4.705	3D MESSAGE	48	00	F2	91	20	59	2E	8C	D8	2F	85	3D	6C	BC	E5	C7	2B	0F	E6	C7	00	9D	E7	C7	7F	35	E6	C7	F1	CE	34	C8	00	20	16	41	00	80	0D	41	00	00	DC	40	00	00	99	3F	00	00	F5	40	00	00	00	00	00	00	00	00	00	00	00	00	00	00	00	00	00	00	00	00
4.705	3D DATA	true	-	-	-	-	-117624.8	-117790.3	-118586.0	-117867.0	-185147.8	9.4	8.8	6.9	1.2	7.7	-	-	-	-	-
4.729	3D MESSAGE	48	00	F3	91	20	59	2F	8C	D8	2F	85	3D	10	BC	E5	C7	AC	0E	E6	C7	A0	9C	E7	C7	57	35	E6	C7	B8	CE	34	C8	00	A0	21	41	00	60	1D	41	00	00	F4	40	00	00	C1	3F	00	C0	08	41	00	00	00	00	00	00	00	00	00	00	00	00	00	00	00	00	00	00	00	00
4.729	3D DATA	true	-	-	-	-	-117624.1	-117789.3	-118585.2	-117866.7	-185146.9	10.1	9.8	7.6	1.5	8.5	-	-	-	-	-
4.729	3D MESSAGE	48	00	F4	91	20	59	30	8C	D8	2F	85	3D	C1	BB	E5	C7	3E	0E	E6	C7	50	9C	E7	C7	2E	35	E6	C7	87	CE	34	C8	00	80	2B	41	00	20	2B	41	00	00	04	41	00	00	EA	3F	00	00	15	41	00	00	00	00	00	00	00	00	00	00	00	00	00	00	00	00	00	00	00	00
4.729	3D DATA	true	-	-	-	-	-117623.5	-117788.5	-118584.6	-117866.4	-185146.1	10.7	10.7	8.2	1.8	9.3	-	-	-	-	-
4.730	3D MESSAGE	48	00	F5	91	20	59	31	8C	C0	F6	7C	3D	86	BB	E5	C7	ED	0D	E6	C7	1A	9C	E7	C7	09	35	E6	C7	61	CE	34	C8	00	E0	32	41	00	40	35	41	00	C0	0A	41	00	80	07	40	00	80	1E	41	00	00	00	00	00	00	00	00	00	00	00	00	00	00	00	00	00	00	00	00
4.730	3D DATA	true	-	-	-	-	-117623.0	-117787.9	-118584.2	-117866.1	-185145.5	11.2	11.3	8.7	2.1	9.9	-	-	-	-	-
4.731	3D MESSAGE	48	00	F6	91	20	59	32	8C	C0	F6	7C	3D	60	BB	E5	C7	BA	0D	E6	C7	02	9C	E7	C7	EE	34	E6	C7	48	CE	34	C8	00	A0	37	41	00	A0	3B	41	00	C0	0D	41	00	00	15	40	00	C0	24	41	00	00	00	00	00	00	00	00	00	00	00	00	00	00	00	00	00	00	00	00
4.731	3D DATA	true	-	-	-	-	-117622.8	-117787.5	-118584.0	-117865.9	-185145.1	11.5	11.7	8.9	2.3	10.3	-	-	-	-	-
4.731	3D MESSAGE	48	00	F7	91	20	59	33	8C	C0	F6	7C	3D	4B	BB	E5	C7	9D	0D	E6	C7	06	9C	E7	C7	E1	34	E6	C7	39	CE	34	C8	00	40	3A	41	00	40	3F	41	00	40	0D	41	00	80	1B	40	00	80	28	41	00	00	00	00	00	00	00	00	00	00	00	00	00	00	00	00	00	00	00	00
4.731	3D DATA	true	-	-	-	-	-117622.6	-117787.2	-118584.0	-117865.8	-185144.9	11.6	12.0	8.8	2.4	10.5	-	-	-	-	-
4.761	3D MESSAGE	48	00	F8	91	20	59	34	8C	C0	F6	7C	3D	3E	BB	E5	C7	88	0D	E6	C7	1F	9C	E7	C7	E2	34	E6	C7	30	CE	34	C8	00	E0	3B	41	00	E0	41	41	00	20	0A	41	00	00	1B	40	00	C0	2A	41	00	00	00	00	00	00	00	00	00	00	00	00	00	00	00	00	00	00	00	00
4.761	3D DATA	true	-	-	-	-	-117622.5	-117787.1	-118584.2	-117865.8	-185144.8	11.7	12.1	8.6	2.4	10.7	-	-	-	-	-
4.761	3D MESSAGE	48	00	F9	91	20	59	35	8C	C0	F6	7C	3D	2A	BB	E5	C7	69	0D	E6	C7	42	9C	E7	C7	EE	34	E6	C7	25	CE	34	C8	00	60	3E	41	00	C0	45	41	00	C0	05	41	00	00	15	40	00	80	2D	41	00	00	00	00	00	00	00	00	00	00	00	00	00	00	00	00	00	00	00	00
4.761	3D DATA	true	-	-	-	-	-117622.3	-117786.8	-118584.5	-117865.9	-185144.6	11.9	12.4	8.4	2.3	10.8	-	-	-	-	-
4.762	3D MESSAGE	48	00	FA	91	20	59	36	8C	C0	F6	7C	3D	04	BB	E5	C7	2F	0D	E6	C7	61	9C	E7	C7	FB	34	E6	C7	13	CE	34	C8	00	20	43	41	00	00	4D	41	00	E0	01	41	00	80	0E	40	00	00	32	41	00	00	00	00	00	00	00	00	00	00	00	00	00	00	00	00	00	00	00	00
4.762	3D DATA	true	-	-	-	-	-117622.0	-117786.4	-118584.8	-117866.0	-185144.3	12.2	12.8	8.1	2.2	11.1	-	-	-	-	-
4.762	3D MESSAGE	48	00	FB	91	20	59	37	8C	C0	F6	7C	3D	C0	BA	E5	C7	D0	0C	E6	C7	6E	9C	E7	C7	02	35	E6	C7	F5	CD	34	C8	00	A0	4B	41	00	E0	58	41	00	40	00	41	00	00	0B	40	00	80	39	41	00	00	00	00	00	00	00	00	00	00	00	00	00	00	00	00	00	00	00	00
4.762	3D DATA	true	-	-	-	-	-117621.5	-117785.6	-118584.9	-117866.0	-185143.8	12.7	13.6	8.0	2.2	11.6	-	-	-	-	-
4.763	3D MESSAGE	48	00	FC	91	20	59	38	8C	C0	F6	7C	3D	58	BA	E5	C7	4A	0C	E6	C7	5E	9C	E7	C7	F8	34	E6	C7	C9	CD	34	C8	00	A0	58	41	00	A0	69	41	00	40	02	41	00	00	10	40	00	80	44	41	00	00	00	00	00	00	00	00	00	00	00	00	00	00	00	00	00	00	00	00
4.763	3D DATA	true	-	-	-	-	-117620.7	-117784.6	-118584.7	-117865.9	-185143.1	13.5	14.6	8.1	2.2	12.3	-	-	-	-	-
4.763	3D MESSAGE	48	00	FD	91	20	59	39	8C	C0	F6	7C	3D	CC	B9	E5	C7	9E	0B	E6	C7	2C	9C	E7	C7	D7	34	E6	C7	8E	CD	34	C8	00	20	6A	41	00	20	7F	41	00	80	08	41	00	80	20	40	00	40	53	41	00	00	00	00	00	00	00	00	00	00	00	00	00	00	00	00	00	00	00	00
4.763	3D DATA	true	-	-	-	-	-117619.6	-117783.2	-118584.3	-117865.7	-185142.2	14.6	15.9	8.5	2.5	13.2	-	-	-	-	-
4.791	3D MESSAGE	48	00	FE	91	20	59	3A	8C	C0	F6	7C	3D	24	B9	E5	C7	D5	0A	E6	C7	D5	9B	E7	C7	9C	34	E6	C7	47	CD	34	C8	00	20	7F	41	00	20	8C	41	00	60	13	41	00	00	3E	40	00	00	65	41	00	00	00	00	00	00	00	00	00	00	00	00	00	00	00	00	00	00	00	00
4.791	3D DATA	true	-	-	-	-	-117618.3	-117781.7	-118583.7	-117865.2	-185141.1	15.9	17.5	9.2	3.0	14.3	-	-	-	-	-
4.791	3D MESSAGE	48	00	FF	91	20	59	3B	8C	C0	F6	7C	3D	6D	B8	E5	C7	F6	09	E6	C7	5E	9B	E7	C7	49	34	E6	C7	F6	CC	34	C8	00	00	8B	41	00	10	9A	41	00	40	22	41	00	80	67	40	00	40	79	41	00	00	00	00	00	00	00	00	00	00	00	00	00	00	00	00	00	00	00	00
4.791	3D DATA	true	-	-	-	-	-117616.9	-117779.9	-118582.7	-117864.6	-185139.8	17.4	19.3	10.1	3.6	15.6	-	-	-	-	-
4.792	3D MESSAGE	48	00	00	91	20	59	3C	8C	C0	F6	7C	3D	B3	B7	E5	C7	0A	09	E6	C7	D0	9A	E7	C7	E5	33	E6	C7	A2	CC	34	C8	00	A0	96	41	00	D0	A8	41	00	00	34	41	00	C0	8C	40	00	20	87	41	00	00	00	00	00	00	00	00	00	00	00	00	00	00	00	00	00	00	00	00
4.792	3D DATA	true	-	-	-	-	-117615.4	-117778.1	-118581.6	-117863.8	-185138.5	18.8	21.1	11.2	4.4	16.9	-	-	-	-	-
4.792	3D MESSAGE	48	00	01	91	20	59	3D	8C	C0	F6	7C	3D	03	B7	E5	C7	17	08	E6	C7	33	9A	E7	C7	79	33	E6	C7	4E	CC	34	C8	00	A0	A1	41	00	00	B8	41	00	A0	47	41	00	C0	A7	40	00	A0	91	41	00	00	00	00	00	00	00	00	00	00	00	00	00	00	00	00	00	00	00	00
4.792	3D DATA	true	-	-	-	-	-117614.0	-117776.2	-118580.4	-117862.9	-185137.2	20.2	23.0	12.5	5.2	18.2	-	-	-	-	-
4.793	3D MESSAGE	48	00	02	91	20	59	3E	8C	C0	F6	7C	3D	64	B6	E5	C7	25	07	E6	C7	93	99	E7	C7	11	33	E6	C7	FE	CB	34	C8	00	90	AB	41	00	20	C7	41	00	A0	5B	41	00	C0	C1	40	00	A0	9B	41	00	00	00	00	00	00	00	00	00	00	00	00	00	00	00	00	00	00	00	00
4.793	3D DATA	true	-	-	-	-	-117612.8	-117774.3	-118579.1	-117862.1	-185136.0	21.4	24.9	13.7	6.1	19.5	-	-	-	-	-
4.793	3D MESSAGE	48	00	03	91	20	59	3F	8C	C0	F6	7C	3D	D9	B5	E5	C7	37	06	E6	C7	F8	98	E7	C7	B5	32	E6	C7	B4	CB	34	C8	00	40	B4	41	00	00	D6	41	00	00	6F	41	00	C0	D8	40	00	E0	A4	41	00	00	00	00	00	00	00	00	00	00	00	00	00	00	00	00	00	00	00	00
4.793	3D DATA	true	-	-	-	-	-117611.7	-117772.4	-118577.9	-117861.4	-185134.8	22.5	26.8	14.9	6.8	20.6	-	-	-	-	-
4.826	3D MESSAGE	48	00	04	91	20	59	40	8C	C0	F6	7C	3D	5E	B5	E5	C7	52	05	E6	C7	6A	98	E7	C7	6E	32	E6	C7	70	CB	34	C8	00	F0	BB	41	00	50	E4	41	00	60	80	41	00	80	EA	40	00	60	AD	41	00	00	00	00	00	00	00	00	00	00	00	00	00	00	00	00	00	00	00	00
4.826	3D DATA	true	-	-	-	-	-117610.7	-117770.6	-118576.8	-117860.9	-185133.8	23.5	28.5	16.0	7.3	21.7	-	-	-	-	-
4.826	3D MESSAGE	48	00	05	91	20	59	41	8C	C0	F6	7C	3D	EE	B4	E5	C7	76	04	E6	C7	EC	97	E7	C7	3F	32	E6	C7	31	CB	34	C8	00	F0	C2	41	00	10	F2	41	00	40	88	41	00	40	F6	40	00	40	B5	41	00	00	00	00	00	00	00	00	00	00	00	00	00	00	00	00	00	00	00	00
4.826	3D DATA	true	-	-	-	-	-117609.9	-117768.9	-118575.8	-117860.5	-185132.8	24.4	30.3	17.0	7.7	22.7	-	-	-	-	-
4.827	3D MESSAGE	48	00	06	91	20	59	42	8C	C0	F6	7C	3D	7C	B4	E5	C7	9C	03	E6	C7	7E	97	E7	C7	23	32	E6	C7	F3	CA	34	C8	00	10	CA	41	00	B0	FF	41	00	20	8F	41	00	40	FD	40	00	00	BD	41	00	00	00	00	00	00	00	00	00	00	00	00	00	00	00	00	00	00	00	00
4.827	3D DATA	true	-	-	-	-	-117609.0	-117767.2	-118575.0	-117860.3	-185131.8	25.3	32.0	17.9	7.9	23.6	-	-	-	-	-
4.827	3D MESSAGE	48	00	07	91	20	59	43	8C	C0	F6	7C	3D	FE	B3	E5	C7	BA	02	E6	C7	1A	97	E7	C7	10	32	E6	C7	B1	CA	34	C8	00	F0	D1	41	00	E8	06	42	00	60	95	41	00	00	01	41	00	40	C5	41	00	00	00	00	00	00	00	00	00	00	00	00	00	00	00	00	00	00	00	00
4.827	3D DATA	true	-	-	-	-	-117608.0	-117765.5	-118574.2	-117860.1	-185130.8	26.2	33.7	18.7	8.1	24.7	-	-	-	-	-
4.827	3D MESSAGE	48	00	08	91	20	59	44	8C	C0	F6	7C	3D	65	B3	E5	C7	C2	01	E6	C7	B5	96	E7	C7	FB	31	E6	C7	64	CA	34	C8	00	80	DB	41	00	A8	0E	42	00	B0	9B	41	00	A0	03	41	00	E0	CE	41	00	00	00	00	00	00	00	00	00	00	00	00	00	00	00	00	00	00	00	00
4.827	3D DATA	true	-	-	-	-	-117606.8	-117763.5	-118573.4	-117860.0	-185129.6	27.4	35.7	19.5	8.2	25.9	-	-	-	-	-
4.828	3D MESSAGE	48	00	09	91	20	59	45	8C	C0	F6	7C	3D	A8	B2	E5	C7	A2	00	E6	C7	45	96	E7	C7	D4	31	E6	C7	06	CA	34	C8	00	50	E7	41	00	A8	17	42	00	B0	A2	41	00	80	08	41	00	A0	DA	41	00	00	00	00	00	00	00	00	00	00	00	00	00	00	00	00	00	00	00	00
4.828	3D DATA	true	-	-	-	-	-117605.3	-117761.3	-118572.5	-117859.7	-185128.1	28.9	37.9	20.3	8.5	27.3	-	-	-	-	-
4.828	3D MESSAGE	48	00	0A	91	20	59	46	8C	C0	F6	7C	3D	BD	B1	E5	C7	4F	FF	E5	C7	C0	95	E7	C7	90	31	E6	C7	92	C9	34	C8	00	00	F6	41	00	40	22	42	00	00	AB	41	00	00	11	41	00	20	E9	41	00	00	00	00	00	00	00	00	00	00	00	00	00	00	00	00	00	00	00	00
4.828	3D DATA	true	-	-	-	-	-117603.5	-117758.6	-118571.5	-117859.1	-185126.3	30.8	40.6	21.4	9.1	29.1	-	-	-	-	-
4.857	3D MESSAGE	48	00	0B	91	20	59	47	8C	C0	F6	7C	3D	A4	B0	E5	C7	C5	FD	E5	C7	1F	95	E7	C7	2A	31	E6	C7	08	C9	34	C8	00	C8	03	42	00	90	2E	42	00	10	B5	41	00	C0	1D	41	00	60	FA	41	00	00	00	00	00	00	00	00	00	00	00	00	00	00	00	00	00	00	00	00
4.857	3D DATA	true	-	-	-	-	-117601.3	-117755.5	-118570.2	-117858.3	-185124.1	32.9	43.6	22.6	9.9	31.3	-	-	-	-	-
4.857	3D MESSAGE	48	00	0C	91	20	59	48	8C	C0	F6	7C	3D	61	AF	E5	C7	0A	FC	E5	C7	63	94	E7	C7	A6	30	E6	C7	6A	C8	34	C8	00	E0	0D	42	00	68	3C	42	00	D0	C0	41	00	40	2E	41	00	10	07	42	00	00	00	00	00	00	00	00	00	00	00	00	00	00	00	00	00	00	00	00
4.857	3D DATA	true	-	-	-	-	-117598.8	-117752.1	-118568.8	-117857.3	-185121.7	35.5	47.1	24.1	10.9	33.8	-	-	-	-	-
4.858	3D MESSAGE	48	00	0D	91	20	59	49	8C	C0	F6	7C	3D	00	AE	E5	C7	2A	FA	E5	C7	90	93	E7	C7	10	30	E6	C7	BD	C7	34	C8	00	E8	18	42	00	68	4B	42	00	00	CE	41	00	00	41	41	00	E0	11	42	00	00	00	00	00	00	00	00	00	00	00	00	00	00	00	00	00	00	00	00
4.858	3D DATA	true	-	-	-	-	-117596.0	-117748.3	-118567.1	-117856.1	-185119.0	38.2	50.9	25.8	12.1	36.5	-	-	-	-	-
4.858	3D MESSAGE	48	00	0E	91	20	59	4A	8C	C0	F6	7C	3D	90	AC	E5	C7	37	F8	E5	C7	AF	92	E7	C7	77	2F	E6	C7	0C	C7	34	C8	00	68	24	42	00	00	5B	42	00	10	DC	41	00	20	54	41	00	F0	1C	42	00	00	00	00	00	00	00	00	00	00	00	00	00	00	00	00	00	00	00	00
4.858	3D DATA	true	-	-	-	-	-117593.1	-117744.4	-118565.4	-117854.9	-185116.2	41.1	54.8	27.5	13.3	39.2	-	-	-	-	-
4.858	3D MESSAGE	48	00	0F	91	20	59	4B	8C	C0	F6	7C	3D	1C	AB	E5	C7	41	F6	E5	C7	C9	91	E7	C7	E8	2E	E6	C7	5B	C6	34	C8	00	08	30	42	00	B0	6A	42	00	70	EA	41	00	00	66	41	00	00	28	42	00	00	00	00	00	00	00	00	00	00	00	00	00	00	00	00	00	00	00	00
4.858	3D DATA	true	-	-	-	-	-117590.2	-117740.5	-118563.6	-117853.8	-185113.4	44.0	58.7	29.3	14.4	42.0	-	-	-	-	-
4.859	3D MESSAGE	48	00	10	91	20	59	4C	8C	C0	F6	7C	3D	AF	A9	E5	C7	53	F4	E5	C7	E8	90	E7	C7	6E	2E	E6	C7	B0	C5	34	C8	00	70	3B	42	00	20	7A	42	00	80	F8	41	00	40	75	41	00	B0	32	42	00	00	00	00	00	00	00	00	00	00	00	00	00	00	00	00	00	00	00	00
4.859	3D DATA	true	-	-	-	-	-117587.4	-117736.6	-118561.8	-117852.9	-185110.8	46.9	62.5	31.1	15.3	44.7	-	-	-	-	-
4.886	3D MESSAGE	48	00	11	91	20	59	4D	8C	C0	F6	7C	3D	48	A8	E5	C7	6E	F2	E5	C7	0F	90	E7	C7	0A	2E	E6	C7	0B	C5	34	C8	00	A8	46	42	00	A4	84	42	00	08	03	42	00	E0	80	41	00	00	3D	42	00	00	00	00	00	00	00	00	00	00	00	00	00	00	00	00	00	00	00	00
4.886	3D DATA	true	-	-	-	-	-117584.6	-117732.9	-118560.1	-117852.1	-185108.2	49.7	66.3	32.8	16.1	47.2	-	-	-	-	-
4.886	3D MESSAGE	48	00	12	91	20	59	4E	8C	C0	F6	7C	3D	E7	A6	E5	C7	90	F0	E5	C7	3E	8F	E7	C7	B7	2D	E6	C7	6B	C4	34	C8	00	B0	51	42	00	1C	8C	42	00	90	09	42	00	10	86	41	00	00	47	42	00	00	00	00	00	00	00	00	00	00	00	00	00	00	00	00	00	00	00	00
4.886	3D DATA	true	-	-	-	-	-117581.8	-117729.1	-118558.5	-117851.4	-185105.7	52.4	70.1	34.4	16.8	49.8	-	-	-	-	-
4.887	3D MESSAGE	48	00	13	91	20	59	4F	8C	C0	F6	7C	3D	7F	A5	E5	C7	AE	EE	E5	C7	6F	8E	E7	C7	6D	2D	E6	C7	C9	C3	34	C8	00	F0	5C	42	00	A4	93	42	00	08	10	42	00	B0	8A	41	00	20	51	42	00	00	00	00	00	00	00	00	00	00	00	00	00	00	00	00	00	00	00	00
4.887	3D DATA	true	-	-	-	-	-117579.0	-117725.4	-118556.9	-117850.9	-185103.1	55.2	73.8	36.0	17.3	52.3	-	-	-	-	-
4.887	3D MESSAGE	48	00	14	91	20	59	50	8C	C0	F6	7C	3D	08	A4	E5	C7	BA	EC	E5	C7	9A	8D	E7	C7	20	2D	E6	C7	1E	C3	34	C8	00	A8	68	42	00	74	9B	42	00	B0	16	42	00	80	8F	41	00	D0	5B	42	00	00	00	00	00	00	00	00	00	00	00	00	00	00	00	00	00	00	00	00
4.887	3D DATA	true	-	-	-	-	-117576.1	-117721.5	-118555.2	-117850.2	-185100.5	58.2	77.7	37.7	17.9	55.0	-	-	-	-	-
4.888	3D MESSAGE	48	00	15	91	20	59	51	8C	C0	F6	7C	3D	74	A2	E5	C7	A6	EA	E5	C7	B6	8C	E7	C7	C9	2C	E6	C7	65	C2	34	C8	00	48	75	42	00	C4	A3	42	00	D0	1D	42	00	F0	94	41	00	60	67	42	00	00	00	00	00	00	00	00	00	00	00	00	00	00	00	00	00	00	00	00
4.888	3D DATA	true	-	-	-	-	-117572.9	-117717.3	-118553.4	-117849.6	-185097.6	61.3	81.9	39.5	18.6	57.8	-	-	-	-	-
4.888	3D MESSAGE	48	00	16	91	20	59	52	8C	C0	F6	7C	3D	BD	A0	E5	C7	68	E8	E5	C7	B8	8B	E7	C7	60	2C	E6	C7	98	C1	34	C8	00	80	81	42	00	BC	AC	42	00	C0	25	42	00	80	9B	41	00	30	74	42	00	00	00	00	00	00	00	00	00	00	00	00	00	00	00	00	00	00	00	00
4.888	3D DATA	true	-	-	-	-	-117569.5	-117712.8	-118551.4	-117848.8	-185094.4	64.8	86.4	41.4	19.4	61.0	-	-	-	-	-
4.916	3D MESSAGE	48	00	17	91	20	59	53	8C	C0	F6	7C	3D	DA	9E	E5	C7	F2	E5	E5	C7	99	8A	E7	C7	E1	2B	E6	C7	B3	C0	34	C8	00	0C	89	42	00	94	B6	42	00	B8	2E	42	00	70	A3	41	00	40	81	42	00	00	00	00	00	00	00	00	00	00	00	00	00	00	00	00	00	00	00	00
4.916	3D DATA	true	-	-	-	-	-117565.7	-117707.9	-118549.2	-117847.8	-185090.8	68.5	91.3	43.7	20.4	64.6	-	-	-	-	-
4.916	3D MESSAGE	48	00	18	91	20	59	54	8C	C0	F6	7C	3D	C8	9C	E5	C7	38	E3	E5	C7	55	89	E7	C7	4A	2B	E6	C7	B1	BF	34	C8	00	54	91	42	00	7C	C1	42	00	D8	38	42	00	E0	AC	41	00	50	89	42	00	00	00	00	00	00	00	00	00	00	00	00	00	00	00	00	00	00	00	00
4.916	3D DATA	true	-	-	-	-	-117561.6	-117702.4	-118546.7	-117846.6	-185086.8	72.7	96.7	46.2	21.6	68.7	-	-	-	-	-
4.917	3D MESSAGE	48	00	19	91	20	59	55	8C	C0	F6	7C	3D	82	9A	E5	C7	32	E0	E5	C7	E9	87	E7	C7	9A	2A	E6	C7	93	BE	34	C8	00	6C	9A	42	00	94	CD	42	00	38	44	42	00	E0	B7	41	00	40	92	42	00	00	00	00	00	00	00	00	00	00	00	00	00	00	00	00	00	00	00	00
4.917	3D DATA	true	-	-	-	-	-117557.0	-117696.4	-118543.8	-117845.2	-185082.3	77.2	102.8	49.1	23.0	73.1	-	-	-	-	-
4.917	3D MESSAGE	48	00	1A	91	20	59	56	8C	C0	F6	7C	3D	08	98	E5	C7	DC	DC	E5	C7	57	86	E7	C7	D2	29	E6	C7	57	BD	34	C8	00	54	A4	42	00	EC	DA	42	00	C8	50	42	00	60	C4	41	00	20	9C	42	00	00	00	00	00	00	00	00	00	00	00	00	00	00	00	00	00	00	00	00
4.917	3D DATA	true	-	-	-	-	-117552.1	-117689.7	-118540.7	-117843.6	-185077.4	82.2	109.5	52.2	24.5	78.1	-	-	-	-	-
4.917	3D MESSAGE	4E	00	1B	91	30	59	57	8D	00	00	AA	2F	F2	A9	C0	F6	7C	3D	5C	95	E5	C7	39	D9	E5	C7	A4	84	E7	C7	F6	28	E6	C7	02	BC	34	C8	00	04	AF	42	00	78	E9	42	00	60	5E	42	00	20	D2	41	00	C8	A6	42	00	00	00	00	00	00	00	00	00	00	00	00	00	00	00	00	00	00	00	00
4.917	3D DATA	true	-	0	12202	43506	-117546.7	-117682.4	-118537.3	-117841.9	-185072.0	87.5	116.7	55.6	26.3	83.4	-	-	-	-	-
4.918	3D MESSAGE	4E	00	1C	91	30	59	58	8D	00	00	51	34	23	A3	C0	F6	7C	3D	84	92	E5	C7	54	D5	E5	C7	D6	82	E7	C7	0A	28	E6	C7	97	BA	34	C8	00	64	BA	42	00	0C	F9	42	00	D0	6C	42	00	E0	E0	41	00	20	B2	42	00	00	00	00	00	00	00	00	00	00	00	00	00	00	00	00	00	00	00	00
4.918	3D DATA	true	-	0	13393	41763	-117541.0	-117674.7	-118533.7	-117840.1	-185066.4	93.2	124.5	59.2	28.1	89.1	-	-	-	-	-
4.951	3D MESSAGE	4E	00	1D	91	30	59	59	8D	00	00	F2	38	54	9C	50	D8	9C	3F	89	8F	E5	C7	3D	D1	E5	C7	F2	80	E7	C7	16	27	E6	C7	1C	B9	34	C8	00	50	C6	42	00	B4	04	43	00	F0	7B	42	00	20	F0	41	00	F8	BD	42	00	00	00	00	00	00	00	00	00	00	00	00	00	00	00	00	00	00	00	00
4.951	3D DATA	true	-	0	14578	40020	-117535.1	-117666.5	-118529.9	-117838.2	-185060.4	99.2	132.7	63.0	30.0	95.0	-	-	-	-	-
4.952	3D MESSAGE	4E	00	1E	91	30	59	5A	8D	00	00	94	3D	BD	95	50	D8	9C	3F	72	8C	E5	C7	04	CD	E5	C7	FA	7E	E7	C7	1E	26	E6	C7	93	B7	34	C8	00	AC	D2	42	00	26	0D	43	00	D8	85	42	00	A0	FF	41	00	40	CA	42	00	00	00	00	00	00	00	00	00	00	00	00	00	00	00	00	00	00	00	00
4.952	3D DATA	true	-	0	15764	38333	-117528.9	-117658.0	-118526.0	-117836.2	-185054.3	105.3	141.1	66.9	32.0	101.1	-	-	-	-	-
4.952	3D MESSAGE	4E	00	1F	91	30	59	5B	8D	00	00	3B	42	7E	8F	50	D8	9C	3F	47	89	E5	C7	B2	C8	E5	C7	ED	7C	E7	C7	26	25	E6	C7	FB	B5	34	C8	00	58	DF	42	00	CA	15	43	00	0C	8E	42	00	90	07	42	00	00	D7	42	00	00	00	00	00	00	00	00	00	00	00	00	00	00	00	00	00	00	00	00
4.952	3D DATA	true	-	0	16955	36734	-117522.6	-117649.4	-118521.9	-117834.3	-185047.9	111.7	149.8	71.0	33.9	107.5	-	-	-	-	-
4.952	3D MESSAGE	4E	00	20	91	30	59	5C	8D	00	00	EC	46	8E	89	50	D8	9C	3F	0C	86	E5	C7	4A	C4	E5	C7	C8	7A	E7	C7	2C	24	E6	C7	52	B4	34	C8	00	44	EC	42	00	9A	1E	43	00	A0	96	42	00	60	0F	42	00	48	E4	42	00	00	00	00	00	00	00	00	00	00	00	00	00	00	00	00	00	00	00	00
4.952	3D DATA	true	-	0	18156	35214	-117516.1	-117640.6	-118517.6	-117832.3	-185041.3	118.1	158.6	75.3	35.8	114.1	-	-	-	-	-
4.953	3D MESSAGE	4E	00	21	91	30	59	5D	8D	00	00	AB	4B	D6	83	50	D8	9C	3F	BF	82	E5	C7	C7	BF	E5	C7	84	78	E7	C7	2C	23	E6	C7	92	B2	34	C8	00	78	F9	42	00	A0	27	43	00	B0	9F	42	00	60	17	42	00	48	F2	42	00	00	00	00	00	00	00	00	00	00	00	00	00	00	00	00	00	00	00	00
4.953	3D DATA	true	-	0	19371	33750	-117509.5	-117631.6	-118513.0	-117830.3	-185034.3	124.7	167.6	79.8	37.8	121.1	-	-	-	-	-
4.953	3D MESSAGE	4E	00	22	91	30	59	5E	8D	00	00	81	50	3E	7E	50	D8	9C	3F	5C	7F	E5	C7	1C	BB	E5	C7	18	76	E7	C7	20	22	E6	C7	B6	B0	34	C8	00	82	03	43	00	F6	30	43	00	60	A9	42	00	C0	1F	42	00	94	00	43	00	00	00	00	00	00	00	00	00	00	00	00	00	00	00	00	00	00	00	00
4.953	3D DATA	true	-	0	20609	32318	-117502.7	-117622.2	-118508.2	-117828.2	-185026.8	131.5	177.0	84.7	39.9	128.6	-	-	-	-	-
4.953	3D MESSAGE	4E	00	23	91	30	59	5F	8D	00	00	73	55	B7	78	50	D8	9C	3F	D8	7B	E5	C7	3B	B6	E5	C7	81	73	E7	C7	04	21	E6	C7	B9	AE	34	C8	00	8A	0A	43	00	B8	3A	43	00	BC	B3	42	00	A0	28	42	00	88	08	43	00	00	00	00	00	00	00	00	00	00	00	00	00	00	00	00	00	00	00	00
4.953	3D DATA	true	-	0	21875	30903	-117495.7	-117612.5	-118503.0	-117826.0	-185018.9	138.5	186.7	89.9	42.2	136.5	-	-	-	-	-
4.978	3D MESSAGE	4E	00	24	91	30	59	60	8D	00	00	85	5A	3B	73	50	D8	9C	3F	2A	78	E5	C7	1A	B1	E5	C7	BA	70	E7	C7	D2	1F	E6	C7	9A	AC	34	C8	00	E6	11	43	00	FA	44	43	00	D8	BE	42	00	30	32	42	00	04	11	43	00	00	00	00	00	00	00	00	00	00	00	00	00	00	00	00	00	00	00	00
4.978	3D DATA	true	-	0	23173	29499	-117488.3	-117602.2	-118497.5	-117823.6	-185010.4	145.9	197.0	95.4	44.5	145.0	-	-	-	-	-
4.979	3D MESSAGE	4E	00	25	91	30	59	61	8D	00	00	B7	5F	CC	6D	50	D8	9C	3F	4C	74	E5	C7	B7	AB	E5	C7	C2	6D	E7	C7	8C	1E	E6	C7	5C	AA	34	C8	00	A2	19	43	00	C0	4F	43	00	B8	CA	42	00	60	3C	42	00	FC	19	43	00	00	00	00	00	00	00	00	00	00	00	00	00	00	00	00	00	00	00	00
4.979	3D DATA	true	-	0	24503	28108	-117480.6	-117591.4	-118491.5	-117821.1	-185001.4	153.6	207.8	101.4	47.1	154.0	-	-	-	-	-
4.979	3D MESSAGE	52	00	26	91	32	59	62	8D	00	00	00	08	00	00	02	65	71	68	50	D8	9C	3F	36	70	E5	C7	15	A6	E5	C7	9A	6A	E7	C7	31	1D	E6	C7	FF	A7	34	C8	00	CE	21	43	00	04	5B	43	00	58	D7	42	00	38	47	42	00	70	23	43	00	00	00	00	00	00	00	00	00	00	00	00	00	00	00	00	00	00	00	00
4.979	3D DATA	true	-	0	25858	26737	-117472.4	-117580.2	-118485.2	-117818.4	-184992.0	161.8	219.0	107.7	49.8	163.4	-	-	-	-	-
4.979	3D MESSAGE	4E	00	27	91	30	59	63	8D	00	00	59	6A	35	63	50	D8	9C	3F	E9	6B	E5	C7	3E	A0	E5	C7	46	67	E7	C7	C4	1B	E6	C7	88	A5	34	C8	00	68	2A	43	00	B2	66	43	00	A8	E4	42	00	A0	52	42	00	4C	2D	43	00	00	00	00	00	00	00	00	00	00	00	00	00	00	00	00	00	00	00	00
4.979	3D DATA	true	-	0	27225	25397	-117463.8	-117568.5	-118478.5	-117815.5	-184982.1	170.4	230.7	114.3	52.7	173.3	-	-	-	-	-
4.980	3D MESSAGE	4E	00	28	91	30	59	64	8D	00	00	A9	6F	1E	5E	50	D8	9C	3F	66	67	E5	C7	3C	9A	E5	C7	C6	63	E7	C7	46	1A	E6	C7	F9	A2	34	C8	00	6E	33	43	00	B6	72	43	00	A8	F2	42	00	90	5E	42	00	88	37	43	00	00	00	00	00	00	00	00	00	00	00	00	00	00	00	00	00	00	00	00
4.980	3D DATA	true	-	0	28585	24094	-117454.8	-117556.5	-118471.5	-117812.5	-184971.9	179.4	242.7	121.3	55.6	183.5	-	-	-	-	-
4.980	3D MESSAGE	4E	00	29	91	30	59	65	8D	00	00	DD	74	32	59	50	D8	9C	3F	B2	62	E5	C7	1B	94	E5	C7	18	60	E7	C7	B6	18	E6	C7	4E	A0	34	C8	00	D6	3C	43	00	F8	7E	43	00	B0	00	43	00	10	6B	42	00	34	42	43	00	00	00	00	00	00	00	00	00	00	00	00	00	00	00	00	00	00	00	00
4.980	3D DATA	true	-	0	29917	22834	-117445.4	-117544.2	-118464.2	-117809.4	-184961.2	188.8	255.0	128.7	58.8	194.2	-	-	-	-	-
5.011	3D MESSAGE	4E	00	2A	91	30	59	66	8D	00	00	E3	79	74	54	50	D8	9C	3F	D5	5D	E5	C7	E6	8D	E5	C7	3C	5C	E7	C7	15	17	E6	C7	85	9D	34	C8	00	90	46	43	00	B1	85	43	00	68	08	43	00	18	78	42	00	58	4D	43	00	00	00	00	00	00	00	00	00	00	00	00	00	00	00	00	00	00	00	00
5.011	3D DATA	true	-	0	31203	21620	-117435.7	-117531.8	-118456.5	-117806.2	-184950.1	198.6	267.4	136.4	62.0	205.3	-	-	-	-	-
5.011	3D MESSAGE	4E	00	2B	91	30	59	67	8D	00	00	AA	7E	E8	4F	50	D8	9C	3F	D6	58	E5	C7	A5	87	E5	C7	2E	58	E7	C7	67	15	E6	C7	9A	9A	34	C8	00	8E	50	43	00	F2	8B	43	00	84	10	43	00	C4	82	42	00	04	59	43	00	00	00	00	00	00	00	00	00	00	00	00	00	00	00	00	00	00	00	00
5.011	3D DATA	true	-	0	32426	20456	-117425.7	-117519.3	-118448.4	-117802.8	-184938.4	208.6	279.9	144.5	65.4	217.0	-	-	-	-	-
5.012	3D MESSAGE	4E	00	2C	91	30	59	68	8D	16	00	29	83	8E	4B	50	D8	9C	3F	BF	53	E5	C7	61	81	E5	C7	EC	53	E7	C7	AE	13	E6	C7	88	97	34	C8	00	BC	5A	43	00	36	92	43	00	08	19	43	00	A8	89	42	00	4C	65	43	00	00	00	00	00	00	00	00	00	00	00	00	00	00	00	00	00	00	00	00
5.012	3D DATA	true	-	22	33577	19342	-117415.5	-117506.8	-118439.8	-117799.4	-184926.1	218.7	292.4	153.0	68.8	229.3	-	-	-	-	-
5.012	3D MESSAGE	4E	00	2D	91	30	59	69	8D	46	01	5B	87	6B	47	50	D8	9C	3F	98	4E	E5	C7	25	7B	E5	C7	76	4F	E7	C7	F5	11	E6	C7	4E	94	34	C8	00	0A	65	43	00	72	98	43	00	F4	21	43	00	8C	90	42	00	34	72	43	00	00	00	00	00	00	00	00	00	00	00	00	00	00	00	00	00	00	00	00
5.012	3D DATA	true	-	326	34651	18283	-117405.2	-117494.3	-118430.9	-117795.9	-184913.2	229.0	304.9	162.0	72.3	242.2	-	-	-	-	-
5.013	3D MESSAGE	4E	00	2E	91	30	59	6A	8D	50	03	47	8B	80	43	50	D8	9C	3F	6C	49	E5	C7	F9	74	E5	C7	CB	4A	E7	C7	41	10	E6	C7	EE	90	34	C8	00	62	6F	43	00	9E	9E	43	00	4A	2B	43	00	5C	97	42	00	B4	7F	43	00	00	00	00	00	00	00	00	00	00	00	00	00	00	00	00	00	00	00	00
5.013	3D DATA	true	-	848	35655	17280	-117394.8	-117481.9	-118421.6	-117792.5	-184899.7	239.4	317.2	171.3	75.7	255.7	-	-	-	-	-
5.013	3D MESSAGE	4E	00	2F	91	30	59	6B	8D	F7	05	FA	8E	CD	3F	50	D8	9C	3F	3E	44	E5	C7	E8	6E	E5	C7	EB	45	E7	C7	96	0E	E6	C7	69	8D	34	C8	00	BE	79	43	00	AF	A4	43	00	0A	35	43	00	08	9E	42	00	E4	86	43	00	00	00	00	00	00	00	00	00	00	00	00	00	00	00	00	00	00	00	00
5.013	3D DATA	true	-	1527	36602	16333	-117384.5	-117469.8	-118411.8	-117789.2	-184885.6	249.7	329.4	181.0	79.0	269.8	-	-	-	-	-
5.042	3D MESSAGE	4E	00	30	91	30	59	6C	8D	0D	09	81	92	4C	3C	50	D8	9C	3F	11	3F	E5	C7	F6	68	E5	C7	D2	40	E7	C7	F0	0C	E6	C7	C1	89	34	C8	00	0C	82	43	00	A1	AA	43	00	3C	3F	43	00	A0	A4	42	00	34	8E	43	00	00	00	00	00	00	00	00	00	00	00	00	00	00	00	00	00	00	00	00
5.042	3D DATA	true	-	2317	37505	15436	-117374.1	-117457.9	-118401.6	-117785.9	-184871.0	260.1	341.3	191.2	82.3	284.4	-	-	-	-	-
5.043	3D MESSAGE	4E	00	31	91	30	59	6D	8D	73	0C	E2	95	F5	38	50	D8	9C	3F	E2	39	E5	C7	2A	63	E5	C7	79	3B	E7	C7	42	0B	E6	C7	F7	85	34	C8	00	3B	87	43	00	6D	B0	43	00	EE	49	43	00	58	AB	42	00	C8	95	43	00	00	00	00	00	00	00	00	00	00	00	00	00	00	00	00	00	00	00	00
5.043	3D DATA	true	-	3187	38370	14581	-117363.8	-117446.3	-118390.9	-117782.5	-184855.9	270.5	352.9	201.9	85.7	299.6	-	-	-	-	-
5.043	3D MESSAGE	4E	00	32	91	30	59	6E	8D	18	10	21	99	C0	35	50	D8	9C	3F	AA	34	E5	C7	87	5D	E5	C7	D4	35	E7	C7	7A	09	E6	C7	07	82	34	C8	00	73	8C	43	00	10	B6	43	00	38	55	43	00	78	B2	42	00	A8	9D	43	00	00	00	00	00	00	00	00	00	00	00	00	00	00	00	00	00	00	00	00
5.043	3D DATA	true	-	4120	39201	13760	-117353.3	-117435.1	-118379.7	-117779.0	-184840.1	280.9	364.1	213.2	89.2	315.3	-	-	-	-	-
5.043	3D MESSAGE	4E	00	33	91	30	59	6F	8D	FC	13	3E	9C	A2	32	50	D8	9C	3F	62	2F	E5	C7	14	58	E5	C7	D7	2F	E7	C7	84	07	E6	C7	EF	7D	34	C8	00	BB	91	43	00	83	BB	43	00	32	61	43	00	50	BA	42	00	D8	A5	43	00	00	00	00	00	00	00	00	00	00	00	00	00	00	00	00	00	00	00	00
5.043	3D DATA	true	-	5116	39998	12962	-117342.8	-117424.2	-118367.7	-117775.0	-184823.7	291.5	375.0	225.2	93.2	331.7	-	-	-	-	-
5.044	3D MESSAGE	4E	00	34	91	30	59	70	8D	28	18	3A	9F	99	2F	50	D8	9C	3F	03	2A	E5	C7	DA	52	E5	C7	78	29	E7	C7	4E	05	E6	C7	AB	79	34	C8	00	1A	97	43	00	BD	C0	43	00	F0	6D	43	00	28	C3	42	00	60	AE	43	00	00	00	00	00	00	00	00	00	00	00	00	00	00	00	00	00	00	00	00
5.044	3D DATA	true	-	6184	40762	12185	-117332.0	-117413.7	-118354.9	-117770.6	-184806.7	302.2	385.5	237.9	97.6	348.8	-	-	-	-	-
5.044	3D MESSAGE	4E	00	35	91	30	59	71	8D	A9	1C	16	A2	A6	2C	50	D8	9C	3F	90	24	E5	C7	ED	4D	E5	C7	B4	22	E7	C7	D4	02	E6	C7	3B	75	34	C8	00	8D	9C	43	00	AA	C5	43	00	78	7B	43	00	10	CD	42	00	40	B7	43	00	00	00	00	00	00	00	00	00	00	00	00	00	00	00	00	00	00	00	00
5.044	3D DATA	true	-	7337	41494	11430	-117321.1	-117403.9	-118341.4	-117765.7	-184788.9	313.1	395.3	251.5	102.5	366.5	-	-	-	-	-
5.073	3D MESSAGE	4E	00	36	91	30	59	72	8D	86	21	D0	A4	CF	29	50	D8	9C	3F	14	1F	E5	C7	65	49	E5	C7	90	1B	E7	C7	1A	00	E6	C7	A4	70	34	C8	00	09	A2	43	00	32	CA	43	00	E0	84	43	00	F8	D7	42	00	6E	C0	43	00	00	00	00	00	00	00	00	00	00	00	00	00	00	00	00	00	00	00	00
5.073	3D DATA	true	-	8582	42192	10703	-117310.2	-117394.8	-118327.1	-117760.2	-184770.6	324.1	404.4	265.8	108.0	384.9	-	-	-	-	-
5.074	3D MESSAGE	4E	00	37	91	30	59	73	8D	BE	26	65	A7	1F	27	50	D8	9C	3F	9D	19	E5	C7	63	45	E5	C7	17	14	E7	C7	2C	FD	E5	C7	EC	6B	34	C8	00	80	A7	43	00	34	CE	43	00	59	8C	43	00	B0	E3	42	00	DE	C9	43	00	00	00	00	00	00	00	00	00	00	00	00	00	00	00	00	00	00	00	00
5.074	3D DATA	true	-	9918	42853	10015	-117299.2	-117386.8	-118312.2	-117754.3	-184751.7	335.0	412.4	280.7	113.8	403.7	-	-	-	-	-
5.074	3D MESSAGE	4E	00	38	91	30	59	74	8D	3D	2C	D1	A9	9F	24	50	D8	9C	3F	42	14	E5	C7	09	42	E5	C7	57	0C	E7	C7	1B	FA	E5	C7	1B	67	34	C8	00	DB	AC	43	00	8E	D1	43	00	19	94	43	00	F4	EF	42	00	80	D3	43	00	00	00	00	00	00	00	00	00	00	00	00	00	00	00	00	00	00	00	00
5.074	3D DATA	true	-	11325	43473	9375	-117288.5	-117380.1	-118296.7	-117748.2	-184732.4	345.7	419.1	296.2	120.0	423.0	-	-	-	-	-
5.075	3D MESSAGE	4E	00	39	91	30	59	75	8D	E1	31	0C	AC	55	22	50	D8	9C	3F	16	0F	E5	C7	78	3F	E5	C7	5C	04	E7	C7	F5	F6	E5	C7	3B	62	34	C8	00	07	B2	43	00	1F	D4	43	00	14	9C	43	00	8C	FC	42	00	40	DD	43	00	00	00	00	00	00	00	00	00	00	00	00	00	00	00	00	00	00	00	00
5.075	3D DATA	true	-	12769	44044	8789	-117278.2	-117374.9	-118280.7	-117741.9	-184712.9	356.1	424.2	312.2	126.3	442.5	-	-	-	-	-
5.075	3D MESSAGE	4E	00	3A	91	30	59	76	8D	79	37	12	AE	43	20	50	D8	9C	3F	2A	0A	E5	C7	CA	3D	E5	C7	2B	FC	E6	C7	C5	F3	E5	C7	50	5D	34	C8	00	F3	B6	43	00	CD	D5	43	00	45	A4	43	00	A6	04	43	00	16	E7	43	00	00	00	00	00	00	00	00	00	00	00	00	00	00	00	00	00	00	00	00
5.075	3D DATA	true	-	14201	44562	8259	-117268.3	-117371.6	-118264.3	-117735.5	-184693.2	365.9	427.6	328.5	132.6	462.2	-	-	-	-	-
5.075	3D MESSAGE	4E	00	3B	91	30	59	77	8D	D9	3C	E3	AF	67	1E	50	D8	9C	3F	86	05	E5	C7	0E	3D	E5	C7	C2	F3	E6	C7	8D	F0	E5	C7	5F	58	34	C8	00	97	BB	43	00	89	D6	43	00	AE	AC	43	00	16	0B	43	00	F8	F0	43	00	00	00	00	00	00	00	00	00	00	00	00	00	00	00	00	00	00	00	00
5.075	3D DATA	true	-	15577	45027	7783	-117259.0	-117370.1	-118247.5	-117729.1	-184673.5	375.2	429.1	345.4	139.1	481.9	-	-	-	-	-
5.076	3D MESSAGE	52	00	3C	91	32	59	78	8D	00	00	00	88	DF	41	85	B1	BD	1C	50	D8	9C	3F	28	01	E5	C7	4A	3D	E5	C7	16	EB	E6	C7	4B	ED	E5	C7	69	53	34	C8	00	F5	BF	43	00	4D	D6	43	00	5A	B5	43	00	9A	11	43	00	E4	FA	43	00	00	00	00	00	00	00	00	00	00	00	00	00	00	00	00	00	00	00	00
5.076	3D DATA	true	-	16863	45445	7357	-117250.3	-117370.6	-118230.2	-117722.6	-184653.6	383.9	428.6	362.7	145.6	501.8	-	-	-	-	-
5.106	3D MESSAGE	52	00	3D	91	32	59	79	8D	00	00	00	A8	7E	46	00	B3	3E	1B	50	D8	9C	3F	0C	FD	E4	C7	7E	3E	E5	C7	1C	E2	E6	C7	FC	E9	E5	C7	70	4E	34	C8	00	11	C4	43	00	19	D5	43	00	54	BE	43	00	38	18	43	00	6B	02	44	00	00	00	00	00	00	00	00	00	00	00	00	00	00	00	00	00	00	00	00
5.106	3D DATA	true	-	18046	45824	6974	-117242.1	-117373.0	-118212.2	-117716.0	-184633.8	392.1	426.2	380.7	152.2	521.7	-	-	-	-	-
5.106	3D MESSAGE	4E	00	3E	91	30	59	7A	8D	BC	4A	5B	B4	E3	19	50	D8	9C	3F	27	F9	E4	C7	A2	40	E5	C7	C9	D8	E6	C7	98	E6	E5	C7	74	49	34	C8	00	F6	C7	43	00	F5	D2	43	00	A7	C7	43	00	00	1F	43	00	67	07	44	00	00	00	00	00	00	00	00	00	00	00	00	00	00	00	00	00	00	00	00
5.106	3D DATA	true	-	19132	46171	6627	-117234.3	-117377.3	-118193.6	-117709.2	-184613.8	399.9	421.9	399.3	159.0	541.6	-	-	-	-	-
5.107	3D MESSAGE	4E	00	3F	91	30	59	7B	8D	A9	4E	9D	B5	A6	18	50	D8	9C	3F	6E	F5	E4	C7	A8	43	E5	C7	19	CF	E6	C7	19	E3	E5	C7	77	44	34	C8	00	AF	CB	43	00	EF	CF	43	00	57	D1	43	00	FE	25	43	00	64	0C	44	00	00	00	00	00	00	00	00	00	00	00	00	00	00	00	00	00	00	00	00
5.107	3D DATA	true	-	20137	46493	6310	-117226.9	-117383.3	-118174.2	-117702.2	-184593.9	407.4	415.9	418.7	166.0	561.6	-	-	-	-	-
5.107	3D MESSAGE	4E	00	40	91	30	59	7C	8D	5A	52	C8	B6	80	17	50	D8	9C	3F	D8	F1	E4	C7	7F	47	E5	C7	0C	C5	E6	C7	79	DF	E5	C7	7B	3F	34	C8	00	45	CF	43	00	18	CC	43	00	64	DB	43	00	3E	2D	43	00	60	11	44	00	00	00	00	00	00	00	00	00	00	00	00	00	00	00	00	00	00	00	00
5.107	3D DATA	true	-	21082	46792	6016	-117219.7	-117391.0	-118154.1	-117694.9	-184573.9	414.5	408.2	438.8	173.2	581.5	-	-	-	-	-
5.107	3D MESSAGE	4E	00	41	91	30	59	7D	8D	E3	55	E1	B7	6E	16	50	D8	9C	3F	61	EE	E4	C7	14	4C	E5	C7	AC	BA	E6	C7	B0	DB	E5	C7	84	3A	34	C8	00	BC	D2	43	00	83	C7	43	00	C4	E5	43	00	D0	34	43	00	57	16	44	00	00	00	00	00	00	00	00	00	00	00	00	00	00	00	00	00	00	00	00
5.107	3D DATA	true	-	21987	47073	5742	-117212.8	-117400.2	-118133.3	-117687.4	-184554.1	421.5	399.0	459.5	180.8	601.4	-	-	-	-	-
5.108	3D MESSAGE	4E	00	42	91	30	59	7E	8D	57	59	E8	B8	6C	15	50	D8	9C	3F	08	EB	E4	C7	52	51	E5	C7	07	B0	E6	C7	B5	D7	E5	C7	96	35	34	C8	00	15	D6	43	00	45	C2	43	00	69	F0	43	00	C6	3C	43	00	45	1B	44	00	00	00	00	00	00	00	00	00	00	00	00	00	00	00	00	00	00	00	00
5.108	3D DATA	true	-	22871	47336	5484	-117206.1	-117410.6	-118112.1	-117679.4	-184534.3	428.2	388.5	480.8	188.8	621.1	-	-	-	-	-
5.136	3D MESSAGE	4E	00	43	91	30	59	7F	8D	C5	5C	DE	B9	77	14	50	D8	9C	3F	D2	E7	E4	C7	1E	57	E5	C7	2C	A5	E6	C7	81	D3	E5	C7	B5	30	34	C8	00	4B	D9	43	00	79	BC	43	00	44	FB	43	00	2E	45	43	00	26	20	44	00	00	00	00	00	00	00	00	00	00	00	00	00	00	00	00	00	00	00	00
5.136	3D DATA	true	-	23749	47582	5239	-117199.6	-117422.2	-118090.3	-117671.0	-184514.8	434.6	376.9	502.5	197.2	640.6	-	-	-	-	-
5.136	3D MESSAGE	4E	00	44	91	30	59	80	8D	3A	60	C5	BA	8C	13	50	D8	9C	3F	C6	E4	E4	C7	5E	5D	E5	C7	2C	9A	E6	C7	0E	CF	E5	C7	E8	2B	34	C8	00	57	DC	43	00	39	B6	43	00	22	03	44	00	14	4E	43	00	F3	24	44	00	00	00	00	00	00	00	00	00	00	00	00	00	00	00	00	00	00	00	00
5.136	3D DATA	true	-	24634	47813	5004	-117193.5	-117434.7	-118068.3	-117662.1	-184495.6	440.7	364.4	524.5	206.1	659.8	-	-	-	-	-
5.137	3D MESSAGE	4E	00	45	91	30	59	81	8D	BE	63	9C	BB	A9	12	60	5D	06	41	EA	E1	E4	C7	F7	63	E5	C7	18	8F	E6	C7	57	CA	E5	C7	38	27	34	C8	00	33	DF	43	00	A0	AF	43	00	AC	08	44	00	82	57	43	00	A3	29	44	00	00	00	00	00	00	00	00	00	00	00	00	00	00	00	00	00	00	00	00
5.137	3D DATA	true	-	25534	48028	4777	-117187.8	-117447.9	-118046.2	-117652.7	-184476.9	446.4	351.2	546.7	215.5	678.5	-	-	-	-	-
5.137	3D MESSAGE	4E	00	46	91	30	59	82	8D	57	67	65	BC	CB	11	60	5D	06	41	47	DF	E4	C7	CC	6A	E5	C7	FD	83	E6	C7	5D	C5	E5	C7	AD	22	34	C8	00	D6	E1	43	00	CB	A8	43	80	39	0E	44	00	76	61	43	00	2E	2E	44	00	00	00	00	00	00	00	00	00	00	00	00	00	00	00	00	00	00	00	00
5.137	3D DATA	true	-	26455	48229	4555	-117182.6	-117461.6	-118024.0	-117642.7	-184458.7	451.7	337.6	568.9	225.5	696.7	-	-	-	-	-
5.137	3D MESSAGE	4E	00	47	91	30	59	83	8D	05	6B	20	BD	F3	10	60	5D	06	41	E1	DC	E4	C7	C4	71	E5	C7	ED	78	E6	C7	21	C0	E5	C7	52	1E	34	C8	00	3C	E4	43	00	D3	A1	43	80	C1	13	44	00	EE	6B	43	00	89	32	44	00	00	00	00	00	00	00	00	00	00	00	00	00	00	00	00	00	00	00	00
5.137	3D DATA	true	-	27397	48416	4339	-117177.8	-117475.5	-118001.9	-117632.3	-184441.3	456.5	323.6	591.0	235.9	714.1	-	-	-	-	-
5.138	3D MESSAGE	4E	00	48	91	30	59	84	8D	C5	6E	CD	BD	1D	10	60	5D	06	41	BA	DA	E4	C7	C4	78	E5	C7	F5	6D	E6	C7	A4	BA	E5	C7	2D	1A	34	C8	00	63	E6	43	00	D3	9A	43	80	3D	19	44	00	E8	76	43	00	AE	36	44	00	00	00	00	00	00	00	00	00	00	00	00	00	00	00	00	00	00	00	00
5.138	3D DATA	true	-	28357	48589	4125	-117173.5	-117489.5	-117979.9	-117621.3	-184424.7	460.8	309.6	613.0	246.9	730.7	-	-	-	-	-
5.169	3D MESSAGE	4E	00	49	91	30	59	85	8D	8C	72	6D	BE	49	0F	60	5D	06	41	D4	D8	E4	C7	B2	7F	E5	C7	24	63	E6	C7	E8	B4	E5	C7	42	16	34	C8	00	49	E8	43	00	E5	93	43	00	A6	1E	44	00	30	81	43	00	99	3A	44	00	00	00	00	00	00	00	00	00	00	00	00	00	00	00	00	00	00	00	00
5.169	3D DATA	true	-	29324	48749	3913	-117169.7	-117503.4	-117958.3	-117609.8	-184409.0	464.6	295.8	634.6	258.4	746.4	-	-	-	-	-
5.169	3D MESSAGE	4E	00	4A	91	30	59	86	8D	51	76	00	BF	75	0E	60	5D	06	41	2E	D7	E4	C7	7A	86	E5	C7	88	58	E6	C7	EE	AE	E5	C7	94	12	34	C8	00	EF	E9	43	00	1D	8D	43	00	F4	23	44	00	2A	87	43	00	47	3E	44	00	00	00	00	00	00	00	00	00	00	00	00	00	00	00	00	00	00	00	00
5.169	3D DATA	true	-	30289	48896	3701	-117166.4	-117517.0	-117937.1	-117597.9	-184394.3	467.9	282.2	655.8	270.3	761.1	-	-	-	-	-
5.170	3D MESSAGE	4E	00	4B	91	30	59	87	8D	09	7A	87	BF	A1	0D	60	5D	06	41	CC	D5	E4	C7	08	8D	E5	C7	2C	4E	E6	C7	B4	A8	E5	C7	22	0F	34	C8	00	51	EB	43	00	8F	86	43	00	22	29	44	00	64	8D	43	00	B9	41	44	00	00	00	00	00	00	00	00	00	00	00	00	00	00	00	00	00	00	00	00
5.170	3D DATA	true	-	31241	49031	3489	-117163.6	-117530.1	-117916.3	-117585.4	-184380.5	470.6	269.1	676.5	282.8	774.9	-	-	-	-	-
5.170	3D MESSAGE	4E	00	4C	91	30	59	88	8D	AA	7D	04	C0	CA	0C	60	5D	06	41	B1	D4	E4	C7	4A	93	E5	C7	18	44	E6	C7	37	A2	E5	C7	E9	0B	34	C8	00	6C	EC	43	00	4D	80	43	00	2C	2E	44	00	E1	93	43	00	F2	44	44	00	00	00	00	00	00	00	00	00	00	00	00	00	00	00	00	00	00	00	00
5.170	3D DATA	true	-	32170	49156	3274	-117161.4	-117542.6	-117896.2	-117572.4	-184367.6	472.8	256.6	696.7	295.8	787.8	-	-	-	-	-
5.170	3D MESSAGE	4E	00	4D	91	30	59	89	8D	2F	81	7A	C0	F1	0B	60	5D	06	41	DE	D3	E4	C7	35	99	E5	C7	50	3A	E6	C7	73	9B	E5	C7	E7	08	34	C8	00	3F	ED	43	00	C4	74	43	00	10	33	44	00	A5	9A	43	00	F4	47	44	00	00	00	00	00	00	00	00	00	00	00	00	00	00	00	00	00	00	00	00
5.170	3D DATA	true	-	33071	49274	3057	-117159.7	-117554.4	-117876.6	-117558.9	-184355.6	474.5	244.8	716.2	309.3	799.8	-	-	-	-	-
5.171	3D MESSAGE	4E	00	4E	91	30	59	8A	8D	95	84	EB	C0	13	0B	60	5D	06	41	55	D3	E4	C7	C0	9E	E5	C7	D0	30	E6	C7	60	94	E5	C7	16	06	34	C8	00	C8	ED	43	00	AE	69	43	00	D0	37	44	00	B8	A1	43	00	C5	4A	44	00	00	00	00	00	00	00	00	00	00	00	00	00	00	00	00	00	00	00	00
5.171	3D DATA	true	-	33941	49387	2835	-117158.7	-117565.5	-117857.6	-117544.8	-184344.3	475.6	233.7	735.2	323.4	811.1	-	-	-	-	-
5.171	3D MESSAGE	4E	00	4F	91	30	59	8B	8D	DC	87	59	C1	2F	0A	60	5D	06	41	16	D3	E4	C7	E9	A3	E5	C7	96	27	E6	C7	F6	8C	E5	C7	74	03	34	C8	00	07	EE	43	00	5C	5F	43	00	6D	3C	44	00	22	A9	43	00	67	4D	44	00	00	00	00	00	00	00	00	00	00	00	00	00	00	00	00	00	00	00	00
5.171	3D DATA	true	-	34780	49497	2607	-117158.2	-117575.8	-117839.2	-117529.9	-184333.8	476.1	223.4	753.7	338.3	821.6	-	-	-	-	-
5.198	3D MESSAGE	4E	00	50	91	30	59	8C	8D	05	8B	C5	C1	44	09	60	5D	06	41	1E	D3	E4	C7	AF	A8	E5	C7	98	1E	E6	C7	2B	85	E5	C7	FC	00	34	C8	00	FF	ED	43	00	D0	55	43	00	EC	40	44	00	ED	B0	43	00	DF	4F	44	00	00	00	00	00	00	00	00	00	00	00	00	00	00	00	00	00	00	00	00
5.198	3D DATA	true	-	35589	49605	2372	-117158.2	-117585.4	-117821.2	-117514.3	-184323.9	476.0	213.8	771.7	353.9	831.5	-	-	-	-	-
5.199	3D MESSAGE	4E	00	51	91	30	59	8D	8D	11	8E	32	C2	52	08	60	5D	06	41	6F	D3	E4	C7	1B	AD	E5	C7	D3	15	E6	C7	FC	7C	E5	C7	AE	FE	33	C8	00	AE	ED	43	00	F8	4C	43	80	4E	45	44	00	1C	B9	43	00	2D	52	44	00	00	00	00	00	00	00	00	00	00	00	00	00	00	00	00	00	00	00	00
5.199	3D DATA	true	-	36369	49714	2130	-117158.9	-117594.2	-117803.6	-117498.0	-184314.7	475.4	205.0	789.2	370.2	840.7	-	-	-	-	-
5.199	3D MESSAGE	4E	00	52	91	30	59	8E	8D	03	91	A1	C2	5C	07	60	5D	06	41	0D	D4	E4	C7	3A	B1	E5	C7	44	0D	E6	C7	65	74	E5	C7	8C	FC	33	C8	00	10	ED	43	00	BA	44	43	00	96	49	44	00	B3	C1	43	00	4F	54	44	00	00	00	00	00	00	00	00	00	00	00	00	00	00	00	00	00	00	00	00
5.199	3D DATA	true	-	37123	49825	1884	-117160.1	-117602.5	-117786.5	-117480.8	-184306.2	474.1	196.7	806.3	387.4	849.2	-	-	-	-	-
5.199	3D MESSAGE	4E	00	53	91	30	59	8F	8D	E1	93	15	C3	65	06	60	5D	06	41	01	D5	E4	C7	1E	B5	E5	C7	EF	04	E6	C7	6C	6B	E5	C7	9C	FA	33	C8	00	1C	EC	43	00	F2	3C	43	80	C0	4D	44	00	AC	CA	43	00	3F	56	44	00	00	00	00	00	00	00	00	00	00	00	00	00	00	00	00	00	00	00	00
5.199	3D DATA	true	-	37857	49941	1637	-117162.0	-117610.2	-117769.9	-117462.8	-184298.4	472.2	188.9	823.0	405.3	857.0	-	-	-	-	-
5.200	3D MESSAGE	4E	00	54	91	30	59	90	8D	AD	96	8F	C3	72	05	60	5D	06	41	57	D6	E4	C7	DE	B8	E5	C7	DC	FC	E5	C7	18	62	E5	C7	E9	F8	33	C8	00	C6	EA	43	00	72	35	43	00	CA	51	44	00	00	D4	43	00	F2	57	44	00	00	00	00	00	00	00	00	00	00	00	00	00	00	00	00	00	00	00	00
5.200	3D DATA	true	-	38573	50063	1394	-117164.7	-117617.7	-117753.7	-117444.2	-184291.6	469.5	181.4	839.2	424.0	863.8	-	-	-	-	-
5.200	3D MESSAGE	4E	00	55	91	30	59	91	8D	6F	99	12	C4	85	04	60	5D	06	41	1F	D8	E4	C7	8B	BC	E5	C7	14	F5	E5	C7	73	58	E5	C7	7D	F7	33	C8	00	FE	E8	43	00	18	2E	43	00	AE	55	44	00	A5	DD	43	00	5E	59	44	00	00	00	00	00	00	00	00	00	00	00	00	00	00	00	00	00	00	00	00
5.201	3D DATA	true	-	39279	50194	1157	-117168.2	-117625.1	-117738.2	-117424.9	-184286.0	466.0	174.1	854.7	443.3	869.5	-	-	-	-	-
5.228	3D MESSAGE	4E	00	56	91	30	59	92	8D	2B	9C	A1	C4	A2	03	60	5D	06	41	64	DA	E4	C7	32	C0	E5	C7	A4	ED	E5	C7	85	4E	E5	C7	62	F6	33	C8	00	B9	E6	43	00	CA	26	43	00	66	59	44	00	93	E7	43	00	79	5A	44	00	00	00	00	00	00	00	00	00	00	00	00	00	00	00	00	00	00	00	00
5.228	3D DATA	true	-	39979	50337	930	-117172.8	-117632.4	-117723.3	-117405.0	-184281.5	461.4	166.8	869.6	463.1	873.9	-	-	-	-	-
5.229	3D MESSAGE	4E	00	57	91	30	59	93	8D	E9	9E	40	C5	CA	02	60	5D	06	41	28	DD	E4	C7	D9	C3	E5	C7	92	E6	E5	C7	4E	44	E5	C7	9F	F5	33	C8	00	F5	E3	43	00	7C	1F	43	00	EF	5C	44	00	CA	F1	43	00	3C	5B	44	00	00	00	00	00	00	00	00	00	00	00	00	00	00	00	00	00	00	00	00
5.229	3D DATA	true	-	40681	50496	714	-117178.3	-117639.7	-117709.1	-117384.6	-184278.5	455.9	159.5	883.7	483.6	876.9	-	-	-	-	-
5.230	3D MESSAGE	4E	00	58	91	30	59	94	8D	AD	A1	F0	C5	FC	01	60	5D	06	41	6B	E0	E4	C7	78	C7	E5	C7	E6	DF	E5	C7	C5	39	E5	C7	34	F5	33	C8	00	B2	E0	43	00	3E	18	43	00	45	60	44	00	53	FC	43	00	A7	5B	44	00	00	00	00	00	00	00	00	00	00	00	00	00	00	00	00	00	00	00	00
5.230	3D DATA	true	-	41389	50672	508	-117184.8	-117646.9	-117695.8	-117363.5	-184276.8	449.4	152.2	897.1	504.6	878.6	-	-	-	-	-
5.230	3D MESSAGE	4E	00	59	91	30	59	95	8D	7B	A4	B5	C6	32	01	60	5D	06	41	20	E4	E4	C7	02	CB	E5	C7	A5	D9	E5	C7	DF	2E	E5	C7	20	F5	33	C8	00	FD	DC	43	00	2A	11	43	80	65	63	44	80	9C	03	44	00	BB	5B	44	00	00	00	00	00	00	00	00	00	00	00	00	00	00	00	00	00	00	00	00
5.230	3D DATA	true	-	42107	50869	306	-117192.2	-117654.0	-117683.3	-117341.7	-184276.5	442.0	145.2	909.6	526.4	878.9	-	-	-	-	-
5.231	3D MESSAGE	4E	00	5A	91	30	59	96	8D	55	A7	8E	C7	6B	00	60	5D	06	41	3B	E8	E4	C7	66	CE	E5	C7	D2	D3	E5	C7	89	23	E5	C7	5E	F5	33	C8	00	E2	D8	43	00	62	0A	43	00	4F	66	44	80	47	09	44	00	7D	5B	44	00	00	00	00	00	00	00	00	00	00	00	00	00	00	00	00	00	00	00	00
5.231	3D DATA	true	-	42837	51086	107	-117200.5	-117660.8	-117671.6	-117319.1	-184277.5	433.8	138.4	921.2	549.1	878.0	-	-	-	-	-
5.231	3D MESSAGE	4E	00	5B	91	30	59	97	8D	3B	AA	7E	C8	00	00	60	5D	06	41	AA	EC	E4	C7	95	D1	E5	C7	78	CE	E5	C7	B4	17	E5	C7	EB	F5	33	C8	00	73	D4	43	00	04	04	43	00	FC	68	44	00	32	0F	44	00	F0	5A	44	00	00	00	00	00	00	00	00	00	00	00	00	00	00	00	00	00	00	00	00
5.231	3D DATA	true	-	43579	51326	0	-117209.3	-117667.2	-117660.9	-117295.4	-184279.7	424.9	132.0	931.9	572.8	875.8	-	-	-	-	-
5.263	3D MESSAGE	4E	00	5C	91	30	59	98	8D	2F	AD	83	C9	00	00	60	5D	06	41	61	F1	E4	C7	85	D4	E5	C7	9F	C9	E5	C7	53	0B	E5	C7	C8	F6	33	C8	00	BC	CF	43	00	48	FC	42	80	68	6B	44	80	62	15	44	00	13	5A	44	00	00	00	00	00	00	00	00	00	00	00	00	00	00	00	00	00	00	00	00
5.263	3D DATA	true	-	44335	51587	0	-117218.8	-117673.0	-117651.2	-117270.6	-184283.1	415.5	126.1	941.6	597.5	872.3	-	-	-	-	-
5.263	3D MESSAGE	4E	00	5D	91	30	59	99	8D	2F	B0	9F	CA	00	00	60	5D	06	41	56	F6	E4	C7	36	D7	E5	C7	58	C5	E5	C7	60	FE	E4	C7	FB	F7	33	C8	00	C7	CA	43	00	84	F1	42	00	8C	6D	44	00	DC	1B	44	00	E0	58	44	00	00	00	00	00	00	00	00	00	00	00	00	00	00	00	00	00	00	00	00
5.263	3D DATA	true	-	45103	51871	0	-117228.7	-117678.4	-117642.7	-117244.8	-184287.9	405.6	120.8	950.2	623.4	867.5	-	-	-	-	-
5.264	3D MESSAGE	4E	00	5E	91	30	59	9A	8D	3B	B3	D1	CB	00	00	60	5D	06	41	83	FB	E4	C7	AC	D9	E5	C7	B4	C1	E5	C7	DB	F0	E4	C7	8D	F9	33	C8	00	9A	C5	43	00	AC	E7	42	00	5E	6F	44	80	9E	22	44	00	4E	57	44	00	00	00	00	00	00	00	00	00	00	00	00	00	00	00	00	00	00	00	00
5.264	3D DATA	true	-	45883	52177	0	-117239.0	-117683.3	-117635.4	-117217.7	-184294.2	395.2	115.8	957.5	650.5	861.2	-	-	-	-	-
5.264	3D MESSAGE	4E	00	5F	91	30	59	9B	8D	53	B6	1B	CD	00	00	60	5D	06	41	E8	00	E5	C7	F6	DB	E5	C7	C5	BE	E5	C7	C7	E2	E4	C7	8C	FB	33	C8	00	35	C0	43	00	84	DE	42	80	D5	70	44	80	A8	29	44	00	4F	55	44	00	00	00	00	00	00	00	00	00	00	00	00	00	00	00	00	00	00	00	00
5.264	3D DATA	true	-	46675	52507	0	-117249.8	-117687.9	-117629.5	-117189.6	-184302.2	384.4	111.3	963.3	678.6	853.2	-	-	-	-	-
5.264	3D MESSAGE	4E	00	60	91	30	59	9C	8D	79	B9	80	CE	00	00	60	5D	06	41	84	06	E5	C7	20	DE	E5	C7	A0	BC	E5	C7	2C	D4	E4	C7	07	FE	33	C8	00	99	BA	43	00	DC	D5	42	00	E8	71	44	00	F6	30	44	00	D4	52	44	00	00	00	00	00	00	00	00	00	00	00	00	00	00	00	00	00	00	00	00
5.264	3D DATA	true	-	47481	52864	0	-117261.0	-117692.2	-117625.2	-117160.3	-184312.1	373.2	106.9	967.6	707.8	843.3	-	-	-	-	-
5.265	3D MESSAGE	4E	00	61	91	30	59	9D	8D	AF	BC	02	D0	00	00	60	5D	06	41	5A	0C	E5	C7	38	E0	E5	C7	56	BB	E5	C7	14	C5	E4	C7	0A	01	34	C8	00	C3	B4	43	00	7C	CD	42	00	8D	72	44	00	82	38	44	00	D1	4F	44	00	00	00	00	00	00	00	00	00	00	00	00	00	00	00	00	00	00	00	00
5.265	3D DATA	true	-	48303	53250	0	-117272.7	-117696.4	-117622.7	-117130.2	-184324.2	361.5	102.7	970.2	738.0	831.3	-	-	-	-	-
5.265	3D MESSAGE	4E	00	62	91	30	59	9E	8D	F9	BF	A8	D1	00	00	60	5D	06	41	69	12	E5	C7	45	E2	E5	C7	FA	BA	E5	C7	89	B5	E4	C7	9E	04	34	C8	00	B4	AE	43	00	48	C5	42	00	BB	72	44	80	47	40	44	00	3D	4C	44	00	00	00	00	00	00	00	00	00	00	00	00	00	00	00	00	00	00	00	00
5.265	3D DATA	true	-	49145	53672	0	-117284.8	-117700.5	-117622.0	-117099.1	-184338.5	349.4	98.6	970.9	769.1	817.0	-	-	-	-	-
5.293	3D MESSAGE	4E	00	63	91	30	59	9F	8D	5C	C3	75	D3	00	00	60	5D	06	41	AB	18	E5	C7	4C	E4	E5	C7	9B	BB	E5	C7	97	A5	E4	C7	C8	08	34	C8	00	72	A8	43	00	2C	BD	42	80	6A	72	44	80	40	48	44	00	13	48	44	00	00	00	00	00	00	00	00	00	00	00	00	00	00	00	00	00	00	00	00
5.293	3D DATA	true	-	50012	54133	0	-117297.3	-117704.6	-117623.2	-117067.2	-184355.1	336.9	94.6	969.7	801.0	800.3	-	-	-	-	-
5.294	3D MESSAGE	4E	00	64	91	30	59	A0	8D	DC	C6	70	D5	00	00	60	5D	06	41	17	1F	E5	C7	4A	E6	E5	C7	49	BD	E5	C7	4C	95	E4	C7	85	0D	34	C8	00	06	A2	43	00	34	B5	42	80	93	71	44	00	66	50	44	00	56	43	44	00	00	00	00	00	00	00	00	00	00	00	00	00	00	00	00	00	00	00	00
5.294	3D DATA	true	-	50908	54640	0	-117310.2	-117708.6	-117626.6	-117034.6	-184374.1	324.0	90.6	966.3	833.6	781.3	-	-	-	-	-
5.294	3D MESSAGE	4E	00	65	91	30	59	A1	8D	7F	CA	9C	D7	00	00	60	5D	06	41	9E	25	E5	C7	3B	E8	E5	C7	10	C0	E5	C7	BD	84	E4	C7	D0	12	34	C8	00	7F	9B	43	00	70	AD	42	00	30	70	44	80	AD	58	44	00	0B	3E	44	00	00	00	00	00	00	00	00	00	00	00	00	00	00	00	00	00	00	00	00
5.294	3D DATA	true	-	51839	55196	0	-117323.2	-117712.5	-117632.1	-117001.5	-184395.2	311.0	86.7	960.8	866.7	760.2	-	-	-	-	-
5.295	3D MESSAGE	4E	00	66	91	30	59	A2	8D	49	CE	FE	D9	00	00	60	5D	06	41	2F	2C	E5	C7	14	EA	E5	C7	F9	C3	E5	C7	02	74	E4	C7	9E	18	34	C8	00	EE	94	43	00	0C	A6	42	80	3B	6E	44	00	0B	61	44	00	3D	38	44	00	00	00	00	00	00	00	00	00	00	00	00	00	00	00	00	00	00	00	00
5.295	3D DATA	true	-	52809	55806	0	-117336.4	-117716.2	-117639.9	-116968.0	-184418.5	297.9	83.0	952.9	900.2	737.0	-	-	-	-	-
5.295	3D MESSAGE	4E	00	67	91	30	59	A3	8D	3D	D2	96	DC	00	00	60	5D	06	41	B7	32	E5	C7	CF	EB	E5	C7	10	C9	E5	C7	3C	63	E4	C7	E4	1E	34	C8	00	66	8E	43	00	20	9F	42	00	B0	6B	44	00	6E	69	44	00	F7	31	44	00	00	00	00	00	00	00	00	00	00	00	00	00	00	00	00	00	00	00	00
5.295	3D DATA	true	-	53821	56470	0	-117349.4	-117719.6	-117650.1	-116934.5	-184443.6	284.8	79.6	942.8	933.7	711.9	-	-	-	-	-
5.296	3D MESSAGE	4E	00	68	91	30	59	A4	8D	5D	D6	65	DF	00	00	60	5D	06	41	27	39	E5	C7	67	ED	E5	C7	5C	CF	E5	C7	97	52	E4	C7	95	25	34	C8	00	F6	87	43	00	C0	98	42	00	8A	68	44	80	C0	71	44	00	46	2B	44	00	00	00	00	00	00	00	00	00	00	00	00	00	00	00	00	00	00	00	00
5.296	3D DATA	true	-	54877	57189	0	-117362.3	-117722.8	-117662.7	-116901.2	-184470.3	271.9	76.4	930.2	967.0	685.1	-	-	-	-	-
5.324	3D MESSAGE	4E	00	69	91	30	59	A5	8D	AA	DA	68	E2	00	00	60	5D	06	41	72	3F	E5	C7	DC	EE	E5	C7	EE	D6	E5	C7	45	42	E4	C7	A7	2C	34	C8	00	AB	81	43	00	EC	92	42	00	C1	64	44	80	E9	79	44	00	34	24	44	00	00	00	00	00	00	00	00	00	00	00	00	00	00	00	00	00	00	00	00
5.324	3D DATA	true	-	55978	57960	0	-117374.9	-117725.7	-117677.9	-116868.5	-184498.6	259.3	73.5	915.0	999.6	656.8	-	-	-	-	-
5.325	3D MESSAGE	4E	00	6A	91	30	59	A6	8D	24	DF	9E	E5	00	00	60	5D	06	41	96	45	E5	C7	36	F0	E5	C7	D8	DF	E5	C7	83	32	E4	C7	10	34	34	C8	00	0E	77	43	00	84	8D	42	00	4C	60	44	40	E5	80	44	00	CB	1C	44	00	00	00	00	00	00	00	00	00	00	00	00	00	00	00	00	00	00	00	00
5.325	3D DATA	true	-	57124	58782	0	-117387.2	-117728.4	-117695.7	-116837.0	-184528.2	247.1	70.8	897.2	1031.2	627.2	-	-	-	-	-
5.325	3D MESSAGE	4E	00	6B	91	30	59	A7	8D	CC	E3	05	E9	00	00	60	5D	06	41	92	4B	E5	C7	84	F1	E5	C7	38	EA	E5	C7	94	23	E4	C7	CA	3B	34	C8	00	16	6B	43	00	4C	88	42	00	1C	5B	44	00	A1	84	44	00	11	15	44	00	00	00	00	00	00	00	00	00	00	00	00	00	00	00	00	00	00	00	00
5.325	3D DATA	true	-	58316	59653	0	-117399.1	-117731.0	-117716.4	-116807.2	-184559.2	235.1	68.1	876.4	1061.0	596.3	-	-	-	-	-
5.326	3D MESSAGE	4E	00	6C	91	30	59	A8	8D	A6	E8	9D	EC	00	00	60	5D	06	41	68	51	E5	C7	D7	F2	E5	C7	29	F6	E5	C7	C6	15	E4	C7	CB	43	34	C8	00	6A	5F	43	00	00	83	42	80	23	55	44	80	14	88	44	00	10	0D	44	00	00	00	00	00	00	00	00	00	00	00	00	00	00	00	00	00	00	00	00
5.326	3D DATA	true	-	59558	60573	0	-117410.8	-117733.7	-117740.3	-116779.5	-184591.2	223.4	65.5	852.6	1088.6	564.2	-	-	-	-	-
5.326	3D MESSAGE	4E	00	6D	91	30	59	A9	8D	BA	ED	68	F0	00	00	00	82	CA	3F	1A	57	E5	C7	3E	F4	E5	C7	CA	03	E6	C7	6C	09	E4	C7	0A	4C	34	C8	00	06	54	43	00	C8	7A	42	00	53	4E	44	00	2B	8B	44	00	D1	04	44	00	00	00	00	00	00	00	00	00	00	00	00	00	00	00	00	00	00	00	00
5.326	3D DATA	true	-	60858	61544	0	-117422.2	-117736.5	-117767.6	-116754.8	-184624.2	212.0	62.7	825.3	1113.3	531.3	-	-	-	-	-
5.326	3D MESSAGE	4E	00	6E	91	30	59	AA	8D	15	F3	69	F4	00	00	00	82	CA	3F	AC	5C	E5	C7	C4	F5	E5	C7	31	13	E6	C7	E2	FE	E3	C7	78	54	34	C8	00	E2	48	43	00	98	6E	42	80	9F	46	44	80	CD	8D	44	00	C6	F8	43	00	00	00	00	00	00	00	00	00	00	00	00	00	00	00	00	00	00	00	00
5.326	3D DATA	true	-	62229	62569	0	-117433.3	-117739.5	-117798.4	-116733.8	-184657.9	200.9	59.6	794.5	1134.4	497.5	-	-	-	-	-
5.358	3D MESSAGE	4E	00	6F	91	30	59	AB	8D	CB	F8	A4	F8	00	00	00	82	CA	3F	1A	62	E5	C7	6C	F7	E5	C7	6A	24	E6	C7	8F	F6	E3	C7	02	5D	34	C8	00	06	3E	43	00	58	61	42	00	03	3E	44	40	E2	8F	44	00	B2	E7	43	00	00	00	00	00	00	00	00	00	00	00	00	00	00	00	00	00	00	00	00
5.359	3D DATA	true	-	63691	63652	0	-117444.2	-117742.8	-117832.8	-116717.1	-184692.0	190.0	56.3	760.0	1151.1	463.4	-	-	-	-	-
5.359	3D MESSAGE	4E	00	70	91	30	59	AC	8D	F2	FE	1C	FD	00	00	00	82	CA	3F	60	67	E5	C7	31	F9	E5	C7	72	37	E6	C7	E4	F0	E3	C7	92	65	34	C8	00	7A	33	43	00	30	53	42	00	7F	34	44	00	4D	91	44	00	92	D6	43	00	00	00	00	00	00	00	00	00	00	00	00	00	00	00	00	00	00	00	00
5.359	3D DATA	true	-	65266	64796	0	-117454.8	-117746.4	-117870.9	-116705.8	-184726.3	179.5	52.8	722.0	1162.4	429.1	-	-	-	-	-
5.360	3D MESSAGE	4E	00	71	91	30	59	AD	8D	FE	FF	FF	FF	00	00	00	82	CA	3F	79	6C	E5	C7	05	FB	E5	C7	30	4C	E6	C7	5D	EE	E3	C7	0D	6E	34	C8	00	48	29	43	00	90	44	42	00	20	2A	44	C0	EE	91	44	00	9C	C5	43	00	00	00	00	00	00	00	00	00	00	00	00	00	00	00	00	00	00	00	00
5.360	3D DATA	true	-	65534	65535	0	-117464.9	-117750.0	-117912.4	-116700.7	-184760.2	169.3	49.1	680.5	1167.5	395.2	-	-	-	-	-
5.360	3D MESSAGE	4E	00	72	91	30	59	AE	8D	FE	FF	FF	FF	00	00	00	82	CA	3F	60	71	E5	C7	D8	FC	E5	C7	78	62	E6	C7	7D	EF	E3	C7	59	76	34	C8	00	7A	1F	43	00	F8	35	42	00	FC	1E	44	C0	A6	91	44	00	04	B5	43	00	00	00	00	00	00	00	00	00	00	00	00	00	00	00	00	00	00	00	00
5.360	3D DATA	true	-	65534	65535	0	-117474.8	-117753.7	-117956.9	-116703.0	-184793.4	159.5	45.5	635.9	1165.2	362.0	-	-	-	-	-
5.361	3D MESSAGE	4E	00	73	91	30	59	AF	8D	FE	FF	FF	FF	00	00	00	82	CA	3F	13	76	E5	C7	97	FE	E5	C7	06	7A	E6	C7	CA	F4	E3	C7	5A	7E	34	C8	00	14	16	43	00	00	28	42	00	35	13	44	80	53	90	44	00	02	A5	43	00	00	00	00	00	00	00	00	00	00	00	00	00	00	00	00	00	00	00	00
5.361	3D DATA	true	-	65534	65535	0	-117484.1	-117757.2	-118004.0	-116713.6	-184825.4	150.1	42.0	588.8	1154.6	330.0	-	-	-	-	-
5.361	3D MESSAGE	4E	00	74	91	30	59	B0	8D	FE	FF	FF	FF	00	00	00	82	CA	3F	8F	7A	E5	C7	36	00	E6	C7	7C	92	E6	C7	BE	FE	E3	C7	F7	85	34	C8	00	1C	0D	43	00	08	1B	42	00	FA	06	44	80	D6	8D	44	00	C8	95	43	00	00	00	00	00	00	00	00	00	00	00	00	00	00	00	00	00	00	00	00
5.361	3D DATA	true	-	65534	65535	0	-117493.1	-117760.4	-118053.0	-116733.5	-184855.9	141.1	38.8	539.9	1134.7	299.6	-	-	-	-	-
5.361	3D MESSAGE	4E	00	75	91	30	59	B1	8D	FE	FF	FF	FF	0E	00	00	82	CA	3F	D5	7E	E5	C7	AD	01	E6	C7	68	AB	E6	C7	BA	0D	E4	C7	1D	8D	34	C8	00	90	04	43	00	50	0F	42	00	08	F5	43	80	17	8A	44	00	7C	87	43	00	00	00	00	00	00	00	00	00	00	00	00	00	00	00	00	00	00	00	00
5.361	3D DATA	true	-	65534	65535	14	-117501.7	-117763.4	-118102.8	-116763.5	-184884.5	132.6	35.8	490.1	1104.7	271.0	-	-	-	-	-
5.388	3D MESSAGE	4E	00	76	91	30	59	B2	8D	FE	FF	FF	FF	F9	00	00	82	CA	3F	EA	82	E5	C7	FA	02	E6	C7	4B	C4	E6	C7	EC	21	E4	C7	BC	93	34	C8	00	CC	F8	42	00	E8	04	42	00	25	DC	43	00	0B	85	44	00	7C	74	43	00	00	00	00	00	00	00	00	00	00	00	00	00	00	00	00	00	00	00	00
5.388	3D DATA	true	-	65534	65535	249	-117509.8	-117766.0	-118152.6	-116803.8	-184910.9	124.4	33.2	440.3	1064.3	244.5	-	-	-	-	-
5.388	3D MESSAGE	4E	00	77	91	30	59	B3	8D	FE	FF	FF	FF	86	06	00	82	CA	3F	D4	86	E5	C7	24	04	E6	C7	9A	DC	E6	C7	3F	3B	E4	C7	CC	99	34	C8	00	24	E9	42	00	30	F7	41	00	D6	C3	43	80	6C	7D	44	00	3C	5C	43	00	00	00	00	00	00	00	00	00	00	00	00	00	00	00	00	00	00	00	00
5.388	3D DATA	true	-	65534	65535	1670	-117517.7	-117768.3	-118201.2	-116854.5	-184935.2	116.6	30.9	391.7	1013.7	220.2	-	-	-	-	-
5.389	3D MESSAGE	4E	00	78	91	30	59	B4	8D	FE	FF	FF	FF	55	0C	00	82	CA	3F	9B	8A	E5	C7	34	05	E6	C7	D4	F3	E6	C7	49	59	E4	C7	4D	9F	34	C8	00	08	DA	42	00	30	E6	41	00	9C	AC	43	80	67	6E	44	00	38	46	43	00	00	00	00	00	00	00	00	00	00	00	00	00	00	00	00	00	00	00	00
5.389	3D DATA	true	-	65534	65535	3157	-117525.2	-117770.4	-118247.7	-116914.6	-184957.2	109.0	28.8	345.2	953.6	198.2	-	-	-	-	-
5.389	3D MESSAGE	4E	00	79	91	30	59	B5	8D	FE	FF	FF	FF	31	12	00	82	CA	3F	45	8E	E5	C7	36	06	E6	C7	84	09	E7	C7	48	7B	E4	C7	44	A4	34	C8	00	60	CB	42	00	10	D6	41	00	EC	96	43	00	68	5D	44	00	5C	32	43	00	00	00	00	00	00	00	00	00	00	00	00	00	00	00	00	00	00	00	00
5.389	3D DATA	true	-	65534	65535	4657	-117532.5	-117772.4	-118291.0	-116982.6	-184977.1	101.7	26.8	301.8	885.6	178.4	-	-	-	-	-
5.390	3D MESSAGE	4E	00	7A	91	30	59	B6	8D	FE	FF	FF	FF	E9	18	00	82	CA	3F	D8	91	E5	C7	32	07	E6	C7	57	1D	E7	C7	2C	A0	E4	C7	BC	A8	34	C8	00	14	BD	42	00	50	C6	41	00	19	83	43	00	F6	4A	44	00	7C	20	43	00	00	00	00	00	00	00	00	00	00	00	00	00	00	00	00	00	00	00	00
5.390	3D DATA	true	-	65534	65535	6377	-117539.7	-117774.4	-118330.7	-117056.3	-184994.9	94.5	24.8	262.2	811.8	160.5	-	-	-	-	-
5.390	3D MESSAGE	4E	00	7B	91	30	59	B7	8D	FE	FF	FF	FF	A6	20	00	82	CA	3F	56	95	E5	C7	30	08	E6	C7	17	2F	E7	C7	AD	C6	E4	C7	C2	AC	34	C8	00	1C	AF	42	00	70	B6	41	00	B2	62	43	80	B5	37	44	00	64	10	43	00	00	00	00	00	00	00	00	00	00	00	00	00	00	00	00	00	00	00	00
5.390	3D DATA	true	-	65534	65535	8358	-117546.7	-117776.4	-118366.2	-117133.4	-185011.0	87.6	22.8	226.7	734.8	144.4	-	-	-	-	-
5.416	3D MESSAGE	4E	00	7C	91	30	59	B8	8D	FE	FF	FF	FF	6F	29	00	82	CA	3F	BA	98	E5	C7	30	09	E6	C7	B1	3E	E7	C7	6C	ED	E4	C7	62	B0	34	C8	00	8C	A1	42	00	70	A6	41	00	7E	43	43	00	56	24	44	00	E4	01	43	00	00	00	00	00	00	00	00	00	00	00	00	00	00	00	00	00	00	00	00
5.416	3D DATA	true	-	65534	65535	10607	-117553.5	-117778.4	-118397.4	-117210.8	-185025.5	80.8	20.8	195.5	657.3	129.9	-	-	-	-	-
5.417	3D MESSAGE	4E	00	7D	91	30	59	B9	8D	FE	FF	FF	FF	44	33	00	82	CA	3F	FE	9B	E5	C7	30	0A	E6	C7	35	4C	E7	C7	1E	13	E5	C7	A7	B3	34	C8	00	7C	94	42	00	70	96	41	00	76	28	43	00	7D	11	44	00	A0	E9	42	00	00	00	00	00	00	00	00	00	00	00	00	00	00	00	00	00	00	00	00
5.417	3D DATA	true	-	65534	65535	13124	-117560.0	-117780.4	-118424.4	-117286.2	-185038.6	74.2	18.8	168.5	582.0	116.8	-	-	-	-	-
5.417	3D MESSAGE	4E	00	7E	91	30	59	BA	8D	FE	FF	FF	FF	13	3E	00	82	CA	3F	18	9F	E5	C7	2A	0B	E6	C7	C6	57	E7	C7	A9	36	E5	C7	9B	B6	34	C8	00	14	88	42	00	D0	86	41	00	54	11	43	00	6F	FF	43	00	00	D2	42	00	00	00	00	00	00	00	00	00	00	00	00	00	00	00	00	00	00	00	00
5.417	3D DATA	true	-	65534	65535	15891	-117566.2	-117782.3	-118447.5	-117357.3	-185050.4	68.0	16.9	145.3	510.9	105.0	-	-	-	-	-
5.418	3D MESSAGE	4E	00	7F	91	30	59	BB	8D	FE	FF	FF	FF	BE	49	00	82	CA	3F	FB	A1	E5	C7	16	0C	E6	C7	97	61	E7	C7	3B	57	E5	C7	42	B9	34	C8	00	10	79	42	00	20	70	41	00	64	FB	42	00	DD	DE	43	00	C8	BC	42	00	00	00	00	00	00	00	00	00	00	00	00	00	00	00	00	00	00	00	00
5.418	3D DATA	true	-	65534	65535	18878	-117572.0	-117784.2	-118467.2	-117422.5	-185061.0	62.3	15.0	125.7	445.7	94.4	-	-	-	-	-
5.418	3D MESSAGE	4E	00	80	91	30	59	BC	8D	FE	FF	FF	FF	18	56	00	82	CA	3F	9D	A4	E5	C7	EE	0C	E6	C7	E2	69	E7	C7	58	74	E5	C7	A1	BB	34	C8	00	00	64	42	00	20	55	41	00	38	DA	42	00	C0	C1	43	00	D0	A9	42	00	00	00	00	00	00	00	00	00	00	00	00	00	00	00	00	00	00	00	00
5.418	3D DATA	true	-	65534	65535	22040	-117577.2	-117785.9	-118483.8	-117480.7	-185070.5	57.0	13.3	109.1	387.5	84.9	-	-	-	-	-
5.451	3D MESSAGE	4E	00	81	91	30	59	BD	8D	FE	FF	FF	FF	E4	62	00	82	CA	3F	F6	A6	E5	C7	AD	0D	E6	C7	DE	70	E7	C7	D0	8D	E5	C7	B9	BD	34	C8	00	38	51	42	00	40	3D	41	00	48	BE	42	00	48	A8	43	00	10	99	42	00	00	00	00	00	00	00	00	00	00	00	00	00	00	00	00	00	00	00	00
5.451	3D DATA	true	-	65534	65535	25316	-117581.9	-117787.4	-118497.7	-117531.6	-185078.9	52.3	11.8	95.1	336.6	76.5	-	-	-	-	-
5.451	3D MESSAGE	4E	00	82	91	30	59	BE	8D	FE	FF	FF	FF	DD	6F	00	82	CA	3F	03	A9	E5	C7	4F	0E	E6	C7	BB	76	E7	C7	B7	A3	E5	C7	8F	BF	34	C8	00	D0	40	42	00	00	29	41	00	D4	A6	42	00	61	92	43	00	60	8A	42	00	00	00	00	00	00	00	00	00	00	00	00	00	00	00	00	00	00	00	00
5.451	3D DATA	true	-	65534	65535	28637	-117586.0	-117788.6	-118509.5	-117575.4	-185086.2	48.2	10.6	83.4	292.8	69.2	-	-	-	-	-
5.452	3D MESSAGE	4E	00	83	91	30	59	BF	8D	FE	FF	FF	FF	BA	7C	00	82	CA	3F	C6	AA	E5	C7	D4	0E	E6	C7	A4	7B	E7	C7	4B	B6	E5	C7	24	C1	34	C8	00	B8	32	42	00	60	18	41	00	30	93	42	00	9A	7F	43	00	70	7B	42	00	00	00	00	00	00	00	00	00	00	00	00	00	00	00	00	00	00	00	00
5.452	3D DATA	true	-	65534	65535	31930	-117589.5	-117789.7	-118519.3	-117612.6	-185092.6	44.7	9.5	73.6	255.6	62.9	-	-	-	-	-
5.452	3D MESSAGE	4E	00	84	91	30	59	C0	8D	FE	FF	FF	FF	38	89	00	82	CA	3F	46	AC	E5	C7	3E	0F	E6	C7	BE	7F	E7	C7	E9	C5	E5	C7	7E	C2	34	C8	00	B8	26	42	00	20	0B	41	00	C8	82	42	00	5E	60	43	00	D0	65	42	00	00	00	00	00	00	00	00	00	00	00	00	00	00	00	00	00	00	00	00
5.452	3D DATA	true	-	65534	65535	35128	-117592.5	-117790.5	-118527.5	-117643.8	-185098.0	41.7	8.7	65.4	224.4	57.5	-	-	-	-	-
5.452	3D MESSAGE	52	00	85	91	32	59	C1	8D	00	00	00	88	FE	FF	FD	FF	22	95	00	82	CA	3F	8F	AD	E5	C7	90	0F	E6	C7	2A	83	E7	C7	F9	D2	E5	C7	A4	C3	34	C8	00	70	1C	42	00	E0	00	41	00	30	6A	42	00	3E	46	43	00	70	53	42	00	00	00	00	00	00	00	00	00	00	00	00	00	00	00	00	00	00	00	00
5.452	3D DATA	true	-	65534	65533	38178	-117595.1	-117791.1	-118534.3	-117669.9	-185102.6	39.1	8.1	58.5	198.2	52.9	-	-	-	-	-
5.453	3D MESSAGE	4E	00	86	91	30	59	C2	8D	FE	FF	EA	FF	59	A0	00	82	CA	3F	B0	AE	E5	C7	D0	0F	E6	C7	03	86	E7	C7	E5	DD	E5	C7	9E	C4	34	C8	00	68	13	42	00	C0	F1	40	00	68	53	42	00	66	30	43	00	D0	43	42	00	00	00	00	00	00	00	00	00	00	00	00	00	00	00	00	00	00	00	00
5.453	3D DATA	true	-	65534	65514	41049	-117597.4	-117791.6	-118540.0	-117691.8	-185106.5	36.9	7.6	52.9	176.4	49.0	-	-	-	-	-
5.453	3D MESSAGE	48	00	87	91	20	59	C3	8C	00	82	CA	3F	B9	AF	E5	C7	02	10	E6	C7	67	88	E7	C7	12	E7	E5	C7	72	C5	34	C8	00	20	0B	42	00	40	E5	40	00	48	40	42	00	0C	1E	43	00	90	36	42	00	00	00	00	00	00	00	00	00	00	00	00	00	00	00	00	00	00	00	00
5.453	3D DATA	true	-	-	-	-	-117599.4	-117792.0	-118544.8	-117710.1	-185109.8	34.8	7.2	48.1	158.0	45.6	-	-	-	-	-
5.479	3D MESSAGE	48	00	88	91	20	59	C4	8C	00	82	CA	3F	B6	B0	E5	C7	29	10	E6	C7	70	8A	E7	C7	D9	EE	E5	C7	29	C6	34	C8	00	38	03	42	00	80	DB	40	00	00	30	42	00	7E	0E	43	00	20	2B	42	00	00	00	00	00	00	00	00	00	00	00	00	00	00	00	00	00	00	00	00
5.479	3D DATA	true	-	-	-	-	-117601.4	-117792.3	-118548.9	-117725.7	-185112.6	32.8	6.9	44.0	142.5	42.8	-	-	-	-	-
5.479	3D MESSAGE	48	00	89	91	20	59	C5	8C	00	82	CA	3F	AE	B1	E5	C7	4A	10	E6	C7	33	8C	E7	C7	86	F5	E5	C7	C8	C6	34	C8	00	F0	F6	41	00	40	D3	40	00	E8	21	42	00	24	01	43	00	30	21	42	00	00	00	00	00	00	00	00	00	00	00	00	00	00	00	00	00	00	00	00
5.479	3D DATA	true	-	-	-	-	-117603.4	-117792.6	-118552.4	-117739.0	-185115.1	30.9	6.6	40.5	129.1	40.3	-	-	-	-	-
5.480	3D MESSAGE	48	00	8A	91	20	59	C6	8C	00	82	CA	3F	A4	B2	E5	C7	63	10	E6	C7	C0	8D	E7	C7	52	FB	E5	C7	55	C7	34	C8	00	90	E7	41	00	00	CD	40	00	80	15	42	00	18	EB	42	00	60	18	42	00	00	00	00	00	00	00	00	00	00	00	00	00	00	00	00	00	00	00	00
5.480	3D DATA	true	-	-	-	-	-117605.3	-117792.8	-118555.5	-117750.6	-185117.3	28.9	6.4	37.4	117.5	38.1	-	-	-	-	-
5.480	3D MESSAGE	48	00	8B	91	20	59	C7	8C	00	82	CA	3F	92	B3	E5	C7	77	10	E6	C7	23	8F	E7	C7	6B	00	E6	C7	D3	C7	34	C8	00	B0	D8	41	00	00	C8	40	00	68	0A	42	00	B4	D6	42	00	80	10	42	00	00	00	00	00	00	00	00	00	00	00	00	00	00	00	00	00	00	00	00
5.480	3D DATA	true	-	-	-	-	-117607.1	-117792.9	-118558.3	-117760.8	-185119.3	27.1	6.2	34.6	107.4	36.1	-	-	-	-	-
5.481	3D MESSAGE	48	00	8C	91	20	59	C8	8C	00	82	CA	3F	73	B4	E5	C7	86	10	E6	C7	60	90	E7	C7	EF	04	E6	C7	43	C8	34	C8	00	A0	CA	41	00	40	C4	40	00	80	00	42	00	A4	C4	42	00	80	09	42	00	00	00	00	00	00	00	00	00	00	00	00	00	00	00	00	00	00	00	00
5.481	3D DATA	true	-	-	-	-	-117608.9	-117793.0	-118560.8	-117769.9	-185121.0	25.3	6.1	32.1	98.3	34.4	-	-	-	-	-
5.481	3D MESSAGE	48	00	8D	91	20	59	C9	8C	00	82	CA	3F	3F	B5	E5	C7	90	10	E6	C7	7A	91	E7	C7	F0	08	E6	C7	A8	C8	34	C8	00	E0	BD	41	00	C0	C1	40	00	60	EF	41	00	A0	B4	42	00	30	03	42	00	00	00	00	00	00	00	00	00	00	00	00	00	00	00	00	00	00	00	00
5.481	3D DATA	true	-	-	-	-	-117610.5	-117793.1	-118563.0	-117777.9	-185122.6	23.7	6.1	29.9	90.3	32.8	-	-	-	-	-
5.514	3D MESSAGE	48	00	8E	91	20	59	CA	8C	00	82	CA	3F	F0	B5	E5	C7	98	10	E6	C7	70	92	E7	C7	7A	0C	E6	C7	02	C9	34	C8	00	D0	B2	41	00	C0	BF	40	00	00	E0	41	00	78	A6	42	00	20	FB	41	00	00	00	00	00	00	00	00	00	00	00	00	00	00	00	00	00	00	00	00
5.514	3D DATA	true	-	-	-	-	-117611.9	-117793.2	-118564.9	-117785.0	-185124.0	22.4	6.0	28.0	83.2	31.4	-	-	-	-	-
5.514	3D MESSAGE	48	00	8F	91	20	59	CB	8C	00	82	CA	3F	83	B6	E5	C7	A0	10	E6	C7	45	93	E7	C7	99	0F	E6	C7	56	C9	34	C8	00	A0	A9	41	00	C0	BD	40	00	B0	D2	41	00	FC	99	42	00	A0	F0	41	00	00	00	00	00	00	00	00	00	00	00	00	00	00	00	00	00	00	00	00
5.514	3D DATA	true	-	-	-	-	-117613.0	-117793.2	-118566.5	-117791.2	-185125.3	21.2	5.9	26.3	77.0	30.1	-	-	-	-	-
5.514	3D MESSAGE	4C	00	90	91	22	59	CC	8C	02	10	00	08	00	82	CA	3F	FA	B6	E5	C7	AC	10	E6	C7	FB	93	E7	C7	54	12	E6	C7	A3	C9	34	C8	00	30	A2	41	00	C0	BA	40	00	50	C7	41	00	10	8F	42	00	00	E7	41	00	00	00	00	00	00	00	00	00	00	00	00	00	00	00	00	00	00	00	00
5.514	3D DATA	true	-	-	-	-	-117614.0	-117793.3	-118568.0	-117796.7	-185126.5	20.3	5.8	24.9	71.5	28.9	-	-	-	-	Flick West -> East
5.515	3D MESSAGE	48	00	91	91	20	59	CD	8C	00	82	CA	3F	59	B7	E5	C7	BF	10	E6	C7	98	94	E7	C7	B9	14	E6	C7	ED	C9	34	C8	00	40	9C	41	00	00	B6	40	00	80	BD	41	00	7C	85	42	00	C0	DD	41	00	00	00	00	00	00	00	00	00	00	00	00	00	00	00	00	00	00	00	00
5.515	3D DATA	true	-	-	-	-	-117614.7	-117793.5	-118569.2	-117801.4	-185127.7	19.5	5.7	23.7	66.7	27.7	-	-	-	-	-
5.515	3D MESSAGE	48	00	92	91	20	59	CE	8C	00	82	CA	3F	A4	B7	E5	C7	DA	10	E6	C7	22	95	E7	C7	D4	16	E6	C7	37	CA	34	C8	00	90	97	41	00	40	AF	40	00	E0	B4	41	00	20	7A	42	00	80	D4	41	00	00	00	00	00	00	00	00	00	00	00	00	00	00	00	00	00	00	00	00
5.515	3D DATA	true	-	-	-	-	-117615.3	-117793.7	-118570.3	-117805.7	-185128.9	18.9	5.5	22.6	62.5	26.6	-	-	-	-	-
5.515	3D MESSAGE	48	00	93	91	20	59	CF	8C	00	82	CA	3F	E3	B7	E5	C7	FF	10	E6	C7	9F	95	E7	C7	B5	18	E6	C7	81	CA	34	C8	00	A0	93	41	00	00	A6	40	00	10	AD	41	00	18	6B	42	00	40	CB	41	00	00	00	00	00	00	00	00	00	00	00	00	00	00	00	00	00	00	00	00
5.515	3D DATA	true	-	-	-	-	-117615.8	-117794.0	-118571.2	-117809.4	-185130.0	18.5	5.2	21.6	58.8	25.4	-	-	-	-	-
5.516	3D MESSAGE	48	00	94	91	20	59	D0	8C	00	82	CA	3F	1C	B8	E5	C7	2C	11	E6	C7	16	96	E7	C7	6C	1A	E6	C7	CD	CA	34	C8	00	10	90	41	00	C0	9A	40	00	A0	A5	41	00	60	5D	42	00	C0	C1	41	00	00	00	00	00	00	00	00	00	00	00	00	00	00	00	00	00	00	00	00
5.516	3D DATA	true	-	-	-	-	-117616.2	-117794.3	-118572.2	-117812.8	-185131.2	18.0	4.8	20.7	55.3	24.2	-	-	-	-	-
5.543	3D MESSAGE	48	00	95	91	20	59	D1	8C	FA	4A	2F	41	59	B8	E5	C7	60	11	E6	C7	8B	96	E7	C7	06	1C	E6	C7	19	CB	34	C8	00	40	8C	41	00	C0	8D	40	00	50	9E	41	00	90	50	42	00	40	B8	41	00	00	00	00	00	00	00	00	00	00	00	00	00	00	00	00	00	00	00	00
5.543	3D DATA	true	-	-	-	-	-117616.7	-117794.8	-118573.1	-117816.0	-185132.4	17.5	4.4	19.8	52.1	23.0	-	-	-	-	-
5.544	3D MESSAGE	48	00	96	91	20	59	D2	8C	FA	4A	2F	41	9F	B8	E5	C7	98	11	E6	C7	FF	96	E7	C7	8D	1D	E6	C7	65	CB	34	C8	00	E0	87	41	00	80	7F	40	00	10	97	41	00	58	44	42	00	C0	AE	41	00	00	00	00	00	00	00	00	00	00	00	00	00	00	00	00	00	00	00	00
5.544	3D DATA	true	-	-	-	-	-117617.2	-117795.2	-118574.0	-117819.1	-185133.6	17.0	4.0	18.9	49.1	21.8	-	-	-	-	-
5.544	3D MESSAGE	48	00	97	91	20	59	D3	8C	FA	4A	2F	41	F1	B8	E5	C7	D0	11	E6	C7	73	97	E7	C7	04	1F	E6	C7	AF	CB	34	C8	00	C0	82	41	00	80	63	40	00	D0	8F	41	00	A0	38	42	00	80	A5	41	00	00	00	00	00	00	00	00	00	00	00	00	00	00	00	00	00	00	00	00
5.544	3D DATA	true	-	-	-	-	-117617.9	-117795.6	-118574.9	-117822.0	-185134.7	16.3	3.6	18.0	46.2	20.7	-	-	-	-	-
5.544	3D MESSAGE	48	00	98	91	20	59	D4	8C	FA	4A	2F	41	53	B9	E5	C7	06	12	E6	C7	E7	97	E7	C7	6D	20	E6	C7	F4	CB	34	C8	00	40	79	41	00	80	48	40	00	90	88	41	00	58	2D	42	00	E0	9C	41	00	00	00	00	00	00	00	00	00	00	00	00	00	00	00	00	00	00	00	00
5.544	3D DATA	true	-	-	-	-	-117618.6	-117796.0	-118575.8	-117824.9	-185135.8	15.6	3.1	17.1	43.3	19.6	-	-	-	-	-
5.545	3D MESSAGE	48	00	99	91	20	59	D5	8C	FA	4A	2F	41	C0	B9	E5	C7	38	12	E6	C7	5B	98	E7	C7	C3	21	E6	C7	35	CC	34	C8	00	A0	6B	41	00	80	2F	40	00	50	81	41	00	A8	22	42	00	C0	94	41	00	00	00	00	00	00	00	00	00	00	00	00	00	00	00	00	00	00	00	00
5.545	3D DATA	true	-	-	-	-	-117619.5	-117796.4	-118576.7	-117827.5	-185136.8	14.7	2.7	16.2	40.7	18.6	-	-	-	-	-
5.545	3D MESSAGE	4C	00	9A	91	22	59	D6	8C	00	00	00	00	FA	4A	2F	41	36	BA	E5	C7	66	12	E6	C7	CB	98	E7	C7	03	23	E6	C7	73	CC	34	C8	00	E0	5C	41	00	80	18	40	00	A0	74	41	00	A8	18	42	00	00	8D	41	00	00	00	00	00	00	00	00	00	00	00	00	00	00	00	00	00	00	00	00
5.545	3D DATA	true	-	-	-	-	-117620.4	-117796.8	-118577.6	-117830.0	-185137.8	13.8	2.4	15.3	38.2	17.6	-	-	-	-	-
5.573	3D MESSAGE	48	00	9B	91	20	59	D7	8C	FA	4A	2F	41	AC	BA	E5	C7	8E	12	E6	C7	36	99	E7	C7	2A	24	E6	C7	B0	CC	34	C8	00	20	4E	41	00	80	04	40	00	40	67	41	00	70	0F	42	00	60	85	41	00	00	00	00	00	00	00	00	00	00	00	00	00	00	00	00	00	00	00	00
5.573	3D DATA	true	-	-	-	-	-117621.3	-117797.1	-118578.4	-117832.3	-185138.8	12.9	2.1	14.5	35.9	16.7	-	-	-	-	-
5.573	3D MESSAGE	48	00	9C	91	20	59	D8	8C	FA	4A	2F	41	1D	BB	E5	C7	B1	12	E6	C7	9A	99	E7	C7	37	25	E6	C7	EC	CC	34	C8	00	00	40	41	00	00	E6	3F	00	C0	5A	41	00	08	07	42	00	C0	7B	41	00	00	00	00	00	00	00	00	00	00	00	00	00	00	00	00	00	00	00	00
5.573	3D DATA	true	-	-	-	-	-117622.2	-117797.4	-118579.2	-117834.4	-185139.7	12.0	1.8	13.7	33.8	15.7	-	-	-	-	-
5.574	3D MESSAGE	48	00	9D	91	20	59	D9	8C	FA	4A	2F	41	83	BB	E5	C7	D0	12	E6	C7	F2	99	E7	C7	2C	26	E6	C7	29	CD	34	C8	00	40	33	41	00	00	C7	3F	00	C0	4F	41	00	C0	FE	41	00	80	6C	41	00	00	00	00	00	00	00	00	00	00	00	00	00	00	00	00	00	00	00	00
5.574	3D DATA	true	-	-	-	-	-117623.0	-117797.6	-118579.9	-117836.3	-185140.6	11.2	1.6	13.0	31.8	14.8	-	-	-	-	-
5.574	3D MESSAGE	48	00	9E	91	20	59	DA	8C	FA	4A	2F	41	DA	BB	E5	C7	ED	12	E6	C7	3E	9A	E7	C7	0D	27	E6	C7	65	CD	34	C8	00	60	28	41	00	00	AA	3F	00	40	46	41	00	B0	F0	41	00	80	5D	41	00	00	00	00	00	00	00	00	00	00	00	00	00	00	00	00	00	00	00	00
5.574	3D DATA	true	-	-	-	-	-117623.7	-117797.9	-118580.5	-117838.1	-185141.6	10.5	1.3	12.4	30.1	13.8	-	-	-	-	-
5.574	3D MESSAGE	48	00	9F	91	20	59	DB	8C	FA	4A	2F	41	23	BC	E5	C7	07	13	E6	C7	80	9A	E7	C7	DD	27	E6	C7	9E	CD	34	C8	00	40	1F	41	00	00	90	3F	00	00	3E	41	00	B0	E3	41	00	40	4F	41	00	00	00	00	00	00	00	00	00	00	00	00	00	00	00	00	00	00	00	00
5.574	3D DATA	true	-	-	-	-	-117624.3	-117798.1	-118581.0	-117839.7	-185142.5	10.0	1.1	11.9	28.5	13.0	-	-	-	-	-
5.604	3D MESSAGE	48	00	A0	91	20	59	DC	8C	FA	4A	2F	41	5F	BC	E5	C7	1F	13	E6	C7	B8	9A	E7	C7	9F	28	E6	C7	D0	CD	34	C8	00	C0	17	41	00	00	70	3F	00	00	37	41	00	90	D7	41	00	C0	42	41	00	00	00	00	00	00	00	00	00	00	00	00	00	00	00	00	00	00	00	00
5.604	3D DATA	true	-	-	-	-	-117624.7	-117798.2	-118581.4	-117841.2	-185143.2	9.5	0.9	11.4	26.9	12.2	-	-	-	-	-
5.605	3D MESSAGE	48	00	A1	91	20	59	DD	8C	FA	4A	2F	41	94	BC	E5	C7	36	13	E6	C7	EE	9A	E7	C7	56	29	E6	C7	FA	CD	34	C8	00	20	11	41	00	00	42	3F	00	40	30	41	00	20	CC	41	00	40	38	41	00	00	00	00	00	00	00	00	00	00	00	00	00	00	00	00	00	00	00	00
5.605	3D DATA	true	-	-	-	-	-117625.2	-117798.4	-118581.9	-117842.7	-185143.9	9.1	0.8	11.0	25.5	11.5	-	-	-	-	-
5.605	3D MESSAGE	48	00	A2	91	20	59	DE	8C	FA	4A	2F	41	C6	BC	E5	C7	4F	13	E6	C7	27	9B	E7	C7	06	2A	E6	C7	1E	CE	34	C8	00	E0	0A	41	00	00	10	3F	00	20	29	41	00	20	C1	41	00	40	2F	41	00	00	00	00	00	00	00	00	00	00	00	00	00	00	00	00	00	00	00	00
5.605	3D DATA	true	-	-	-	-	-117625.5	-117798.6	-118582.3	-117844.0	-185144.5	8.7	0.6	10.6	24.1	11.0	-	-	-	-	-
5.605	3D MESSAGE	48	00	A3	91	20	59	DF	8C	FA	4A	2F	41	FB	BC	E5	C7	6B	13	E6	C7	66	9B	E7	C7	B0	2A	E6	C7	3D	CE	34	C8	00	40	04	41	00	00	B0	3E	00	40	21	41	00	80	B6	41	00	80	27	41	00	00	00	00	00	00	00	00	00	00	00	00	00	00	00	00	00	00	00	00
5.605	3D DATA	true	-	-	-	-	-117626.0	-117798.8	-118582.8	-117845.4	-185145.0	8.3	0.3	10.1	22.8	10.5	-	-	-	-	-
5.606	3D MESSAGE	48	00	A4	91	20	59	E0	8C	FA	4A	2F	41	36	BD	E5	C7	8C	13	E6	C7	AE	9B	E7	C7	5A	2B	E6	C7	5C	CE	34	C8	00	C0	F9	40	00	00	B0	3D	00	40	18	41	00	E0	AB	41	00	C0	1F	41	00	00	00	00	00	00	00	00	00	00	00	00	00	00	00	00	00	00	00	00
5.606	3D DATA	true	-	-	-	-	-117626.4	-117799.1	-118583.4	-117846.7	-185145.4	7.8	0.1	9.5	21.5	10.0	-	-	-	-	-
5.606	3D MESSAGE	48	00	A5	91	20	59	E1	8C	FA	4A	2F	41	77	BD	E5	C7	B0	13	E6	C7	FC	9B	E7	C7	04	2C	E6	C7	7D	CE	34	C8	00	80	E9	40	00	00	48	BE	00	80	0E	41	00	40	A1	41	00	80	17	41	00	00	00	00	00	00	00	00	00	00	00	00	00	00	00	00	00	00	00	00
5.606	3D DATA	true	-	-	-	-	-117626.9	-117799.4	-118584.0	-117848.0	-185146.0	7.3	-0.2	8.9	20.2	9.5	-	-	-	-	-
5.606	3D MESSAGE	48	00	A6	91	20	59	E2	8C	FA	4A	2F	41	BC	BD	E5	C7	D9	13	E6	C7	4B	9C	E7	C7	AE	2C	E6	C7	A2	CE	34	C8	00	40	D8	40	00	00	04	BF	00	A0	04	41	00	A0	96	41	00	40	0E	41	00	00	00	00	00	00	00	00	00	00	00	00	00	00	00	00	00	00	00	00
5.606	3D DATA	true	-	-	-	-	-117627.5	-117799.7	-118584.6	-117849.4	-185146.5	6.8	-0.5	8.3	18.8	8.9	-	-	-	-	-
5.635	3D MESSAGE	48	00	A7	91	20	59	E3	8C	FA	4A	2F	41	02	BE	E5	C7	02	14	E6	C7	97	9C	E7	C7	57	2D	E6	C7	CC	CE	34	C8	00	C0	C6	40	00	00	56	BF	00	40	F6	40	00	10	8C	41	00	C0	03	41	00	00	00	00	00	00	00	00	00	00	00	00	00	00	00	00	00	00	00	00
5.635	3D DATA	true	-	-	-	-	-117628.0	-117800.0	-118585.2	-117850.7	-185147.2	6.2	-0.8	7.7	17.5	8.2	-	-	-	-	-
5.636	3D MESSAGE	48	00	A8	91	20	59	E4	8C	FA	4A	2F	41	43	BE	E5	C7	2A	14	E6	C7	D9	9C	E7	C7	F9	2D	E6	C7	F5	CE	34	C8	00	80	B6	40	00	00	93	BF	00	C0	E5	40	00	F0	81	41	00	00	F3	40	00	00	00	00	00	00	00	00	00	00	00	00	00	00	00	00	00	00	00	00
5.636	3D DATA	true	-	-	-	-	-117628.5	-117800.3	-118585.7	-117851.9	-185147.8	5.7	-1.1	7.2	16.2	7.6	-	-	-	-	-
5.636	3D MESSAGE	48	00	A9	91	20	59	E5	8C	FA	4A	2F	41	79	BE	E5	C7	4E	14	E6	C7	10	9D	E7	C7	8E	2E	E6	C7	1B	CF	34	C8	00	00	A9	40	00	00	B7	BF	00	00	D8	40	00	40	71	41	00	00	E0	40	00	00	00	00	00	00	00	00	00	00	00	00	00	00	00	00	00	00	00	00
5.636	3D DATA	true	-	-	-	-	-117628.9	-117800.6	-118586.1	-117853.1	-185148.4	5.3	-1.4	6.8	15.1	7.0	-	-	-	-	-
5.636	3D MESSAGE	48	00	AA	91	20	59	E6	8C	FA	4A	2F	41	A1	BE	E5	C7	6A	14	E6	C7	38	9D	E7	C7	12	2F	E6	C7	38	CF	34	C8	00	00	9F	40	00	00	D3	BF	00	00	CE	40	00	C0	60	41	00	80	D1	40	00	00	00	00	00	00	00	00	00	00	00	00	00	00	00	00	00	00	00	00
5.636	3D DATA	true	-	-	-	-	-117629.3	-117800.8	-118586.4	-117854.1	-185148.9	5.0	-1.6	6.4	14.0	6.5	-	-	-	-	-
5.636	3D MESSAGE	48	00	AB	91	20	59	E7	8C	FA	4A	2F	41	BA	BE	E5	C7	7E	14	E6	C7	54	9D	E7	C7	80	2F	E6	C7	4A	CF	34	C8	00	C0	98	40	00	00	E7	BF	00	00	C7	40	00	00	53	41	00	80	C8	40	00	00	00	00	00	00	00	00	00	00	00	00	00	00	00	00	00	00	00	00
5.636	3D DATA	true	-	-	-	-	-117629.5	-117801.0	-118586.7	-117855.0	-185149.2	4.8	-1.8	6.2	13.2	6.3	-	-	-	-	-
5.636	3D MESSAGE	48	00	AC	91	20	59	E8	8C	FA	4A	2F	41	C5	BE	E5	C7	88	14	E6	C7	66	9D	E7	C7	D7	2F	E6	C7	51	CF	34	C8	00	00	96	40	00	00	F1	BF	00	80	C2	40	00	20	48	41	00	00	C5	40	00	00	00	00	00	00	00	00	00	00	00	00	00	00	00	00	00	00	00	00
5.637	3D DATA	true	-	-	-	-	-117629.5	-117801.1	-118586.8	-117855.7	-185149.3	4.7	-1.9	6.1	12.5	6.2	-	-	-	-	-
5.670	3D MESSAGE	48	00	AD	91	20	59	E9	8C	FA	4A	2F	41	C6	BE	E5	C7	8A	14	E6	C7	70	9D	E7	C7	1B	30	E6	C7	4E	CF	34	C8	00	C0	95	40	00	00	F3	BF	00	00	C0	40	00	A0	3F	41	00	80	C6	40	00	00	00	00	00	00	00	00	00	00	00	00	00	00	00	00	00	00	00	00
5.670	3D DATA	true	-	-	-	-	-117629.5	-117801.1	-118586.9	-117856.2	-185149.2	4.7	-1.9	6.0	12.0	6.2	-	-	-	-	-
5.670	3D MESSAGE	48	00	AE	91	20	59	EA	8C	FA	4A	2F	41	C3	BE	E5	C7	85	14	E6	C7	78	9D	E7	C7	4F	30	E6	C7	48	CF	34	C8	00	80	96	40	00	00	EE	BF	00	00	BE	40	00	20	39	41	00	80	C9	40	00	00	00	00	00	00	00	00	00	00	00	00	00	00	00	00	00	00	00	00
5.670	3D DATA	true	-	-	-	-	-117629.5	-117801.0	-118586.9	-117856.6	-185149.1	4.7	-1.9	5.9	11.6	6.3	-	-	-	-	-
5.671	3D MESSAGE	48	00	AF	91	20	59	EB	8C	FA	4A	2F	41	C2	BE	E5	C7	7E	14	E6	C7	84	9D	E7	C7	7A	30	E6	C7	43	CF	34	C8	00	C0	96	40	00	00	E7	BF	00	00	BB	40	00	C0	33	41	00	00	CC	40	00	00	00	00	00	00	00	00	00	00	00	00	00	00	00	00	00	00	00	00
5.671	3D DATA	true	-	-	-	-	-117629.5	-117801.0	-118587.0	-117857.0	-185149.0	4.7	-1.8	5.8	11.2	6.4	-	-	-	-	-
5.671	3D MESSAGE	48	00	B0	91	20	59	EC	8C	FA	4A	2F	41	C8	BE	E5	C7	78	14	E6	C7	96	9D	E7	C7	9F	30	E6	C7	44	CF	34	C8	00	40	95	40	00	00	E1	BF	00	80	B6	40	00	20	2F	41	00	80	CB	40	00	00	00	00	00	00	00	00	00	00	00	00	00	00	00	00	00	00	00	00
5.671	3D DATA	true	-	-	-	-	-117629.6	-117800.9	-118587.2	-117857.2	-185149.1	4.7	-1.8	5.7	10.9	6.4	-	-	-	-	-
5.671	3D MESSAGE	48	00	B1	91	20	59	ED	8C	FA	4A	2F	41	D8	BE	E5	C7	79	14	E6	C7	B4	9D	E7	C7	C5	30	E6	C7	4F	CF	34	C8	00	40	91	40	00	00	E2	BF	00	00	AF	40	00	60	2A	41	00	00	C6	40	00	00	00	00	00	00	00	00	00	00	00	00	00	00	00	00	00	00	00	00
5.671	3D DATA	true	-	-	-	-	-117629.7	-117800.9	-118587.4	-117857.5	-185149.2	4.5	-1.8	5.5	10.6	6.2	-	-	-	-	-
5.671	3D MESSAGE	48	00	B2	91	20	59	EE	8C	FA	4A	2F	41	F4	BE	E5	C7	82	14	E6	C7	DF	9D	E7	C7	EF	30	E6	C7	64	CF	34	C8	00	40	8A	40	00	00	EB	BF	00	40	A4	40	00	20	25	41	00	80	BB	40	00	00	00	00	00	00	00	00	00	00	00	00	00	00	00	00	00	00	00	00
5.671	3D DATA	true	-	-	-	-	-117629.9	-117801.0	-118587.7	-117857.9	-185149.6	4.3	-1.8	5.1	10.3	5.9	-	-	-	-	-
5.672	3D MESSAGE	48	00	B3	91	20	59	EF	8C	FA	4A	2F	41	18	BF	E5	C7	96	14	E6	C7	13	9E	E7	C7	1E	31	E6	C7	80	CF	34	C8	00	40	81	40	00	00	FF	BF	00	40	97	40	00	40	1F	41	00	80	AD	40	00	00	00	00	00	00	00	00	00	00	00	00	00	00	00	00	00	00	00	00
5.672	3D DATA	true	-	-	-	-	-117630.2	-117801.2	-118588.1	-117858.2	-185150.0	4.0	-2.0	4.7	10.0	5.4	-	-	-	-	-
5.698	3D MESSAGE	48	00	B4	91	20	59	F0	8C	FA	4A	2F	41	44	BF	E5	C7	B3	14	E6	C7	4C	9E	E7	C7	52	31	E6	C7	9E	CF	34	C8	00	80	6C	40	00	00	0E	C0	00	00	89	40	00	C0	18	41	00	80	9E	40	00	00	00	00	00	00	00	00	00	00	00	00	00	00	00	00	00	00	00	00
5.698	3D DATA	true	-	-	-	-	-117630.5	-117801.4	-118588.6	-117858.6	-185150.5	3.7	-2.2	4.3	9.5	5.0	-	-	-	-	-
5.698	3D MESSAGE	48	00	B5	91	20	59	F1	8C	FA	4A	2F	41	72	BF	E5	C7	D6	14	E6	C7	85	9E	E7	C7	8A	31	E6	C7	BA	CF	34	C8	00	80	55	40	00	80	1F	C0	00	80	75	40	00	C0	11	41	00	80	90	40	00	00	00	00	00	00	00	00	00	00	00	00	00	00	00	00	00	00	00	00
5.698	3D DATA	true	-	-	-	-	-117630.9	-117801.7	-118589.0	-117859.1	-185150.9	3.3	-2.5	3.8	9.1	4.5	-	-	-	-	-
5.698	3D MESSAGE	48	00	B6	91	20	59	F2	8C	FA	4A	2F	41	9E	BF	E5	C7	FA	14	E6	C7	B8	9E	E7	C7	C4	31	E6	C7	CF	CF	34	C8	00	80	3F	40	00	80	31	C0	00	00	5C	40	00	80	0A	41	00	00	86	40	00	00	00	00	00	00	00	00	00	00	00	00	00	00	00	00	00	00	00	00
5.698	3D DATA	true	-	-	-	-	-117631.2	-117802.0	-118589.4	-117859.5	-185151.2	3.0	-2.8	3.4	8.7	4.2	-	-	-	-	-
5.699	3D MESSAGE	48	00	B7	91	20	59	F3	8C	FA	4A	2F	41	C6	BF	E5	C7	1C	15	E6	C7	E0	9E	E7	C7	00	32	E6	C7	DD	CF	34	C8	00	80	2B	40	00	80	42	C0	00	00	48	40	00	00	03	41	00	00	7E	40	00	00	00	00	00	00	00	00	00	00	00	00	00	00	00	00	00	00	00	00
5.699	3D DATA	true	-	-	-	-	-117631.5	-117802.2	-118589.8	-117860.0	-185151.5	2.7	-3.0	3.1	8.2	4.0	-	-	-	-	-
5.699	3D MESSAGE	48	00	B8	91	20	59	F4	8C	FA	4A	2F	41	E4	BF	E5	C7	38	15	E6	C7	FB	9E	E7	C7	3C	32	E6	C7	E2	CF	34	C8	00	80	1C	40	00	80	50	C0	00	80	3A	40	00	00	F7	40	00	00	79	40	00	00	00	00	00	00	00	00	00	00	00	00	00	00	00	00	00	00	00	00
5.699	3D DATA	true	-	-	-	-	-117631.8	-117802.4	-118590.0	-117860.5	-185151.5	2.4	-3.3	2.9	7.7	3.9	-	-	-	-	-
5.729	3D MESSAGE	48	00	B9	91	20	59	F5	8C	FA	4A	2F	41	FA	BF	E5	C7	4C	15	E6	C7	0A	9F	E7	C7	78	32	E6	C7	E1	CF	34	C8	00	80	11	40	00	80	5A	C0	00	00	33	40	00	00	E8	40	00	00	7A	40	00	00	00	00	00	00	00	00	00	00	00	00	00	00	00	00	00	00	00	00
5.729	3D DATA	true	-	-	-	-	-117632.0	-117802.6	-118590.1	-117860.9	-185151.5	2.3	-3.4	2.8	7.2	3.9	-	-	-	-	-
5.730	3D MESSAGE	48	00	BA	91	20	59	F6	8C	FA	4A	2F	41	09	C0	E5	C7	54	15	E6	C7	0D	9F	E7	C7	B2	32	E6	C7	DD	CF	34	C8	00	00	0A	40	00	80	5E	C0	00	80	31	40	00	80	D9	40	00	00	7E	40	00	00	00	00	00	00	00	00	00	00	00	00	00	00	00	00	00	00	00	00
5.730	3D DATA	true	-	-	-	-	-117632.1	-117802.7	-118590.1	-117861.4	-185151.5	2.2	-3.5	2.8	6.8	4.0	-	-	-	-	-
5.730	3D MESSAGE	48	00	BB	91	20	59	F7	8C	FA	4A	2F	41	10	C0	E5	C7	52	15	E6	C7	05	9F	E7	C7	E8	32	E6	C7	D7	CF	34	C8	00	80	06	40	00	80	5D	C0	00	80	35	40	00	00	CC	40	00	00	82	40	00	00	00	00	00	00	00	00	00	00	00	00	00	00	00	00	00	00	00	00
5.730	3D DATA	true	-	-	-	-	-117632.1	-117802.6	-118590.0	-117861.8	-185151.4	2.1	-3.5	2.8	6.4	4.1	-	-	-	-	-
5.731	3D MESSAGE	48	00	BC	91	20	59	F8	8C	FA	4A	2F	41	14	C0	E5	C7	46	15	E6	C7	F4	9E	E7	C7	19	33	E6	C7	D1	CF	34	C8	00	80	04	40	00	80	57	C0	00	00	3E	40	00	C0	BF	40	00	00	85	40	00	00	00	00	00	00	00	00	00	00	00	00	00	00	00	00	00	00	00	00
5.731	3D DATA	true	-	-	-	-	-117632.2	-117802.5	-118589.9	-117862.2	-185151.3	2.1	-3.4	3.0	6.0	4.2	-	-	-	-	-
5.731	3D MESSAGE	48	00	BD	91	20	59	F9	8C	10	93	58	3D	14	C0	E5	C7	31	15	E6	C7	DB	9E	E7	C7	3F	33	E6	C7	CC	CF	34	C8	00	80	04	40	00	00	4D	C0	00	80	4A	40	00	40	B6	40	00	80	87	40	00	00	00	00	00	00	00	00	00	00	00	00	00	00	00	00	00	00	00	00
5.731	3D DATA	true	-	-	-	-	-117632.2	-117802.4	-118589.7	-117862.5	-185151.2	2.1	-3.2	3.2	5.7	4.2	-	-	-	-	-
5.731	3D MESSAGE	48	00	BE	91	20	59	FA	8C	10	93	58	3D	12	C0	E5	C7	17	15	E6	C7	BD	9E	E7	C7	58	33	E6	C7	C6	CF	34	C8	00	80	05	40	00	00	40	C0	00	80	59	40	00	00	B0	40	00	80	8A	40	00	00	00	00	00	00	00	00	00	00	00	00	00	00	00	00	00	00	00	00
5.731	3D DATA	true	-	-	-	-	-117632.1	-117802.2	-118589.5	-117862.7	-185151.1	2.1	-3.0	3.4	5.5	4.3	-	-	-	-	-
5.732	3D MESSAGE	48	00	BF	91	20	59	FB	8C	10	93	58	3D	0E	C0	E5	C7	FC	14	E6	C7	9E	9E	E7	C7	63	33	E6	C7	C0	CF	34	C8	00	80	07	40	00	80	32	C0	00	00	69	40	00	40	AD	40	00	80	8D	40	00	00	00	00	00	00	00	00	00	00	00	00	00	00	00	00	00	00	00	00
5.732	3D DATA	true	-	-	-	-	-117632.1	-117802.0	-118589.2	-117862.8	-185151.0	2.1	-2.8	3.6	5.4	4.4	-	-	-	-	-
5.762	3D MESSAGE	48	00	C0	91	20	59	FC	8C	10	93	58	3D	0C	C0	E5	C7	E5	14	E6	C7	85	9E	E7	C7	63	33	E6	C7	BA	CF	34	C8	00	80	08	40	00	00	27	C0	00	80	75	40	00	40	AD	40	00	80	90	40	00	00	00	00	00	00	00	00	00	00	00	00	00	00	00	00	00	00	00	00
5.762	3D DATA	true	-	-	-	-	-117632.1	-117801.8	-118589.0	-117862.8	-185150.9	2.1	-2.6	3.8	5.4	4.5	-	-	-	-	-
5.762	3D MESSAGE	48	00	C1	91	20	59	FD	8C	10	93	58	3D	0E	C0	E5	C7	D9	14	E6	C7	7B	9E	E7	C7	5E	33	E6	C7	B7	CF	34	C8	00	80	07	40	00	00	21	C0	00	80	7A	40	00	80	AE	40	00	00	92	40	00	00	00	00	00	00	00	00	00	00	00	00	00	00	00	00	00	00	00	00
5.762	3D DATA	true	-	-	-	-	-117632.1	-117801.7	-118589.0	-117862.7	-185150.9	2.1	-2.5	3.9	5.5	4.6	-	-	-	-	-
5.763	3D MESSAGE	48	00	C2	91	20	59	FE	8C	10	93	58	3D	16	C0	E5	C7	DC	14	E6	C7	87	9E	E7	C7	5E	33	E6	C7	BA	CF	34	C8	00	80	03	40	00	80	22	C0	00	80	74	40	00	80	AE	40	00	80	90	40	00	00	00	00	00	00	00	00	00	00	00	00	00	00	00	00	00	00	00	00
5.763	3D DATA	true	-	-	-	-	-117632.2	-117801.7	-118589.1	-117862.7	-185150.9	2.1	-2.5	3.8	5.5	4.5	-	-	-	-	-
5.763	3D MESSAGE	48	00	C3	91	20	59	FF	8C	10	93	58	3D	28	C0	E5	C7	F2	14	E6	C7	AE	9E	E7	C7	6C	33	E6	C7	C8	CF	34	C8	00	00	F5	3F	00	80	2D	C0	00	00	61	40	00	00	AB	40	00	80	89	40	00	00	00	00	00	00	00	00	00	00	00	00	00	00	00	00	00	00	00	00
5.763	3D DATA	true	-	-	-	-	-117632.3	-117801.9	-118589.4	-117862.8	-185151.1	1.9	-2.7	3.5	5.3	4.3	-	-	-	-	-
5.763	3D MESSAGE	48	00	C4	91	20	59	00	8C	10	93	58	3D	43	C0	E5	C7	1C	15	E6	C7	F0	9E	E7	C7	89	33	E6	C7	E1	CF	34	C8	00	00	DA	3F	00	80	42	C0	00	00	40	40	00	C0	A3	40	00	00	7A	40	00	00	00	00	00	00	00	00	00	00	00	00	00	00	00	00	00	00	00	00
5.763	3D DATA	true	-	-	-	-	-117632.5	-117802.2	-118589.9	-117863.1	-185151.5	1.7	-3.0	3.0	5.1	3.9	-	-	-	-	-
5.764	3D MESSAGE	48	00	C5	91	20	59	01	8C	10	93	58	3D	62	C0	E5	C7	55	15	E6	C7	46	9F	E7	C7	B6	33	E6	C7	05	D0	34	C8	00	00	BB	3F	00	00	5F	C0	00	00	15	40	00	80	98	40	00	00	56	40	00	00	00	00	00	00	00	00	00	00	00	00	00	00	00	00	00	00	00	00
5.764	3D DATA	true	-	-	-	-	-117632.8	-117802.7	-118590.5	-117863.4	-185152.1	1.5	-3.5	2.3	4.8	3.3	-	-	-	-	-
5.793	3D MESSAGE	48	00	C6	91	20	59	02	8C	10	93	58	3D	80	C0	E5	C7	94	15	E6	C7	A3	9F	E7	C7	EA	33	E6	C7	2E	D0	34	C8	00	00	9D	3F	00	80	7E	C0	00	00	CD	3F	00	80	8B	40	00	00	2D	40	00	00	00	00	00	00	00	00	00	00	00	00	00	00	00	00	00	00	00	00
5.793	3D DATA	true	-	-	-	-	-117633.0	-117803.2	-118591.3	-117863.8	-185152.7	1.2	-4.0	1.6	4.4	2.7	-	-	-	-	-
5.794	3D MESSAGE	48	00	C7	91	20	59	03	8C	10	93	58	3D	96	C0	E5	C7	D1	15	E6	C7	F8	9F	E7	C7	1D	34	E6	C7	57	D0	34	C8	00	00	87	3F	00	80	8E	C0	00	00	70	3F	00	80	7D	40	00	00	04	40	00	00	00	00	00	00	00	00	00	00	00	00	00	00	00	00	00	00	00	00
5.794	3D DATA	true	-	-	-	-	-117633.2	-117803.6	-118591.9	-117864.2	-185153.4	1.1	-4.5	0.9	4.0	2.1	-	-	-	-	-
5.794	3D MESSAGE	48	00	C8	91	20	59	04	8C	10	93	58	3D	A0	C0	E5	C7	02	16	E6	C7	38	A0	E7	C7	46	34	E6	C7	78	D0	34	C8	00	00	7A	3F	00	C0	9A	C0	00	00	E0	3E	00	00	69	40	00	00	C6	3F	00	00	00	00	00	00	00	00	00	00	00	00	00	00	00	00	00	00	00	00
5.794	3D DATA	true	-	-	-	-	-117633.2	-117804.0	-118592.4	-117864.5	-185153.9	1.0	-4.8	0.4	3.6	1.5	-	-	-	-	-
5.794	3D MESSAGE	48	00	C9	91	20	59	05	8C	10	93	58	3D	A1	C0	E5	C7	23	16	E6	C7	5B	A0	E7	C7	63	34	E6	C7	8D	D0	34	C8	00	00	78	3F	00	00	A3	C0	00	00	28	3E	00	80	5A	40	00	00	9C	3F	00	00	00	00	00	00	00	00	00	00	00	00	00	00	00	00	00	00	00	00
5.794	3D DATA	true	-	-	-	-	-117633.3	-117804.3	-118592.7	-117864.8	-185154.2	1.0	-5.1	0.2	3.4	1.2	-	-	-	-	-
5.795	3D MESSAGE	48	00	CA	91	20	59	06	8C	10	93	58	3D	9E	C0	E5	C7	34	16	E6	C7	61	A0	E7	C7	76	34	E6	C7	96	D0	34	C8	00	00	7E	3F	00	40	A7	C0	00	00	F0	3D	00	00	51	40	00	00	8A	3F	00	00	00	00	00	00	00	00	00	00	00	00	00	00	00	00	00	00	00	00
5.795	3D DATA	true	-	-	-	-	-117633.2	-117804.4	-118592.8	-117864.9	-185154.3	1.0	-5.2	0.1	3.3	1.1	-	-	-	-	-
5.795	3D MESSAGE	48	00	CB	91	20	59	07	8C	10	93	58	3D	9E	C0	E5	C7	3A	16	E6	C7	51	A0	E7	C7	86	34	E6	C7	96	D0	34	C8	00	00	7E	3F	00	C0	A8	C0	00	00	78	3E	00	00	49	40	00	00	8A	3F	00	00	00	00	00	00	00	00	00	00	00	00	00	00	00	00	00	00	00	00
5.795	3D DATA	true	-	-	-	-	-117633.2	-117804.5	-118592.6	-117865.0	-185154.3	1.0	-5.3	0.2	3.1	1.1	-	-	-	-	-
5.795	3D MESSAGE	48	00	CC	91	20	59	08	8C	10	93	58	3D	AA	C0	E5	C7	3D	16	E6	C7	36	A0	E7	C7	9C	34	E6	C7	92	D0	34	C8	00	00	66	3F	00	80	A9	C0	00	00	E8	3E	00	00	3E	40	00	00	92	3F	00	00	00	00	00	00	00	00	00	00	00	00	00	00	00	00	00	00	00	00
5.795	3D DATA	true	-	-	-	-	-117633.3	-117804.5	-118592.4	-117865.2	-185154.3	0.9	-5.3	0.5	3.0	1.1	-	-	-	-	-
5.826	3D MESSAGE	48	00	CD	91	20	59	09	8C	10	93	58	3D	C4	C0	E5	C7	47	16	E6	C7	1E	A0	E7	C7	C1	34	E6	C7	90	D0	34	C8	00	00	32	3F	00	00	AC	C0	00	00	24	3F	00	80	2B	40	00	00	96	3F	00	00	00	00	00	00	00	00	00	00	00	00	00	00	00	00	00	00	00	00
5.826	3D DATA	true	-	-	-	-	-117633.5	-117804.6	-118592.2	-117865.5	-185154.2	0.7	-5.4	0.6	2.7	1.2	-	-	-	-	-
5.826	3D MESSAGE	48	00	CE	91	20	59	0A	8C	10	93	58	3D	EB	C0	E5	C7	5C	16	E6	C7	10	A0	E7	C7	F5	34	E6	C7	93	D0	34	C8	00	00	C8	3E	00	40	B1	C0	00	00	40	3F	00	80	11	40	00	00	90	3F	00	00	00	00	00	00	00	00	00	00	00	00	00	00	00	00	00	00	00	00
5.826	3D DATA	true	-	-	-	-	-117633.8	-117804.7	-118592.1	-117865.9	-185154.3	0.4	-5.5	0.8	2.3	1.1	-	-	-	-	-
5.827	3D MESSAGE	48	00	CF	91	20	59	0B	8C	10	93	58	3D	1A	C1	E5	C7	79	16	E6	C7	10	A0	E7	C7	35	35	E6	C7	9D	D0	34	C8	00	00	C0	3C	00	80	B8	C0	00	00	40	3F	00	00	E3	3F	00	00	78	3F	00	00	00	00	00	00	00	00	00	00	00	00	00	00	00	00	00	00	00	00
5.827	3D DATA	true	-	-	-	-	-117634.2	-117804.9	-118592.1	-117866.4	-185154.5	0.0	-5.8	0.8	1.8	1.0	-	-	-	-	-
5.827	3D MESSAGE	48	00	D0	91	20	59	0C	8C	10	93	58	3D	47	C1	E5	C7	9A	16	E6	C7	1B	A0	E7	C7	78	35	E6	C7	AB	D0	34	C8	00	00	A8	BE	00	C0	C0	C0	00	00	2A	3F	00	00	A0	3F	00	00	40	3F	00	00	00	00	00	00	00	00	00	00	00	00	00	00	00	00	00	00	00	00
5.827	3D DATA	true	-	-	-	-	-117634.6	-117805.2	-118592.2	-117866.9	-185154.7	-0.3	-6.0	0.7	1.2	0.8	-	-	-	-	-
5.828	3D MESSAGE	48	00	D1	91	20	59	0D	8C	10	93	58	3D	6A	C1	E5	C7	B7	16	E6	C7	2C	A0	E7	C7	B6	35	E6	C7	B8	D0	34	C8	00	00	1A	BF	00	00	C8	C0	00	00	08	3F	00	00	44	3F	00	00	0C	3F	00	00	00	00	00	00	00	00	00	00	00	00	00	00	00	00	00	00	00	00
5.828	3D DATA	true	-	-	-	-	-117634.8	-117805.4	-118592.3	-117867.4	-185154.9	-0.6	-6.2	0.5	0.8	0.5	-	-	-	-	-
5.828	3D MESSAGE	48	00	D2	91	20	59	0E	8C	10	93	58	3D	7C	C1	E5	C7	C6	16	E6	C7	3A	A0	E7	C7	E6	35	E6	C7	C2	D0	34	C8	00	00	3E	BF	00	C0	CB	C0	00	00	D8	3E	00	00	C8	3E	00	00	C8	3E	00	00	00	00	00	00	00	00	00	00	00	00	00	00	00	00	00	00	00	00
5.828	3D DATA	true	-	-	-	-	-117635.0	-117805.5	-118592.5	-117867.8	-185155.0	-0.7	-6.4	0.4	0.4	0.4	-	-	-	-	-
5.857	3D MESSAGE	48	00	D3	91	20	59	0F	8C	10	93	58	3D	7C	C1	E5	C7	C4	16	E6	C7	40	A0	E7	C7	03	36	E6	C7	C5	D0	34	C8	00	00	3E	BF	00	40	CB	C0	00	00	C0	3E	00	00	28	3E	00	00	B0	3E	00	00	00	00	00	00	00	00	00	00	00	00	00	00	00	00	00	00	00	00
5.857	3D DATA	true	-	-	-	-	-117635.0	-117805.5	-118592.5	-117868.0	-185155.1	-0.7	-6.4	0.4	0.2	0.3	-	-	-	-	-
5.857	3D MESSAGE	48	00	D4	91	20	59	10	8C	10	93	58	3D	6A	C1	E5	C7	AE	16	E6	C7	3A	A0	E7	C7	0B	36	E6	C7	C1	D0	34	C8	00	00	1A	BF	00	C0	C5	C0	00	00	D8	3E	00	00	D0	3D	00	00	D0	3E	00	00	00	00	00	00	00	00	00	00	00	00	00	00	00	00	00	00	00	00
5.857	3D DATA	true	-	-	-	-	-117634.8	-117805.4	-118592.5	-117868.1	-185155.0	-0.6	-6.2	0.4	0.1	0.4	-	-	-	-	-
5.858	3D MESSAGE	48	00	D5	91	20	59	11	8C	10	93	58	3D	4A	C1	E5	C7	84	16	E6	C7	26	A0	E7	C7	FF	35	E6	C7	B4	D0	34	C8	00	00	B4	BE	00	40	BB	C0	00	00	14	3F	00	00	48	3E	00	00	1C	3F	00	00	00	00	00	00	00	00	00	00	00	00	00	00	00	00	00	00	00	00
5.858	3D DATA	true	-	-	-	-	-117634.6	-117805.0	-118592.3	-117868.0	-185154.8	-0.4	-5.9	0.6	0.2	0.6	-	-	-	-	-
5.858	3D MESSAGE	48	00	D6	91	20	59	12	8C	10	93	58	3D	20	C1	E5	C7	4D	16	E6	C7	03	A0	E7	C7	E0	35	E6	C7	A0	D0	34	C8	00	00	C0	BC	00	80	AD	C0	00	00	5A	3F	00	00	E0	3E	00	00	6C	3F	00	00	00	00	00	00	00	00	00	00	00	00	00	00	00	00	00	00	00	00
5.858	3D DATA	true	-	-	-	-	-117634.2	-117804.6	-118592.0	-117867.8	-185154.5	-0.0	-5.4	0.9	0.4	0.9	-	-	-	-	-
5.858	3D MESSAGE	48	00	D7	91	20	59	13	8C	10	93	58	3D	F4	C0	E5	C7	0D	16	E6	C7	D2	9F	E7	C7	B4	35	E6	C7	84	D0	34	C8	00	00	A4	3E	00	80	9D	C0	00	00	9E	3F	00	00	48	3F	00	00	AE	3F	00	00	00	00	00	00	00	00	00	00	00	00	00	00	00	00	00	00	00	00
5.858	3D DATA	true	-	-	-	-	-117633.9	-117804.1	-118591.6	-117867.4	-185154.1	0.3	-4.9	1.2	0.8	1.4	-	-	-	-	-
5.859	3D MESSAGE	48	00	D8	91	20	59	14	8C	10	93	58	3D	CA	C0	E5	C7	C9	15	E6	C7	98	9F	E7	C7	7C	35	E6	C7	60	D0	34	C8	00	00	26	3F	00	80	8C	C0	00	00	D8	3F	00	00	9C	3F	00	00	F6	3F	00	00	00	00	00	00	00	00	00	00	00	00	00	00	00	00	00	00	00	00
5.859	3D DATA	true	-	-	-	-	-117633.6	-117803.6	-118591.2	-117867.0	-185153.5	0.6	-4.4	1.7	1.2	1.9	-	-	-	-	-
5.886	3D MESSAGE	48	00	D9	91	20	59	15	8C	10	93	58	3D	A9	C0	E5	C7	88	15	E6	C7	58	9F	E7	C7	40	35	E6	C7	38	D0	34	C8	00	00	68	3F	00	80	78	C0	00	00	0C	40	00	00	D8	3F	00	00	23	40	00	00	00	00	00	00	00	00	00	00	00	00	00	00	00	00	00	00	00	00
5.886	3D DATA	true	-	-	-	-	-117633.3	-117803.1	-118590.7	-117866.5	-185152.9	0.9	-3.9	2.2	1.7	2.5	-	-	-	-	-
5.887	3D MESSAGE	48	00	DA	91	20	59	16	8C	10	93	58	3D	95	C0	E5	C7	52	15	E6	C7	1E	9F	E7	C7	08	35	E6	C7	0F	D0	34	C8	00	00	88	3F	00	80	5D	C0	00	00	29	40	00	00	08	40	00	00	4C	40	00	00	00	00	00	00	00	00	00	00	00	00	00	00	00	00	00	00	00	00
5.887	3D DATA	true	-	-	-	-	-117633.2	-117802.6	-118590.2	-117866.1	-185152.2	1.1	-3.5	2.6	2.1	3.2	-	-	-	-	-
5.887	3D MESSAGE	48	00	DB	91	20	59	17	8C	10	93	58	3D	94	C0	E5	C7	2F	15	E6	C7	F4	9E	E7	C7	DD	34	E6	C7	ED	CF	34	C8	00	00	89	3F	00	00	4C	C0	00	00	3E	40	00	80	1D	40	00	00	6E	40	00	00	00	00	00	00	00	00	00	00	00	00	00	00	00	00	00	00	00	00
5.887	3D DATA	true	-	-	-	-	-117633.2	-117802.4	-118589.9	-117865.7	-185151.7	1.1	-3.2	3.0	2.5	3.7	-	-	-	-	-
5.888	3D MESSAGE	48	00	DC	91	20	59	18	8C	10	93	58	3D	A7	C0	E5	C7	27	15	E6	C7	E6	9E	E7	C7	C8	34	E6	C7	DA	CF	34	C8	00	00	6C	3F	00	00	48	C0	00	00	45	40	00	00	28	40	00	80	80	40	00	00	00	00	00	00	00	00	00	00	00	00	00	00	00	00	00	00	00	00
5.888	3D DATA	true	-	-	-	-	-117633.3	-117802.3	-118589.8	-117865.6	-185151.4	0.9	-3.1	3.1	2.6	4.0	-	-	-	-	-
5.888	3D MESSAGE	48	00	DD	91	20	59	19	8C	10	93	58	3D	D0	C0	E5	C7	3B	15	E6	C7	FA	9E	E7	C7	D1	34	E6	C7	DB	CF	34	C8	00	00	1A	3F	00	00	52	C0	00	00	3B	40	00	80	23	40	00	00	80	40	00	00	00	00	00	00	00	00	00	00	00	00	00	00	00	00	00	00	00	00
5.888	3D DATA	true	-	-	-	-	-117633.6	-117802.5	-118590.0	-117865.6	-185151.4	0.6	-3.3	2.9	2.6	4.0	-	-	-	-	-
5.889	3D MESSAGE	48	00	DE	91	20	59	1A	8C	10	93	58	3D	0B	C1	E5	C7	67	15	E6	C7	2F	9F	E7	C7	F6	34	E6	C7	F1	CF	34	C8	00	00	10	3E	00	00	68	C0	00	80	20	40	00	00	11	40	00	00	6A	40	00	00	00	00	00	00	00	00	00	00	00	00	00	00	00	00	00	00	00	00
5.889	3D DATA	true	-	-	-	-	-117634.1	-117802.8	-118590.4	-117865.9	-185151.8	0.1	-3.6	2.5	2.3	3.7	-	-	-	-	-
5.917	3D MESSAGE	48	00	DF	91	20	59	1B	8C	10	93	58	3D	52	C1	E5	C7	A2	15	E6	C7	7A	9F	E7	C7	32	35	E6	C7	19	D0	34	C8	00	00	D4	BE	00	C0	82	C0	00	00	F6	3F	00	00	E6	3F	00	00	42	40	00	00	00	00	00	00	00	00	00	00	00	00	00	00	00	00	00	00	00	00
5.917	3D DATA	true	-	-	-	-	-117634.6	-117803.3	-118591.0	-117866.4	-185152.4	-0.4	-4.1	1.9	1.8	3.0	-	-	-	-	-
5.918	3D MESSAGE	48	00	E0	91	20	59	1C	8C	10	93	58	3D	9B	C1	E5	C7	DB	15	E6	C7	CC	9F	E7	C7	79	35	E6	C7	4A	D0	34	C8	00	00	7C	BF	00	00	91	C0	00	00	A4	3F	00	00	9F	3F	00	00	11	40	00	00	00	00	00	00	00	00	00	00	00	00	00	00	00	00	00	00	00	00
5.918	3D DATA	true	-	-	-	-	-117635.2	-117803.7	-118591.6	-117866.9	-185153.2	-1.0	-4.5	1.3	1.2	2.3	-	-	-	-	-
5.919	3D MESSAGE	48	00	E1	91	20	59	1D	8C	10	93	58	3D	DA	C1	E5	C7	05	16	E6	C7	12	A0	E7	C7	BE	35	E6	C7	79	D0	34	C8	00	00	BD	BF	00	80	9B	C0	00	00	3C	3F	00	00	34	3F	00	00	C4	3F	00	00	00	00	00	00	00	00	00	00	00	00	00	00	00	00	00	00	00	00
5.919	3D DATA	true	-	-	-	-	-117635.7	-117804.0	-118592.1	-117867.5	-185153.9	-1.5	-4.9	0.7	0.7	1.5	-	-	-	-	-
5.919	3D MESSAGE	48	00	E2	91	20	59	1E	8C	10	93	58	3D	04	C2	E5	C7	16	16	E6	C7	3F	A0	E7	C7	F3	35	E6	C7	9D	D0	34	C8	00	00	E7	BF	00	C0	9F	C0	00	00	C4	3E	00	00	94	3E	00	00	78	3F	00	00	00	00	00	00	00	00	00	00	00	00	00	00	00	00	00	00	00	00
5.919	3D DATA	true	-	-	-	-	-117636.0	-117804.2	-118592.5	-117867.9	-185154.5	-1.8	-5.0	0.4	0.3	1.0	-	-	-	-	-
5.919	3D MESSAGE	48	00	E3	91	20	59	1F	8C	10	93	58	3D	13	C2	E5	C7	09	16	E6	C7	4D	A0	E7	C7	10	36	E6	C7	B1	D0	34	C8	00	00	F6	BF	00	80	9C	C0	00	00	8C	3E	00	00	80	3D	00	00	28	3F	00	00	00	00	00	00	00	00	00	00	00	00	00	00	00	00	00	00	00	00
5.919	3D DATA	true	-	-	-	-	-117636.1	-117804.1	-118592.6	-117868.1	-185154.8	-1.9	-4.9	0.3	0.1	0.7	-	-	-	-	-
5.920	3D MESSAGE	48	00	E4	91	20	59	20	8C	10	93	58	3D	05	C2	E5	C7	E6	15	E6	C7	3E	A0	E7	C7	11	36	E6	C7	B3	D0	34	C8	00	00	E8	BF	00	C0	93	C0	00	00	C8	3E	00	00	60	3D	00	00	20	3F	00	00	00	00	00	00	00	00	00	00	00	00	00	00	00	00	00	00	00	00
5.920	3D DATA	true	-	-	-	-	-117636.0	-117803.8	-118592.5	-117868.1	-185154.8	-1.8	-4.6	0.4	0.1	0.6	-	-	-	-	-
5.921	3D MESSAGE	48	00	E5	91	20	59	21	8C	70	29	7D	3D	E0	C1	E5	C7	B9	15	E6	C7	1E	A0	E7	C7	FE	35	E6	C7	AC	D0	34	C8	00	00	C3	BF	00	80	88	C0	00	00	24	3F	00	00	50	3E	00	00	3C	3F	00	00	00	00	00	00	00	00	00	00	00	00	00	00	00	00	00	00	00	00
5.921	3D DATA	true	-	-	-	-	-117635.8	-117803.4	-118592.2	-117868.0	-185154.7	-1.5	-4.3	0.6	0.2	0.7	-	-	-	-	-
5.948	3D MESSAGE	48	00	E6	91	20	59	22	8C	70	29	7D	3D	B0	C1	E5	C7	93	15	E6	C7	FA	9F	E7	C7	E0	35	E6	C7	A2	D0	34	C8	00	00	93	BF	00	00	7E	C0	00	00	6C	3F	00	00	E0	3E	00	00	64	3F	00	00	00	00	00	00	00	00	00	00	00	00	00	00	00	00	00	00	00	00
5.948	3D DATA	true	-	-	-	-	-117635.4	-117803.1	-118592.0	-117867.8	-185154.5	-1.1	-4.0	0.9	0.4	0.9	-	-	-	-	-
5.949	3D MESSAGE	48	00	E7	91	20	59	23	8C	70	29	7D	3D	84	C1	E5	C7	81	15	E6	C7	E2	9F	E7	C7	C6	35	E6	C7	9E	D0	34	C8	00	00	4E	BF	00	00	75	C0	00	00	8E	3F	00	00	24	3F	00	00	74	3F	00	00	00	00	00	00	00	00	00	00	00	00	00	00	00	00	00	00	00	00
5.949	3D DATA	true	-	-	-	-	-117635.0	-117803.0	-118591.8	-117867.5	-185154.5	-0.8	-3.8	1.1	0.6	1.0	-	-	-	-	-
5.949	3D MESSAGE	48	00	E8	91	20	59	24	8C	70	29	7D	3D	69	C1	E5	C7	8D	15	E6	C7	DD	9F	E7	C7	BA	35	E6	C7	A8	D0	34	C8	00	00	18	BF	00	00	7B	C0	00	00	93	3F	00	00	3C	3F	00	00	4C	3F	00	00	00	00	00	00	00	00	00	00	00	00	00	00	00	00	00	00	00	00
5.949	3D DATA	true	-	-	-	-	-117634.8	-117803.1	-118591.7	-117867.5	-185154.6	-0.6	-3.9	1.1	0.7	0.8	-	-	-	-	-
5.950	3D MESSAGE	48	00	E9	91	20	59	25	8C	70	29	7D	3D	68	C1	E5	C7	B6	15	E6	C7	F0	9F	E7	C7	C2	35	E6	C7	BF	D0	34	C8	00	00	16	BF	00	C0	87	C0	00	00	80	3F	00	00	2C	3F	00	00	E0	3E	00	00	00	00	00	00	00	00	00	00	00	00	00	00	00	00	00	00	00	00
5.950	3D DATA	true	-	-	-	-	-117634.8	-117803.4	-118591.9	-117867.5	-185155.0	-0.6	-4.2	1.0	0.7	0.4	-	-	-	-	-
5.950	3D MESSAGE	48	00	EA	91	20	59	26	8C	70	29	7D	3D	85	C1	E5	C7	F8	15	E6	C7	1D	A0	E7	C7	E0	35	E6	C7	E1	D0	34	C8	00	00	50	BF	00	40	98	C0	00	00	26	3F	00	00	E0	3E	00	00	C0	BD	00	00	00	00	00	00	00	00	00	00	00	00	00	00	00	00	00	00	00	00
5.950	3D DATA	true	-	-	-	-	-117635.0	-117803.9	-118592.2	-117867.8	-185155.5	-0.8	-4.8	0.6	0.4	-0.1	-	-	-	-	-
5.953	3D MESSAGE	48	00	EB	91	20	59	27	8C	70	29	7D	3D	B9	C1	E5	C7	43	16	E6	C7	5C	A0	E7	C7	0F	36	E6	C7	08	D1	34	C8	00	00	9C	BF	00	00	AB	C0	00	00	20	3E	00	00	90	3D	00	00	34	BF	00	00	00	00	00	00	00	00	00	00	00	00	00	00	00	00	00	00	00	00
5.953	3D DATA	true	-	-	-	-	-117635.4	-117804.5	-118592.7	-117868.1	-185156.1	-1.2	-5.3	0.2	0.1	-0.7	-	-	-	-	-
5.980	3D MESSAGE	48	00	EC	91	20	59	28	8C	70	29	7D	3D	F6	C1	E5	C7	88	16	E6	C7	A6	A0	E7	C7	46	36	E6	C7	2C	D1	34	C8	00	00	D9	BF	00	40	BC	C0	00	00	D8	BE	00	00	B8	BE	00	00	A2	BF	00	00	00	00	00	00	00	00	00	00	00	00	00	00	00	00	00	00	00	00
5.980	3D DATA	true	-	-	-	-	-117635.9	-117805.1	-118593.3	-117868.5	-185156.7	-1.7	-5.9	-0.4	-0.4	-1.3	-	-	-	-	-
5.981	3D MESSAGE	48	00	ED	91	20	59	29	8C	70	29	7D	3D	2F	C2	E5	C7	B8	16	E6	C7	F0	A0	E7	C7	79	36	E6	C7	46	D1	34	C8	00	00	09	C0	00	40	C8	C0	00	00	80	BF	00	00	42	BF	00	00	D6	BF	00	00	00	00	00	00	00	00	00	00	00	00	00	00	00	00	00	00	00	00
5.981	3D DATA	true	-	-	-	-	-117636.4	-117805.4	-118593.9	-117868.9	-185157.1	-2.1	-6.3	-1.0	-0.8	-1.7	-	-	-	-	-
5.982	3D MESSAGE	48	00	EE	91	20	59	2A	8C	70	29	7D	3D	53	C2	E5	C7	C4	16	E6	C7	2E	A1	E7	C7	9E	36	E6	C7	4F	D1	34	C8	00	00	1B	C0	00	40	CB	C0	00	00	BE	BF	00	00	86	BF	00	00	E8	BF	00	00	00	00	00	00	00	00	00	00	00	00	00	00	00	00	00	00	00	00
5.982	3D DATA	true	-	-	-	-	-117636.6	-117805.5	-118594.4	-117869.2	-185157.2	-2.4	-6.4	-1.5	-1.0	-1.8	-	-	-	-	-
5.983	3D MESSAGE	48	00	EF	91	20	59	2B	8C	70	29	7D	3D	59	C2	E5	C7	A9	16	E6	C7	54	A1	E7	C7	AD	36	E6	C7	46	D1	34	C8	00	00	1E	C0	00	80	C4	C0	00	00	E4	BF	00	00	95	BF	00	00	D6	BF	00	00	00	00	00	00	00	00	00	00	00	00	00	00	00	00	00	00	00	00
5.983	3D DATA	true	-	-	-	-	-117636.7	-117805.3	-118594.7	-117869.4	-185157.1	-2.5	-6.1	-1.8	-1.2	-1.7	-	-	-	-	-
5.983	3D MESSAGE	48	00	F0	91	20	59	2C	8C	70	29	7D	3D	40	C2	E5	C7	6C	16	E6	C7	5E	A1	E7	C7	A3	36	E6	C7	2C	D1	34	C8	00	80	11	C0	00	40	B5	C0	00	00	EE	BF	00	00	8B	BF	00	00	A2	BF	00	00	00	00	00	00	00	00	00	00	00	00	00	00	00	00	00	00	00	00
5.983	3D DATA	true	-	-	-	-	-117636.5	-117804.8	-118594.7	-117869.3	-185156.7	-2.3	-5.7	-1.9	-1.1	-1.3	-	-	-	-	-
5.984	3D MESSAGE	48	00	F1	91	20	59	2D	8C	70	29	7D	3D	10	C2	E5	C7	18	16	E6	C7	49	A1	E7	C7	80	36	E6	C7	05	D1	34	C8	00	00	F3	BF	00	40	A0	C0	00	00	D9	BF	00	00	50	BF	00	00	28	BF	00	00	00	00	00	00	00	00	00	00	00	00	00	00	00	00	00	00	00	00
5.984	3D DATA	true	-	-	-	-	-117636.1	-117804.2	-118594.6	-117869.0	-185156.1	-1.9	-5.0	-1.7	-0.8	-0.7	-	-	-	-	-
6.013	3D MESSAGE	48	00	F2	91	20	59	2E	8C	70	29	7D	3D	D4	C1	E5	C7	BD	15	E6	C7	1A	A1	E7	C7	48	36	E6	C7	D7	D0	34	C8	00	00	B7	BF	00	80	89	C0	00	00	AA	BF	00	00	C0	BE	00	00	80	3D	00	00	00	00	00	00	00	00	00	00	00	00	00	00	00	00	00	00	00	00
6.013	3D DATA	true	-	-	-	-	-117635.7	-117803.5	-118594.2	-117868.6	-185155.4	-1.4	-4.3	-1.3	-0.4	0.1	-	-	-	-	-
6.014	3D MESSAGE	48	00	F3	91	20	59	2F	8C	70	29	7D	3D	98	C1	E5	C7	6B	15	E6	C7	D8	A0	E7	C7	00	36	E6	C7	A9	D0	34	C8	00	00	76	BF	00	00	6A	C0	00	00	50	BF	00	00	40	3E	00	00	48	3F	00	00	00	00	00	00	00	00	00	00	00	00	00	00	00	00	00	00	00	00
6.014	3D DATA	true	-	-	-	-	-117635.2	-117802.8	-118593.7	-117868.0	-185154.6	-1.0	-3.7	-0.8	0.2	0.8	-	-	-	-	-
6.014	3D MESSAGE	48	00	F4	91	20	59	30	8C	70	29	7D	3D	64	C1	E5	C7	2C	15	E6	C7	8D	A0	E7	C7	AF	35	E6	C7	80	D0	34	C8	00	00	0E	BF	00	80	4A	C0	00	00	68	BE	00	00	52	3F	00	00	B6	3F	00	00	00	00	00	00	00	00	00	00	00	00	00	00	00	00	00	00	00	00
6.014	3D DATA	true	-	-	-	-	-117634.8	-117802.3	-118593.1	-117867.4	-185154.0	-0.6	-3.2	-0.2	0.8	1.4	-	-	-	-	-
6.015	3D MESSAGE	48	00	F5	91	20	59	31	8C	70	29	7D	3D	3E	C1	E5	C7	03	15	E6	C7	42	A0	E7	C7	5E	35	E6	C7	5E	D0	34	C8	00	00	84	BE	00	00	36	C0	00	00	B8	3E	00	00	BA	3F	00	00	FA	3F	00	00	00	00	00	00	00	00	00	00	00	00	00	00	00	00	00	00	00	00
6.015	3D DATA	true	-	-	-	-	-117634.5	-117802.0	-118592.5	-117866.7	-185153.5	-0.3	-2.8	0.4	1.5	2.0	-	-	-	-	-
6.015	3D MESSAGE	48	00	F6	91	20	59	32	8C	70	29	7D	3D	23	C1	E5	C7	EF	14	E6	C7	FE	9F	E7	C7	14	35	E6	C7	42	D0	34	C8	00	00	40	BD	00	00	2C	C0	00	00	64	3F	00	00	02	40	00	00	19	40	00	00	00	00	00	00	00	00	00	00	00	00	00	00	00	00	00	00	00	00
6.015	3D DATA	true	-	-	-	-	-117634.3	-117801.9	-118592.0	-117866.2	-185153.0	-0.0	-2.7	0.9	2.0	2.4	-	-	-	-	-
6.015	3D MESSAGE	48	00	F7	91	20	59	33	8C	70	29	7D	3D	0E	C1	E5	C7	EA	14	E6	C7	C7	9F	E7	C7	DC	34	E6	C7	2C	D0	34	C8	00	00	F0	3D	00	80	29	C0	00	00	A9	3F	00	00	1E	40	00	00	2F	40	00	00	00	00	00	00	00	00	00	00	00	00	00	00	00	00	00	00	00	00
6.015	3D DATA	true	-	-	-	-	-117634.1	-117801.8	-118591.6	-117865.7	-185152.7	0.1	-2.6	1.3	2.5	2.7	-	-	-	-	-
6.016	3D MESSAGE	48	00	F8	91	20	59	34	8C	70	29	7D	3D	FC	C0	E5	C7	EE	14	E6	C7	A0	9F	E7	C7	BA	34	E6	C7	1A	D0	34	C8	00	00	84	3E	00	80	2B	C0	00	00	D0	3F	00	00	2F	40	00	00	41	40	00	00	00	00	00	00	00	00	00	00	00	00	00	00	00	00	00	00	00	00
6.016	3D DATA	true	-	-	-	-	-117634.0	-117801.9	-118591.2	-117865.5	-185152.4	0.3	-2.7	1.6	2.7	3.0	-	-	-	-	-
6.043	3D MESSAGE	48	00	F9	91	20	59	35	8C	70	29	7D	3D	EC	C0	E5	C7	F8	14	E6	C7	8C	9F	E7	C7	B3	34	E6	C7	0C	D0	34	C8	00	00	C4	3E	00	80	30	C0	00	00	E4	3F	00	80	32	40	00	00	4F	40	00	00	00	00	00	00	00	00	00	00	00	00	00	00	00	00	00	00	00	00
6.043	3D DATA	true	-	-	-	-	-117633.8	-117801.9	-118591.1	-117865.4	-185152.2	0.4	-2.8	1.8	2.8	3.2	-	-	-	-	-
6.043	3D MESSAGE	48	00	FA	91	20	59	36	8C	70	29	7D	3D	DF	C0	E5	C7	06	15	E6	C7	8C	9F	E7	C7	C5	34	E6	C7	04	D0	34	C8	00	00	F8	3E	00	80	37	C0	00	00	E4	3F	00	80	29	40	00	00	57	40	00	00	00	00	00	00	00	00	00	00	00	00	00	00	00	00	00	00	00	00
6.043	3D DATA	true	-	-	-	-	-117633.7	-117802.0	-118591.1	-117865.5	-185152.1	0.5	-2.9	1.8	2.6	3.4	-	-	-	-	-
6.044	3D MESSAGE	48	00	FB	91	20	59	37	8C	70	29	7D	3D	D7	C0	E5	C7	18	15	E6	C7	9C	9F	E7	C7	E6	34	E6	C7	06	D0	34	C8	00	00	0C	3F	00	80	40	C0	00	00	D4	3F	00	00	19	40	00	00	55	40	00	00	00	00	00	00	00	00	00	00	00	00	00	00	00	00	00	00	00	00
6.044	3D DATA	true	-	-	-	-	-117633.7	-117802.2	-118591.2	-117865.8	-185152.1	0.5	-3.0	1.7	2.4	3.3	-	-	-	-	-
6.045	3D MESSAGE	48	00	FC	91	20	59	38	8C	70	29	7D	3D	D5	C0	E5	C7	2F	15	E6	C7	B6	9F	E7	C7	0A	35	E6	C7	11	D0	34	C8	00	00	10	3F	00	00	4C	C0	00	00	BA	3F	00	00	07	40	00	00	4A	40	00	00	00	00	00	00	00	00	00	00	00	00	00	00	00	00	00	00	00	00
6.045	3D DATA	true	-	-	-	-	-117633.7	-117802.4	-118591.4	-117866.1	-185152.3	0.6	-3.2	1.5	2.1	3.2	-	-	-	-	-
6.046	3D MESSAGE	48	00	FD	91	20	59	39	8C	70	29	7D	3D	D5	C0	E5	C7	46	15	E6	C7	D2	9F	E7	C7	1F	35	E6	C7	24	D0	34	C8	00	00	10	3F	00	80	57	C0	00	00	9E	3F	00	00	F9	3F	00	00	37	40	00	00	00	00	00	00	00	00	00	00	00	00	00	00	00	00	00	00	00	00
6.046	3D DATA	true	-	-	-	-	-117633.7	-117802.5	-118591.6	-117866.2	-185152.6	0.6	-3.4	1.2	1.9	2.9	-	-	-	-	-
6.047	3D MESSAGE	48	00	FE	91	20	59	3A	8C	70	29	7D	3D	D4	C0	E5	C7	58	15	E6	C7	E5	9F	E7	C7	1A	35	E6	C7	3B	D0	34	C8	00	00	12	3F	00	80	60	C0	00	00	8B	3F	00	00	FE	3F	00	00	20	40	00	00	00	00	00	00	00	00	00	00	00	00	00	00	00	00	00	00	00	00
6.047	3D DATA	true	-	-	-	-	-117633.7	-117802.7	-118591.8	-117866.2	-185152.9	0.6	-3.5	1.1	2.0	2.5	-	-	-	-	-
6.075	3D MESSAGE	48	00	FF	91	20	59	3B	8C	70	29	7D	3D	CC	C0	E5	C7	60	15	E6	C7	E6	9F	E7	C7	F5	34	E6	C7	50	D0	34	C8	00	00	22	3F	00	80	64	C0	00	00	8A	3F	00	80	11	40	00	00	0B	40	00	00	00	00	00	00	00	00	00	00	00	00	00	00	00	00	00	00	00	00
6.075	3D DATA	true	-	-	-	-	-117633.6	-117802.8	-118591.8	-117865.9	-185153.2	0.6	-3.6	1.1	2.3	2.2	-	-	-	-	-
6.076	3D MESSAGE	48	00	00	91	20	59	3C	8C	70	29	7D	3D	BA	C0	E5	C7	5A	15	E6	C7	D2	9F	E7	C7	B4	34	E6	C7	5C	D0	34	C8	00	00	46	3F	00	80	61	C0	00	00	9E	3F	00	00	32	40	00	00	FE	3F	00	00	00	00	00	00	00	00	00	00	00	00	00	00	00	00	00	00	00	00
6.076	3D DATA	true	-	-	-	-	-117633.5	-117802.7	-118591.6	-117865.4	-185153.4	0.8	-3.5	1.2	2.8	2.0	-	-	-	-	-
6.076	3D MESSAGE	48	00	01	91	20	59	3D	8C	70	29	7D	3D	A2	C0	E5	C7	46	15	E6	C7	AB	9F	E7	C7	5F	34	E6	C7	5A	D0	34	C8	00	00	76	3F	00	80	57	C0	00	00	C5	3F	00	80	5C	40	00	00	01	40	00	00	00	00	00	00	00	00	00	00	00	00	00	00	00	00	00	00	00	00
6.076	3D DATA	true	-	-	-	-	-117633.3	-117802.5	-118591.3	-117864.7	-185153.4	1.0	-3.4	1.5	3.4	2.0	-	-	-	-	-
6.078	3D MESSAGE	48	00	02	91	20	59	3E	8C	70	29	7D	3D	8A	C0	E5	C7	28	15	E6	C7	78	9F	E7	C7	06	34	E6	C7	4B	D0	34	C8	00	00	93	3F	00	80	48	C0	00	00	F8	3F	00	80	84	40	00	00	10	40	00	00	00	00	00	00	00	00	00	00	00	00	00	00	00	00	00	00	00	00
6.078	3D DATA	true	-	-	-	-	-117633.1	-117802.3	-118590.9	-117864.0	-185153.2	1.1	-3.1	1.9	4.1	2.2	-	-	-	-	-
6.078	3D MESSAGE	48	00	03	91	20	59	3F	8C	70	29	7D	3D	76	C0	E5	C7	06	15	E6	C7	44	9F	E7	C7	B6	33	E6	C7	30	D0	34	C8	00	00	A7	3F	00	80	37	C0	00	00	16	40	00	80	98	40	00	00	2B	40	00	00	00	00	00	00	00	00	00	00	00	00	00	00	00	00	00	00	00	00
6.078	3D DATA	true	-	-	-	-	-117632.9	-117802.0	-118590.5	-117863.4	-185152.8	1.3	-2.9	2.3	4.8	2.7	-	-	-	-	-
6.079	3D MESSAGE	48	00	04	91	20	59	40	8C	70	29	7D	3D	6C	C0	E5	C7	E4	14	E6	C7	18	9F	E7	C7	7A	33	E6	C7	11	D0	34	C8	00	00	B1	3F	00	80	26	C0	00	00	2C	40	00	80	A7	40	00	00	4A	40	00	00	00	00	00	00	00	00	00	00	00	00	00	00	00	00	00	00	00	00
6.079	3D DATA	true	-	-	-	-	-117632.8	-117801.8	-118590.2	-117863.0	-185152.3	1.4	-2.6	2.7	5.2	3.2	-	-	-	-	-
6.106	3D MESSAGE	48	00	05	91	20	59	41	8C	70	29	7D	3D	6E	C0	E5	C7	C8	14	E6	C7	F8	9E	E7	C7	56	33	E6	C7	F2	CF	34	C8	00	00	AF	3F	00	80	18	C0	00	00	3C	40	00	80	B0	40	00	00	69	40	00	00	00	00	00	00	00	00	00	00	00	00	00	00	00	00	00	00	00	00
6.106	3D DATA	true	-	-	-	-	-117632.9	-117801.6	-118589.9	-117862.7	-185151.8	1.4	-2.4	2.9	5.5	3.6	-	-	-	-	-
6.106	3D MESSAGE	48	00	06	91	20	59	42	8C	70	29	7D	3D	7A	C0	E5	C7	B4	14	E6	C7	E6	9E	E7	C7	4B	33	E6	C7	DA	CF	34	C8	00	00	A3	3F	00	80	0E	C0	00	00	45	40	00	40	B3	40	00	80	80	40	00	00	00	00	00	00	00	00	00	00	00	00	00	00	00	00	00	00	00	00
6.106	3D DATA	true	-	-	-	-	-117633.0	-117801.4	-118589.8	-117862.6	-185151.4	1.3	-2.2	3.1	5.6	4.0	-	-	-	-	-
6.107	3D MESSAGE	48	00	07	91	20	59	43	8C	70	29	7D	3D	8C	C0	E5	C7	A8	14	E6	C7	E0	9E	E7	C7	52	33	E6	C7	CD	CF	34	C8	00	00	91	3F	00	80	08	C0	00	00	48	40	00	80	B1	40	00	00	87	40	00	00	00	00	00	00	00	00	00	00	00	00	00	00	00	00	00	00	00	00
6.107	3D DATA	true	-	-	-	-	-117633.1	-117801.3	-118589.8	-117862.6	-185151.2	1.1	-2.1	3.1	5.5	4.2	-	-	-	-	-
6.107	3D MESSAGE	48	00	08	91	20	59	44	8C	70	29	7D	3D	9F	C0	E5	C7	A2	14	E6	C7	E1	9E	E7	C7	64	33	E6	C7	CC	CF	34	C8	00	00	7C	3F	00	80	05	C0	00	80	47	40	00	00	AD	40	00	80	87	40	00	00	00	00	00	00	00	00	00	00	00	00	00	00	00	00	00	00	00	00
6.107	3D DATA	true	-	-	-	-	-117633.2	-117801.3	-118589.8	-117862.8	-185151.2	1.0	-2.1	3.1	5.4	4.2	-	-	-	-	-
6.108	3D MESSAGE	48	00	09	91	20	59	45	8C	70	29	7D	3D	B0	C0	E5	C7	A4	14	E6	C7	E8	9E	E7	C7	7A	33	E6	C7	D5	CF	34	C8	00	00	5A	3F	00	80	06	C0	00	00	44	40	00	80	A7	40	00	00	83	40	00	00	00	00	00	00	00	00	00	00	00	00	00	00	00	00	00	00	00	00
6.108	3D DATA	true	-	-	-	-	-117633.4	-117801.3	-118589.8	-117863.0	-185151.3	0.9	-2.1	3.1	5.2	4.1	-	-	-	-	-
6.108	3D MESSAGE	48	00	0A	91	20	59	46	8C	70	29	7D	3D	BE	C0	E5	C7	AC	14	E6	C7	F1	9E	E7	C7	8D	33	E6	C7	E5	CF	34	C8	00	00	3E	3F	00	80	0A	C0	00	80	3F	40	00	C0	A2	40	00	00	76	40	00	00	00	00	00	00	00	00	00	00	00	00	00	00	00	00	00	00	00	00
6.108	3D DATA	true	-	-	-	-	-117633.5	-117801.3	-118589.9	-117863.1	-185151.6	0.7	-2.2	3.0	5.1	3.8	-	-	-	-	-
6.138	3D MESSAGE	48	00	0B	91	20	59	47	8C	70	29	7D	3D	C7	C0	E5	C7	BA	14	E6	C7	FB	9E	E7	C7	98	33	E6	C7	F6	CF	34	C8	00	00	2C	3F	00	80	11	C0	00	80	3A	40	00	00	A0	40	00	00	65	40	00	00	00	00	00	00	00	00	00	00	00	00	00	00	00	00	00	00	00	00
6.138	3D DATA	true	-	-	-	-	-117633.6	-117801.5	-118590.0	-117863.2	-185151.8	0.7	-2.3	2.9	5.0	3.6	-	-	-	-	-
6.138	3D MESSAGE	48	00	0C	91	20	59	48	8C	70	29	7D	3D	C9	C0	E5	C7	CE	14	E6	C7	04	9F	E7	C7	94	33	E6	C7	04	D0	34	C8	00	00	28	3F	00	80	1B	C0	00	00	36	40	00	00	A1	40	00	00	57	40	00	00	00	00	00	00	00	00	00	00	00	00	00	00	00	00	00	00	00	00
6.138	3D DATA	true	-	-	-	-	-117633.6	-117801.6	-118590.0	-117863.2	-185152.1	0.7	-2.4	2.8	5.0	3.4	-	-	-	-	-
6.139	3D MESSAGE	48	00	0D	91	20	59	49	8C	A0	5C	51	3D	C1	C0	E5	C7	E5	14	E6	C7	09	9F	E7	C7	82	33	E6	C7	07	D0	34	C8	00	00	38	3F	00	00	27	C0	00	80	33	40	00	80	A5	40	00	00	54	40	00	00	00	00	00	00	00	00	00	00	00	00	00	00	00	00	00	00	00	00
6.139	3D DATA	true	-	-	-	-	-117633.5	-117801.8	-118590.1	-117863.0	-185152.1	0.7	-2.6	2.8	5.2	3.3	-	-	-	-	-
6.139	3D MESSAGE	48	00	0E	91	20	59	4A	8C	A0	5C	51	3D	AB	C0	E5	C7	FD	14	E6	C7	08	9F	E7	C7	60	33	E6	C7	FE	CF	34	C8	00	00	64	3F	00	00	33	C0	00	00	34	40	00	00	AE	40	00	00	5D	40	00	00	00	00	00	00	00	00	00	00	00	00	00	00	00	00	00	00	00	00
6.139	3D DATA	true	-	-	-	-	-117633.3	-117802.0	-118590.1	-117862.8	-185152.0	0.9	-2.8	2.8	5.4	3.5	-	-	-	-	-
6.140	3D MESSAGE	48	00	0F	91	20	59	4B	8C	A0	5C	51	3D	86	C0	E5	C7	13	15	E6	C7	02	9F	E7	C7	30	33	E6	C7	EA	CF	34	C8	00	00	97	3F	00	00	3E	C0	00	00	37	40	00	00	BA	40	00	00	71	40	00	00	00	00	00	00	00	00	00	00	00	00	00	00	00	00	00	00	00	00
6.140	3D DATA	true	-	-	-	-	-117633.0	-117802.1	-118590.0	-117862.4	-185151.7	1.2	-3.0	2.9	5.8	3.8	-	-	-	-	-
6.141	3D MESSAGE	48	00	10	91	20	59	4C	8C	A0	5C	51	3D	52	C0	E5	C7	25	15	E6	C7	F9	9E	E7	C7	FA	32	E6	C7	CD	CF	34	C8	00	00	CB	3F	00	00	47	C0	00	80	3B	40	00	80	C7	40	00	00	87	40	00	00	00	00	00	00	00	00	00	00	00	00	00	00	00	00	00	00	00	00
6.141	3D DATA	true	-	-	-	-	-117632.6	-117802.3	-118589.9	-117862.0	-185151.2	1.6	-3.1	2.9	6.2	4.2	-	-	-	-	-
6.142	3D MESSAGE	48	00	11	91	20	59	4D	8C	A0	5C	51	3D	14	C0	E5	C7	33	15	E6	C7	EF	9E	E7	C7	C3	32	E6	C7	AF	CF	34	C8	00	80	04	40	00	00	4E	C0	00	80	40	40	00	40	D5	40	00	00	96	40	00	00	00	00	00	00	00	00	00	00	00	00	00	00	00	00	00	00	00	00
6.142	3D DATA	true	-	-	-	-	-117632.2	-117802.4	-118589.9	-117861.5	-185150.7	2.1	-3.2	3.0	6.7	4.7	-	-	-	-	-
6.170	3D MESSAGE	48	00	12	91	20	59	4E	8C	A0	5C	51	3D	D4	BF	E5	C7	3E	15	E6	C7	EA	9E	E7	C7	94	32	E6	C7	98	CF	34	C8	00	80	24	40	00	80	53	C0	00	00	43	40	00	00	E1	40	00	80	A1	40	00	00	00	00	00	00	00	00	00	00	00	00	00	00	00	00	00	00	00	00
6.170	3D DATA	true	-	-	-	-	-117631.7	-117802.5	-118589.8	-117861.2	-185150.4	2.6	-3.3	3.0	7.0	5.0	-	-	-	-	-
6.171	3D MESSAGE	48	00	13	91	20	59	4F	8C	A0	5C	51	3D	9E	BF	E5	C7	4D	15	E6	C7	EE	9E	E7	C7	70	32	E6	C7	8E	CF	34	C8	00	80	3F	40	00	00	5B	C0	00	00	41	40	00	00	EA	40	00	80	A6	40	00	00	00	00	00	00	00	00	00	00	00	00	00	00	00	00	00	00	00	00
6.171	3D DATA	true	-	-	-	-	-117631.2	-117802.6	-118589.9	-117860.9	-185150.2	3.0	-3.4	3.0	7.3	5.2	-	-	-	-	-
6.171	3D MESSAGE	48	00	14	91	20	59	50	8C	A0	5C	51	3D	77	BF	E5	C7	62	15	E6	C7	FA	9E	E7	C7	5B	32	E6	C7	95	CF	34	C8	00	00	53	40	00	80	65	C0	00	00	3B	40	00	40	EF	40	00	00	A3	40	00	00	00	00	00	00	00	00	00	00	00	00	00	00	00	00	00	00	00	00
6.171	3D DATA	true	-	-	-	-	-117630.9	-117802.8	-118590.0	-117860.7	-185150.3	3.3	-3.6	2.9	7.5	5.1	-	-	-	-	-
6.174	3D MESSAGE	48	00	15	91	20	59	51	8C	A0	5C	51	3D	65	BF	E5	C7	7D	15	E6	C7	0C	9F	E7	C7	4F	32	E6	C7	AA	CF	34	C8	00	00	5C	40	00	00	73	C0	00	00	32	40	00	40	F2	40	00	80	98	40	00	00	00	00	00	00	00	00	00	00	00	00	00	00	00	00	00	00	00	00
6.174	3D DATA	true	-	-	-	-	-117630.8	-117803.0	-118590.1	-117860.6	-185150.7	3.4	-3.8	2.8	7.6	4.8	-	-	-	-	-
6.174	3D MESSAGE	48	00	16	91	20	59	52	8C	A0	5C	51	3D	66	BF	E5	C7	9D	15	E6	C7	1A	9F	E7	C7	45	32	E6	C7	C8	CF	34	C8	00	80	5B	40	00	80	81	C0	00	00	2B	40	00	C0	F4	40	00	80	89	40	00	00	00	00	00	00	00	00	00	00	00	00	00	00	00	00	00	00	00	00
6.174	3D DATA	true	-	-	-	-	-117630.8	-117803.2	-118590.2	-117860.5	-185151.1	3.4	-4.0	2.7	7.6	4.3	-	-	-	-	-
6.175	3D MESSAGE	48	00	17	91	20	59	53	8C	A0	5C	51	3D	71	BF	E5	C7	B8	15	E6	C7	1B	9F	E7	C7	34	32	E6	C7	E3	CF	34	C8	00	00	56	40	00	40	88	C0	00	80	2A	40	00	00	F9	40	00	00	78	40	00	00	00	00	00	00	00	00	00	00	00	00	00	00	00	00	00	00	00	00
6.175	3D DATA	true	-	-	-	-	-117630.9	-117803.4	-118590.2	-117860.4	-185151.5	3.3	-4.3	2.7	7.8	3.9	-	-	-	-	-
6.175	3D MESSAGE	48	00	18	91	20	59	54	8C	A0	5C	51	3D	7C	BF	E5	C7	C8	15	E6	C7	06	9F	E7	C7	13	32	E6	C7	F3	CF	34	C8	00	80	50	40	00	40	8C	C0	00	00	35	40	00	A0	00	41	00	00	68	40	00	00	00	00	00	00	00	00	00	00	00	00	00	00	00	00	00	00	00	00
6.175	3D DATA	true	-	-	-	-	-117631.0	-117803.6	-118590.0	-117860.1	-185151.8	3.3	-4.4	2.8	8.0	3.6	-	-	-	-	-
6.201	3D MESSAGE	48	00	19	91	20	59	55	8C	A0	5C	51	3D	7C	BF	E5	C7	C4	15	E6	C7	D8	9E	E7	C7	DE	31	E6	C7	F0	CF	34	C8	00	80	50	40	00	40	8B	C0	00	00	4C	40	00	40	07	41	00	00	6B	40	00	00	00	00	00	00	00	00	00	00	00	00	00	00	00	00	00	00	00	00
6.201	3D DATA	true	-	-	-	-	-117631.0	-117803.5	-118589.7	-117859.7	-185151.8	3.3	-4.4	3.2	8.5	3.7	-	-	-	-	-
6.201	3D MESSAGE	48	00	1A	91	20	59	56	8C	A0	5C	51	3D	6A	BF	E5	C7	AC	15	E6	C7	95	9E	E7	C7	94	31	E6	C7	DB	CF	34	C8	00	80	59	40	00	40	85	C0	00	80	6D	40	00	80	10	41	00	00	80	40	00	00	00	00	00	00	00	00	00	00	00	00	00	00	00	00	00	00	00	00
6.202	3D DATA	true	-	-	-	-	-117630.8	-117803.3	-118589.2	-117859.2	-185151.4	3.4	-4.2	3.7	9.0	4.0	-	-	-	-	-
6.202	3D MESSAGE	48	00	1B	91	20	59	57	8C	A0	5C	51	3D	45	BF	E5	C7	87	15	E6	C7	44	9E	E7	C7	3C	31	E6	C7	B5	CF	34	C8	00	00	6C	40	00	00	78	C0	00	00	8B	40	00	80	1B	41	00	00	93	40	00	00	00	00	00	00	00	00	00	00	00	00	00	00	00	00	00	00	00	00
6.202	3D DATA	true	-	-	-	-	-117630.5	-117803.1	-118588.5	-117858.5	-185150.8	3.7	-3.9	4.3	9.7	4.6	-	-	-	-	-
6.202	3D MESSAGE	48	00	1C	91	20	59	58	8C	A0	5C	51	3D	10	BF	E5	C7	5C	15	E6	C7	EE	9D	E7	C7	DE	30	E6	C7	86	CF	34	C8	00	40	83	40	00	80	62	C0	00	80	A0	40	00	40	27	41	00	80	AA	40	00	00	00	00	00	00	00	00	00	00	00	00	00	00	00	00	00	00	00	00
6.202	3D DATA	true	-	-	-	-	-117630.1	-117802.7	-118587.9	-117857.7	-185150.1	4.1	-3.5	5.0	10.5	5.3	-	-	-	-	-
6.203	3D MESSAGE	48	00	1D	91	20	59	59	8C	A0	5C	51	3D	D7	BE	E5	C7	38	15	E6	C7	A2	9D	E7	C7	83	30	E6	C7	58	CF	34	C8	00	80	91	40	00	80	50	C0	00	80	B3	40	00	A0	32	41	00	80	C1	40	00	00	00	00	00	00	00	00	00	00	00	00	00	00	00	00	00	00	00	00
6.203	3D DATA	true	-	-	-	-	-117629.7	-117802.4	-118587.3	-117857.0	-185149.4	4.5	-3.3	5.6	11.2	6.0	-	-	-	-	-
6.231	3D MESSAGE	48	00	1E	91	20	59	5A	8C	A0	5C	51	3D	A4	BE	E5	C7	20	15	E6	C7	64	9D	E7	C7	33	30	E6	C7	32	CF	34	C8	00	40	9E	40	00	80	44	C0	00	00	C3	40	00	A0	3C	41	00	80	D4	40	00	00	00	00	00	00	00	00	00	00	00	00	00	00	00	00	00	00	00	00
6.231	3D DATA	true	-	-	-	-	-117629.3	-117802.2	-118586.8	-117856.4	-185148.8	4.9	-3.1	6.1	11.8	6.6	-	-	-	-	-
6.231	3D MESSAGE	48	00	1F	91	20	59	5B	8C	A0	5C	51	3D	80	BE	E5	C7	1A	15	E6	C7	37	9D	E7	C7	F1	2F	E6	C7	19	CF	34	C8	00	40	A7	40	00	80	41	C0	00	40	CE	40	00	E0	44	41	00	00	E1	40	00	00	00	00	00	00	00	00	00	00	00	00	00	00	00	00	00	00	00	00
6.231	3D DATA	true	-	-	-	-	-117629.0	-117802.2	-118586.4	-117855.9	-185148.4	5.2	-3.0	6.4	12.3	7.0	-	-	-	-	-
6.232	3D MESSAGE	48	00	20	91	20	59	5C	8C	A0	5C	51	3D	6E	BE	E5	C7	1F	15	E6	C7	18	9D	E7	C7	BC	2F	E6	C7	0B	CF	34	C8	00	C0	AB	40	00	00	44	C0	00	00	D6	40	00	80	4B	41	00	00	E8	40	00	00	00	00	00	00	00	00	00	00	00	00	00	00	00	00	00	00	00	00
6.232	3D DATA	true	-	-	-	-	-117628.9	-117802.2	-118586.2	-117855.5	-185148.2	5.4	-3.1	6.7	12.7	7.2	-	-	-	-	-
6.232	3D MESSAGE	48	00	21	91	20	59	5D	8C	A0	5C	51	3D	6A	BE	E5	C7	27	15	E6	C7	FF	9C	E7	C7	90	2F	E6	C7	04	CF	34	C8	00	C0	AC	40	00	00	48	C0	00	40	DC	40	00	00	51	41	00	80	EB	40	00	00	00	00	00	00	00	00	00	00	00	00	00	00	00	00	00	00	00	00
6.232	3D DATA	true	-	-	-	-	-117628.8	-117802.3	-118586.0	-117855.1	-185148.1	5.4	-3.1	6.9	13.1	7.4	-	-	-	-	-
6.233	3D MESSAGE	48	00	22	91	20	59	5E	8C	A0	5C	51	3D	6C	BE	E5	C7	27	15	E6	C7	E4	9C	E7	C7	60	2F	E6	C7	FC	CE	34	C8	00	40	AC	40	00	00	48	C0	00	00	E3	40	00	00	57	41	00	80	EF	40	00	00	00	00	00	00	00	00	00	00	00	00	00	00	00	00	00	00	00	00
6.233	3D DATA	true	-	-	-	-	-117628.8	-117802.3	-118585.8	-117854.8	-185147.9	5.4	-3.1	7.1	13.4	7.5	-	-	-	-	-
6.233	3D MESSAGE	48	00	23	91	20	59	5F	8C	A0	5C	51	3D	68	BE	E5	C7	14	15	E6	C7	C2	9C	E7	C7	26	2F	E6	C7	EA	CE	34	C8	00	40	AD	40	00	80	3E	C0	00	80	EB	40	00	40	5E	41	00	80	F8	40	00	00	00	00	00	00	00	00	00	00	00	00	00	00	00	00	00	00	00	00
6.233	3D DATA	true	-	-	-	-	-117628.8	-117802.2	-118585.5	-117854.3	-185147.7	5.4	-3.0	7.4	13.9	7.8	-	-	-	-	-
6.260	3D MESSAGE	48	00	24	91	20	59	60	8C	A0	5C	51	3D	52	BE	E5	C7	EA	14	E6	C7	93	9C	E7	C7	D7	2E	E6	C7	CA	CE	34	C8	00	C0	B2	40	00	80	29	C0	00	40	F7	40	00	20	68	41	00	40	04	41	00	00	00	00	00	00	00	00	00	00	00	00	00	00	00	00	00	00	00	00
6.260	3D DATA	true	-	-	-	-	-117628.6	-117801.8	-118585.1	-117853.7	-185147.2	5.6	-2.6	7.7	14.5	8.3	-	-	-	-	-
6.260	3D MESSAGE	48	00	25	91	20	59	61	8C	A0	5C	51	3D	26	BE	E5	C7	A9	14	E6	C7	5B	9C	E7	C7	6F	2E	E6	C7	9B	CE	34	C8	00	C0	BD	40	00	00	09	C0	00	A0	02	41	00	20	75	41	00	00	10	41	00	00	00	00	00	00	00	00	00	00	00	00	00	00	00	00	00	00	00	00
6.260	3D DATA	true	-	-	-	-	-117628.3	-117801.3	-118584.7	-117852.9	-185146.4	5.9	-2.1	8.2	15.3	9.0	-	-	-	-	-
6.261	3D MESSAGE	48	00	26	91	20	59	62	8C	A0	5C	51	3D	E4	BD	E5	C7	57	14	E6	C7	1C	9C	E7	C7	ED	2D	E6	C7	60	CE	34	C8	00	40	CE	40	00	00	C0	BF	00	80	0A	41	00	B0	82	41	00	C0	1E	41	00	00	00	00	00	00	00	00	00	00	00	00	00	00	00	00	00	00	00	00
6.261	3D DATA	true	-	-	-	-	-117627.8	-117800.7	-118584.2	-117851.9	-185145.5	6.4	-1.5	8.7	16.3	9.9	-	-	-	-	-
6.261	3D MESSAGE	48	00	27	91	20	59	63	8C	A0	5C	51	3D	94	BD	E5	C7	00	14	E6	C7	DE	9B	E7	C7	55	2D	E6	C7	23	CE	34	C8	00	40	E2	40	00	00	52	BF	00	40	12	41	00	30	8C	41	00	00	2E	41	00	00	00	00	00	00	00	00	00	00	00	00	00	00	00	00	00	00	00	00
6.261	3D DATA	true	-	-	-	-	-117627.2	-117800.0	-118583.7	-117850.7	-185144.5	7.1	-0.8	9.1	17.5	10.9	-	-	-	-	-
6.261	3D MESSAGE	48	00	28	91	20	59	64	8C	A0	5C	51	3D	42	BD	E5	C7	B0	13	E6	C7	A8	9B	E7	C7	AF	2C	E6	C7	EC	CD	34	C8	00	C0	F6	40	00	00	48	BE	00	00	19	41	00	90	96	41	00	C0	3B	41	00	00	00	00	00	00	00	00	00	00	00	00	00	00	00	00	00	00	00	00
6.261	3D DATA	true	-	-	-	-	-117626.5	-117799.4	-118583.3	-117849.4	-185143.7	7.7	-0.2	9.6	18.8	11.7	-	-	-	-	-
6.262	3D MESSAGE	48	00	29	91	20	59	65	8C	A0	5C	51	3D	F8	BC	E5	C7	72	13	E6	C7	7F	9B	E7	C7	04	2C	E6	C7	C4	CD	34	C8	00	A0	04	41	00	00	94	3E	00	20	1E	41	00	40	A1	41	00	C0	45	41	00	00	00	00	00	00	00	00	00	00	00	00	00	00	00	00	00	00	00	00
6.262	3D DATA	true	-	-	-	-	-117625.9	-117798.9	-118583.0	-117848.0	-185143.1	8.3	0.3	9.9	20.2	12.4	-	-	-	-	-
6.294	3D MESSAGE	48	00	2A	91	20	59	66	8C	A0	5C	51	3D	BD	BC	E5	C7	4B	13	E6	C7	68	9B	E7	C7	5D	2B	E6	C7	AE	CD	34	C8	00	00	0C	41	00	00	18	3F	00	00	21	41	00	B0	AB	41	00	40	4B	41	00	00	00	00	00	00	00	00	00	00	00	00	00	00	00	00	00	00	00	00
6.294	3D DATA	true	-	-	-	-	-117625.5	-117798.6	-118582.8	-117846.7	-185142.7	8.8	0.6	10.1	21.5	12.7	-	-	-	-	-
6.295	3D MESSAGE	48	00	2B	91	20	59	67	8C	A0	5C	51	3D	95	BC	E5	C7	3E	13	E6	C7	60	9B	E7	C7	C0	2A	E6	C7	A9	CD	34	C8	00	00	11	41	00	00	32	3F	00	00	22	41	00	80	B5	41	00	80	4C	41	00	00	00	00	00	00	00	00	00	00	00	00	00	00	00	00	00	00	00	00
6.295	3D DATA	true	-	-	-	-	-117625.2	-117798.5	-118582.8	-117845.5	-185142.6	9.1	0.7	10.1	22.7	12.8	-	-	-	-	-
6.295	3D MESSAGE	48	00	2C	91	20	59	68	8C	A0	5C	51	3D	7C	BC	E5	C7	43	13	E6	C7	68	9B	E7	C7	31	2A	E6	C7	AE	CD	34	C8	00	20	14	41	00	00	28	3F	00	00	21	41	00	70	BE	41	00	40	4B	41	00	00	00	00	00	00	00	00	00	00	00	00	00	00	00	00	00	00	00	00
6.295	3D DATA	true	-	-	-	-	-117625.0	-117798.5	-118582.8	-117844.4	-185142.7	9.3	0.7	10.1	23.8	12.7	-	-	-	-	-
6.296	3D MESSAGE	48	00	2D	91	20	59	69	8C	A0	5C	51	3D	6A	BC	E5	C7	54	13	E6	C7	77	9B	E7	C7	AD	29	E6	C7	B7	CD	34	C8	00	60	16	41	00	00	06	3F	00	20	1F	41	00	B0	C6	41	00	00	49	41	00	00	00	00	00	00	00	00	00	00	00	00	00	00	00	00	00	00	00	00
6.296	3D DATA	true	-	-	-	-	-117624.8	-117798.7	-118582.9	-117843.4	-185142.9	9.4	0.5	9.9	24.8	12.6	-	-	-	-	-
6.296	3D MESSAGE	48	00	2E	91	20	59	6A	8C	A0	5C	51	3D	59	BC	E5	C7	65	13	E6	C7	87	9B	E7	C7	30	29	E6	C7	BB	CD	34	C8	00	80	18	41	00	00	C8	3E	00	20	1D	41	00	80	CE	41	00	00	48	41	00	00	00	00	00	00	00	00	00	00	00	00	00	00	00	00	00	00	00	00
6.296	3D DATA	true	-	-	-	-	-117624.7	-117798.8	-118583.1	-117842.4	-185142.9	9.5	0.4	9.8	25.8	12.5	-	-	-	-	-
6.297	3D MESSAGE	48	00	2F	91	20	59	6B	8C	A0	5C	51	3D	40	BC	E5	C7	6E	13	E6	C7	90	9B	E7	C7	B6	28	E6	C7	B6	CD	34	C8	00	A0	1B	41	00	00	A4	3E	00	00	1C	41	00	20	D6	41	00	40	49	41	00	00	00	00	00	00	00	00	00	00	00	00	00	00	00	00	00	00	00	00
6.297	3D DATA	true	-	-	-	-	-117624.5	-117798.9	-118583.1	-117841.4	-185142.8	9.7	0.3	9.8	26.8	12.6	-	-	-	-	-
6.298	3D MESSAGE	48	00	30	91	20	59	6C	8C	A0	5C	51	3D	19	BC	E5	C7	6A	13	E6	C7	8B	9B	E7	C7	34	28	E6	C7	A5	CD	34	C8	00	80	20	41	00	00	B4	3E	00	A0	1C	41	00	40	DE	41	00	80	4D	41	00	00	00	00	00	00	00	00	00	00	00	00	00	00	00	00	00	00	00	00
6.298	3D DATA	true	-	-	-	-	-117624.2	-117798.8	-118583.1	-117840.4	-185142.6	10.0	0.4	9.8	27.8	12.8	-	-	-	-	-
6.324	3D MESSAGE	48	00	31	91	20	59	6D	8C	A0	5C	51	3D	DD	BB	E5	C7	53	13	E6	C7	70	9B	E7	C7	A6	27	E6	C7	88	CD	34	C8	00	00	28	41	00	00	08	3F	00	00	20	41	00	20	E7	41	00	C0	54	41	00	00	00	00	00	00	00	00	00	00	00	00	00	00	00	00	00	00	00	00
6.324	3D DATA	true	-	-	-	-	-117623.7	-117798.6	-118582.9	-117839.3	-185142.1	10.5	0.5	10.0	28.9	13.3	-	-	-	-	-
6.324	3D MESSAGE	48	00	32	91	20	59	6E	8C	A0	5C	51	3D	8A	BB	E5	C7	2A	13	E6	C7	39	9B	E7	C7	07	27	E6	C7	60	CD	34	C8	00	60	32	41	00	00	5A	3F	00	E0	26	41	00	10	F1	41	00	C0	5E	41	00	00	00	00	00	00	00	00	00	00	00	00	00	00	00	00	00	00	00	00
6.324	3D DATA	true	-	-	-	-	-117623.1	-117798.3	-118582.4	-117838.1	-185141.5	11.1	0.9	10.4	30.1	13.9	-	-	-	-	-
6.325	3D MESSAGE	48	00	33	91	20	59	6F	8C	A0	5C	51	3D	1F	BB	E5	C7	F2	12	E6	C7	E4	9A	E7	C7	53	26	E6	C7	30	CD	34	C8	00	C0	3F	41	00	00	A5	3F	00	80	31	41	00	50	FC	41	00	C0	6A	41	00	00	00	00	00	00	00	00	00	00	00	00	00	00	00	00	00	00	00	00
6.325	3D DATA	true	-	-	-	-	-117622.2	-117797.9	-118581.8	-117836.6	-185140.8	12.0	1.3	11.1	31.5	14.7	-	-	-	-	-
6.325	3D MESSAGE	48	00	34	91	20	59	70	8C	A0	5C	51	3D	A1	BA	E5	C7	AF	12	E6	C7	71	9A	E7	C7	8C	25	E6	C7	F8	CC	34	C8	00	80	4F	41	00	00	E8	3F	00	E0	3F	41	00	60	04	42	00	C0	78	41	00	00	00	00	00	00	00	00	00	00	00	00	00	00	00	00	00	00	00	00
6.325	3D DATA	true	-	-	-	-	-117621.3	-117797.4	-118580.9	-117835.1	-185139.9	13.0	1.8	12.0	33.1	15.5	-	-	-	-	-
6.325	3D MESSAGE	48	00	35	91	20	59	71	8C	00	8D	C8	3D	16	BA	E5	C7	68	12	E6	C7	E6	99	E7	C7	B3	24	E6	C7	BC	CC	34	C8	00	E0	60	41	00	80	17	40	00	40	51	41	00	28	0B	42	00	E0	83	41	00	00	00	00	00	00	00	00	00	00	00	00	00	00	00	00	00	00	00	00
6.325	3D DATA	true	-	-	-	-	-117620.2	-117796.8	-118579.8	-117833.4	-185138.9	14.1	2.4	13.1	34.8	16.5	-	-	-	-	-
6.354	3D MESSAGE	48	00	36	91	20	59	72	8C	00	8D	C8	3D	8A	B9	E5	C7	26	12	E6	C7	4D	99	E7	C7	CE	23	E6	C7	7F	CC	34	C8	00	60	72	41	00	80	38	40	00	60	64	41	00	50	12	42	00	80	8B	41	00	00	00	00	00	00	00	00	00	00	00	00	00	00	00	00	00	00	00	00
6.354	3D DATA	true	-	-	-	-	-117619.1	-117796.3	-118578.6	-117831.6	-185138.0	15.1	2.9	14.3	36.6	17.4	-	-	-	-	-
6.355	3D MESSAGE	48	00	37	91	20	59	73	8C	00	8D	C8	3D	06	B9	E5	C7	F4	11	E6	C7	B1	98	E7	C7	E0	22	E6	C7	48	CC	34	C8	00	70	81	41	00	80	51	40	00	E0	77	41	00	C0	19	42	00	60	92	41	00	00	00	00	00	00	00	00	00	00	00	00	00	00	00	00	00	00	00	00
6.355	3D DATA	true	-	-	-	-	-117618.0	-117795.9	-118577.4	-117829.8	-185137.1	16.2	3.3	15.5	38.4	18.3	-	-	-	-	-
6.355	3D MESSAGE	48	00	38	91	20	59	74	8C	00	8D	C8	3D	96	B8	E5	C7	D9	11	E6	C7	1E	98	E7	C7	ED	21	E6	C7	1B	CC	34	C8	00	70	88	41	00	00	5F	40	00	20	85	41	00	58	21	42	00	00	98	41	00	00	00	00	00	00	00	00	00	00	00	00	00	00	00	00	00	00	00	00
6.355	3D DATA	true	-	-	-	-	-117617.2	-117795.7	-118576.2	-117827.9	-185136.4	17.1	3.5	16.6	40.3	19.0	-	-	-	-	-
6.355	3D MESSAGE	48	00	39	91	20	59	75	8C	00	8D	C8	3D	3C	B8	E5	C7	D4	11	E6	C7	9D	97	E7	C7	F2	20	E6	C7	FA	CB	34	C8	00	10	8E	41	00	80	61	40	00	30	8D	41	00	30	29	42	00	20	9C	41	00	00	00	00	00	00	00	00	00	00	00	00	00	00	00	00	00	00	00	00
6.355	3D DATA	true	-	-	-	-	-117616.5	-117795.7	-118575.2	-117825.9	-185135.9	17.8	3.5	17.6	42.3	19.5	-	-	-	-	-
6.356	3D MESSAGE	48	00	3A	91	20	59	76	8C	00	8D	C8	3D	F7	B7	E5	C7	E0	11	E6	C7	2F	97	E7	C7	EA	1F	E6	C7	E3	CB	34	C8	00	60	92	41	00	80	5B	40	00	10	94	41	00	70	31	42	00	00	9F	41	00	00	00	00	00	00	00	00	00	00	00	00	00	00	00	00	00	00	00	00
6.356	3D DATA	true	-	-	-	-	-117615.9	-117795.8	-118574.4	-117823.8	-185135.5	18.3	3.4	18.5	44.4	19.9	-	-	-	-	-
6.356	3D MESSAGE	48	00	3B	91	20	59	77	8C	00	8D	C8	3D	BC	B7	E5	C7	F3	11	E6	C7	D0	96	E7	C7	CA	1E	E6	C7	CE	CB	34	C8	00	10	96	41	00	00	52	40	00	00	9A	41	00	70	3A	42	00	A0	A1	41	00	00	00	00	00	00	00	00	00	00	00	00	00	00	00	00	00	00	00	00
6.356	3D DATA	true	-	-	-	-	-117615.5	-117795.9	-118573.6	-117821.6	-185135.2	18.8	3.3	19.2	46.6	20.2	-	-	-	-	-
6.356	3D MESSAGE	48	00	3C	91	20	59	78	8C	00	8D	C8	3D	7D	B7	E5	C7	FE	11	E6	C7	77	96	E7	C7	86	1D	E6	C7	B1	CB	34	C8	00	00	9A	41	00	80	4C	40	00	90	9F	41	00	90	44	42	00	40	A5	41	00	00	00	00	00	00	00	00	00	00	00	00	00	00	00	00	00	00	00	00
6.356	3D DATA	true	-	-	-	-	-117615.0	-117796.0	-118572.9	-117819.0	-185134.8	19.2	3.2	19.9	49.1	20.7	-	-	-	-	-
6.388	3D MESSAGE	48	00	3D	91	20	59	79	8C	00	8D	C8	3D	2D	B7	E5	C7	F4	11	E6	C7	16	96	E7	C7	14	1C	E6	C7	81	CB	34	C8	00	00	9F	41	00	80	51	40	00	A0	A5	41	00	20	50	42	00	40	AB	41	00	00	00	00	00	00	00	00	00	00	00	00	00	00	00	00	00	00	00	00
6.388	3D DATA	true	-	-	-	-	-117614.4	-117795.9	-118572.2	-117816.2	-185134.0	19.9	3.3	20.7	52.0	21.4	-	-	-	-	-
6.388	3D MESSAGE	48	00	3E	91	20	59	7A	8C	00	8D	C8	3D	BE	B6	E5	C7	CE	11	E6	C7	A1	95	E7	C7	6A	1A	E6	C7	36	CB	34	C8	00	F0	A5	41	00	80	64	40	00	F0	AC	41	00	70	5D	42	00	A0	B4	41	00	00	00	00	00	00	00	00	00	00	00	00	00	00	00	00	00	00	00	00
6.388	3D DATA	true	-	-	-	-	-117613.5	-117795.6	-118571.3	-117812.8	-185132.8	20.7	3.6	21.6	55.4	22.6	-	-	-	-	-
6.389	3D MESSAGE	48	00	3F	91	20	59	7B	8C	00	8D	C8	3D	2E	B6	E5	C7	8C	11	E6	C7	10	95	E7	C7	83	18	E6	C7	CD	CA	34	C8	00	F0	AE	41	00	C0	82	40	00	00	B6	41	00	A8	6C	42	00	C0	C1	41	00	00	00	00	00	00	00	00	00	00	00	00	00	00	00	00	00	00	00	00
6.389	3D DATA	true	-	-	-	-	-117612.4	-117795.1	-118570.1	-117809.0	-185131.2	21.9	4.1	22.8	59.2	24.2	-	-	-	-	-
6.389	3D MESSAGE	48	00	40	91	20	59	7C	8C	00	8D	C8	3D	7D	B5	E5	C7	32	11	E6	C7	5E	94	E7	C7	60	16	E6	C7	4C	CA	34	C8	00	00	BA	41	00	40	99	40	00	20	C1	41	00	C0	7D	42	00	E0	D1	41	00	00	00	00	00	00	00	00	00	00	00	00	00	00	00	00	00	00	00	00
6.389	3D DATA	true	-	-	-	-	-117611.0	-117794.4	-118568.7	-117804.8	-185129.2	23.2	4.8	24.1	63.4	26.2	-	-	-	-	-
6.389	3D MESSAGE	48	00	41	91	20	59	7D	8C	00	8D	C8	3D	B4	B4	E5	C7	CC	10	E6	C7	8D	93	E7	C7	05	14	E6	C7	BD	C9	34	C8	00	90	C6	41	00	C0	B2	40	00	30	CE	41	00	4C	88	42	00	C0	E3	41	00	00	00	00	00	00	00	00	00	00	00	00	00	00	00	00	00	00	00	00
6.389	3D DATA	true	-	-	-	-	-117609.4	-117793.6	-118567.1	-117800.0	-185127.0	24.8	5.6	25.8	68.1	28.5	-	-	-	-	-
6.390	3D MESSAGE	48	00	42	91	20	59	7E	8C	00	8D	C8	3D	DF	B3	E5	C7	66	10	E6	C7	A1	92	E7	C7	79	11	E6	C7	2C	C9	34	C8	00	E0	D3	41	00	40	CC	40	00	F0	DC	41	00	7C	92	42	00	E0	F5	41	00	00	00	00	00	00	00	00	00	00	00	00	00	00	00	00	00	00	00	00
6.390	3D DATA	true	-	-	-	-	-117607.7	-117792.8	-118565.3	-117794.9	-185124.7	26.5	6.4	27.6	73.2	30.7	-	-	-	-	-
6.390	3D MESSAGE	48	00	43	91	20	59	7F	8C	00	8D	C8	3D	0A	B3	E5	C7	0C	10	E6	C7	A3	91	E7	C7	C0	0E	E6	C7	A4	C8	34	C8	00	30	E1	41	00	C0	E2	40	00	D0	EC	41	00	60	9D	42	00	70	03	42	00	00	00	00	00	00	00	00	00	00	00	00	00	00	00	00	00	00	00	00
6.390	3D DATA	true	-	-	-	-	-117606.1	-117792.1	-118563.3	-117789.5	-185122.6	28.1	7.1	29.6	78.7	32.9	-	-	-	-	-
6.416	3D MESSAGE	48	00	44	91	20	59	80	8C	00	8D	C8	3D	3B	B2	E5	C7	C2	0F	E6	C7	97	90	E7	C7	D8	0B	E6	C7	2C	C8	34	C8	00	20	EE	41	00	40	F5	40	00	90	FD	41	00	00	A9	42	00	F0	0A	42	00	00	00	00	00	00	00	00	00	00	00	00	00	00	00	00	00	00	00	00
6.416	3D DATA	true	-	-	-	-	-117604.5	-117791.5	-118561.2	-117783.7	-185120.7	29.8	7.7	31.7	84.5	34.7	-	-	-	-	-
6.417	3D MESSAGE	48	00	45	91	20	59	81	8C	00	8D	C8	3D	74	B1	E5	C7	8B	0F	E6	C7	82	8F	E7	C7	B9	08	E6	C7	C0	C7	34	C8	00	90	FA	41	00	80	01	41	00	70	07	42	00	7C	B5	42	00	B0	11	42	00	00	00	00	00	00	00	00	00	00	00	00	00	00	00	00	00	00	00	00
6.417	3D DATA	true	-	-	-	-	-117602.9	-117791.1	-118559.0	-117777.4	-185119.0	31.3	8.1	33.9	90.7	36.4	-	-	-	-	-
6.418	3D MESSAGE	48	00	46	91	20	59	82	8C	00	8D	C8	3D	B1	B0	E5	C7	62	0F	E6	C7	63	8E	E7	C7	52	05	E6	C7	59	C7	34	C8	00	60	03	42	00	A0	06	41	00	68	10	42	00	18	C3	42	00	20	18	42	00	00	00	00	00	00	00	00	00	00	00	00	00	00	00	00	00	00	00	00
6.418	3D DATA	true	-	-	-	-	-117601.4	-117790.8	-118556.8	-117770.6	-185117.4	32.8	8.4	36.1	97.5	38.0	-	-	-	-	-
6.418	3D MESSAGE	48	00	47	91	20	59	83	8C	00	8D	C8	3D	E8	AF	E5	C7	3E	0F	E6	C7	36	8D	E7	C7	8C	01	E6	C7	EE	C6	34	C8	00	A8	09	42	00	20	0B	41	00	D0	19	42	00	30	D2	42	00	D0	1E	42	00	00	00	00	00	00	00	00	00	00	00	00	00	00	00	00	00	00	00	00
6.418	3D DATA	true	-	-	-	-	-117599.8	-117790.5	-118554.4	-117763.1	-185115.7	34.4	8.7	38.5	105.1	39.7	-	-	-	-	-
6.419	3D MESSAGE	48	00	48	91	20	59	84	8C	00	8D	C8	3D	0D	AF	E5	C7	17	0F	E6	C7	F2	8B	E7	C7	4A	FD	E5	C7	70	C6	34	C8	00	80	10	42	00	00	10	41	00	F0	23	42	00	38	E3	42	00	B0	26	42	00	00	00	00	00	00	00	00	00	00	00	00	00	00	00	00	00	00	00	00
6.419	3D DATA	true	-	-	-	-	-117598.1	-117790.2	-118551.9	-117754.6	-185113.8	36.1	9.0	41.0	113.6	41.7	-	-	-	-	-
6.450	3D MESSAGE	48	00	49	91	20	59	85	8C	00	8D	C8	3D	16	AE	E5	C7	E5	0E	E6	C7	8C	8A	E7	C7	71	F8	E5	C7	D9	C5	34	C8	00	38	18	42	00	40	16	41	00	20	2F	42	00	9C	F6	42	00	20	30	42	00	00	00	00	00	00	00	00	00	00	00	00	00	00	00	00	00	00	00	00
6.450	3D DATA	true	-	-	-	-	-117596.2	-117789.8	-118549.1	-117744.9	-185111.4	38.1	9.4	43.8	123.3	44.0	-	-	-	-	-
6.451	3D MESSAGE	48	00	4A	91	20	59	86	8C	00	8D	C8	3D	FC	AC	E5	C7	A3	0E	E6	C7	F8	88	E7	C7	E3	F2	E5	C7	22	C5	34	C8	00	08	21	42	00	80	1E	41	00	C0	3B	42	00	6A	06	43	00	90	3B	42	00	00	00	00	00	00	00	00	00	00	00	00	00	00	00	00	00	00	00	00
6.451	3D DATA	true	-	-	-	-	-117594.0	-117789.3	-118545.9	-117733.8	-185108.5	40.3	9.9	46.9	134.4	46.9	-	-	-	-	-
6.451	3D MESSAGE	48	00	4B	91	20	59	87	8C	00	8D	C8	3D	BC	AB	E5	C7	55	0E	E6	C7	2A	87	E7	C7	87	EC	E5	C7	4B	C4	34	C8	00	08	2B	42	00	40	28	41	00	30	4A	42	00	22	13	43	00	00	49	42	00	00	00	00	00	00	00	00	00	00	00	00	00	00	00	00	00	00	00	00
6.451	3D DATA	true	-	-	-	-	-117591.5	-117788.7	-118542.3	-117721.1	-185105.2	42.8	10.5	50.5	147.1	50.2	-	-	-	-	-
6.452	3D MESSAGE	48	00	4C	91	20	59	88	8C	00	8D	C8	3D	54	AA	E5	C7	FE	0D	E6	C7	15	85	E7	C7	40	E5	E5	C7	56	C3	34	C8	00	48	36	42	00	20	33	41	00	D8	5A	42	00	B0	21	43	00	50	58	42	00	00	00	00	00	00	00	00	00	00	00	00	00	00	00	00	00	00	00	00
6.452	3D DATA	true	-	-	-	-	-117588.7	-117788.0	-118538.2	-117706.5	-185101.3	45.6	11.2	54.7	161.7	54.1	-	-	-	-	-
6.453	3D MESSAGE	48	00	4D	91	20	59	89	8C	00	8D	C8	3D	C3	A8	E5	C7	A0	0D	E6	C7	A8	82	E7	C7	F1	DC	E5	C7	43	C2	34	C8	00	D0	42	42	00	E0	3E	41	00	40	6E	42	00	4E	32	43	00	80	69	42	00	00	00	00	00	00	00	00	00	00	00	00	00	00	00	00	00	00	00	00
6.453	3D DATA	true	-	-	-	-	-117585.5	-117787.2	-118533.3	-117689.9	-185097.0	48.7	11.9	59.6	178.3	58.4	-	-	-	-	-
6.453	3D MESSAGE	48	00	4E	91	20	59	8A	8C	00	8D	C8	3D	05	A7	E5	C7	3D	0D	E6	C7	D6	7F	E7	C7	7C	D3	E5	C7	11	C1	34	C8	00	C0	50	42	00	40	4B	41	00	68	82	42	00	38	45	43	00	A0	7C	42	00	00	00	00	00	00	00	00	00	00	00	00	00	00	00	00	00	00	00	00
6.453	3D DATA	true	-	-	-	-	-117582.0	-117786.5	-118527.7	-117671.0	-185092.3	52.2	12.7	65.2	197.2	63.2	-	-	-	-	-
6.453	3D MESSAGE	48	00	4F	91	20	59	8B	8C	00	8D	C8	3D	17	A5	E5	C7	D4	0C	E6	C7	8B	7C	E7	C7	C8	C8	E5	C7	BB	BF	34	C8	00	30	60	42	00	60	58	41	00	94	8F	42	00	A0	5A	43	00	00	89	42	00	00	00	00	00	00	00	00	00	00	00	00	00	00	00	00	00	00	00	00
6.453	3D DATA	true	-	-	-	-	-117578.2	-117785.7	-118521.1	-117649.6	-185086.9	56.0	13.5	71.8	218.6	68.5	-	-	-	-	-
6.482	3D MESSAGE	48	00	50	91	20	59	8C	8C	00	8D	C8	3D	F5	A2	E5	C7	5E	0C	E6	C7	B9	78	E7	C7	C5	BC	E5	C7	3C	BE	34	C8	00	40	71	42	00	20	67	41	00	DC	9E	42	00	A6	72	43	00	F8	94	42	00	00	00	00	00	00	00	00	00	00	00	00	00	00	00	00	00	00	00	00
6.482	3D DATA	true	-	-	-	-	-117573.9	-117784.7	-118513.4	-117625.5	-185080.9	60.3	14.4	79.4	242.6	74.5	-	-	-	-	-
6.483	3D MESSAGE	48	00	51	91	20	59	8D	8C	00	8D	C8	3D	9F	A0	E5	C7	D6	0B	E6	C7	50	74	E7	C7	73	AF	E5	C7	8E	BC	34	C8	00	F8	81	42	00	20	78	41	00	80	B0	42	00	A5	86	43	00	68	A2	42	00	00	00	00	00	00	00	00	00	00	00	00	00	00	00	00	00	00	00	00
6.483	3D DATA	true	-	-	-	-	-117569.2	-117783.7	-118504.6	-117598.9	-185074.2	65.0	15.5	88.2	269.3	81.2	-	-	-	-	-
6.483	3D MESSAGE	48	00	52	91	20	59	8E	8C	00	8D	C8	3D	1A	9E	E5	C7	3B	0B	E6	C7	44	6F	E7	C7	E6	A0	E5	C7	A8	BA	34	C8	00	0C	8C	42	00	C0	85	41	00	B0	C4	42	00	32	95	43	00	98	B1	42	00	00	00	00	00	00	00	00	00	00	00	00	00	00	00	00	00	00	00	00
6.483	3D DATA	true	-	-	-	-	-117564.2	-117782.5	-118494.5	-117569.8	-185066.6	70.0	16.7	98.3	298.4	88.8	-	-	-	-	-
6.483	3D MESSAGE	48	00	53	91	20	59	8F	8C	00	8D	C8	3D	6C	9B	E5	C7	8C	0A	E6	C7	8B	69	E7	C7	49	91	E5	C7	87	B8	34	C8	00	C4	96	42	00	B0	90	41	00	94	DB	42	00	CF	A4	43	00	A0	C2	42	00	00	00	00	00	00	00	00	00	00	00	00	00	00	00	00	00	00	00	00
6.483	3D DATA	true	-	-	-	-	-117558.8	-117781.1	-118483.1	-117538.6	-185058.1	75.4	18.1	109.8	329.6	97.3	-	-	-	-	-
6.484	3D MESSAGE	48	00	54	91	20	59	90	8C	00	8D	C8	3D	9D	98	E5	C7	CA	09	E6	C7	1B	63	E7	C7	E2	80	E5	C7	26	B6	34	C8	00	00	A2	42	00	D0	9C	41	00	54	F5	42	00	36	B5	43	00	A8	D5	42	00	00	00	00	00	00	00	00	00	00	00	00	00	00	00	00	00	00	00	00
6.484	3D DATA	true	-	-	-	-	-117553.2	-117779.6	-118470.2	-117505.8	-185048.6	81.0	19.6	122.7	362.4	106.8	-	-	-	-	-
6.484	3D MESSAGE	48	00	55	91	20	59	91	8C	00	8D	C8	3D	B0	95	E5	C7	F7	08	E6	C7	EE	5B	E7	C7	07	70	E5	C7	81	B3	34	C8	00	B4	AD	42	00	00	AA	41	00	04	09	43	00	11	C6	43	00	D0	EA	42	00	00	00	00	00	00	00	00	00	00	00	00	00	00	00	00	00	00	00	00
6.484	3D DATA	true	-	-	-	-	-117547.4	-117777.9	-118455.9	-117472.1	-185038.0	86.9	21.2	137.0	396.1	117.4	-	-	-	-	-
6.513	3D MESSAGE	48	00	56	91	20	59	92	8C	00	8D	C8	3D	A4	92	E5	C7	13	08	E6	C7	FF	53	E7	C7	24	5F	E5	C7	93	B0	34	C8	00	E4	B9	42	00	40	B8	41	00	E2	18	43	00	F4	D6	43	00	20	01	43	00	00	00	00	00	00	00	00	00	00	00	00	00	00	00	00	00	00	00	00
6.513	3D DATA	true	-	-	-	-	-117541.3	-117776.1	-118440.0	-117438.3	-185026.3	92.9	23.0	152.9	429.9	129.1	-	-	-	-	-
6.514	3D MESSAGE	48	00	57	91	20	59	93	8C	00	8D	C8	3D	70	8F	E5	C7	1B	07	E6	C7	51	4B	E7	C7	B2	4E	E5	C7	5A	AD	34	C8	00	B4	C6	42	00	C0	C7	41	00	3E	2A	43	00	66	E7	43	00	04	0E	43	00	00	00	00	00	00	00	00	00	00	00	00	00	00	00	00	00	00	00	00
6.514	3D DATA	true	-	-	-	-	-117534.9	-117774.2	-118422.6	-117405.4	-185013.4	99.4	25.0	170.2	462.8	142.0	-	-	-	-	-
6.514	3D MESSAGE	48	00	58	91	20	59	94	8C	00	8D	C8	3D	0F	8C	E5	C7	0E	06	E6	C7	F0	41	E7	C7	2E	3F	E5	C7	D5	A9	34	C8	00	38	D4	42	00	90	D8	41	00	00	3D	43	00	EA	F6	43	00	18	1C	43	00	00	00	00	00	00	00	00	00	00	00	00	00	00	00	00	00	00	00	00
6.514	3D DATA	true	-	-	-	-	-117528.1	-117772.1	-118403.9	-117374.4	-184999.3	106.1	27.1	189.0	493.8	156.1	-	-	-	-	-
6.514	3D MESSAGE	48	00	59	91	20	59	95	8C	00	8D	C8	3D	79	88	E5	C7	EF	04	E6	C7	F4	37	E7	C7	16	31	E5	C7	0A	A6	34	C8	00	90	E2	42	00	80	EA	41	00	F8	50	43	00	81	02	44	00	44	2B	43	00	00	00	00	00	00	00	00	00	00	00	00	00	00	00	00	00	00	00	00
6.514	3D DATA	true	-	-	-	-	-117520.9	-117769.9	-118383.9	-117346.2	-184984.2	113.3	29.3	209.0	522.0	171.3	-	-	-	-	-
6.515	3D MESSAGE	48	00	5A	91	20	59	96	8C	00	8D	C8	3D	B1	84	E5	C7	C4	03	E6	C7	84	2D	E7	C7	DC	24	E5	C7	02	A2	34	C8	00	B0	F1	42	00	30	FD	41	00	D8	65	43	00	9E	08	44	00	64	3B	43	00	00	00	00	00	00	00	00	00	00	00	00	00	00	00	00	00	00	00	00
6.515	3D DATA	true	-	-	-	-	-117513.4	-117767.5	-118363.0	-117321.7	-184968.0	120.8	31.6	229.8	546.5	187.4	-	-	-	-	-
6.515	3D MESSAGE	4E	00	5B	91	30	59	97	8D	FE	FF	FF	FF	90	2B	00	8D	C8	3D	C1	80	E5	C7	9B	02	E6	C7	D2	22	E7	C7	E0	1A	E5	C7	CD	9D	34	C8	00	B8	00	43	00	E0	07	42	00	3C	7B	43	00	9C	0D	44	00	38	4C	43	00	00	00	00	00	00	00	00	00	00	00	00	00	00	00	00	00	00	00	00
6.515	3D DATA	true	-	65534	65535	11152	-117505.5	-117765.2	-118341.6	-117301.8	-184951.2	128.7	34.0	251.2	566.4	204.2	-	-	-	-	-
6.516	3D MESSAGE	4E	00	5C	91	30	59	98	8D	FE	FF	FF	FF	4B	28	00	8D	C8	3D	B9	7C	E5	C7	7F	01	E6	C7	16	18	E7	C7	61	13	E5	C7	79	99	34	C8	00	C8	08	43	00	C0	10	42	00	5A	88	43	80	5B	11	44	00	88	5D	43	00	00	00	00	00	00	00	00	00	00	00	00	00	00	00	00	00	00	00	00
6.516	3D DATA	true	-	65534	65535	10315	-117497.4	-117763.0	-118320.2	-117286.8	-184933.9	136.8	36.2	272.7	581.4	221.5	-	-	-	-	-
6.544	3D MESSAGE	4E	00	5D	91	30	59	99	8D	FE	FF	8A	FF	AB	25	28	49	2E	41	A7	78	E5	C7	76	00	E6	C7	81	0D	E7	C7	7E	0E	E5	C7	14	95	34	C8	00	EC	10	43	00	08	19	42	00	EF	92	43	00	CD	13	44	00	1C	6F	43	00	00	00	00	00	00	00	00	00	00	00	00	00	00	00	00	00	00	00	00
6.544	3D DATA	true	-	65534	65418	9643	-117489.3	-117760.9	-118299.0	-117277.0	-184916.3	144.9	38.3	293.9	591.2	239.1	-	-	-	-	-
6.544	3D MESSAGE	4E	00	5E	91	30	59	9A	8D	FE	FF	B2	FE	A2	23	28	49	2E	41	94	74	E5	C7	7F	FF	E5	C7	3C	03	E7	C7	32	0C	E5	C7	A4	90	34	C8	00	12	19	43	00	C0	20	42	00	34	9D	43	00	F3	14	44	00	6E	80	43	00	00	00	00	00	00	00	00	00	00	00	00	00	00	00	00	00	00	00	00
6.544	3D DATA	true	-	65534	65202	9122	-117481.2	-117759.0	-118278.5	-117272.4	-184898.6	153.1	40.2	314.4	595.8	256.9	-	-	-	-	-
6.545	3D MESSAGE	52	00	5F	91	32	59	9B	8D	00	00	00	80	FE	FF	8C	FD	1C	22	28	49	2E	41	7D	70	E5	C7	8B	FE	E5	C7	63	F9	E6	C7	58	0C	E5	C7	2E	8C	34	C8	00	40	21	43	00	60	28	42	00	0D	A7	43	00	E0	14	44	00	5A	89	43	00	00	00	00	00	00	00	00	00	00	00	00	00	00	00	00	00	00	00	00
6.545	3D DATA	true	-	65534	64908	8732	-117473.0	-117757.1	-118258.8	-117272.7	-184880.7	161.2	42.1	334.1	595.5	274.7	-	-	-	-	-
6.545	3D MESSAGE	4E	00	60	91	30	59	9C	8D	FE	FF	22	FC	03	21	28	49	2E	41	5B	6C	E5	C7	8A	FD	E5	C7	03	F0	E6	C7	B4	0E	E5	C7	B0	87	34	C8	00	84	29	43	00	68	30	42	00	6D	B0	43	00	B2	13	44	00	56	92	43	00	00	00	00	00	00	00	00	00	00	00	00	00	00	00	00	00	00	00	00
6.545	3D DATA	true	-	65534	64546	8451	-117464.7	-117755.1	-118240.0	-117277.4	-184862.8	169.5	44.1	352.9	590.8	292.7	-	-	-	-	-
6.545	3D MESSAGE	4E	00	61	91	30	59	9D	8D	FE	FF	78	FA	42	20	28	49	2E	41	1F	68	E5	C7	67	FC	E5	C7	24	E7	E6	C7	FF	12	E5	C7	29	83	34	C8	00	FC	31	43	00	80	39	42	00	4C	B9	43	80	8C	11	44	00	64	9B	43	00	00	00	00	00	00	00	00	00	00	00	00	00	00	00	00	00	00	00	00
6.545	3D DATA	true	-	65534	64120	8258	-117456.2	-117752.8	-118222.3	-117286.0	-184844.6	178.0	46.4	370.6	582.2	310.8	-	-	-	-	-
6.576	3D MESSAGE	4E	00	62	91	30	59	9E	8D	FE	FF	8D	F8	C5	1F	28	49	2E	41	BE	63	E5	C7	17	FB	E5	C7	CA	DE	E6	C7	E9	18	E5	C7	9C	7E	34	C8	00	BE	3A	43	00	00	44	42	00	A6	C1	43	80	97	0E	44	00	7E	A4	43	00	00	00	00	00	00	00	00	00	00	00	00	00	00	00	00	00	00	00	00
6.576	3D DATA	true	-	65534	63629	8133	-117447.5	-117750.2	-118205.6	-117297.8	-184826.4	186.7	49.0	387.3	570.4	329.0	-	-	-	-	-
6.577	3D MESSAGE	4E	00	63	91	30	59	9F	8D	FE	FF	5D	F6	7B	1F	28	49	2E	41	38	5F	E5	C7	96	F9	E5	C7	FE	D6	E6	C7	26	20	E5	C7	10	7A	34	C8	00	CA	43	43	00	08	50	42	00	72	C9	43	00	F9	0A	44	00	96	AD	43	00	00	00	00	00	00	00	00	00	00	00	00	00	00	00	00	00	00	00	00
6.577	3D DATA	true	-	65534	63069	8059	-117438.4	-117747.2	-118190.0	-117312.3	-184808.2	195.8	52.0	402.9	555.9	347.2	-	-	-	-	-
6.578	3D MESSAGE	4E	00	64	91	30	59	A0	8D	FE	FF	E3	F3	55	1F	28	49	2E	41	92	5A	E5	C7	EB	F7	E5	C7	CC	CF	E6	C7	6C	28	E5	C7	90	75	34	C8	00	16	4D	43	00	60	5D	42	00	A4	D0	43	00	D6	06	44	00	96	B6	43	00	00	00	00	00	00	00	00	00	00	00	00	00	00	00	00	00	00	00	00
6.578	3D DATA	true	-	65534	62435	8021	-117429.1	-117743.8	-118175.6	-117328.8	-184790.2	205.1	55.3	417.3	539.3	365.2	-	-	-	-	-
6.578	3D MESSAGE	4E	00	65	91	30	59	A1	8D	FE	FF	18	F1	49	1F	28	49	2E	41	D9	55	E5	C7	20	F6	E5	C7	3E	C9	E6	C7	75	31	E5	C7	2B	71	34	C8	00	88	56	43	00	B8	6B	42	00	32	D7	43	80	51	02	44	00	60	BF	43	00	00	00	00	00	00	00	00	00	00	00	00	00	00	00	00	00	00	00	00
6.578	3D DATA	true	-	65534	61720	8009	-117419.7	-117740.2	-118162.5	-117346.9	-184772.7	214.5	58.9	430.4	521.3	382.8	-	-	-	-	-
6.579	3D MESSAGE	52	00	66	91	32	59	A2	8D	00	00	00	88	FE	FF	FC	ED	50	1F	28	49	2E	41	1D	51	E5	C7	42	F4	E5	C7	5E	C3	E6	C7	01	3B	E5	C7	F0	6C	34	C8	00	00	60	43	00	A8	7A	42	00	12	DD	43	00	17	FB	43	00	D6	C7	43	00	00	00	00	00	00	00	00	00	00	00	00	00	00	00	00	00	00	00	00
6.579	3D DATA	true	-	65534	60924	8016	-117410.2	-117736.5	-118150.7	-117366.0	-184755.8	224.0	62.7	442.1	502.2	399.7	-	-	-	-	-
6.579	3D MESSAGE	4E	00	67	91	30	59	A3	8D	FE	FF	9B	EA	64	1F	28	49	2E	41	6F	4C	E5	C7	58	F2	E5	C7	2B	BE	E6	C7	D2	44	E5	C7	EA	68	34	C8	00	5C	69	43	00	FC	84	42	00	45	E2	43	00	46	F1	43	00	E2	CF	43	00	00	00	00	00	00	00	00	00	00	00	00	00	00	00	00	00	00	00	00
6.579	3D DATA	true	-	65534	60059	8036	-117400.9	-117732.7	-118140.3	-117385.6	-184739.7	233.4	66.5	452.5	482.5	415.8	-	-	-	-	-
6.579	3D MESSAGE	4E	00	68	91	30	59	A4	8D	FE	FF	0E	E7	86	1F	28	49	2E	41	D8	47	E5	C7	66	F0	E5	C7	A0	B9	E6	C7	B3	4E	E5	C7	23	65	34	C8	00	8A	72	43	00	C4	8C	42	00	D0	E6	43	00	65	E7	43	00	70	D7	43	00	00	00	00	00	00	00	00	00	00	00	00	00	00	00	00	00	00	00	00
6.579	3D DATA	true	-	65534	59150	8070	-117391.7	-117728.8	-118131.2	-117405.4	-184724.5	242.5	70.4	461.6	462.8	430.9	-	-	-	-	-
6.580	3D MESSAGE	4E	00	69	91	30	59	A5	8D	B7	FF	82	E3	B9	1F	28	49	2E	41	60	43	E5	C7	6E	EE	E5	C7	AF	B5	E6	C7	74	58	E5	C7	A0	61	34	C8	00	7A	7B	43	00	A4	94	42	00	C1	EA	43	00	A4	DD	43	00	76	DE	43	00	00	00	00	00	00	00	00	00	00	00	00	00	00	00	00	00	00	00	00
6.580	3D DATA	true	-	65463	58242	8121	-117382.8	-117724.9	-118123.4	-117424.9	-184710.5	251.5	74.3	469.5	443.3	444.9	-	-	-	-	-
6.604	3D MESSAGE	4E	00	6A	91	30	59	A6	8D	CC	FE	24	E0	03	20	28	49	2E	41	06	3F	E5	C7	68	EC	E5	C7	45	B2	E6	C7	F2	61	E5	C7	64	5E	34	C8	00	17	82	43	00	BC	9C	42	00	2B	EE	43	00	26	D4	43	00	EE	E4	43	00	00	00	00	00	00	00	00	00	00	00	00	00	00	00	00	00	00	00	00
6.604	3D DATA	true	-	65228	57380	8195	-117374.0	-117720.8	-118116.5	-117443.9	-184697.6	260.2	78.4	476.3	424.3	457.9	-	-	-	-	-
6.605	3D MESSAGE	4E	00	6B	91	30	59	A7	8D	17	FD	15	DD	6B	20	28	49	2E	41	CE	3A	E5	C7	54	EA	E5	C7	51	AF	E6	C7	15	6B	E5	C7	6D	5B	34	C8	00	4F	86	43	00	0C	A5	42	00	1F	F1	43	00	03	CB	43	00	DC	EA	43	00	00	00	00	00	00	00	00	00	00	00	00	00	00	00	00	00	00	00	00
6.605	3D DATA	true	-	64791	56597	8299	-117365.6	-117716.7	-118110.6	-117462.2	-184685.7	268.6	82.5	482.2	406.0	469.7	-	-	-	-	-
6.605	3D MESSAGE	4E	00	6C	91	30	59	A8	8D	82	FA	56	DA	F5	20	28	49	2E	41	B9	36	E5	C7	2E	E8	E5	C7	C5	AC	E6	C7	D1	73	E5	C7	BD	58	34	C8	00	64	8A	43	00	A4	AD	42	00	AB	F3	43	00	47	C2	43	00	3C	F0	43	00	00	00	00	00	00	00	00	00	00	00	00	00	00	00	00	00	00	00	00
6.605	3D DATA	true	-	64130	55894	8437	-117357.4	-117712.4	-118105.5	-117479.6	-184675.0	276.8	86.8	487.3	388.6	480.5	-	-	-	-	-
6.605	3D MESSAGE	4E	00	6D	91	30	59	A9	8D	FF	F6	D6	D7	90	21	28	49	2E	41	CC	32	E5	C7	F4	E5	E5	C7	99	AA	E6	C7	25	7C	E5	C7	50	56	34	C8	00	51	8E	43	00	8C	B6	42	00	D7	F5	43	00	F3	B9	43	00	16	F5	43	00	00	00	00	00	00	00	00	00	00	00	00	00	00	00	00	00	00	00	00
6.605	3D DATA	true	-	63231	55254	8592	-117349.6	-117707.9	-118101.2	-117496.3	-184665.2	284.6	91.3	491.7	371.9	490.2	-	-	-	-	-
6.606	3D MESSAGE	4E	00	6E	91	30	59	AA	8D	7A	F2	7B	D5	19	22	28	49	2E	41	0F	2F	E5	C7	A6	E3	E5	C7	CC	A8	E6	C7	1A	84	E5	C7	27	54	34	C8	00	0E	92	43	00	C4	BF	42	00	A4	F7	43	00	FE	B1	43	00	68	F9	43	00	00	00	00	00	00	00	00	00	00	00	00	00	00	00	00	00	00	00	00
6.606	3D DATA	true	-	62074	54651	8729	-117342.1	-117703.3	-118097.6	-117512.2	-184656.6	292.1	95.9	495.3	356.0	498.8	-	-	-	-	-
6.636	3D MESSAGE	4E	00	6F	91	30	59	AB	8D	D5	EC	39	D3	87	22	28	49	2E	41	8C	2B	E5	C7	44	E1	E5	C7	61	A7	E6	C7	BB	8B	E5	C7	42	52	34	C8	00	91	95	43	00	4C	C9	42	00	0F	F9	43	00	5D	AA	43	00	32	FD	43	00	00	00	00	00	00	00	00	00	00	00	00	00	00	00	00	00	00	00	00
6.636	3D DATA	true	-	60629	54073	8839	-117335.1	-117698.5	-118094.8	-117527.5	-184649.0	299.1	100.6	498.1	340.7	506.4	-	-	-	-	-
6.637	3D MESSAGE	4E	00	70	91	30	59	AC	8D	EE	E5	13	D1	E5	22	28	49	2E	41	4E	28	E5	C7	CC	DE	E5	C7	61	A6	E6	C7	17	93	E5	C7	A2	50	34	C8	00	CF	98	43	00	2C	D3	42	00	0F	FA	43	00	01	A3	43	00	39	00	44	00	00	00	00	00	00	00	00	00	00	00	00	00	00	00	00	00	00	00	00
6.637	3D DATA	true	-	58862	53523	8933	-117328.6	-117693.6	-118092.8	-117542.2	-184642.5	305.6	105.6	500.1	326.0	512.9	-	-	-	-	-
6.638	3D MESSAGE	4E	00	71	91	30	59	AD	8D	B0	DD	1D	CF	40	23	28	49	2E	41	60	25	E5	C7	3E	DC	E5	C7	D2	A5	E6	C7	39	9A	E5	C7	47	4F	34	C8	00	BD	9B	43	00	64	DD	42	00	9E	FA	43	00	DF	9B	43	00	94	01	44	00	00	00	00	00	00	00	00	00	00	00	00	00	00	00	00	00	00	00	00
6.638	3D DATA	true	-	56752	53021	9024	-117322.8	-117688.5	-118091.6	-117556.4	-184637.1	311.5	110.7	501.2	311.7	518.3	-	-	-	-	-
6.638	3D MESSAGE	4E	00	72	91	30	59	AE	8D	38	D4	6D	CD	A3	23	28	49	2E	41	CE	22	E5	C7	97	D9	E5	C7	BD	A5	E6	C7	26	A1	E5	C7	31	4E	34	C8	00	4F	9E	43	00	00	E8	42	00	B3	FA	43	00	F2	94	43	00	AA	02	44	00	00	00	00	00	00	00	00	00	00	00	00	00	00	00	00	00	00	00	00
6.638	3D DATA	true	-	54328	52589	9123	-117317.6	-117683.2	-118091.5	-117570.3	-184632.8	316.6	116.0	501.4	297.9	522.7	-	-	-	-	-
6.639	3D MESSAGE	4E	00	73	91	30	59	AF	8D	01	CA	0C	CC	15	24	28	49	2E	41	9C	20	E5	C7	D4	D6	E5	C7	24	A6	E6	C7	E0	A7	E5	C7	60	4D	34	C8	00	81	A0	43	00	0C	F3	42	00	4C	FA	43	00	38	8E	43	00	7B	03	44	00	00	00	00	00	00	00	00	00	00	00	00	00	00	00	00	00	00	00	00
6.639	3D DATA	true	-	51713	52236	9237	-117313.2	-117677.7	-118092.3	-117583.8	-184629.5	321.0	121.5	500.6	284.4	525.9	-	-	-	-	-
6.639	3D MESSAGE	4E	00	74	91	30	59	B0	8D	DE	BF	F4	CA	9A	24	28	49	2E	41	C6	1E	E5	C7	EE	D3	E5	C7	01	A7	E6	C7	60	AE	E5	C7	CE	4C	34	C8	00	57	A2	43	00	A4	FE	42	00	6F	F9	43	00	B8	87	43	00	0D	04	44	00	00	00	00	00	00	00	00	00	00	00	00	00	00	00	00	00	00	00	00
6.639	3D DATA	true	-	49118	51956	9370	-117309.5	-117671.9	-118094.0	-117596.8	-184627.2	324.7	127.3	498.9	271.4	528.2	-	-	-	-	-
6.670	3D MESSAGE	4E	00	75	91	30	59	B1	8D	99	B6	12	CA	31	25	28	49	2E	41	41	1D	E5	C7	DC	D0	E5	C7	4D	A8	E6	C7	9E	B4	E5	C7	76	4C	34	C8	00	DC	A3	43	00	76	05	43	00	23	F8	43	00	7A	81	43	00	65	04	44	00	00	00	00	00	00	00	00	00	00	00	00	00	00	00	00	00	00	00	00
6.670	3D DATA	true	-	46745	51730	9521	-117306.5	-117665.7	-118096.6	-117609.2	-184625.8	327.7	133.5	496.3	259.0	529.6	-	-	-	-	-
6.671	3D MESSAGE	4E	00	76	91	30	59	B2	8D	8B	AE	54	C9	CF	25	28	49	2E	41	FB	1B	E5	C7	94	CD	E5	C7	FC	A9	E6	C7	8F	BA	E5	C7	4F	4C	34	C8	00	22	A5	43	00	06	0C	43	00	74	F6	43	00	12	77	43	00	8C	04	44	00	00	00	00	00	00	00	00	00	00	00	00	00	00	00	00	00	00	00	00
6.671	3D DATA	true	-	44683	51540	9679	-117304.0	-117659.2	-118100.0	-117621.1	-184625.2	330.3	140.0	492.9	247.1	530.2	-	-	-	-	-
6.671	3D MESSAGE	4E	00	77	91	30	59	B3	8D	94	A7	AA	C8	62	26	28	49	2E	41	E0	1A	E5	C7	0B	CA	E5	C7	02	AC	E6	C7	2D	C0	E5	C7	50	4C	34	C8	00	3D	A6	43	00	18	13	43	00	6E	F4	43	00	D6	6B	43	00	8B	04	44	00	00	00	00	00	00	00	00	00	00	00	00	00	00	00	00	00	00	00	00
6.671	3D DATA	true	-	42900	51370	9826	-117301.8	-117652.1	-118104.0	-117632.4	-184625.2	332.5	147.1	488.9	235.8	530.2	-	-	-	-	-
6.672	3D MESSAGE	4E	00	78	91	30	59	B4	8D	63	A1	08	C8	E0	26	28	49	2E	41	E4	19	E5	C7	3B	C6	E5	C7	56	AE	E6	C7	79	C5	E5	C7	73	4C	34	C8	00	39	A7	43	00	B8	1A	43	00	1A	F2	43	00	3E	61	43	00	68	04	44	00	00	00	00	00	00	00	00	00	00	00	00	00	00	00	00	00	00	00	00
6.672	3D DATA	true	-	41315	51208	9952	-117299.8	-117644.5	-118108.7	-117642.9	-184625.8	334.4	154.7	484.2	225.2	529.6	-	-	-	-	-
6.672	3D MESSAGE	52	00	79	91	32	59	B5	8D	00	00	00	A8	AE	9B	68	C7	49	27	28	49	2E	41	00	19	E5	C7	20	C2	E5	C7	F8	B0	E6	C7	79	CA	E5	C7	B4	4C	34	C8	00	1D	A8	43	00	EE	22	43	00	78	EF	43	00	3E	57	43	00	27	04	44	00	00	00	00	00	00	00	00	00	00	00	00	00	00	00	00	00	00	00	00
6.672	3D DATA	true	-	39854	51048	10057	-117298.0	-117636.2	-118113.9	-117652.9	-184626.8	336.2	162.9	478.9	215.2	528.6	-	-	-	-	-
6.673	3D MESSAGE	4E	00	7A	91	30	59	B6	8D	43	96	C6	C6	A0	27	28	49	2E	41	3A	18	E5	C7	BA	BD	E5	C7	E6	B3	E6	C7	34	CF	E5	C7	14	4D	34	C8	00	E3	A8	43	00	BA	2B	43	00	8A	EC	43	00	C8	4D	43	00	C7	03	44	00	00	00	00	00	00	00	00	00	00	00	00	00	00	00	00	00	00	00	00
6.673	3D DATA	true	-	38467	50886	10144	-117296.5	-117627.5	-118119.8	-117662.4	-184628.3	337.8	171.7	473.1	205.8	527.1	-	-	-	-	-
6.673	3D MESSAGE	4E	00	7B	91	30	59	B7	8D	01	91	21	C6	EC	27	28	49	2E	41	A1	17	E5	C7	0C	B9	E5	C7	24	B7	E6	C7	B4	D3	E5	C7	97	4D	34	C8	00	7C	A9	43	00	16	35	43	00	4C	E9	43	00	C8	44	43	00	44	03	44	00	00	00	00	00	00	00	00	00	00	00	00	00	00	00	00	00	00	00	00
6.673	3D DATA	true	-	37121	50721	10220	-117295.3	-117618.1	-118126.3	-117671.4	-184630.4	339.0	181.1	466.6	196.8	525.1	-	-	-	-	-
6.702	3D MESSAGE	4E	00	7C	91	30	59	B8	8D	D8	8B	79	C5	32	28	28	49	2E	41	44	17	E5	C7	1A	B4	E5	C7	B5	BA	E6	C7	FE	D7	E5	C7	42	4E	34	C8	00	D9	A9	43	00	FA	3E	43	00	BB	E5	43	00	34	3C	43	00	99	02	44	00	00	00	00	00	00	00	00	00	00	00	00	00	00	00	00	00	00	00	00
6.702	3D DATA	true	-	35800	50553	10290	-117294.5	-117608.2	-118133.4	-117680.0	-184633.0	339.7	191.0	459.5	188.2	522.4	-	-	-	-	-
6.703	3D MESSAGE	4E	00	7D	91	30	59	B9	8D	C3	86	D2	C4	74	28	28	49	2E	41	31	17	E5	C7	E7	AE	E5	C7	9B	BE	E6	C7	17	DC	E5	C7	1A	4F	34	C8	00	EC	A9	43	00	60	49	43	00	D5	E1	43	00	02	34	43	00	C1	01	44	00	00	00	00	00	00	00	00	00	00	00	00	00	00	00	00	00	00	00	00
6.703	3D DATA	true	-	34499	50386	10356	-117294.4	-117597.8	-118141.2	-117688.2	-184636.4	339.8	201.4	451.7	180.0	519.0	-	-	-	-	-
6.703	3D MESSAGE	4E	00	7E	91	30	59	BA	8D	C2	81	2E	C4	B5	28	28	49	2E	41	70	17	E5	C7	7A	A9	E5	C7	D4	C2	E6	C7	FF	DF	E5	C7	26	50	34	C8	00	AD	A9	43	00	3A	54	43	00	9C	DD	43	00	32	2C	43	00	B5	00	44	00	00	00	00	00	00	00	00	00	00	00	00	00	00	00	00	00	00	00	00
6.703	3D DATA	true	-	33218	50222	10421	-117294.9	-117587.0	-118149.7	-117696.0	-184640.6	339.4	212.2	443.2	172.2	514.8	-	-	-	-	-
6.704	3D MESSAGE	4E	00	7F	91	30	59	BB	8D	DA	7C	8E	C3	F9	28	28	49	2E	41	01	18	E5	C7	D8	A3	E5	C7	5F	C7	E6	C7	B7	E3	E5	C7	6A	51	34	C8	00	1C	A9	43	00	7E	5F	43	00	11	D9	43	00	C2	24	43	00	E2	FE	43	00	00	00	00	00	00	00	00	00	00	00	00	00	00	00	00	00	00	00	00
6.704	3D DATA	true	-	31962	50062	10489	-117296.0	-117575.7	-118158.7	-117703.4	-184645.7	338.2	223.5	434.1	164.8	509.8	-	-	-	-	-
6.704	3D MESSAGE	4E	00	80	91	30	59	BC	8D	11	78	F1	C2	3F	29	28	49	2E	41	E0	18	E5	C7	08	9E	E5	C7	40	CC	E6	C7	42	E7	E5	C7	EA	52	34	C8	00	3D	A8	43	00	1E	6B	43	00	30	D4	43	00	AC	1D	43	00	E2	FB	43	00	00	00	00	00	00	00	00	00	00	00	00	00	00	00	00	00	00	00	00
6.704	3D DATA	true	-	30737	49905	10559	-117297.8	-117564.1	-118168.5	-117710.5	-184651.7	336.5	235.1	424.4	157.7	503.8	-	-	-	-	-
6.704	3D MESSAGE	4E	00	81	91	30	59	BD	8D	6C	73	55	C2	8B	29	28	49	2E	41	08	1A	E5	C7	13	98	E5	C7	76	D1	E6	C7	A4	EA	E5	C7	A8	54	34	C8	00	15	A7	43	00	08	77	43	00	FA	CE	43	00	E8	16	43	00	66	F8	43	00	00	00	00	00	00	00	00	00	00	00	00	00	00	00	00	00	00	00	00
6.704	3D DATA	true	-	29548	49749	10635	-117300.1	-117552.1	-118178.9	-117717.3	-184658.6	334.2	247.0	414.0	150.9	496.8	-	-	-	-	-
6.730	3D MESSAGE	4E	00	82	91	30	59	BE	8D	EC	6E	B8	C1	DE	29	28	49	2E	41	73	1B	E5	C7	00	92	E5	C7	05	D7	E6	C7	E3	ED	E5	C7	A4	56	34	C8	00	AA	A5	43	00	97	81	43	00	6B	C9	43	00	6A	10	43	00	6E	F4	43	00	00	00	00	00	00	00	00	00	00	00	00	00	00	00	00	00	00	00	00
6.730	3D DATA	true	-	28396	49592	10718	-117302.9	-117540.0	-118190.0	-117723.8	-184666.6	331.3	259.2	402.8	144.4	488.9	-	-	-	-	-
6.731	3D MESSAGE	4E	00	83	91	30	59	BF	8D	91	6A	15	C1	3B	2A	28	49	2E	41	1D	1D	E5	C7	D2	8B	E5	C7	E9	DC	E6	C7	01	F1	E5	C7	D9	58	34	C8	00	00	A4	43	00	C5	87	43	00	87	C3	43	00	2E	0A	43	00	04	F0	43	00	00	00	00	00	00	00	00	00	00	00	00	00	00	00	00	00	00	00	00
6.731	3D DATA	true	-	27281	49429	10811	-117306.2	-117527.6	-118201.8	-117730.0	-184675.4	328.0	271.5	391.1	138.2	480.0	-	-	-	-	-
6.731	3D MESSAGE	4E	00	84	91	30	59	C0	8D	57	66	6B	C0	A4	2A	28	49	2E	41	03	1F	E5	C7	94	85	E5	C7	19	E3	E6	C7	01	F4	E5	C7	43	5B	34	C8	00	1A	A2	43	00	03	8E	43	00	57	BD	43	00	2E	04	43	00	30	EB	43	00	00	00	00	00	00	00	00	00	00	00	00	00	00	00	00	00	00	00	00
6.731	3D DATA	true	-	26199	49259	10916	-117310.0	-117515.2	-118214.2	-117736.0	-184685.0	324.2	284.0	378.7	132.2	470.4	-	-	-	-	-
6.732	3D MESSAGE	4E	00	85	91	30	59	C1	8D	3B	62	B5	BF	19	2B	00	FE	CB	3E	1F	21	E5	C7	4C	7F	E5	C7	89	E9	E6	C7	E2	F6	E5	C7	DA	5D	34	C8	00	FE	9F	43	00	4B	94	43	00	E7	B6	43	00	D8	FC	42	00	02	E6	43	00	00	00	00	00	00	00	00	00	00	00	00	00	00	00	00	00	00	00	00
6.732	3D DATA	true	-	25147	49077	11033	-117314.2	-117502.6	-118227.1	-117741.8	-184695.4	320.0	296.6	365.8	126.4	460.0	-	-	-	-	-
6.733	3D MESSAGE	4E	00	86	91	30	59	C2	8D	39	5E	F3	BE	9A	2B	00	FE	CB	3E	6A	23	E5	C7	0B	79	E5	C7	26	F0	E6	C7	A4	F9	E5	C7	99	60	34	C8	00	B3	9D	43	00	8C	9A	43	00	4A	B0	43	00	D0	F1	42	00	84	E0	43	00	00	00	00	00	00	00	00	00	00	00	00	00	00	00	00	00	00	00	00
6.733	3D DATA	true	-	24121	48883	11162	-117318.8	-117490.1	-118240.3	-117747.3	-184706.4	315.4	309.1	352.6	120.9	449.0	-	-	-	-	-
6.733	3D MESSAGE	4E	00	87	91	30	59	C3	8D	4D	5A	20	BE	24	2C	00	FE	CB	3E	DC	25	E5	C7	E9	72	E5	C7	E0	F6	E6	C7	46	FC	E5	C7	7B	63	34	C8	00	41	9B	43	00	AE	A0	43	00	90	A9	43	00	48	E7	42	00	C0	DA	43	00	00	00	00	00	00	00	00	00	00	00	00	00	00	00	00	00	00	00	00
6.733	3D DATA	true	-	23117	48672	11300	-117323.7	-117477.8	-118253.8	-117752.5	-184717.9	310.5	321.4	339.1	115.6	437.5	-	-	-	-	-
6.761	3D MESSAGE	4E	00	88	91	30	59	C4	8D	74	56	3C	BD	B8	2C	00	FE	CB	3E	71	28	E5	C7	06	6D	E5	C7	A5	FD	E6	C7	CA	FE	E5	C7	7F	66	34	C8	00	AC	98	43	00	91	A6	43	00	CB	A2	43	00	38	DD	42	00	B8	D4	43	00	00	00	00	00	00	00	00	00	00	00	00	00	00	00	00	00	00	00	00
6.761	3D DATA	true	-	22132	48444	11448	-117328.9	-117466.0	-118267.3	-117757.6	-184730.0	305.3	333.1	325.6	110.6	425.4	-	-	-	-	-
6.762	3D MESSAGE	4E	00	89	91	30	59	C5	8D	AC	52	46	BC	59	2D	00	FE	CB	3E	26	2B	E5	C7	88	67	E5	C7	6A	04	E7	C7	33	01	E6	C7	A3	69	34	C8	00	F7	95	43	00	0F	AC	43	00	06	9C	43	00	94	D3	42	00	70	CE	43	00	00	00	00	00	00	00	00	00	00	00	00	00	00	00	00	00	00	00	00
6.762	3D DATA	true	-	21164	48198	11609	-117334.3	-117455.1	-118280.8	-117762.4	-184742.5	299.9	344.1	312.0	105.8	412.9	-	-	-	-	-
6.763	3D MESSAGE	4E	00	8A	91	30	59	C6	8D	F0	4E	3A	BB	0F	2E	00	FE	CB	3E	FE	2D	E5	C7	97	62	E5	C7	28	0B	E7	C7	86	03	E6	C7	E9	6C	34	C8	00	1F	93	43	00	00	B1	43	00	48	95	43	00	48	CA	42	00	E4	C7	43	00	00	00	00	00	00	00	00	00	00	00	00	00	00	00	00	00	00	00	00
6.763	3D DATA	true	-	20208	47930	11791	-117340.0	-117445.2	-118294.3	-117767.0	-184755.6	294.2	354.0	298.6	101.1	399.8	-	-	-	-	-
6.763	3D MESSAGE	4E	00	8B	91	30	59	C7	8D	3D	4B	1B	BA	EA	2E	00	FE	CB	3E	FF	30	E5	C7	54	5E	E5	C7	D8	11	E7	C7	C5	05	E6	C7	4E	70	34	C8	00	1E	90	43	00	43	B5	43	00	98	8E	43	00	4C	C1	42	00	1A	C1	43	00	00	00	00	00	00	00	00	00	00	00	00	00	00	00	00	00	00	00	00
6.763	3D DATA	true	-	19261	47643	12010	-117346.0	-117436.7	-118307.7	-117771.5	-184769.2	288.2	362.5	285.2	96.6	386.2	-	-	-	-	-
6.764	3D MESSAGE	4E	00	8C	91	30	59	C8	8D	8F	47	E7	B8	F8	2F	00	FE	CB	3E	31	34	E5	C7	DE	5A	E5	C7	76	18	E7	C7	F2	07	E6	C7	D0	73	34	C8	00	EC	8C	43	00	B9	B8	43	00	FA	87	43	00	98	B8	42	00	16	BA	43	00	00	00	00	00	00	00	00	00	00	00	00	00	00	00	00	00	00	00	00
6.764	3D DATA	true	-	18319	47335	12280	-117352.4	-117429.7	-118320.9	-117775.9	-184783.2	281.8	369.4	272.0	92.3	372.2	-	-	-	-	-
6.764	3D MESSAGE	4E	00	8D	91	30	59	C9	8D	E3	43	A0	B7	42	31	00	FE	CB	3E	98	37	E5	C7	4A	58	E5	C7	FD	1E	E7	C7	0E	0A	E6	C7	6B	77	34	C8	00	85	89	43	00	4D	BB	43	00	73	81	43	00	28	B0	42	00	E0	B2	43	00	00	00	00	00	00	00	00	00	00	00	00	00	00	00	00	00	00	00	00
6.764	3D DATA	true	-	17379	47008	12610	-117359.2	-117424.6	-118334.0	-117780.1	-184797.7	275.0	374.6	258.9	88.1	357.8	-	-	-	-	-
6.765	3D MESSAGE	4E	00	8E	91	30	59	CA	8D	37	40	46	B6	C9	32	00	FE	CB	3E	34	3B	E5	C7	A6	56	E5	C7	68	25	E7	C7	19	0C	E6	C7	17	7B	34	C8	00	E9	85	43	00	F1	BC	43	00	10	76	43	00	FC	A7	42	00	88	AB	43	00	00	00	00	00	00	00	00	00	00	00	00	00	00	00	00	00	00	00	00
6.765	3D DATA	true	-	16439	46662	13001	-117366.4	-117421.3	-118346.8	-117784.2	-184812.4	267.8	377.9	246.1	84.0	343.1	-	-	-	-	-
6.796	3D MESSAGE	4E	00	8F	91	30	59	CB	8D	85	3C	DA	B4	86	34	00	FE	CB	3E	02	3F	E5	C7	FB	55	E5	C7	B2	2B	E7	C7	15	0E	E6	C7	D0	7E	34	C8	00	1B	82	43	00	9C	BD	43	00	7C	69	43	00	0C	A0	42	00	16	A4	43	00	00	00	00	00	00	00	00	00	00	00	00	00	00	00	00	00	00	00	00
6.796	3D DATA	true	-	15493	46298	13446	-117374.0	-117420.0	-118359.4	-117788.2	-184827.2	260.2	379.2	233.5	80.0	328.2	-	-	-	-	-
6.796	3D MESSAGE	4E	00	90	91	30	59	CC	8D	CA	38	5B	B3	7D	36	00	FE	CB	3E	F9	42	E5	C7	4D	56	E5	C7	D4	31	E7	C7	04	10	E6	C7	8E	82	34	C8	00	48	7C	43	00	4A	BD	43	00	38	5D	43	00	50	98	42	00	9A	9C	43	00	00	00	00	00	00	00	00	00	00	00	00	00	00	00	00	00	00	00	00
6.796	3D DATA	true	-	14538	45915	13949	-117381.9	-117420.6	-118371.7	-117792.0	-184842.2	252.3	378.6	221.2	76.2	313.2	-	-	-	-	-
6.797	3D MESSAGE	4E	00	91	91	30	59	CD	8D	03	35	C8	B1	B2	38	00	FE	CB	3E	12	47	E5	C7	9B	57	E5	C7	C6	37	E7	C7	E6	11	E6	C7	4B	86	34	C8	00	16	74	43	00	FC	BB	43	00	54	51	43	00	C8	90	42	00	20	95	43	00	00	00	00	00	00	00	00	00	00	00	00	00	00	00	00	00	00	00	00
6.797	3D DATA	true	-	13571	45512	14514	-117390.1	-117423.2	-118383.5	-117795.8	-184857.2	244.1	376.0	209.3	72.4	298.2	-	-	-	-	-
6.798	3D MESSAGE	4E	00	92	91	30	59	CE	8D	2B	31	23	B0	2B	3B	00	FE	CB	3E	44	4B	E5	C7	DA	59	E5	C7	81	3D	E7	C7	BC	13	E6	C7	FF	89	34	C8	00	B2	6B	43	00	BD	B9	43	00	DE	45	43	00	70	89	42	00	B8	8D	43	00	00	00	00	00	00	00	00	00	00	00	00	00	00	00	00	00	00	00	00
6.798	3D DATA	true	-	12587	45091	15147	-117398.5	-117427.7	-118395.0	-117799.5	-184872.0	235.7	371.5	197.9	68.7	283.4	-	-	-	-	-
6.798	3D MESSAGE	4E	00	93	91	30	59	CF	8D	3E	2D	6C	AE	E6	3D	00	FE	CB	3E	88	4F	E5	C7	F7	5C	E5	C7	FB	42	E7	C7	82	15	E6	C7	A0	8D	34	C8	00	2A	63	43	00	A0	B6	43	00	EA	3A	43	00	58	82	42	00	76	86	43	00	00	00	00	00	00	00	00	00	00	00	00	00	00	00	00	00	00	00	00
6.798	3D DATA	true	-	11582	44652	15846	-117407.1	-117433.9	-118406.0	-117803.0	-184886.5	227.2	365.2	186.9	65.2	268.9	-	-	-	-	-
6.799	3D MESSAGE	4E	00	94	91	30	59	D0	8D	3A	29	A5	AC	E0	40	00	FE	CB	3E	D8	53	E5	C7	D5	60	E5	C7	2E	48	E7	C7	33	17	E6	C7	25	91	34	C8	00	8A	5A	43	00	C2	B2	43	00	84	30	43	00	28	77	42	00	D8	7E	43	00	00	00	00	00	00	00	00	00	00	00	00	00	00	00	00	00	00	00	00
6.799	3D DATA	true	-	10554	44197	16608	-117415.7	-117441.7	-118416.4	-117806.4	-184900.6	218.5	357.5	176.5	61.8	254.8	-	-	-	-	-
6.824	3D MESSAGE	4E	00	95	91	30	59	D1	8D	1D	25	D1	AA	12	44	00	FE	CB	3E	30	58	E5	C7	53	65	E5	C7	16	4D	E7	C7	CA	18	E6	C7	82	94	34	C8	00	DA	51	43	00	44	AE	43	00	B4	26	43	00	70	6A	42	00	64	71	43	00	00	00	00	00	00	00	00	00	00	00	00	00	00	00	00	00	00	00	00
6.824	3D DATA	true	-	9501	43729	17426	-117424.4	-117450.6	-118426.2	-117809.6	-184914.0	209.9	348.5	166.7	58.6	241.4	-	-	-	-	-
6.824	3D MESSAGE	4E	00	96	91	30	59	D2	8D	E5	20	F5	A8	78	47	00	FE	CB	3E	8A	5C	E5	C7	4E	6A	E5	C7	B2	51	E7	C7	45	1A	E6	C7	B3	97	34	C8	00	26	49	43	00	49	A9	43	00	7C	1D	43	00	98	5E	42	00	A0	64	43	00	00	00	00	00	00	00	00	00	00	00	00	00	00	00	00	00	00	00	00
6.824	3D DATA	true	-	8421	43253	18296	-117433.1	-117460.6	-118435.4	-117812.5	-184926.8	201.1	338.6	157.5	55.6	228.6	-	-	-	-	-
6.824	3D MESSAGE	4E	00	97	91	30	59	D3	8D	95	1C	14	A7	0D	4B	00	FE	CB	3E	E1	60	E5	C7	A8	6F	E5	C7	06	56	E7	C7	A1	1B	E6	C7	B4	9A	34	C8	00	78	40	43	00	EF	A3	43	00	D4	14	43	00	B8	53	42	00	9C	58	43	00	00	00	00	00	00	00	00	00	00	00	00	00	00	00	00	00	00	00	00
6.824	3D DATA	true	-	7317	42772	19213	-117441.8	-117471.3	-118444.0	-117815.3	-184938.8	192.5	327.9	148.8	52.9	216.6	-	-	-	-	-
6.825	3D MESSAGE	4E	00	98	91	30	59	D4	8D	2B	18	30	A5	D1	4E	00	FE	CB	3E	2F	65	E5	C7	4B	75	E5	C7	1C	5A	E7	C7	E1	1C	E6	C7	89	9D	34	C8	00	DC	37	43	00	4C	9E	43	00	A8	0C	43	00	B8	49	42	00	48	4D	43	00	00	00	00	00	00	00	00	00	00	00	00	00	00	00	00	00	00	00	00
6.825	3D DATA	true	-	6187	42288	20177	-117450.4	-117482.6	-118452.2	-117817.8	-184950.1	183.9	316.6	140.7	50.4	205.3	-	-	-	-	-
6.825	3D MESSAGE	4E	00	99	91	30	59	D5	8D	AA	13	4B	A3	C6	52	00	FE	CB	3E	6E	69	E5	C7	2C	7B	E5	C7	FE	5D	E7	C7	09	1E	E6	C7	3A	A0	34	C8	00	5E	2F	43	00	6B	98	43	00	E4	04	43	00	78	40	42	00	84	42	43	00	00	00	00	00	00	00	00	00	00	00	00	00	00	00	00	00	00	00	00
6.825	3D DATA	true	-	5034	41803	21190	-117458.9	-117494.3	-118460.0	-117820.1	-184960.9	175.4	304.8	132.9	48.1	194.5	-	-	-	-	-
6.856	3D MESSAGE	4E	00	9A	91	30	59	D6	8D	12	0F	63	A1	F3	56	00	FE	CB	3E	98	6D	E5	C7	42	81	E5	C7	B5	61	E7	C7	20	1F	E6	C7	CE	A2	34	C8	00	0A	27	43	00	55	92	43	00	EC	FA	42	00	C0	37	42	00	34	38	43	00	00	00	00	00	00	00	00	00	00	00	00	00	00	00	00	00	00	00	00
6.856	3D DATA	true	-	3858	41315	22259	-117467.2	-117506.5	-118467.4	-117822.2	-184971.2	167.0	292.7	125.5	45.9	184.2	-	-	-	-	-
6.856	3D MESSAGE	4E	00	9B	91	30	59	D7	8D	62	0A	75	9F	5D	5B	00	FE	CB	3E	AA	71	E5	C7	88	87	E5	C7	48	65	E7	C7	2C	20	E6	C7	4D	A5	34	C8	00	E6	1E	43	00	0F	8C	43	00	A0	EC	42	00	60	2F	42	00	38	2E	43	00	00	00	00	00	00	00	00	00	00	00	00	00	00	00	00	00	00	00	00
6.856	3D DATA	true	-	2658	40821	23389	-117475.3	-117519.1	-118474.6	-117824.3	-184981.2	158.9	280.1	118.3	43.8	174.2	-	-	-	-	-
6.857	3D MESSAGE	4E	00	9C	91	30	59	D8	8D	9A	05	7E	9D	09	60	00	FE	CB	3E	9E	75	E5	C7	F4	8D	E5	C7	B7	68	E7	C7	30	21	E6	C7	BA	A7	34	C8	00	FE	16	43	00	A3	85	43	00	E4	DE	42	00	40	27	42	00	84	24	43	00	00	00	00	00	00	00	00	00	00	00	00	00	00	00	00	00	00	00	00
6.857	3D DATA	true	-	1434	40318	24585	-117483.2	-117531.9	-118481.4	-117826.4	-184990.9	151.0	267.3	111.4	41.8	164.5	-	-	-	-	-
6.858	3D MESSAGE	4E	00	9D	91	30	59	D9	8D	B7	00	78	9B	F5	64	00	FE	CB	3E	70	79	E5	C7	74	94	E5	C7	02	6C	E7	C7	2F	22	E6	C7	14	AA	34	C8	00	5A	0F	43	00	46	7E	43	00	B8	D1	42	00	48	1F	42	00	1C	1B	43	00	00	00	00	00	00	00	00	00	00	00	00	00	00	00	00	00	00	00	00
6.858	3D DATA	true	-	183	39800	25845	-117490.9	-117544.9	-118488.0	-117828.4	-185000.3	143.4	254.3	104.9	39.8	155.1	-	-	-	-	-
6.858	3D MESSAGE	4E	00	9E	91	30	59	DA	8D	00	00	61	99	1A	6A	00	FE	CB	3E	19	7D	E5	C7	F0	9A	E5	C7	24	6F	E7	C7	29	23	E6	C7	57	AC	34	C8	00	08	08	43	00	4E	71	43	00	30	C5	42	00	78	17	42	00	10	12	43	00	00	00	00	00	00	00	00	00	00	00	00	00	00	00	00	00	00	00	00
6.858	3D DATA	true	-	0	39265	27162	-117498.2	-117557.9	-118494.3	-117830.3	-185009.4	136.0	241.3	98.6	37.9	146.1	-	-	-	-	-
6.858	3D MESSAGE	4E	00	9F	91	30	59	DB	8D	00	00	77	97	6A	6F	00	FE	CB	3E	95	80	E5	C7	4C	A1	E5	C7	19	72	E7	C7	1C	24	E6	C7	7B	AE	34	C8	00	10	01	43	00	96	64	43	00	5C	B9	42	00	E0	0F	42	00	80	09	43	00	00	00	00	00	00	00	00	00	00	00	00	00	00	00	00	00	00	00	00
6.858	3D DATA	true	-	0	38775	28522	-117505.2	-117570.6	-118500.2	-117832.2	-185017.9	129.1	228.6	92.7	36.0	137.5	-	-	-	-	-
6.859	3D MESSAGE	4E	00	A0	91	30	59	DC	8D	00	00	AC	95	D4	74	00	FE	CB	3E	E0	83	E5	C7	70	A7	E5	C7	DB	74	E7	C7	06	25	E6	C7	7C	B0	34	C8	00	F4	F4	42	00	4E	58	43	00	54	AE	42	00	90	08	42	00	7C	01	43	00	00	00	00	00	00	00	00	00	00	00	00	00	00	00	00	00	00	00	00
6.859	3D DATA	true	-	0	38316	29908	-117511.8	-117582.9	-118505.7	-117834.0	-185025.9	122.5	216.3	87.2	34.1	129.5	-	-	-	-	-
6.884	3D MESSAGE	4E	00	A1	91	30	59	DD	8D	00	00	F9	93	4A	7A	00	FE	CB	3E	F9	86	E5	C7	4A	AD	E5	C7	68	77	E7	C7	E4	25	E6	C7	56	B2	34	C8	00	90	E8	42	00	9A	4C	43	00	20	A4	42	00	A0	01	42	00	28	F4	42	00	00	00	00	00	00	00	00	00	00	00	00	00	00	00	00	00	00	00	00
6.884	3D DATA	true	-	0	37881	31306	-117517.9	-117594.6	-118510.8	-117835.8	-185033.3	116.3	204.6	82.1	32.4	122.1	-	-	-	-	-
6.884	3D MESSAGE	4E	00	A2	91	30	59	DE	8D	00	00	59	92	BC	7F	00	FE	CB	3E	E2	89	E5	C7	D1	B2	E5	C7	BE	79	E7	C7	B3	26	E6	C7	0A	B4	34	C8	00	EC	DC	42	00	8C	41	43	00	C8	9A	42	00	50	F6	41	00	88	E6	42	00	00	00	00	00	00	00	00	00	00	00	00	00	00	00	00	00	00	00	00
6.884	3D DATA	true	-	0	37465	32700	-117523.8	-117605.6	-118515.5	-117837.4	-185040.2	110.5	193.5	77.4	30.8	115.3	-	-	-	-	-
6.885	3D MESSAGE	4E	00	A3	91	30	59	DF	8D	00	00	C9	90	25	85	00	FE	CB	3E	A0	8C	E5	C7	08	B8	E5	C7	E1	7B	E7	C7	72	27	E6	C7	9B	B5	34	C8	00	F4	D1	42	00	1E	37	43	00	3C	92	42	00	60	EA	41	00	00	DA	42	00	00	00	00	00	00	00	00	00	00	00	00	00	00	00	00	00	00	00	00
6.885	3D DATA	true	-	0	37065	34085	-117529.2	-117616.1	-118519.8	-117838.9	-185046.4	105.0	183.1	73.1	29.3	109.0	-	-	-	-	-
6.885	3D MESSAGE	4E	00	A4	91	30	59	E0	8D	00	00	4A	8F	87	8A	00	FE	CB	3E	3B	8F	E5	C7	F4	BC	E5	C7	D3	7D	E7	C7	21	28	E6	C7	0E	B7	34	C8	00	88	C7	42	00	46	2D	43	00	74	8A	42	00	70	DF	41	00	68	CE	42	00	00	00	00	00	00	00	00	00	00	00	00	00	00	00	00	00	00	00	00
6.885	3D DATA	true	-	0	36682	35463	-117534.5	-117625.9	-118523.6	-117840.3	-185052.2	99.8	173.3	69.2	27.9	103.2	-	-	-	-	-
6.885	3D MESSAGE	4E	00	A5	91	30	59	E1	8D	00	00	DC	8D	E6	8F	00	FE	CB	3E	BA	91	E5	C7	A0	C1	E5	C7	9B	7F	E7	C7	C2	28	E6	C7	6A	B8	34	C8	00	8C	BD	42	00	EE	23	43	00	54	83	42	00	60	D5	41	00	88	C3	42	00	00	00	00	00	00	00	00	00	00	00	00	00	00	00	00	00	00	00	00
6.885	3D DATA	true	-	0	36316	36838	-117539.5	-117635.2	-118527.2	-117841.5	-185057.7	94.8	163.9	65.7	26.7	97.8	-	-	-	-	-
6.886	3D MESSAGE	4E	00	A6	91	30	59	E2	8D	00	00	7F	8C	4D	95	00	FE	CB	3E	25	94	E5	C7	15	C6	E5	C7	42	81	E7	C7	57	29	E6	C7	B0	B9	34	C8	00	E0	B3	42	00	04	1B	43	00	70	79	42	00	10	CC	41	00	58	B9	42	00	00	00	00	00	00	00	00	00	00	00	00	00	00	00	00	00	00	00	00
6.886	3D DATA	true	-	0	35967	38221	-117544.3	-117644.2	-118530.5	-117842.7	-185062.8	89.9	155.0	62.4	25.5	92.7	-	-	-	-	-
6.921	3D MESSAGE	4E	00	A7	91	30	59	E3	8D	00	00	35	8B	C9	9A	00	FE	CB	3E	82	96	E5	C7	5A	CA	E5	C7	CE	82	E7	C7	E4	29	E6	C7	E6	BA	34	C8	00	6C	AA	42	00	7A	12	43	00	10	6D	42	00	40	C3	41	00	A8	AF	42	00	00	00	00	00	00	00	00	00	00	00	00	00	00	00	00	00	00	00	00
6.921	3D DATA	true	-	0	35637	39625	-117549.0	-117652.7	-118533.6	-117843.8	-185067.6	85.2	146.5	59.3	24.4	87.8	-	-	-	-	-
6.922	3D MESSAGE	4E	00	A8	91	30	59	E4	8D	00	00	FD	89	60	A0	00	FE	CB	3E	D0	98	E5	C7	70	CE	E5	C7	4A	84	E7	C7	6B	2A	E6	C7	0C	BC	34	C8	00	34	A1	42	00	4E	0A	43	00	30	61	42	00	D0	BA	41	00	78	A6	42	00	00	00	00	00	00	00	00	00	00	00	00	00	00	00	00	00	00	00	00
6.922	3D DATA	true	-	0	35325	41056	-117553.6	-117660.9	-118536.6	-117844.8	-185072.2	80.6	138.3	56.3	23.4	83.2	-	-	-	-	-
6.922	3D MESSAGE	4E	00	A9	91	30	59	E5	8D	00	00	D5	88	12	A6	00	FE	CB	3E	0E	9B	E5	C7	57	D2	E5	C7	B7	85	E7	C7	EE	2A	E6	C7	22	BD	34	C8	00	3C	98	42	00	80	02	43	00	C8	55	42	00	A0	B2	41	00	C8	9D	42	00	00	00	00	00	00	00	00	00	00	00	00	00	00	00	00	00	00	00	00
6.922	3D DATA	true	-	0	35029	42514	-117558.1	-117668.7	-118539.4	-117845.9	-185076.5	76.1	130.5	53.4	22.3	78.9	-	-	-	-	-
6.923	3D MESSAGE	4E	00	AA	91	30	59	E6	8D	00	00	BD	87	DC	AB	00	FE	CB	3E	39	9D	E5	C7	0C	D6	E5	C7	19	87	E7	C7	6E	2B	E6	C7	2B	BE	34	C8	00	90	8F	42	00	2C	F6	42	00	B8	4A	42	00	A0	AA	41	00	80	95	42	00	00	00	00	00	00	00	00	00	00	00	00	00	00	00	00	00	00	00	00
6.923	3D DATA	true	-	0	34749	43996	-117562.4	-117676.1	-118542.2	-117846.9	-185080.7	71.8	123.1	50.7	21.3	74.8	-	-	-	-	-
6.923	3D MESSAGE	4E	00	AB	91	30	59	E7	8D	00	00	B3	86	B1	B1	00	FE	CB	3E	49	9F	E5	C7	8C	D9	E5	C7	6B	88	E7	C7	EC	2B	E6	C7	27	BF	34	C8	00	50	87	42	00	2C	E8	42	00	28	40	42	00	C0	A2	41	00	A0	8D	42	00	00	00	00	00	00	00	00	00	00	00	00	00	00	00	00	00	00	00	00
6.923	3D DATA	true	-	0	34483	45489	-117566.6	-117683.1	-118544.8	-117847.8	-185084.6	67.7	116.1	48.0	20.3	70.8	-	-	-	-	-
6.923	3D MESSAGE	4E	00	AC	91	30	59	E8	8D	00	00	B5	85	83	B7	00	FE	CB	3E	39	A1	E5	C7	D6	DC	E5	C7	AA	89	E7	C7	69	2C	E6	C7	18	C0	34	C8	00	20	7F	42	00	04	DB	42	00	30	36	42	00	F0	9A	41	00	18	86	42	00	00	00	00	00	00	00	00	00	00	00	00	00	00	00	00	00	00	00	00
6.923	3D DATA	true	-	0	34229	46979	-117570.4	-117689.7	-118547.3	-117848.8	-185088.4	63.8	109.5	45.5	19.4	67.0	-	-	-	-	-
6.924	3D MESSAGE	52	00	AD	91	32	59	E9	8D	00	00	00	88	00	00	C1	84	44	BD	20	31	84	40	05	A3	E5	C7	EA	DF	E5	C7	D2	8A	E7	C7	E5	2C	E6	C7	01	C1	34	C8	00	C0	70	42	00	B4	CE	42	00	F0	2C	42	00	30	93	41	00	A0	7D	42	00	00	00	00	00	00	00	00	00	00	00	00	00	00	00	00	00	00	00	00
6.924	3D DATA	true	-	0	33985	48452	-117574.0	-117695.8	-118549.6	-117849.8	-185092.0	60.2	103.4	43.2	18.4	63.4	-	-	-	-	-
6.949	3D MESSAGE	52	00	AE	91	32	59	EA	8D	03	10	04	08	00	00	D6	83	ED	C2	20	31	84	40	AC	A4	E5	C7	CE	E2	E5	C7	E3	8B	E7	C7	60	2D	E6	C7	E0	C1	34	C8	00	88	63	42	00	24	C3	42	00	68	24	42	00	80	8B	41	00	B0	6F	42	00	00	00	00	00	00	00	00	00	00	00	00	00	00	00	00	00	00	00	00
6.949	3D DATA	true	-	0	33750	49901	-117577.3	-117701.6	-118551.8	-117850.8	-185095.5	56.9	97.6	41.1	17.4	59.9	-	-	-	-	Flick East -> West
6.950	3D MESSAGE	50	00	AF	91	31	59	EB	8D	08	2B	00	00	0A	83	FF	FF	20	31	84	40	30	A6	E5	C7	87	E5	E5	C7	DE	8C	E7	C7	DB	2D	E6	C7	B5	C2	34	C8	00	00	00	00	00	00	00	00	00	00	00	00	00	00	00	00	00	00	00	00	00	00	00	00	00	00	00	00	00	00	00	00	00	00	00	00	00	00	00	00
6.950	3D DATA	true	43	0	33546	65535	-117580.4	-117707.1	-118553.7	-117851.7	-185098.8	0.0	0.0	0.0	0.0	0.0	-	-	-	-	-
6.951	3D MESSAGE	4E	00	B0	91	30	59	EC	8D	00	00	73	82	FF	FF	20	31	84	40	96	A7	E5	C7	1A	E8	E5	C7	C8	8D	E7	C7	52	2E	E6	C7	7B	C3	34	C8	00	00	33	C0	00	C0	A4	C0	00	00	EA	BF	00	00	6E	BF	00	00	46	C0	00	00	00	00	00	00	00	00	00	00	00	00	00	00	00	00	00	00	00	00
6.951	3D DATA	true	-	0	33395	65535	-117583.2	-117712.2	-118555.6	-117852.6	-185101.9	-2.8	-5.1	-1.8	-0.9	-3.1	-	-	-	-	-
6.951	3D MESSAGE	48	00	B1	91	20	59	ED	8C	20	31	84	40	E4	A8	E5	C7	8A	EA	E5	C7	A2	8E	E7	C7	C5	2E	E6	C7	30	C4	34	C8	00	00	AD	C0	00	60	20	C1	00	00	62	C0	00	00	EA	BF	00	80	BD	C0	00	00	00	00	00	00	00	00	00	00	00	00	00	00	00	00	00	00	00	00
6.951	3D DATA	true	-	-	-	-	-117585.8	-117717.1	-118557.3	-117853.5	-185104.8	-5.4	-10.0	-3.5	-1.8	-5.9	-	-	-	-	-
6.951	3D MESSAGE	48	00	B2	91	20	59	EE	8C	20	31	84	40	20	AA	E5	C7	DB	EC	E5	C7	6F	8F	E7	C7	2F	2F	E6	C7	CE	C4	34	C8	00	00	FC	C0	00	80	6A	C1	00	40	A4	C0	00	00	2A	C0	00	40	06	C1	00	00	00	00	00	00	00	00	00	00	00	00	00	00	00	00	00	00	00	00
6.951	3D DATA	true	-	-	-	-	-117588.2	-117721.7	-118558.9	-117854.4	-185107.2	-7.9	-14.7	-5.1	-2.7	-8.4	-	-	-	-	-
6.951	3D MESSAGE	48	00	B3	91	20	59	EF	8C	20	31	84	40	50	AB	E5	C7	0E	EF	E5	C7	32	90	E7	C7	8F	2F	E6	C7	58	C5	34	C8	00	00	24	C1	00	70	98	C1	00	00	D5	C0	00	00	5A	C0	00	C0	28	C1	00	00	00	00	00	00	00	00	00	00	00	00	00	00	00	00	00	00	00	00
6.951	3D DATA	true	-	-	-	-	-117590.6	-117726.1	-118560.4	-117855.1	-185109.4	-10.2	-19.1	-6.7	-3.4	-10.5	-	-	-	-	-
6.981	3D MESSAGE	48	00	B4	91	20	59	F0	8C	20	31	84	40	7A	AC	E5	C7	25	F1	E5	C7	EA	90	E7	C7	E6	2F	E6	C7	D1	C5	34	C8	00	40	49	C1	00	E0	B9	C1	00	80	01	C1	00	C0	82	C0	00	00	47	C1	00	00	00	00	00	00	00	00	00	00	00	00	00	00	00	00	00	00	00	00
6.982	3D DATA	true	-	-	-	-	-117593.0	-117730.3	-118561.8	-117855.8	-185111.3	-12.6	-23.2	-8.1	-4.1	-12.4	-	-	-	-	-
6.982	3D MESSAGE	48	00	B5	91	20	59	F1	8C	20	31	84	40	9E	AD	E5	C7	23	F3	E5	C7	97	91	E7	C7	36	30	E6	C7	3F	C6	34	C8	00	C0	6D	C1	00	C0	D9	C1	00	20	17	C1	00	C0	96	C0	00	80	62	C1	00	00	00	00	00	00	00	00	00	00	00	00	00	00	00	00	00	00	00	00
6.982	3D DATA	true	-	-	-	-	-117595.2	-117734.3	-118563.2	-117856.4	-185113.0	-14.9	-27.2	-9.4	-4.7	-14.2	-	-	-	-	-
6.983	3D MESSAGE	48	00	B6	91	20	59	F2	8C	20	31	84	40	BF	AE	E5	C7	0F	F5	E5	C7	3E	92	E7	C7	81	30	E6	C7	AC	C6	34	C8	00	F0	88	C1	00	80	F8	C1	00	00	2C	C1	00	80	A9	C0	00	C0	7D	C1	00	00	00	00	00	00	00	00	00	00	00	00	00	00	00	00	00	00	00	00
6.983	3D DATA	true	-	-	-	-	-117597.5	-117738.1	-118564.5	-117857.0	-185114.7	-17.1	-31.1	-10.8	-5.3	-15.9	-	-	-	-	-
6.983	3D MESSAGE	48	00	B7	91	20	59	F3	8C	20	31	84	40	D8	AF	E5	C7	EE	F6	E5	C7	DF	92	E7	C7	CC	30	E6	C7	1E	C7	34	C8	00	80	9A	C1	00	38	0B	C2	00	20	40	C1	00	40	BC	C0	00	20	8D	C1	00	00	00	00	00	00	00	00	00	00	00	00	00	00	00	00	00	00	00	00
6.983	3D DATA	true	-	-	-	-	-117599.7	-117741.9	-118565.7	-117857.6	-185116.5	-19.3	-34.8	-12.0	-5.9	-17.6	-	-	-	-	-
6.984	3D MESSAGE	48	00	B8	91	20	59	F4	8C	20	31	84	40	E6	B0	E5	C7	C3	F8	E5	C7	7F	93	E7	C7	16	31	E6	C7	9B	C7	34	C8	00	60	AB	C1	00	E0	19	C2	00	20	54	C1	00	C0	CE	C0	00	C0	9C	C1	00	00	00	00	00	00	00	00	00	00	00	00	00	00	00	00	00	00	00	00
6.984	3D DATA	true	-	-	-	-	-117601.8	-117745.5	-118567.0	-117858.2	-185118.4	-21.4	-38.5	-13.3	-6.5	-19.6	-	-	-	-	-
6.984	3D MESSAGE	48	00	B9	91	20	59	F5	8C	20	31	84	40	E5	B1	E5	C7	8E	FA	E5	C7	1E	94	E7	C7	60	31	E6	C7	22	C8	34	C8	00	50	BB	C1	00	38	28	C2	00	00	68	C1	00	40	E1	C0	00	A0	AD	C1	00	00	00	00	00	00	00	00	00	00	00	00	00	00	00	00	00	00	00	00
6.984	3D DATA	true	-	-	-	-	-117603.8	-117749.1	-118568.2	-117858.8	-185120.5	-23.4	-42.1	-14.5	-7.0	-21.7	-	-	-	-	-
7.012	3D MESSAGE	48	00	BA	91	20	59	F6	8C	20	31	84	40	CF	B2	E5	C7	48	FC	E5	C7	BC	94	E7	C7	AA	31	E6	C7	AF	C8	34	C8	00	F0	C9	C1	00	08	36	C2	00	C0	7B	C1	00	C0	F3	C0	00	40	BF	C1	00	00	00	00	00	00	00	00	00	00	00	00	00	00	00	00	00	00	00	00
7.012	3D DATA	true	-	-	-	-	-117605.6	-117752.6	-118569.5	-117859.3	-185122.7	-25.2	-45.5	-15.7	-7.6	-23.9	-	-	-	-	-
7.013	3D MESSAGE	48	00	BB	91	20	59	F7	8C	20	31	84	40	A2	B3	E5	C7	E8	FD	E5	C7	56	95	E7	C7	F0	31	E6	C7	3B	C9	34	C8	00	20	D7	C1	00	08	43	C2	00	80	87	C1	00	A0	02	C1	00	C0	D0	C1	00	00	00	00	00	00	00	00	00	00	00	00	00	00	00	00	00	00	00	00
7.013	3D DATA	true	-	-	-	-	-117607.3	-117755.8	-118570.7	-117859.9	-185124.9	-26.9	-48.8	-16.9	-8.2	-26.1	-	-	-	-	-
7.013	3D MESSAGE	48	00	BC	91	20	59	F8	8C	20	31	84	40	5A	B4	E5	C7	68	FF	E5	C7	EA	95	E7	C7	32	32	E6	C7	C1	C9	34	C8	00	A0	E2	C1	00	08	4F	C2	00	C0	90	C1	00	E0	0A	C1	00	80	E1	C1	00	00	00	00	00	00	00	00	00	00	00	00	00	00	00	00	00	00	00	00
7.013	3D DATA	true	-	-	-	-	-117608.7	-117758.8	-118571.8	-117860.4	-185127.0	-28.3	-51.8	-18.1	-8.7	-28.2	-	-	-	-	-
7.013	3D MESSAGE	48	00	BD	91	20	59	F9	8C	20	31	84	40	FC	B4	E5	C7	C4	00	E6	C7	78	96	E7	C7	72	32	E6	C7	3C	CA	34	C8	00	C0	EC	C1	00	E8	59	C2	00	A0	99	C1	00	E0	12	C1	00	E0	F0	C1	00	00	00	00	00	00	00	00	00	00	00	00	00	00	00	00	00	00	00	00
7.013	3D DATA	true	-	-	-	-	-117610.0	-117761.5	-118572.9	-117860.9	-185128.9	-29.6	-54.5	-19.2	-9.2	-30.1	-	-	-	-	-
7.013	3D MESSAGE	48	00	BE	91	20	59	FA	8C	20	31	84	40	8C	B5	E5	C7	FC	01	E6	C7	02	97	E7	C7	B2	32	E6	C7	AB	CA	34	C8	00	C0	F5	C1	00	A8	63	C2	00	40	A2	C1	00	E0	1A	C1	00	C0	FE	C1	00	00	00	00	00	00	00	00	00	00	00	00	00	00	00	00	00	00	00	00
7.013	3D DATA	true	-	-	-	-	-117611.1	-117764.0	-118574.0	-117861.4	-185130.7	-30.7	-56.9	-20.3	-9.7	-31.8	-	-	-	-	-
7.014	3D MESSAGE	48	00	BF	91	20	59	FB	8C	20	31	84	40	12	B6	E5	C7	1A	03	E6	C7	8A	97	E7	C7	F6	32	E6	C7	10	CB	34	C8	00	20	FE	C1	00	98	6C	C2	00	C0	AA	C1	00	60	23	C1	00	B0	05	C2	00	00	00	00	00	00	00	00	00	00	00	00	00	00	00	00	00	00	00	00
7.014	3D DATA	true	-	-	-	-	-117612.1	-117766.2	-118575.1	-117861.9	-185132.2	-31.8	-59.1	-21.3	-10.2	-33.4	-	-	-	-	-
7.044	3D MESSAGE	48	00	C0	91	20	59	FC	8C	20	31	84	40	96	B6	E5	C7	26	04	E6	C7	14	98	E7	C7	40	33	E6	C7	6E	CB	34	C8	00	30	03	C2	00	F8	74	C2	00	60	B3	C1	00	A0	2C	C1	00	90	0B	C2	00	00	00	00	00	00	00	00	00	00	00	00	00	00	00	00	00	00	00	00
7.044	3D DATA	true	-	-	-	-	-117613.2	-117768.3	-118576.2	-117862.5	-185133.7	-32.8	-61.2	-22.4	-10.8	-34.9	-	-	-	-	-
7.045	3D MESSAGE	48	00	C1	91	20	59	FD	8C	20	31	84	40	1C	B7	E5	C7	29	05	E6	C7	9E	98	E7	C7	91	33	E6	C7	C8	CB	34	C8	00	60	07	C2	00	10	7D	C2	00	00	BC	C1	00	C0	36	C1	00	30	11	C2	00	00	00	00	00	00	00	00	00	00	00	00	00	00	00	00	00	00	00	00
7.045	3D DATA	true	-	-	-	-	-117614.2	-117770.3	-118577.2	-117863.1	-185135.1	-33.8	-63.3	-23.5	-11.4	-36.3	-	-	-	-	-
7.045	3D MESSAGE	48	00	C2	91	20	59	FE	8C	20	31	84	40	A9	B7	E5	C7	27	06	E6	C7	27	99	E7	C7	E7	33	E6	C7	1F	CC	34	C8	00	C8	0B	C2	00	80	82	C2	00	90	C4	C1	00	80	41	C1	00	A0	16	C2	00	00	00	00	00	00	00	00	00	00	00	00	00	00	00	00	00	00	00	00
7.045	3D DATA	true	-	-	-	-	-117615.3	-117772.3	-118578.3	-117863.8	-185136.5	-34.9	-65.2	-24.6	-12.1	-37.7	-	-	-	-	-
7.045	3D MESSAGE	48	00	C3	91	20	59	FF	8C	20	31	84	40	3B	B8	E5	C7	1F	07	E6	C7	AA	99	E7	C7	3F	34	E6	C7	75	CC	34	C8	00	58	10	C2	00	60	86	C2	00	C0	CC	C1	00	80	4C	C1	00	00	1C	C2	00	00	00	00	00	00	00	00	00	00	00	00	00	00	00	00	00	00	00	00
7.045	3D DATA	true	-	-	-	-	-117616.5	-117774.2	-118579.3	-117864.5	-185137.8	-36.1	-67.2	-25.6	-12.8	-39.0	-	-	-	-	-
7.046	3D MESSAGE	4C	00	C4	91	22	59	00	8C	00	00	00	00	20	31	84	40	CC	B8	E5	C7	0C	08	E6	C7	22	9A	E7	C7	92	34	E6	C7	C8	CC	34	C8	00	E0	14	C2	00	14	8A	C2	00	40	D4	C1	00	E0	56	C1	00	30	21	C2	00	00	00	00	00	00	00	00	00	00	00	00	00	00	00	00	00	00	00	00
7.046	3D DATA	true	-	-	-	-	-117617.6	-117776.1	-118580.3	-117865.1	-185139.1	-37.2	-69.0	-26.5	-13.4	-40.3	-	-	-	-	-
7.046	3D MESSAGE	4A	00	C5	91	21	59	01	8C	10	2B	20	31	84	40	58	B9	E5	C7	E6	08	E6	C7	8C	9A	E7	C7	DA	34	E6	C7	17	CD	34	C8	00	40	19	C2	00	00	00	00	00	E0	DA	C1	00	E0	5F	C1	00	20	26	C2	00	00	00	00	00	00	00	00	00	00	00	00	00	00	00	00	00	00	00	00
7.046	3D DATA	true	43	-	-	-	-117618.7	-117777.8	-118581.1	-117865.7	-185140.4	-38.3	0.0	-27.4	-14.0	-41.5	-	-	-	-	-
7.047	3D MESSAGE	4A	00	C6	91	21	59	02	8C	10	2B	20	31	84	40	DA	B9	E5	C7	A9	09	E6	C7	E4	9A	E7	C7	10	35	E6	C7	60	CD	34	C8	00	00	00	00	00	00	C3	BF	00	60	E0	C1	00	A0	66	C1	00	00	00	00	00	00	00	00	00	00	00	00	00	00	00	00	00	00	00	00	00	00	00	00
7.047	3D DATA	true	43	-	-	-	-117619.7	-117779.3	-118581.8	-117866.1	-185141.5	0.0	-1.5	-28.0	-14.4	0.0	-	-	-	-	-
7.076	3D MESSAGE	4A	00	C7	91	21	59	03	8C	10	2B	20	31	84	40	4B	BA	E5	C7	4F	0A	E6	C7	2C	9B	E7	C7	32	35	E6	C7	A1	CD	34	C8	00	00	62	BF	00	80	34	C0	00	00	00	00	00	E0	6A	C1	00	00	82	BF	00	00	00	00	00	00	00	00	00	00	00	00	00	00	00	00	00	00	00	00
7.076	3D DATA	true	43	-	-	-	-117620.6	-117780.6	-118582.3	-117866.4	-185142.5	-0.9	-2.8	0.0	-14.7	-1.0	-	-	-	-	-
7.076	3D MESSAGE	48	00	C8	91	20	59	04	8C	20	31	84	40	AD	BA	E5	C7	D9	0A	E6	C7	65	9B	E7	C7	3F	35	E6	C7	D8	CD	34	C8	00	00	D3	BF	00	80	79	C0	00	00	E4	BE	00	80	6C	C1	00	00	F0	BF	00	00	00	00	00	00	00	00	00	00	00	00	00	00	00	00	00	00	00	00
7.076	3D DATA	true	-	-	-	-	-117621.4	-117781.7	-118582.8	-117866.5	-185143.4	-1.6	-3.9	-0.4	-14.8	-1.9	-	-	-	-	-
7.077	3D MESSAGE	4A	00	C9	91	21	59	05	8C	10	2B	20	31	84	40	FE	BA	E5	C7	4A	0B	E6	C7	91	9B	E7	C7	3A	35	E6	C7	04	CE	34	C8	00	00	12	C0	00	00	99	C0	00	00	4A	BF	00	00	00	00	00	00	24	C0	00	00	00	00	00	00	00	00	00	00	00	00	00	00	00	00	00	00	00	00
7.077	3D DATA	true	43	-	-	-	-117622.0	-117782.6	-118583.1	-117866.5	-185144.1	-2.3	-4.8	-0.8	0.0	-2.6	-	-	-	-	-
7.078	3D MESSAGE	48	00	CA	91	20	59	06	8C	20	31	84	40	40	BB	E5	C7	A7	0B	E6	C7	B5	9B	E7	C7	2A	35	E6	C7	22	CE	34	C8	00	00	33	C0	00	40	B0	C0	00	00	89	BF	00	00	00	3E	00	00	42	C0	00	00	00	00	00	00	00	00	00	00	00	00	00	00	00	00	00	00	00	00
7.078	3D DATA	true	-	-	-	-	-117622.5	-117783.3	-118583.4	-117866.3	-185144.5	-2.8	-5.5	-1.1	0.1	-3.0	-	-	-	-	-
7.078	3D MESSAGE	48	00	CB	91	20	59	07	8C	20	31	84	40	73	BB	E5	C7	F3	0B	E6	C7	D3	9B	E7	C7	15	35	E6	C7	34	CE	34	C8	00	80	4C	C0	00	40	C3	C0	00	00	A7	BF	00	00	94	3E	00	00	54	C0	00	00	00	00	00	00	00	00	00	00	00	00	00	00	00	00	00	00	00	00
7.078	3D DATA	true	-	-	-	-	-117622.9	-117783.9	-118583.6	-117866.2	-185144.8	-3.2	-6.1	-1.3	0.3	-3.3	-	-	-	-	-
7.078	3D MESSAGE	48	00	CC	91	20	59	08	8C	20	31	84	40	9A	BB	E5	C7	36	0C	E6	C7	EE	9B	E7	C7	00	35	E6	C7	3C	CE	34	C8	00	00	60	C0	00	00	D4	C0	00	00	C2	BF	00	00	E8	3E	00	00	5C	C0	00	00	00	00	00	00	00	00	00	00	00	00	00	00	00	00	00	00	00	00
7.078	3D DATA	true	-	-	-	-	-117623.2	-117784.4	-118583.9	-117866.0	-185144.9	-3.5	-6.6	-1.5	0.5	-3.4	-	-	-	-	-
7.109	3D MESSAGE	48	00	CD	91	20	59	09	8C	20	31	84	40	B7	BB	E5	C7	70	0C	E6	C7	07	9C	E7	C7	EC	34	E6	C7	3B	CE	34	C8	00	80	6E	C0	00	80	E2	C0	00	00	DB	BF	00	00	1C	3F	00	00	5B	C0	00	00	00	00	00	00	00	00	00	00	00	00	00	00	00	00	00	00	00	00
7.109	3D DATA	true	-	-	-	-	-117623.4	-117784.9	-118584.1	-117865.8	-185144.9	-3.7	-7.1	-1.7	0.6	-3.4	-	-	-	-	-
7.109	3D MESSAGE	48	00	CE	91	20	59	0A	8C	20	31	84	40	CC	BB	E5	C7	A6	0C	E6	C7	1D	9C	E7	C7	D9	34	E6	C7	37	CE	34	C8	00	00	79	C0	00	00	F0	C0	00	00	F1	BF	00	00	42	3F	00	00	57	C0	00	00	00	00	00	00	00	00	00	00	00	00	00	00	00	00	00	00	00	00
7.109	3D DATA	true	-	-	-	-	-117623.6	-117785.3	-118584.2	-117865.7	-185144.9	-3.9	-7.5	-1.9	0.8	-3.4	-	-	-	-	-
7.109	3D MESSAGE	48	00	CF	91	20	59	0B	8C	20	31	84	40	DE	BB	E5	C7	D8	0C	E6	C7	30	9C	E7	C7	C5	34	E6	C7	31	CE	34	C8	00	00	81	C0	00	80	FC	C0	00	00	02	C0	00	00	6A	3F	00	00	51	C0	00	00	00	00	00	00	00	00	00	00	00	00	00	00	00	00	00	00	00	00
7.109	3D DATA	true	-	-	-	-	-117623.7	-117785.7	-118584.4	-117865.5	-185144.8	-4.0	-7.9	-2.0	0.9	-3.3	-	-	-	-	-
7.109	3D MESSAGE	48	00	D0	91	20	59	0C	8C	20	31	84	40	F4	BB	E5	C7	08	0D	E6	C7	40	9C	E7	C7	B0	34	E6	C7	2C	CE	34	C8	00	80	86	C0	00	40	04	C1	00	00	0A	C0	00	00	8A	3F	00	00	4C	C0	00	00	00	00	00	00	00	00	00	00	00	00	00	00	00	00	00	00	00	00
7.109	3D DATA	true	-	-	-	-	-117623.9	-117786.1	-118584.5	-117865.4	-185144.7	-4.2	-8.3	-2.2	1.1	-3.2	-	-	-	-	-
7.110	3D MESSAGE	48	00	D1	91	20	59	0D	8C	20	31	84	40	12	BC	E5	C7	38	0D	E6	C7	4D	9C	E7	C7	9E	34	E6	C7	29	CE	34	C8	00	00	8E	C0	00	40	0A	C1	00	80	10	C0	00	00	9C	3F	00	00	49	C0	00	00	00	00	00	00	00	00	00	00	00	00	00	00	00	00	00	00	00	00
7.110	3D DATA	true	-	-	-	-	-117624.1	-117786.4	-118584.6	-117865.2	-185144.6	-4.4	-8.6	-2.3	1.2	-3.1	-	-	-	-	-
7.110	3D MESSAGE	48	00	D2	91	20	59	0E	8C	20	31	84	40	41	BC	E5	C7	6E	0D	E6	C7	5D	9C	E7	C7	95	34	E6	C7	28	CE	34	C8	00	C0	99	C0	00	00	11	C1	00	80	18	C0	00	00	A5	3F	00	00	48	C0	00	00	00	00	00	00	00	00	00	00	00	00	00	00	00	00	00	00	00	00
7.110	3D DATA	true	-	-	-	-	-117624.5	-117786.9	-118584.7	-117865.2	-185144.6	-4.8	-9.1	-2.4	1.3	-3.1	-	-	-	-	-
7.110	3D MESSAGE	48	00	D3	91	20	59	0F	8C	20	31	84	40	81	BC	E5	C7	AF	0D	E6	C7	76	9C	E7	C7	9F	34	E6	C7	2B	CE	34	C8	00	C0	A9	C0	00	20	19	C1	00	00	25	C0	00	00	9B	3F	00	00	4B	C0	00	00	00	00	00	00	00	00	00	00	00	00	00	00	00	00	00	00	00	00
7.110	3D DATA	true	-	-	-	-	-117625.0	-117787.4	-118584.9	-117865.2	-185144.7	-5.3	-9.6	-2.6	1.2	-3.2	-	-	-	-	-
7.136	3D MESSAGE	48	00	D4	91	20	59	10	8C	20	31	84	40	D0	BC	E5	C7	FE	0D	E6	C7	9A	9C	E7	C7	C1	34	E6	C7	30	CE	34	C8	00	80	BD	C0	00	00	23	C1	00	00	37	C0	00	00	72	3F	00	00	50	C0	00	00	00	00	00	00	00	00	00	00	00	00	00	00	00	00	00	00	00	00
7.136	3D DATA	true	-	-	-	-	-117625.6	-117788.0	-118585.2	-117865.5	-185144.8	-5.9	-10.2	-2.9	0.9	-3.2	-	-	-	-	-
7.137	3D MESSAGE	48	00	D5	91	20	59	11	8C	50	2B	EF	3D	28	BD	E5	C7	58	0E	E6	C7	CC	9C	E7	C7	FB	34	E6	C7	38	CE	34	C8	00	80	D3	C0	00	40	2E	C1	00	00	50	C0	00	00	FC	3E	00	00	58	C0	00	00	00	00	00	00	00	00	00	00	00	00	00	00	00	00	00	00	00	00
7.137	3D DATA	true	-	-	-	-	-117626.3	-117788.7	-118585.6	-117866.0	-185144.9	-6.6	-10.9	-3.2	0.5	-3.4	-	-	-	-	-
7.138	3D MESSAGE	48	00	D6	91	20	59	12	8C	50	2B	EF	3D	7F	BD	E5	C7	B9	0E	E6	C7	08	9D	E7	C7	47	35	E6	C7	44	CE	34	C8	00	40	E9	C0	00	60	3A	C1	00	00	6E	C0	00	00	D0	BD	00	00	64	C0	00	00	00	00	00	00	00	00	00	00	00	00	00	00	00	00	00	00	00	00
7.138	3D DATA	true	-	-	-	-	-117627.0	-117789.4	-118586.1	-117866.6	-185145.1	-7.3	-11.6	-3.7	-0.1	-3.6	-	-	-	-	-
7.138	3D MESSAGE	48	00	D7	91	20	59	13	8C	50	2B	EF	3D	CC	BD	E5	C7	18	0F	E6	C7	46	9D	E7	C7	9A	35	E6	C7	55	CE	34	C8	00	80	FC	C0	00	40	46	C1	00	80	86	C0	00	00	40	BF	00	00	75	C0	00	00	00	00	00	00	00	00	00	00	00	00	00	00	00	00	00	00	00	00
7.138	3D DATA	true	-	-	-	-	-117627.6	-117790.2	-118586.5	-117867.2	-185145.3	-7.9	-12.4	-4.2	-0.8	-3.8	-	-	-	-	-
7.138	3D MESSAGE	48	00	D8	91	20	59	14	8C	50	2B	EF	3D	06	BE	E5	C7	6D	0F	E6	C7	7F	9D	E7	C7	E6	35	E6	C7	6A	CE	34	C8	00	80	05	C1	00	E0	50	C1	00	C0	94	C0	00	00	AC	BF	00	00	85	C0	00	00	00	00	00	00	00	00	00	00	00	00	00	00	00	00	00	00	00	00
7.138	3D DATA	true	-	-	-	-	-117628.0	-117790.9	-118587.0	-117867.8	-185145.7	-8.3	-13.1	-4.6	-1.3	-4.2	-	-	-	-	-
7.168	3D MESSAGE	48	00	D9	91	20	59	15	8C	50	2B	EF	3D	2C	BE	E5	C7	B4	0F	E6	C7	AE	9D	E7	C7	22	36	E6	C7	84	CE	34	C8	00	40	0A	C1	00	C0	59	C1	00	80	A0	C0	00	00	E8	BF	00	00	92	C0	00	00	00	00	00	00	00	00	00	00	00	00	00	00	00	00	00	00	00	00
7.168	3D DATA	true	-	-	-	-	-117628.3	-117791.4	-118587.4	-117868.3	-185146.1	-8.6	-13.6	-5.0	-1.8	-4.6	-	-	-	-	-
7.169	3D MESSAGE	48	00	DA	91	20	59	16	8C	50	2B	EF	3D	42	BE	E5	C7	EC	0F	E6	C7	D5	9D	E7	C7	46	36	E6	C7	A2	CE	34	C8	00	00	0D	C1	00	C0	60	C1	00	40	AA	C0	00	00	06	C0	00	00	A1	C0	00	00	00	00	00	00	00	00	00	00	00	00	00	00	00	00	00	00	00	00
7.169	3D DATA	true	-	-	-	-	-117628.5	-117791.8	-118587.7	-117868.5	-185146.5	-8.8	-14.0	-5.3	-2.1	-5.0	-	-	-	-	-
7.169	3D MESSAGE	48	00	DB	91	20	59	17	8C	50	2B	EF	3D	4E	BE	E5	C7	1F	10	E6	C7	F9	9D	E7	C7	54	36	E6	C7	C5	CE	34	C8	00	80	0E	C1	00	20	67	C1	00	40	B3	C0	00	00	0D	C0	00	80	B2	C0	00	00	00	00	00	00	00	00	00	00	00	00	00	00	00	00	00	00	00	00
7.169	3D DATA	true	-	-	-	-	-117628.6	-117792.2	-118587.9	-117868.7	-185147.1	-8.9	-14.4	-5.6	-2.2	-5.6	-	-	-	-	-
7.169	3D MESSAGE	48	00	DC	91	20	59	18	8C	50	2B	EF	3D	5B	BE	E5	C7	54	10	E6	C7	24	9E	E7	C7	55	36	E6	C7	EC	CE	34	C8	00	20	10	C1	00	C0	6D	C1	00	00	BE	C0	00	80	0D	C0	00	00	C6	C0	00	00	00	00	00	00	00	00	00	00	00	00	00	00	00	00	00	00	00	00
7.169	3D DATA	true	-	-	-	-	-117628.7	-117792.7	-118588.3	-117868.7	-185147.7	-9.0	-14.9	-5.9	-2.2	-6.2	-	-	-	-	-
7.170	3D MESSAGE	48	00	DD	91	20	59	19	8C	50	2B	EF	3D	71	BE	E5	C7	94	10	E6	C7	5C	9E	E7	C7	51	36	E6	C7	17	CF	34	C8	00	E0	12	C1	00	C0	75	C1	00	00	CC	C0	00	80	0B	C0	00	80	DB	C0	00	00	00	00	00	00	00	00	00	00	00	00	00	00	00	00	00	00	00	00
7.170	3D DATA	true	-	-	-	-	-117628.9	-117793.2	-118588.7	-117868.6	-185148.4	-9.2	-15.4	-6.4	-2.2	-6.9	-	-	-	-	-
7.170	3D MESSAGE	4A	00	DE	91	21	59	1A	8C	10	2B	50	2B	EF	3D	96	BE	E5	C7	E0	10	E6	C7	A2	9E	E7	C7	51	36	E6	C7	44	CF	34	C8	00	80	17	C1	00	00	00	00	00	80	DD	C0	00	80	0B	C0	00	00	F2	C0	00	00	00	00	00	00	00	00	00	00	00	00	00	00	00	00	00	00	00	00
7.170	3D DATA	true	43	-	-	-	-117629.2	-117793.8	-118589.3	-117868.6	-185149.1	-9.5	0.0	-6.9	-2.2	-7.6	-	-	-	-	-
7.171	3D MESSAGE	48	00	DF	91	20	59	1B	8C	50	2B	EF	3D	C8	BE	E5	C7	34	11	E6	C7	F1	9E	E7	C7	5A	36	E6	C7	70	CF	34	C8	00	C0	1D	C1	00	00	28	BF	00	40	F1	C0	00	00	10	C0	00	00	04	C1	00	00	00	00	00	00	00	00	00	00	00	00	00	00	00	00	00	00	00	00
7.171	3D DATA	true	-	-	-	-	-117629.6	-117794.4	-118589.9	-117868.7	-185149.8	-9.9	-0.7	-7.5	-2.2	-8.2	-	-	-	-	-
7.201	3D MESSAGE	48	00	E0	91	20	59	1C	8C	50	2B	EF	3D	02	BF	E5	C7	85	11	E6	C7	3E	9F	E7	C7	6A	36	E6	C7	98	CF	34	C8	00	00	25	C1	00	00	A5	BF	00	40	02	C1	00	00	18	C0	00	00	0E	C1	00	00	00	00	00	00	00	00	00	00	00	00	00	00	00	00	00	00	00	00
7.201	3D DATA	true	-	-	-	-	-117630.0	-117795.0	-118590.5	-117868.8	-185150.4	-10.3	-1.3	-8.1	-2.4	-8.9	-	-	-	-	-
7.202	3D MESSAGE	48	00	E1	91	20	59	1D	8C	50	2B	EF	3D	3C	BF	E5	C7	C9	11	E6	C7	7E	9F	E7	C7	7E	36	E6	C7	B9	CF	34	C8	00	40	2C	C1	00	00	E9	BF	00	40	0A	C1	00	00	22	C0	00	40	16	C1	00	00	00	00	00	00	00	00	00	00	00	00	00	00	00	00	00	00	00	00
7.202	3D DATA	true	-	-	-	-	-117630.5	-117795.6	-118591.0	-117869.0	-185150.9	-10.8	-1.8	-8.6	-2.5	-9.4	-	-	-	-	-
7.202	3D MESSAGE	48	00	E2	91	20	59	1E	8C	50	2B	EF	3D	71	BF	E5	C7	FA	11	E6	C7	AA	9F	E7	C7	90	36	E6	C7	D2	CF	34	C8	00	E0	32	C1	00	00	0D	C0	00	C0	0F	C1	00	00	2B	C0	00	80	1C	C1	00	00	00	00	00	00	00	00	00	00	00	00	00	00	00	00	00	00	00	00
7.202	3D DATA	true	-	-	-	-	-117630.9	-117796.0	-118591.3	-117869.1	-185151.3	-11.2	-2.2	-9.0	-2.7	-9.8	-	-	-	-	-
7.203	3D MESSAGE	48	00	E3	91	20	59	1F	8C	50	2B	EF	3D	98	BF	E5	C7	1A	12	E6	C7	BE	9F	E7	C7	98	36	E6	C7	E6	CF	34	C8	00	C0	37	C1	00	00	1D	C0	00	40	12	C1	00	00	2F	C0	00	80	21	C1	00	00	00	00	00	00	00	00	00	00	00	00	00	00	00	00	00	00	00	00
7.203	3D DATA	true	-	-	-	-	-117631.2	-117796.2	-118591.5	-117869.2	-185151.6	-11.5	-2.5	-9.1	-2.7	-10.1	-	-	-	-	-
7.203	3D MESSAGE	4A	00	E4	91	21	59	20	8C	10	2B	50	2B	EF	3D	B2	BF	E5	C7	2C	12	E6	C7	BF	9F	E7	C7	93	36	E6	C7	F4	CF	34	C8	00	00	00	00	00	00	26	C0	00	60	12	C1	00	80	2C	C0	00	00	25	C1	00	00	00	00	00	00	00	00	00	00	00	00	00	00	00	00	00	00	00	00
7.203	3D DATA	true	43	-	-	-	-117631.4	-117796.3	-118591.5	-117869.1	-185151.8	0.0	-2.6	-9.1	-2.7	-10.3	-	-	-	-	-
7.203	3D MESSAGE	48	00	E5	91	20	59	21	8C	50	2B	EF	3D	BE	BF	E5	C7	3C	12	E6	C7	B5	9F	E7	C7	81	36	E6	C7	00	D0	34	C8	00	00	C0	BD	00	00	2E	C0	00	20	11	C1	00	80	23	C0	00	00	28	C1	00	00	00	00	00	00	00	00	00	00	00	00	00	00	00	00	00	00	00	00
7.203	3D DATA	true	-	-	-	-	-117631.5	-117796.5	-118591.4	-117869.0	-185152.0	-0.1	-2.7	-9.1	-2.6	-10.5	-	-	-	-	-
7.229	3D MESSAGE	48	00	E6	91	20	59	22	8C	50	2B	EF	3D	C0	BF	E5	C7	50	12	E6	C7	A7	9F	E7	C7	66	36	E6	C7	0A	D0	34	C8	00	00	E0	BD	00	00	38	C0	00	60	0F	C1	00	00	16	C0	00	80	2A	C1	00	00	00	00	00	00	00	00	00	00	00	00	00	00	00	00	00	00	00	00
7.229	3D DATA	true	-	-	-	-	-117631.5	-117796.6	-118591.3	-117868.8	-185152.2	-0.1	-2.9	-9.0	-2.3	-10.7	-	-	-	-	-
7.230	3D MESSAGE	48	00	E7	91	20	59	23	8C	50	2B	EF	3D	BA	BF	E5	C7	6A	12	E6	C7	9A	9F	E7	C7	44	36	E6	C7	12	D0	34	C8	00	00	80	BD	00	00	45	C0	00	C0	0D	C1	00	00	05	C0	00	80	2C	C1	00	00	00	00	00	00	00	00	00	00	00	00	00	00	00	00	00	00	00	00
7.230	3D DATA	true	-	-	-	-	-117631.5	-117796.8	-118591.2	-117868.5	-185152.3	-0.1	-3.1	-8.9	-2.1	-10.8	-	-	-	-	-
7.230	3D MESSAGE	48	00	E8	91	20	59	24	8C	50	2B	EF	3D	B0	BF	E5	C7	8A	12	E6	C7	90	9F	E7	C7	23	36	E6	C7	14	D0	34	C8	00	00	80	3C	00	00	55	C0	00	80	0C	C1	00	00	E9	BF	00	00	2D	C1	00	00	00	00	00	00	00	00	00	00	00	00	00	00	00	00	00	00	00	00
7.230	3D DATA	true	-	-	-	-	-117631.4	-117797.1	-118591.1	-117868.3	-185152.3	0.0	-3.3	-8.8	-1.8	-10.8	-	-	-	-	-
7.231	3D MESSAGE	48	00	E9	91	20	59	25	8C	50	2B	EF	3D	A5	BF	E5	C7	AA	12	E6	C7	8A	9F	E7	C7	07	36	E6	C7	0F	D0	34	C8	00	00	D0	3D	00	00	65	C0	00	C0	0B	C1	00	00	CD	BF	00	C0	2B	C1	00	00	00	00	00	00	00	00	00	00	00	00	00	00	00	00	00	00	00	00
7.231	3D DATA	true	-	-	-	-	-117631.3	-117797.3	-118591.1	-117868.1	-185152.2	0.1	-3.6	-8.7	-1.6	-10.7	-	-	-	-	-
7.232	3D MESSAGE	48	00	EA	91	20	59	26	8C	50	2B	EF	3D	9C	BF	E5	C7	C3	12	E6	C7	87	9F	E7	C7	F3	35	E6	C7	03	D0	34	C8	00	00	30	3E	00	80	71	C0	00	60	0B	C1	00	00	B9	BF	00	C0	28	C1	00	00	00	00	00	00	00	00	00	00	00	00	00	00	00	00	00	00	00	00
7.232	3D DATA	true	-	-	-	-	-117631.2	-117797.5	-118591.1	-117867.9	-185152.0	0.2	-3.8	-8.7	-1.4	-10.5	-	-	-	-	-
7.233	3D MESSAGE	48	00	EB	91	20	59	27	8C	50	2B	EF	3D	9C	BF	E5	C7	D5	12	E6	C7	88	9F	E7	C7	EB	35	E6	C7	F2	CF	34	C8	00	00	30	3E	00	80	7A	C0	00	80	0B	C1	00	00	B1	BF	00	80	24	C1	00	00	00	00	00	00	00	00	00	00	00	00	00	00	00	00	00	00	00	00
7.233	3D DATA	true	-	-	-	-	-117631.2	-117797.7	-118591.1	-117867.8	-185151.8	0.2	-3.9	-8.7	-1.4	-10.3	-	-	-	-	-
7.263	3D MESSAGE	48	00	EC	91	20	59	28	8C	50	2B	EF	3D	A9	BF	E5	C7	E1	12	E6	C7	8E	9F	E7	C7	EE	35	E6	C7	DF	CF	34	C8	00	00	90	3D	00	40	80	C0	00	00	00	00	00	00	B4	BF	00	C0	1F	C1	00	00	00	00	00	00	00	00	00	00	00	00	00	00	00	00	00	00	00	00
7.263	3D DATA	true	-	-	-	-	-117631.3	-117797.8	-118591.1	-117867.9	-185151.5	0.1	-4.0	0.0	-1.4	-10.0	-	-	-	-	-
7.264	3D MESSAGE	48	00	ED	91	20	59	29	8C	50	2B	EF	3D	C3	BF	E5	C7	EC	12	E6	C7	99	9F	E7	C7	F9	35	E6	C7	CF	CF	34	C8	00	00	08	BE	00	00	83	C0	00	00	B0	BD	00	00	BF	BF	00	00	00	00	00	00	00	00	00	00	00	00	00	00	00	00	00	00	00	00	00	00	00	00
7.264	3D DATA	true	-	-	-	-	-117631.5	-117797.8	-118591.2	-117867.9	-185151.2	-0.1	-4.1	-0.1	-1.5	0.0	-	-	-	-	-
7.264	3D MESSAGE	48	00	EE	91	20	59	2A	8C	50	2B	EF	3D	EA	BF	E5	C7	F8	12	E6	C7	A8	9F	E7	C7	08	36	E6	C7	C6	CF	34	C8	00	00	E0	BE	00	00	86	C0	00	00	50	BE	00	00	CE	BF	00	00	10	3E	00	00	00	00	00	00	00	00	00	00	00	00	00	00	00	00	00	00	00	00
7.264	3D DATA	true	-	-	-	-	-117631.8	-117797.9	-118591.3	-117868.1	-185151.1	-0.4	-4.2	-0.2	-1.6	0.1	-	-	-	-	-
7.264	3D MESSAGE	48	00	EF	91	20	59	2B	8C	50	2B	EF	3D	17	C0	E5	C7	09	13	E6	C7	B7	9F	E7	C7	15	36	E6	C7	C4	CF	34	C8	00	00	4A	BF	00	40	8A	C0	00	00	A4	BE	00	00	DB	BF	00	00	30	3E	00	00	00	00	00	00	00	00	00	00	00	00	00	00	00	00	00	00	00	00
7.264	3D DATA	true	-	-	-	-	-117632.2	-117798.1	-118591.4	-117868.2	-185151.1	-0.8	-4.3	-0.3	-1.7	0.2	-	-	-	-	-
7.265	3D MESSAGE	48	00	F0	91	20	59	2C	8C	50	2B	EF	3D	40	C0	E5	C7	1D	13	E6	C7	C0	9F	E7	C7	1C	36	E6	C7	C9	CF	34	C8	00	00	8E	BF	00	40	8F	C0	00	00	C8	BE	00	00	E2	BF	00	00	C0	3D	00	00	00	00	00	00	00	00	00	00	00	00	00	00	00	00	00	00	00	00
7.265	3D DATA	true	-	-	-	-	-117632.5	-117798.2	-118591.5	-117868.2	-185151.1	-1.1	-4.5	-0.4	-1.8	0.1	-	-	-	-	-
7.265	3D MESSAGE	48	00	F1	91	20	59	2D	8C	50	2B	EF	3D	5D	C0	E5	C7	32	13	E6	C7	BE	9F	E7	C7	1C	36	E6	C7	D2	CF	34	C8	00	00	AB	BF	00	80	94	C0	00	00	C0	BE	00	00	E2	BF	00	00	40	BD	00	00	00	00	00	00	00	00	00	00	00	00	00	00	00	00	00	00	00	00
7.265	3D DATA	true	-	-	-	-	-117632.7	-117798.4	-118591.5	-117868.2	-185151.3	-1.3	-4.6	-0.4	-1.8	-0.0	-	-	-	-	-
7.292	3D MESSAGE	48	00	F2	91	20	59	2E	8C	50	2B	EF	3D	66	C0	E5	C7	43	13	E6	C7	B0	9F	E7	C7	13	36	E6	C7	DB	CF	34	C8	00	00	B4	BF	00	C0	98	C0	00	00	88	BE	00	00	D9	BF	00	00	40	BE	00	00	00	00	00	00	00	00	00	00	00	00	00	00	00	00	00	00	00	00
7.292	3D DATA	true	-	-	-	-	-117632.8	-117798.5	-118591.4	-117868.1	-185151.4	-1.4	-4.8	-0.3	-1.7	-0.2	-	-	-	-	-
7.293	3D MESSAGE	48	00	F3	91	20	59	2F	8C	50	2B	EF	3D	5A	C0	E5	C7	4E	13	E6	C7	98	9F	E7	C7	08	36	E6	C7	E3	CF	34	C8	00	00	A8	BF	00	80	9B	C0	00	00	A0	BD	00	00	CE	BF	00	00	A0	BE	00	00	00	00	00	00	00	00	00	00	00	00	00	00	00	00	00	00	00	00
7.293	3D DATA	true	-	-	-	-	-117632.7	-117798.6	-118591.2	-117868.1	-185151.5	-1.3	-4.9	-0.1	-1.6	-0.3	-	-	-	-	-
7.294	3D MESSAGE	48	00	F4	91	20	59	30	8C	50	2B	EF	3D	40	C0	E5	C7	52	13	E6	C7	7F	9F	E7	C7	00	36	E6	C7	EA	CF	34	C8	00	00	8E	BF	00	80	9C	C0	00	00	F0	3D	00	00	C6	BF	00	00	D8	BE	00	00	00	00	00	00	00	00	00	00	00	00	00	00	00	00	00	00	00	00
7.294	3D DATA	true	-	-	-	-	-117632.5	-117798.6	-118591.0	-117868.0	-185151.7	-1.1	-4.9	0.1	-1.5	-0.4	-	-	-	-	-
7.294	3D MESSAGE	48	00	F5	91	20	59	31	8C	50	2B	EF	3D	20	C0	E5	C7	54	13	E6	C7	6C	9F	E7	C7	01	36	E6	C7	F2	CF	34	C8	00	00	5C	BF	00	00	9D	C0	00	00	88	3E	00	00	C7	BF	00	00	0C	BF	00	00	00	00	00	00	00	00	00	00	00	00	00	00	00	00	00	00	00	00
7.294	3D DATA	true	-	-	-	-	-117632.2	-117798.7	-118590.8	-117868.0	-185151.8	-0.9	-4.9	0.3	-1.6	-0.5	-	-	-	-	-
7.295	3D MESSAGE	48	00	F6	91	20	59	32	8C	50	2B	EF	3D	0A	C0	E5	C7	58	13	E6	C7	69	9F	E7	C7	12	36	E6	C7	FE	CF	34	C8	00	00	30	BF	00	00	9E	C0	00	00	94	3E	00	00	D8	BF	00	00	3C	BF	00	00	00	00	00	00	00	00	00	00	00	00	00	00	00	00	00	00	00	00
7.295	3D DATA	true	-	-	-	-	-117632.1	-117798.7	-118590.8	-117868.1	-185152.0	-0.7	-4.9	0.3	-1.7	-0.7	-	-	-	-	-
7.295	3D MESSAGE	48	00	F7	91	20	59	33	8C	50	2B	EF	3D	0A	C0	E5	C7	66	13	E6	C7	7B	9F	E7	C7	34	36	E6	C7	11	D0	34	C8	00	00	30	BF	00	80	A1	C0	00	00	18	3E	00	00	FA	BF	00	00	84	BF	00	00	00	00	00	00	00	00	00	00	00	00	00	00	00	00	00	00	00	00
7.295	3D DATA	true	-	-	-	-	-117632.1	-117798.8	-118591.0	-117868.4	-185152.3	-0.7	-5.0	0.1	-2.0	-1.0	-	-	-	-	-
7.296	3D MESSAGE	48	00	F8	91	20	59	34	8C	50	2B	EF	3D	28	C0	E5	C7	80	13	E6	C7	A2	9F	E7	C7	68	36	E6	C7	2D	D0	34	C8	00	00	6C	BF	00	00	A8	C0	00	00	20	BE	00	00	17	C0	00	00	BC	BF	00	00	00	00	00	00	00	00	00	00	00	00	00	00	00	00	00	00	00	00
7.296	3D DATA	true	-	-	-	-	-117632.3	-117799.0	-118591.3	-117868.8	-185152.7	-0.9	-5.2	-0.2	-2.4	-1.5	-	-	-	-	-
7.323	3D MESSAGE	48	00	F9	91	20	59	35	8C	50	2B	EF	3D	63	C0	E5	C7	A7	13	E6	C7	D8	9F	E7	C7	A6	36	E6	C7	51	D0	34	C8	00	00	B1	BF	00	C0	B1	C0	00	00	14	BF	00	00	36	C0	00	00	02	C0	00	00	00	00	00	00	00	00	00	00	00	00	00	00	00	00	00	00	00	00
7.323	3D DATA	true	-	-	-	-	-117632.8	-117799.3	-118591.7	-117869.3	-185153.3	-1.4	-5.6	-0.6	-2.8	-2.0	-	-	-	-	-
7.324	3D MESSAGE	48	00	FA	91	20	59	36	8C	50	2B	EF	3D	B5	C0	E5	C7	DB	13	E6	C7	16	A0	E7	C7	E6	36	E6	C7	79	D0	34	C8	00	80	01	C0	00	C0	BE	C0	00	00	88	BF	00	00	56	C0	00	00	2A	C0	00	00	00	00	00	00	00	00	00	00	00	00	00	00	00	00	00	00	00	00
7.324	3D DATA	true	-	-	-	-	-117633.4	-117799.7	-118592.2	-117869.8	-185153.9	-2.0	-6.0	-1.1	-3.3	-2.7	-	-	-	-	-
7.324	3D MESSAGE	48	00	FB	91	20	59	37	8C	50	2B	EF	3D	0F	C1	E5	C7	12	14	E6	C7	4F	A0	E7	C7	1E	37	E6	C7	9F	D0	34	C8	00	80	2E	C0	00	80	CC	C0	00	00	C1	BF	00	00	72	C0	00	00	50	C0	00	00	00	00	00	00	00	00	00	00	00	00	00	00	00	00	00	00	00	00
7.324	3D DATA	true	-	-	-	-	-117634.1	-117800.1	-118592.6	-117870.2	-185154.5	-2.7	-6.4	-1.5	-3.8	-3.2	-	-	-	-	-
7.325	3D MESSAGE	48	00	FC	91	20	59	38	8C	50	2B	EF	3D	60	C1	E5	C7	47	14	E6	C7	79	A0	E7	C7	44	37	E6	C7	BC	D0	34	C8	00	00	57	C0	00	C0	D9	C0	00	00	EB	BF	00	80	82	C0	00	00	6D	C0	00	00	00	00	00	00	00	00	00	00	00	00	00	00	00	00	00	00	00	00
7.325	3D DATA	true	-	-	-	-	-117634.8	-117800.6	-118592.9	-117870.5	-185154.9	-3.4	-6.8	-1.8	-4.1	-3.7	-	-	-	-	-
7.325	3D MESSAGE	48	00	FD	91	20	59	39	8C	60	AF	54	3D	98	C1	E5	C7	6F	14	E6	C7	8E	A0	E7	C7	54	37	E6	C7	CB	D0	34	C8	00	00	73	C0	00	C0	E3	C0	00	00	00	C0	00	80	86	C0	00	00	7C	C0	00	00	00	00	00	00	00	00	00	00	00	00	00	00	00	00	00	00	00	00
7.325	3D DATA	true	-	-	-	-	-117635.2	-117800.9	-118593.1	-117870.7	-185155.2	-3.8	-7.1	-2.0	-4.2	-3.9	-	-	-	-	-
7.326	3D MESSAGE	48	00	FE	91	20	59	3A	8C	60	AF	54	3D	AC	C1	E5	C7	84	14	E6	C7	89	A0	E7	C7	4A	37	E6	C7	C6	D0	34	C8	00	00	7D	C0	00	00	E9	C0	00	00	FB	BF	00	00	84	C0	00	00	77	C0	00	00	00	00	00	00	00	00	00	00	00	00	00	00	00	00	00	00	00	00
7.326	3D DATA	true	-	-	-	-	-117635.3	-117801.0	-118593.1	-117870.6	-185155.1	-4.0	-7.3	-2.0	-4.1	-3.9	-	-	-	-	-
7.355	3D MESSAGE	48	00	FF	91	20	59	3B	8C	60	AF	54	3D	98	C1	E5	C7	84	14	E6	C7	6C	A0	E7	C7	2A	37	E6	C7	AD	D0	34	C8	00	00	73	C0	00	00	E9	C0	00	00	DE	BF	00	00	78	C0	00	00	5E	C0	00	00	00	00	00	00	00	00	00	00	00	00	00	00	00	00	00	00	00	00
7.355	3D DATA	true	-	-	-	-	-117635.2	-117801.0	-118592.8	-117870.3	-185154.7	-3.8	-7.3	-1.7	-3.9	-3.5	-	-	-	-	-
7.356	3D MESSAGE	48	00	00	91	20	59	3C	8C	60	AF	54	3D	62	C1	E5	C7	72	14	E6	C7	3C	A0	E7	C7	FC	36	E6	C7	84	D0	34	C8	00	00	58	C0	00	80	E4	C0	00	00	AE	BF	00	00	61	C0	00	00	35	C0	00	00	00	00	00	00	00	00	00	00	00	00	00	00	00	00	00	00	00	00
7.356	3D DATA	true	-	-	-	-	-117634.8	-117800.9	-118592.5	-117870.0	-185154.1	-3.4	-7.1	-1.4	-3.5	-2.8	-	-	-	-	-
7.356	3D MESSAGE	48	00	01	91	20	59	3D	8C	60	AF	54	3D	17	C1	E5	C7	55	14	E6	C7	05	A0	E7	C7	C8	36	E6	C7	52	D0	34	C8	00	80	32	C0	00	00	00	00	00	00	6E	BF	00	00	47	C0	00	00	03	C0	00	00	00	00	00	00	00	00	00	00	00	00	00	00	00	00	00	00	00	00
7.356	3D DATA	true	-	-	-	-	-117634.2	-117800.7	-118592.0	-117869.6	-185153.3	-2.8	0.0	-0.9	-3.1	-2.0	-	-	-	-	-
7.357	3D MESSAGE	48	00	02	91	20	59	3E	8C	60	AF	54	3D	C9	C0	E5	C7	39	14	E6	C7	D2	9F	E7	C7	9A	36	E6	C7	21	D0	34	C8	00	80	0B	C0	00	00	60	3E	00	00	08	BF	00	00	30	C0	00	00	A4	BF	00	00	00	00	00	00	00	00	00	00	00	00	00	00	00	00	00	00	00	00
7.357	3D DATA	true	-	-	-	-	-117633.6	-117800.4	-118591.6	-117869.2	-185152.5	-2.2	0.2	-0.5	-2.8	-1.3	-	-	-	-	-
7.358	3D MESSAGE	48	00	03	91	20	59	3F	8C	60	AF	54	3D	8C	C0	E5	C7	2A	14	E6	C7	AF	9F	E7	C7	78	36	E6	C7	FB	CF	34	C8	00	00	DA	BF	00	00	AC	3E	00	00	84	BE	00	00	1F	C0	00	00	30	BF	00	00	00	00	00	00	00	00	00	00	00	00	00	00	00	00	00	00	00	00
7.358	3D DATA	true	-	-	-	-	-117633.1	-117800.3	-118591.4	-117868.9	-185151.9	-1.7	0.3	-0.3	-2.5	-0.7	-	-	-	-	-
7.358	3D MESSAGE	48	00	04	91	20	59	40	8C	60	AF	54	3D	6F	C0	E5	C7	33	14	E6	C7	A3	9F	E7	C7	6A	36	E6	C7	E8	CF	34	C8	00	00	BD	BF	00	00	88	3E	00	00	28	BE	00	00	18	C0	00	00	C8	BE	00	00	00	00	00	00	00	00	00	00	00	00	00	00	00	00	00	00	00	00
7.358	3D DATA	true	-	-	-	-	-117632.9	-117800.4	-118591.3	-117868.8	-185151.6	-1.5	0.3	-0.2	-2.4	-0.4	-	-	-	-	-
7.387	3D MESSAGE	48	00	05	91	20	59	41	8C	60	AF	54	3D	79	C0	E5	C7	56	14	E6	C7	B1	9F	E7	C7	72	36	E6	C7	EC	CF	34	C8	00	00	C7	BF	00	00	00	BC	00	00	8C	BE	00	00	1C	C0	00	00	E8	BE	00	00	00	00	00	00	00	00	00	00	00	00	00	00	00	00	00	00	00	00
7.387	3D DATA	true	-	-	-	-	-117632.9	-117800.7	-118591.4	-117868.9	-185151.7	-1.6	-0.0	-0.3	-2.4	-0.5	-	-	-	-	-
7.388	3D MESSAGE	48	00	06	91	20	59	42	8C	60	AF	54	3D	A6	C0	E5	C7	90	14	E6	C7	D7	9F	E7	C7	8E	36	E6	C7	09	D0	34	C8	00	00	F4	BF	00	00	EC	BE	00	00	12	BF	00	00	2A	C0	00	00	68	BF	00	00	00	00	00	00	00	00	00	00	00	00	00	00	00	00	00	00	00	00
7.388	3D DATA	true	-	-	-	-	-117633.3	-117801.1	-118591.7	-117869.1	-185152.1	-1.9	-0.5	-0.6	-2.7	-0.9	-	-	-	-	-
7.388	3D MESSAGE	48	00	07	91	20	59	43	8C	60	AF	54	3D	EA	C0	E5	C7	D7	14	E6	C7	0C	A0	E7	C7	BA	36	E6	C7	37	D0	34	C8	00	00	1C	C0	00	00	82	BF	00	00	7C	BF	00	00	40	C0	00	00	D0	BF	00	00	00	00	00	00	00	00	00	00	00	00	00	00	00	00	00	00	00	00
7.388	3D DATA	true	-	-	-	-	-117633.8	-117801.7	-118592.1	-117869.5	-185152.9	-2.4	-1.0	-1.0	-3.0	-1.6	-	-	-	-	-
7.388	3D MESSAGE	48	00	08	91	20	59	44	8C	60	AF	54	3D	30	C1	E5	C7	1D	15	E6	C7	46	A0	E7	C7	EE	36	E6	C7	6C	D0	34	C8	00	00	3F	C0	00	00	C8	BF	00	00	B8	BF	00	00	5A	C0	00	00	1D	C0	00	00	00	00	00	00	00	00	00	00	00	00	00	00	00	00	00	00	00	00
7.388	3D DATA	true	-	-	-	-	-117634.4	-117802.2	-118592.5	-117869.9	-185153.7	-3.0	-1.6	-1.4	-3.4	-2.5	-	-	-	-	-
7.389	3D MESSAGE	48	00	09	91	20	59	45	8C	60	AF	54	3D	67	C1	E5	C7	57	15	E6	C7	79	A0	E7	C7	21	37	E6	C7	9F	D0	34	C8	00	80	5A	C0	00	00	01	C0	00	00	EB	BF	00	80	73	C0	00	00	50	C0	00	00	00	00	00	00	00	00	00	00	00	00	00	00	00	00	00	00	00	00
7.389	3D DATA	true	-	-	-	-	-117634.8	-117802.7	-118592.9	-117870.3	-185154.5	-3.4	-2.0	-1.8	-3.8	-3.2	-	-	-	-	-
7.389	3D MESSAGE	48	00	0A	91	20	59	46	8C	60	AF	54	3D	7D	C1	E5	C7	7C	15	E6	C7	9C	A0	E7	C7	4A	37	E6	C7	C5	D0	34	C8	00	80	65	C0	00	80	13	C0	00	00	07	C0	00	00	84	C0	00	00	76	C0	00	00	00	00	00	00	00	00	00	00	00	00	00	00	00	00	00	00	00	00
7.389	3D DATA	true	-	-	-	-	-117635.0	-117803.0	-118593.2	-117870.6	-185155.1	-3.6	-2.3	-2.1	-4.1	-3.8	-	-	-	-	-
7.418	3D MESSAGE	48	00	0B	91	20	59	47	8C	60	AF	54	3D	6E	C1	E5	C7	8C	15	E6	C7	AC	A0	E7	C7	65	37	E6	C7	D9	D0	34	C8	00	00	5E	C0	00	80	1B	C0	00	00	0F	C0	00	C0	8A	C0	00	00	85	C0	00	00	00	00	00	00	00	00	00	00	00	00	00	00	00	00	00	00	00	00
7.418	3D DATA	true	-	-	-	-	-117634.9	-117803.1	-118593.3	-117870.8	-185155.4	-3.5	-2.4	-2.2	-4.3	-4.2	-	-	-	-	-
7.419	3D MESSAGE	48	00	0C	91	20	59	48	8C	60	AF	54	3D	40	C1	E5	C7	8A	15	E6	C7	A9	A0	E7	C7	6F	37	E6	C7	DD	D0	34	C8	00	00	47	C0	00	80	1A	C0	00	80	0D	C0	00	40	8D	C0	00	00	87	C0	00	00	00	00	00	00	00	00	00	00	00	00	00	00	00	00	00	00	00	00
7.419	3D DATA	true	-	-	-	-	-117634.5	-117803.1	-118593.3	-117870.9	-185155.5	-3.1	-2.4	-2.2	-4.4	-4.2	-	-	-	-	-
7.419	3D MESSAGE	48	00	0D	91	20	59	49	8C	60	AF	54	3D	00	C1	E5	C7	7F	15	E6	C7	96	A0	E7	C7	68	37	E6	C7	D5	D0	34	C8	00	00	27	C0	00	00	15	C0	00	00	04	C0	00	80	8B	C0	00	00	83	C0	00	00	00	00	00	00	00	00	00	00	00	00	00	00	00	00	00	00	00	00
7.419	3D DATA	true	-	-	-	-	-117634.0	-117803.0	-118593.2	-117870.8	-185155.3	-2.6	-2.3	-2.1	-4.4	-4.1	-	-	-	-	-
7.419	3D MESSAGE	48	00	0E	91	20	59	4A	8C	60	AF	54	3D	C0	C0	E5	C7	72	15	E6	C7	7D	A0	E7	C7	56	37	E6	C7	CA	D0	34	C8	00	00	07	C0	00	80	0E	C0	00	00	EF	BF	00	00	87	C0	00	00	7B	C0	00	00	00	00	00	00	00	00	00	00	00	00	00	00	00	00	00	00	00	00
7.419	3D DATA	true	-	-	-	-	-117633.5	-117802.9	-118593.0	-117870.7	-185155.2	-2.1	-2.2	-1.9	-4.2	-3.9	-	-	-	-	-
7.419	3D MESSAGE	48	00	0F	91	20	59	4B	8C	60	AF	54	3D	92	C0	E5	C7	66	15	E6	C7	63	A0	E7	C7	3F	37	E6	C7	C2	D0	34	C8	00	00	E0	BF	00	80	08	C0	00	00	D5	BF	00	40	81	C0	00	00	73	C0	00	00	00	00	00	00	00	00	00	00	00	00	00	00	00	00	00	00	00	00
7.419	3D DATA	true	-	-	-	-	-117633.1	-117802.8	-118592.8	-117870.5	-185155.0	-1.8	-2.1	-1.7	-4.0	-3.8	-	-	-	-	-
7.420	3D MESSAGE	48	00	10	91	20	59	4C	8C	60	AF	54	3D	7E	C0	E5	C7	5D	15	E6	C7	4E	A0	E7	C7	29	37	E6	C7	C2	D0	34	C8	00	00	CC	BF	00	00	04	C0	00	00	C0	BF	00	80	77	C0	00	00	73	C0	00	00	00	00	00	00	00	00	00	00	00	00	00	00	00	00	00	00	00	00
7.420	3D DATA	true	-	-	-	-	-117633.0	-117802.7	-118592.6	-117870.3	-185155.0	-1.6	-2.1	-1.5	-3.9	-3.8	-	-	-	-	-
7.449	3D MESSAGE	48	00	11	91	20	59	4D	8C	60	AF	54	3D	89	C0	E5	C7	54	15	E6	C7	3F	A0	E7	C7	1C	37	E6	C7	C9	D0	34	C8	00	00	D7	BF	00	00	FF	BF	00	00	B1	BF	00	00	71	C0	00	00	7A	C0	00	00	00	00	00	00	00	00	00	00	00	00	00	00	00	00	00	00	00	00
7.449	3D DATA	true	-	-	-	-	-117633.1	-117802.7	-118592.5	-117870.2	-185155.1	-1.7	-2.0	-1.4	-3.8	-3.9	-	-	-	-	-
7.449	3D MESSAGE	48	00	12	91	20	59	4E	8C	60	AF	54	3D	AC	C0	E5	C7	4C	15	E6	C7	38	A0	E7	C7	1B	37	E6	C7	D5	D0	34	C8	00	00	FA	BF	00	00	F7	BF	00	00	AA	BF	00	80	70	C0	00	00	83	C0	00	00	00	00	00	00	00	00	00	00	00	00	00	00	00	00	00	00	00	00
7.449	3D DATA	true	-	-	-	-	-117633.3	-117802.6	-118592.4	-117870.2	-185155.3	-2.0	-1.9	-1.3	-3.8	-4.1	-	-	-	-	-
7.450	3D MESSAGE	48	00	13	91	20	59	4F	8C	60	AF	54	3D	E0	C0	E5	C7	47	15	E6	C7	38	A0	E7	C7	28	37	E6	C7	E4	D0	34	C8	00	00	17	C0	00	00	F2	BF	00	00	AA	BF	00	00	77	C0	00	80	8A	C0	00	00	00	00	00	00	00	00	00	00	00	00	00	00	00	00	00	00	00	00
7.450	3D DATA	true	-	-	-	-	-117633.8	-117802.6	-118592.4	-117870.3	-185155.6	-2.4	-1.9	-1.3	-3.9	-4.3	-	-	-	-	-
7.450	3D MESSAGE	48	00	14	91	20	59	50	8C	60	AF	54	3D	1C	C1	E5	C7	48	15	E6	C7	40	A0	E7	C7	42	37	E6	C7	F2	D0	34	C8	00	00	35	C0	00	00	F3	BF	00	00	B2	BF	00	00	82	C0	00	80	91	C0	00	00	00	00	00	00	00	00	00	00	00	00	00	00	00	00	00	00	00	00
7.450	3D DATA	true	-	-	-	-	-117634.2	-117802.6	-118592.5	-117870.5	-185155.8	-2.8	-1.9	-1.4	-4.1	-4.5	-	-	-	-	-
7.450	3D MESSAGE	48	00	15	91	20	59	51	8C	60	AF	54	3D	59	C1	E5	C7	50	15	E6	C7	4C	A0	E7	C7	64	37	E6	C7	FD	D0	34	C8	00	80	53	C0	00	00	FB	BF	00	00	BE	BF	00	80	8A	C0	00	00	97	C0	00	00	00	00	00	00	00	00	00	00	00	00	00	00	00	00	00	00	00	00
7.450	3D DATA	true	-	-	-	-	-117634.7	-117802.6	-118592.6	-117870.8	-185156.0	-3.3	-2.0	-1.5	-4.3	-4.7	-	-	-	-	-
7.451	3D MESSAGE	48	00	16	91	20	59	52	8C	60	AF	54	3D	8C	C1	E5	C7	60	15	E6	C7	58	A0	E7	C7	86	37	E6	C7	02	D1	34	C8	00	00	6D	C0	00	80	05	C0	00	00	CA	BF	00	00	93	C0	00	80	99	C0	00	00	00	00	00	00	00	00	00	00	00	00	00	00	00	00	00	00	00	00
7.451	3D DATA	true	-	-	-	-	-117635.1	-117802.8	-118592.7	-117871.0	-185156.0	-3.7	-2.1	-1.6	-4.6	-4.8	-	-	-	-	-
7.451	3D MESSAGE	48	00	17	91	20	59	53	8C	60	AF	54	3D	AF	C1	E5	C7	70	15	E6	C7	5C	A0	E7	C7	9F	37	E6	C7	00	D1	34	C8	00	80	7E	C0	00	80	0D	C0	00	00	CE	BF	00	40	99	C0	00	80	98	C0	00	00	00	00	00	00	00	00	00	00	00	00	00	00	00	00	00	00	00	00
7.451	3D DATA	true	-	-	-	-	-117635.4	-117802.9	-118592.7	-117871.2	-185156.0	-4.0	-2.2	-1.6	-4.8	-4.8	-	-	-	-	-
7.483	3D MESSAGE	48	00	18	91	20	59	54	8C	60	AF	54	3D	BD	C1	E5	C7	76	15	E6	C7	51	A0	E7	C7	A9	37	E6	C7	F6	D0	34	C8	00	C0	82	C0	00	80	10	C0	00	00	C3	BF	00	C0	9B	C0	00	80	93	C0	00	00	00	00	00	00	00	00	00	00	00	00	00	00	00	00	00	00	00	00
7.483	3D DATA	true	-	-	-	-	-117635.5	-117802.9	-118592.6	-117871.3	-185155.8	-4.1	-2.3	-1.5	-4.9	-4.6	-	-	-	-	-
7.483	3D MESSAGE	48	00	19	91	20	59	55	8C	60	AF	54	3D	B2	C1	E5	C7	66	15	E6	C7	31	A0	E7	C7	9F	37	E6	C7	E2	D0	34	C8	00	00	80	C0	00	80	08	C0	00	00	A3	BF	00	40	99	C0	00	80	89	C0	00	00	00	00	00	00	00	00	00	00	00	00	00	00	00	00	00	00	00	00
7.483	3D DATA	true	-	-	-	-	-117635.4	-117802.8	-118592.4	-117871.2	-185155.5	-4.0	-2.1	-1.3	-4.8	-4.3	-	-	-	-	-
7.483	3D MESSAGE	48	00	1A	91	20	59	56	8C	60	AF	54	3D	91	C1	E5	C7	3F	15	E6	C7	FC	9F	E7	C7	83	37	E6	C7	C7	D0	34	C8	00	80	6F	C0	00	00	EA	BF	00	00	5C	BF	00	40	92	C0	00	00	78	C0	00	00	00	00	00	00	00	00	00	00	00	00	00	00	00	00	00	00	00	00
7.483	3D DATA	true	-	-	-	-	-117635.1	-117802.5	-118592.0	-117871.0	-185155.1	-3.7	-1.8	-0.9	-4.6	-3.9	-	-	-	-	-
7.484	3D MESSAGE	48	00	1B	91	20	59	57	8C	60	AF	54	3D	5F	C1	E5	C7	02	15	E6	C7	B9	9F	E7	C7	5A	37	E6	C7	A9	D0	34	C8	00	80	56	C0	00	00	AD	BF	00	00	AC	BE	00	00	88	C0	00	00	5A	C0	00	00	00	00	00	00	00	00	00	00	00	00	00	00	00	00	00	00	00	00
7.484	3D DATA	true	-	-	-	-	-117634.7	-117802.0	-118591.4	-117870.7	-185154.6	-3.4	-1.4	-0.3	-4.2	-3.4	-	-	-	-	-
7.484	3D MESSAGE	48	00	1C	91	20	59	58	8C	60	AF	54	3D	25	C1	E5	C7	B8	14	E6	C7	72	9F	E7	C7	28	37	E6	C7	8C	D0	34	C8	00	80	39	C0	00	00	46	BF	00	00	60	3E	00	00	77	C0	00	00	3D	C0	00	00	00	00	00	00	00	00	00	00	00	00	00	00	00	00	00	00	00	00
7.484	3D DATA	true	-	-	-	-	-117634.3	-117801.4	-118590.9	-117870.3	-185154.2	-2.9	-0.8	0.2	-3.9	-3.0	-	-	-	-	-
7.485	3D MESSAGE	48	00	1D	91	20	59	59	8C	60	AF	54	3D	EB	C0	E5	C7	6E	14	E6	C7	36	9F	E7	C7	F5	36	E6	C7	75	D0	34	C8	00	80	1C	C0	00	00	48	BE	00	00	30	3F	00	80	5D	C0	00	00	26	C0	00	00	00	00	00	00	00	00	00	00	00	00	00	00	00	00	00	00	00	00
7.485	3D DATA	true	-	-	-	-	-117633.8	-117800.9	-118590.4	-117869.9	-185153.8	-2.4	-0.2	0.7	-3.5	-2.6	-	-	-	-	-
7.513	3D MESSAGE	48	00	1E	91	20	59	5A	8C	60	AF	54	3D	BA	C0	E5	C7	2E	14	E6	C7	12	9F	E7	C7	C5	36	E6	C7	67	D0	34	C8	00	00	04	C0	00	00	9C	3E	00	00	78	3F	00	80	45	C0	00	00	18	C0	00	00	00	00	00	00	00	00	00	00	00	00	00	00	00	00	00	00	00	00
7.513	3D DATA	true	-	-	-	-	-117633.5	-117800.4	-118590.1	-117869.5	-185153.6	-2.1	0.3	1.0	-3.1	-2.4	-	-	-	-	-
7.513	3D MESSAGE	48	00	1F	91	20	59	5B	8C	60	AF	54	3D	94	C0	E5	C7	02	14	E6	C7	0B	9F	E7	C7	9C	36	E6	C7	61	D0	34	C8	00	00	E2	BF	00	00	26	3F	00	00	83	3F	00	00	31	C0	00	00	12	C0	00	00	00	00	00	00	00	00	00	00	00	00	00	00	00	00	00	00	00	00
7.513	3D DATA	true	-	-	-	-	-117633.2	-117800.0	-118590.1	-117869.2	-185153.5	-1.8	0.6	1.0	-2.8	-2.3	-	-	-	-	-
7.514	3D MESSAGE	48	00	20	91	20	59	5C	8C	60	AF	54	3D	7D	C0	E5	C7	EE	13	E6	C7	24	9F	E7	C7	80	36	E6	C7	64	D0	34	C8	00	00	CB	BF	00	00	4E	3F	00	00	54	3F	00	00	23	C0	00	00	15	C0	00	00	00	00	00	00	00	00	00	00	00	00	00	00	00	00	00	00	00	00
7.514	3D DATA	true	-	-	-	-	-117633.0	-117799.9	-118590.3	-117869.0	-185153.6	-1.6	0.8	0.8	-2.5	-2.3	-	-	-	-	-
7.514	3D MESSAGE	48	00	21	91	20	59	5D	8C	60	AF	54	3D	76	C0	E5	C7	F2	13	E6	C7	57	9F	E7	C7	78	36	E6	C7	6F	D0	34	C8	00	00	C4	BF	00	00	46	3F	00	00	DC	3E	00	00	1F	C0	00	00	20	C0	00	00	00	00	00	00	00	00	00	00	00	00	00	00	00	00	00	00	00	00
7.514	3D DATA	true	-	-	-	-	-117632.9	-117799.9	-118590.7	-117868.9	-185153.7	-1.5	0.8	0.4	-2.5	-2.5	-	-	-	-	-
7.514	3D MESSAGE	48	00	22	91	20	59	5E	8C	60	AF	54	3D	7F	C0	E5	C7	0D	14	E6	C7	9D	9F	E7	C7	8C	36	E6	C7	81	D0	34	C8	00	00	CD	BF	00	00	10	3F	00	00	F0	BD	00	00	29	C0	00	00	32	C0	00	00	00	00	00	00	00	00	00	00	00	00	00	00	00	00	00	00	00	00
7.514	3D DATA	true	-	-	-	-	-117633.0	-117800.1	-118591.2	-117869.1	-185154.0	-1.6	0.6	-0.1	-2.6	-2.8	-	-	-	-	-
7.514	3D MESSAGE	48	00	23	91	20	59	5F	8C	60	AF	54	3D	9A	C0	E5	C7	3E	14	E6	C7	ED	9F	E7	C7	BF	36	E6	C7	99	D0	34	C8	00	00	E8	BF	00	00	38	3E	00	00	3E	BF	00	80	42	C0	00	00	4A	C0	00	00	00	00	00	00	00	00	00	00	00	00	00	00	00	00	00	00	00	00
7.515	3D DATA	true	-	-	-	-	-117633.2	-117800.5	-118591.9	-117869.5	-185154.4	-1.8	0.2	-0.7	-3.0	-3.2	-	-	-	-	-
7.541	3D MESSAGE	48	00	24	91	20	59	60	8C	60	AF	54	3D	C5	C0	E5	C7	80	14	E6	C7	3E	A0	E7	C7	0B	37	E6	C7	B4	D0	34	C8	00	80	09	C0	00	00	AC	BE	00	00	B0	BF	00	80	68	C0	00	00	65	C0	00	00	00	00	00	00	00	00	00	00	00	00	00	00	00	00	00	00	00	00
7.541	3D DATA	true	-	-	-	-	-117633.5	-117801.0	-118592.5	-117870.1	-185154.8	-2.1	-0.3	-1.4	-3.6	-3.6	-	-	-	-	-
7.542	3D MESSAGE	48	00	25	91	20	59	61	8C	40	4E	70	3D	F8	C0	E5	C7	C8	14	E6	C7	87	A0	E7	C7	62	37	E6	C7	CF	D0	34	C8	00	00	23	C0	00	00	66	BF	00	00	F9	BF	00	00	8A	C0	00	00	80	C0	00	00	00	00	00	00	00	00	00	00	00	00	00	00	00	00	00	00	00	00
7.542	3D DATA	true	-	-	-	-	-117633.9	-117801.6	-118593.1	-117870.8	-185155.2	-2.5	-0.9	-1.9	-4.3	-4.0	-	-	-	-	-
7.542	3D MESSAGE	48	00	26	91	20	59	62	8C	40	4E	70	3D	27	C1	E5	C7	0A	15	E6	C7	BE	A0	E7	C7	B0	37	E6	C7	E1	D0	34	C8	00	80	3A	C0	00	00	B5	BF	00	00	18	C0	00	80	9D	C0	00	00	89	C0	00	00	00	00	00	00	00	00	00	00	00	00	00	00	00	00	00	00	00	00
7.542	3D DATA	true	-	-	-	-	-117634.3	-117802.1	-118593.5	-117871.4	-185155.5	-2.9	-1.4	-2.4	-4.9	-4.3	-	-	-	-	-
7.543	3D MESSAGE	48	00	27	91	20	59	63	8C	40	4E	70	3D	44	C1	E5	C7	33	15	E6	C7	D9	A0	E7	C7	E0	37	E6	C7	E4	D0	34	C8	00	00	49	C0	00	00	DE	BF	00	80	25	C0	00	80	A9	C0	00	80	8A	C0	00	00	00	00	00	00	00	00	00	00	00	00	00	00	00	00	00	00	00	00
7.543	3D DATA	true	-	-	-	-	-117634.5	-117802.4	-118593.7	-117871.8	-185155.6	-3.1	-1.7	-2.6	-5.3	-4.3	-	-	-	-	-
7.543	3D MESSAGE	48	00	28	91	20	59	64	8C	40	4E	70	3D	42	C1	E5	C7	39	15	E6	C7	D0	A0	E7	C7	E2	37	E6	C7	D1	D0	34	C8	00	00	48	C0	00	00	E4	BF	00	00	21	C0	00	00	AA	C0	00	00	81	C0	00	00	00	00	00	00	00	00	00	00	00	00	00	00	00	00	00	00	00	00
7.543	3D DATA	true	-	-	-	-	-117634.5	-117802.4	-118593.6	-117871.8	-185155.3	-3.1	-1.8	-2.5	-5.3	-4.0	-	-	-	-	-
7.543	3D MESSAGE	48	00	29	91	20	59	65	8C	40	4E	70	3D	1A	C1	E5	C7	14	15	E6	C7	A1	A0	E7	C7	B6	37	E6	C7	A8	D0	34	C8	00	00	34	C0	00	00	BF	BF	00	80	09	C0	00	00	9F	C0	00	00	59	C0	00	00	00	00	00	00	00	00	00	00	00	00	00	00	00	00	00	00	00	00
7.543	3D DATA	true	-	-	-	-	-117634.2	-117802.2	-118593.3	-117871.4	-185154.6	-2.8	-1.5	-2.1	-5.0	-3.4	-	-	-	-	-
7.573	3D MESSAGE	48	00	2A	91	20	59	66	8C	40	4E	70	3D	CC	C0	E5	C7	C7	14	E6	C7	4D	A0	E7	C7	61	37	E6	C7	6C	D0	34	C8	00	00	0D	C0	00	00	64	BF	00	00	BF	BF	00	C0	89	C0	00	00	1D	C0	00	00	00	00	00	00	00	00	00	00	00	00	00	00	00	00	00	00	00	00
7.573	3D DATA	true	-	-	-	-	-117633.6	-117801.6	-118592.6	-117870.8	-185153.7	-2.2	-0.9	-1.5	-4.3	-2.5	-	-	-	-	-
7.573	3D MESSAGE	48	00	2B	91	20	59	67	8C	40	4E	70	3D	67	C0	E5	C7	5E	14	E6	C7	DE	9F	E7	C7	F5	36	E6	C7	28	D0	34	C8	00	00	B5	BF	00	00	90	BD	00	00	20	BF	00	80	5D	C0	00	00	B2	BF	00	00	00	00	00	00	00	00	00	00	00	00	00	00	00	00	00	00	00	00
7.574	3D DATA	true	-	-	-	-	-117632.8	-117800.7	-118591.7	-117869.9	-185152.6	-1.4	-0.1	-0.6	-3.5	-1.4	-	-	-	-	-
7.574	3D MESSAGE	48	00	2C	91	20	59	68	8C	40	4E	70	3D	FC	BF	E5	C7	EB	13	E6	C7	63	9F	E7	C7	85	36	E6	C7	E7	CF	34	C8	00	00	14	BF	00	00	54	3F	00	00	AC	3E	00	80	25	C0	00	00	C0	BE	00	00	00	00	00	00	00	00	00	00	00	00	00	00	00	00	00	00	00	00
7.574	3D DATA	true	-	-	-	-	-117632.0	-117799.8	-118590.8	-117869.0	-185151.6	-0.6	0.8	0.3	-2.6	-0.4	-	-	-	-	-
7.574	3D MESSAGE	48	00	2D	91	20	59	69	8C	40	4E	70	3D	9E	BF	E5	C7	80	13	E6	C7	ED	9E	E7	C7	21	36	E6	C7	B2	CF	34	C8	00	00	20	3E	00	00	D5	3F	00	00	A1	3F	00	00	E7	BF	00	00	E8	3E	00	00	00	00	00	00	00	00	00	00	00	00	00	00	00	00	00	00	00	00
7.574	3D DATA	true	-	-	-	-	-117631.2	-117799.0	-118589.9	-117868.3	-185150.8	0.2	1.7	1.3	-1.8	0.5	-	-	-	-	-
7.574	3D MESSAGE	48	00	2E	91	20	59	6A	8C	40	4E	70	3D	62	BF	E5	C7	2C	13	E6	C7	8C	9E	E7	C7	D3	35	E6	C7	92	CF	34	C8	00	00	20	3F	00	80	14	40	00	00	01	40	00	00	99	BF	00	00	74	3F	00	00	00	00	00	00	00	00	00	00	00	00	00	00	00	00	00	00	00	00
7.574	3D DATA	true	-	-	-	-	-117630.8	-117798.3	-118589.1	-117867.6	-185150.3	0.6	2.3	2.0	-1.2	1.0	-	-	-	-	-
7.574	3D MESSAGE	48	00	2F	91	20	59	6B	8C	40	4E	70	3D	52	BF	E5	C7	FA	12	E6	C7	4C	9E	E7	C7	9F	35	E6	C7	88	CF	34	C8	00	00	40	3F	00	80	2D	40	00	00	21	40	00	00	4A	BF	00	00	8E	3F	00	00	00	00	00	00	00	00	00	00	00	00	00	00	00	00	00	00	00	00
7.575	3D DATA	true	-	-	-	-	-117630.6	-117798.0	-118588.6	-117867.2	-185150.1	0.8	2.7	2.5	-0.8	1.1	-	-	-	-	-
7.604	3D MESSAGE	48	00	30	91	20	59	6C	8C	40	4E	70	3D	71	BF	E5	C7	ED	12	E6	C7	35	9E	E7	C7	89	35	E6	C7	95	CF	34	C8	00	00	02	3F	00	00	34	40	00	80	2C	40	00	00	1E	BF	00	00	68	3F	00	00	00	00	00	00	00	00	00	00	00	00	00	00	00	00	00	00	00	00
7.604	3D DATA	true	-	-	-	-	-117630.9	-117797.9	-118588.4	-117867.1	-185150.3	0.5	2.8	2.7	-0.6	0.9	-	-	-	-	-
7.604	3D MESSAGE	48	00	31	91	20	59	6D	8C	40	4E	70	3D	BE	BF	E5	C7	07	13	E6	C7	4B	9E	E7	C7	94	35	E6	C7	B4	CF	34	C8	00	00	C0	BD	00	00	27	40	00	80	21	40	00	00	34	BF	00	00	D8	3E	00	00	00	00	00	00	00	00	00	00	00	00	00	00	00	00	00	00	00	00
7.604	3D DATA	true	-	-	-	-	-117631.5	-117798.1	-118588.6	-117867.2	-185150.8	-0.1	2.6	2.5	-0.7	0.4	-	-	-	-	-
7.605	3D MESSAGE	48	00	32	91	20	59	6E	8C	40	4E	70	3D	2C	C0	E5	C7	44	13	E6	C7	8A	9E	E7	C7	C0	35	E6	C7	E2	CF	34	C8	00	00	74	BF	00	80	08	40	00	00	02	40	00	00	86	BF	00	00	98	BE	00	00	00	00	00	00	00	00	00	00	00	00	00	00	00	00	00	00	00	00
7.605	3D DATA	true	-	-	-	-	-117632.3	-117798.5	-118589.1	-117867.5	-185151.5	-1.0	2.1	2.0	-1.0	-0.3	-	-	-	-	-
7.605	3D MESSAGE	48	00	33	91	20	59	6F	8C	40	4E	70	3D	AB	C0	E5	C7	9A	13	E6	C7	EA	9E	E7	C7	0B	36	E6	C7	19	D0	34	C8	00	00	F9	BF	00	00	BB	3F	00	00	A4	3F	00	00	D1	BF	00	00	94	BF	00	00	00	00	00	00	00	00	00	00	00	00	00	00	00	00	00	00	00	00
7.605	3D DATA	true	-	-	-	-	-117633.3	-117799.2	-118589.8	-117868.1	-185152.4	-1.9	1.5	1.3	-1.6	-1.2	-	-	-	-	-
7.605	3D MESSAGE	48	00	34	91	20	59	70	8C	40	4E	70	3D	28	C1	E5	C7	FE	13	E6	C7	5E	9F	E7	C7	6D	36	E6	C7	52	D0	34	C8	00	00	3B	C0	00	00	2E	3F	00	00	C0	3E	00	80	19	C0	00	00	03	C0	00	00	00	00	00	00	00	00	00	00	00	00	00	00	00	00	00	00	00	00
7.605	3D DATA	true	-	-	-	-	-117634.3	-117800.0	-118590.7	-117868.9	-185153.3	-2.9	0.7	0.4	-2.4	-2.0	-	-	-	-	-
7.606	3D MESSAGE	48	00	35	91	20	59	71	8C	40	4E	70	3D	91	C1	E5	C7	60	14	E6	C7	D6	9F	E7	C7	D7	36	E6	C7	86	D0	34	C8	00	80	6F	C0	00	00	B0	BD	00	00	10	BF	00	80	4E	C0	00	00	37	C0	00	00	00	00	00	00	00	00	00	00	00	00	00	00	00	00	00	00	00	00
7.606	3D DATA	true	-	-	-	-	-117635.1	-117800.8	-118591.7	-117869.7	-185154.1	-3.7	-0.1	-0.6	-3.2	-2.9	-	-	-	-	-
7.606	3D MESSAGE	48	00	36	91	20	59	72	8C	40	4E	70	3D	D6	C1	E5	C7	B2	14	E6	C7	40	A0	E7	C7	36	37	E6	C7	AE	D0	34	C8	00	00	89	C0	00	00	3A	BF	00	00	B2	BF	00	00	7E	C0	00	00	5F	C0	00	00	00	00	00	00	00	00	00	00	00	00	00	00	00	00	00	00	00	00
7.606	3D DATA	true	-	-	-	-	-117635.7	-117801.4	-118592.5	-117870.4	-185154.7	-4.3	-0.7	-1.4	-4.0	-3.5	-	-	-	-	-
7.636	3D MESSAGE	48	00	37	91	20	59	73	8C	40	4E	70	3D	F0	C1	E5	C7	EA	14	E6	C7	8E	A0	E7	C7	7B	37	E6	C7	C6	D0	34	C8	00	80	8F	C0	00	00	95	BF	00	00	00	C0	00	40	90	C0	00	00	77	C0	00	00	00	00	00	00	00	00	00	00	00	00	00	00	00	00	00	00	00	00
7.636	3D DATA	true	-	-	-	-	-117635.9	-117801.8	-118593.1	-117871.0	-185155.1	-4.5	-1.2	-2.0	-4.5	-3.9	-	-	-	-	-
7.637	3D MESSAGE	48	00	38	91	20	59	74	8C	40	4E	70	3D	DE	C1	E5	C7	08	15	E6	C7	B8	A0	E7	C7	9B	37	E6	C7	CD	D0	34	C8	00	00	8B	C0	00	00	B3	BF	00	00	15	C0	00	40	98	C0	00	00	7E	C0	00	00	00	00	00	00	00	00	00	00	00	00	00	00	00	00	00	00	00	00
7.637	3D DATA	true	-	-	-	-	-117635.7	-117802.1	-118593.4	-117871.2	-185155.2	-4.3	-1.4	-2.3	-4.8	-4.0	-	-	-	-	-
7.637	3D MESSAGE	48	00	39	91	20	59	75	8C	40	4E	70	3D	A8	C1	E5	C7	0C	15	E6	C7	BA	A0	E7	C7	94	37	E6	C7	C4	D0	34	C8	00	00	7B	C0	00	00	B7	BF	00	00	16	C0	00	80	96	C0	00	00	75	C0	00	00	00	00	00	00	00	00	00	00	00	00	00	00	00	00	00	00	00	00
7.637	3D DATA	true	-	-	-	-	-117635.3	-117802.1	-118593.5	-117871.2	-185155.1	-3.9	-1.4	-2.3	-4.7	-3.8	-	-	-	-	-
7.638	3D MESSAGE	48	00	3A	91	20	59	76	8C	40	4E	70	3D	5A	C1	E5	C7	FF	14	E6	C7	98	A0	E7	C7	70	37	E6	C7	AF	D0	34	C8	00	00	54	C0	00	00	AA	BF	00	00	05	C0	00	80	8D	C0	00	00	60	C0	00	00	00	00	00	00	00	00	00	00	00	00	00	00	00	00	00	00	00	00
7.638	3D DATA	true	-	-	-	-	-117634.7	-117802.0	-118593.2	-117870.9	-185154.7	-3.3	-1.3	-2.1	-4.4	-3.5	-	-	-	-	-
7.638	3D MESSAGE	48	00	3B	91	20	59	77	8C	40	4E	70	3D	04	C1	E5	C7	ED	14	E6	C7	5B	A0	E7	C7	3B	37	E6	C7	95	D0	34	C8	00	00	29	C0	00	00	98	BF	00	00	CD	BF	00	40	80	C0	00	00	46	C0	00	00	00	00	00	00	00	00	00	00	00	00	00	00	00	00	00	00	00	00
7.638	3D DATA	true	-	-	-	-	-117634.0	-117801.9	-118592.7	-117870.5	-185154.3	-2.6	-1.2	-1.6	-4.0	-3.1	-	-	-	-	-
7.638	3D MESSAGE	48	00	3C	91	20	59	78	8C	40	4E	70	3D	B4	C0	E5	C7	DE	14	E6	C7	11	A0	E7	C7	06	37	E6	C7	7A	D0	34	C8	00	00	01	C0	00	00	89	BF	00	00	83	BF	00	00	66	C0	00	00	2B	C0	00	00	00	00	00	00	00	00	00	00	00	00	00	00	00	00	00	00	00	00
7.638	3D DATA	true	-	-	-	-	-117633.4	-117801.7	-118592.1	-117870.0	-185153.9	-2.0	-1.1	-1.0	-3.6	-2.7	-	-	-	-	-
7.668	3D MESSAGE	48	00	3D	91	20	59	79	8C	40	4E	70	3D	76	C0	E5	C7	D7	14	E6	C7	C6	9F	E7	C7	DD	36	E6	C7	64	D0	34	C8	00	00	C4	BF	00	00	82	BF	00	00	E0	BE	00	80	51	C0	00	00	15	C0	00	00	00	00	00	00	00	00	00	00	00	00	00	00	00	00	00	00	00	00
7.668	3D DATA	true	-	-	-	-	-117632.9	-117801.7	-118591.5	-117869.7	-185153.6	-1.5	-1.0	-0.4	-3.3	-2.3	-	-	-	-	-
7.668	3D MESSAGE	48	00	3E	91	20	59	7A	8C	40	4E	70	3D	53	C0	E5	C7	DA	14	E6	C7	89	9F	E7	C7	C8	36	E6	C7	55	D0	34	C8	00	00	A1	BF	00	00	85	BF	00	00	20	3D	00	00	47	C0	00	00	06	C0	00	00	00	00	00	00	00	00	00	00	00	00	00	00	00	00	00	00	00	00
7.668	3D DATA	true	-	-	-	-	-117632.6	-117801.7	-118591.1	-117869.6	-185153.3	-1.3	-1.0	0.0	-3.1	-2.1	-	-	-	-	-
7.668	3D MESSAGE	48	00	3F	91	20	59	7B	8C	40	4E	70	3D	51	C0	E5	C7	E6	14	E6	C7	64	9F	E7	C7	CB	36	E6	C7	51	D0	34	C8	00	00	9F	BF	00	00	91	BF	00	00	A8	3E	00	80	48	C0	00	00	02	C0	00	00	00	00	00	00	00	00	00	00	00	00	00	00	00	00	00	00	00	00
7.668	3D DATA	true	-	-	-	-	-117632.6	-117801.8	-118590.8	-117869.6	-185153.3	-1.2	-1.1	0.3	-3.1	-2.0	-	-	-	-	-
7.669	3D MESSAGE	48	00	40	91	20	59	7C	8C	40	4E	70	3D	6F	C0	E5	C7	FA	14	E6	C7	5C	9F	E7	C7	E4	36	E6	C7	57	D0	34	C8	00	00	BD	BF	00	00	A5	BF	00	00	C8	3E	00	00	55	C0	00	00	08	C0	00	00	00	00	00	00	00	00	00	00	00	00	00	00	00	00	00	00	00	00
7.669	3D DATA	true	-	-	-	-	-117632.9	-117802.0	-118590.7	-117869.8	-185153.4	-1.5	-1.3	0.4	-3.3	-2.1	-	-	-	-	-
7.669	3D MESSAGE	48	00	41	91	20	59	7D	8C	40	4E	70	3D	AB	C0	E5	C7	13	15	E6	C7	74	9F	E7	C7	10	37	E6	C7	67	D0	34	C8	00	00	F9	BF	00	00	BE	BF	00	00	50	3E	00	00	6B	C0	00	00	18	C0	00	00	00	00	00	00	00	00	00	00	00	00	00	00	00	00	00	00	00	00
7.669	3D DATA	true	-	-	-	-	-117633.3	-117802.1	-118590.9	-117870.1	-185153.6	-1.9	-1.5	0.2	-3.7	-2.4	-	-	-	-	-
7.669	3D MESSAGE	48	00	42	91	20	59	7E	8C	40	4E	70	3D	FC	C0	E5	C7	31	15	E6	C7	A8	9F	E7	C7	48	37	E6	C7	7F	D0	34	C8	00	00	25	C0	00	00	DC	BF	00	00	50	BE	00	80	83	C0	00	00	30	C0	00	00	00	00	00	00	00	00	00	00	00	00	00	00	00	00	00	00	00	00
7.669	3D DATA	true	-	-	-	-	-117634.0	-117802.4	-118591.3	-117870.6	-185154.0	-2.6	-1.7	-0.2	-4.1	-2.8	-	-	-	-	-
7.697	3D MESSAGE	48	00	43	91	20	59	7F	8C	40	4E	70	3D	54	C1	E5	C7	50	15	E6	C7	F0	9F	E7	C7	85	37	E6	C7	9D	D0	34	C8	00	00	51	C0	00	00	FB	BF	00	00	44	BF	00	C0	92	C0	00	00	4E	C0	00	00	00	00	00	00	00	00	00	00	00	00	00	00	00	00	00	00	00	00
7.697	3D DATA	true	-	-	-	-	-117634.7	-117802.6	-118591.9	-117871.0	-185154.5	-3.3	-2.0	-0.8	-4.6	-3.2	-	-	-	-	-
7.698	3D MESSAGE	48	00	44	91	20	59	80	8C	40	4E	70	3D	A8	C1	E5	C7	70	15	E6	C7	41	A0	E7	C7	C1	37	E6	C7	BE	D0	34	C8	00	00	7B	C0	00	80	0D	C0	00	00	B3	BF	00	C0	A1	C0	00	00	6F	C0	00	00	00	00	00	00	00	00	00	00	00	00	00	00	00	00	00	00	00	00
7.698	3D DATA	true	-	-	-	-	-117635.3	-117802.9	-118592.5	-117871.5	-185155.0	-3.9	-2.2	-1.4	-5.1	-3.7	-	-	-	-	-
7.698	3D MESSAGE	48	00	45	91	20	59	81	8C	40	4E	70	3D	E9	C1	E5	C7	8E	15	E6	C7	8F	A0	E7	C7	F3	37	E6	C7	DF	D0	34	C8	00	C0	8D	C0	00	80	1C	C0	00	80	00	C0	00	40	AE	C0	00	00	88	C0	00	00	00	00	00	00	00	00	00	00	00	00	00	00	00	00	00	00	00	00
7.698	3D DATA	true	-	-	-	-	-117635.8	-117803.1	-118593.1	-117871.9	-185155.5	-4.4	-2.4	-2.0	-5.4	-4.2	-	-	-	-	-
7.699	3D MESSAGE	48	00	46	91	20	59	82	8C	40	4E	70	3D	0F	C2	E5	C7	A4	15	E6	C7	CF	A0	E7	C7	15	38	E6	C7	FC	D0	34	C8	00	40	97	C0	00	80	27	C0	00	80	20	C0	00	C0	B6	C0	00	80	96	C0	00	00	00	00	00	00	00	00	00	00	00	00	00	00	00	00	00	00	00	00
7.699	3D DATA	true	-	-	-	-	-117636.1	-117803.3	-118593.6	-117872.2	-185155.9	-4.7	-2.6	-2.5	-5.7	-4.7	-	-	-	-	-
7.699	3D MESSAGE	48	00	47	91	20	59	83	8C	40	4E	70	3D	14	C2	E5	C7	AC	15	E6	C7	F4	A0	E7	C7	20	38	E6	C7	12	D1	34	C8	00	80	98	C0	00	80	2B	C0	00	00	33	C0	00	80	B9	C0	00	80	A1	C0	00	00	00	00	00	00	00	00	00	00	00	00	00	00	00	00	00	00	00	00
7.699	3D DATA	true	-	-	-	-	-117636.2	-117803.3	-118593.9	-117872.2	-185156.3	-4.8	-2.7	-2.8	-5.8	-5.0	-	-	-	-	-
7.699	3D MESSAGE	48	00	48	91	20	59	84	8C	40	4E	70	3D	FC	C1	E5	C7	A2	15	E6	C7	F9	A0	E7	C7	13	38	E6	C7	1D	D1	34	C8	00	80	92	C0	00	80	26	C0	00	80	35	C0	00	40	B6	C0	00	00	A7	C0	00	00	00	00	00	00	00	00	00	00	00	00	00	00	00	00	00	00	00	00
7.699	3D DATA	true	-	-	-	-	-117636.0	-117803.3	-118593.9	-117872.1	-185156.5	-4.6	-2.6	-2.8	-5.7	-5.2	-	-	-	-	-
7.729	3D MESSAGE	48	00	49	91	20	59	85	8C	40	4E	70	3D	CD	C1	E5	C7	80	15	E6	C7	DB	A0	E7	C7	EE	37	E6	C7	1A	D1	34	C8	00	C0	86	C0	00	80	15	C0	00	80	26	C0	00	00	AD	C0	00	80	A5	C0	00	00	00	00	00	00	00	00	00	00	00	00	00	00	00	00	00	00	00	00
7.729	3D DATA	true	-	-	-	-	-117635.6	-117803.0	-118593.7	-117871.9	-185156.4	-4.2	-2.3	-2.6	-5.4	-5.2	-	-	-	-	-
7.730	3D MESSAGE	48	00	4A	91	20	59	86	8C	40	4E	70	3D	94	C1	E5	C7	4C	15	E6	C7	9E	A0	E7	C7	B8	37	E6	C7	0B	D1	34	C8	00	00	71	C0	00	00	F7	BF	00	00	08	C0	00	80	9F	C0	00	00	9E	C0	00	00	00	00	00	00	00	00	00	00	00	00	00	00	00	00	00	00	00	00
7.730	3D DATA	true	-	-	-	-	-117635.2	-117802.6	-118593.2	-117871.4	-185156.2	-3.8	-1.9	-2.1	-5.0	-4.9	-	-	-	-	-
7.730	3D MESSAGE	48	00	4B	91	20	59	87	8C	40	4E	70	3D	5C	C1	E5	C7	0D	15	E6	C7	4B	A0	E7	C7	7C	37	E6	C7	F1	D0	34	C8	00	00	55	C0	00	00	B8	BF	00	00	BD	BF	00	80	90	C0	00	00	91	C0	00	00	00	00	00	00	00	00	00	00	00	00	00	00	00	00	00	00	00	00
7.730	3D DATA	true	-	-	-	-	-117634.7	-117802.1	-118592.6	-117871.0	-185155.8	-3.3	-1.4	-1.5	-4.5	-4.5	-	-	-	-	-
7.730	3D MESSAGE	48	00	4C	91	20	59	88	8C	40	4E	70	3D	34	C1	E5	C7	CE	14	E6	C7	F3	9F	E7	C7	44	37	E6	C7	D3	D0	34	C8	00	00	41	C0	00	00	72	BF	00	00	4A	BF	00	80	82	C0	00	00	82	C0	00	00	00	00	00	00	00	00	00	00	00	00	00	00	00	00	00	00	00	00
7.730	3D DATA	true	-	-	-	-	-117634.4	-117801.6	-118591.9	-117870.5	-185155.3	-3.0	-0.9	-0.8	-4.1	-4.1	-	-	-	-	-
7.731	3D MESSAGE	48	00	4D	91	20	59	89	8C	10	71	6A	3D	20	C1	E5	C7	9D	14	E6	C7	A7	9F	E7	C7	20	37	E6	C7	B8	D0	34	C8	00	00	37	C0	00	00	10	BF	00	00	48	BE	00	00	73	C0	00	00	69	C0	00	00	00	00	00	00	00	00	00	00	00	00	00	00	00	00	00	00	00	00
7.731	3D DATA	true	-	-	-	-	-117634.2	-117801.2	-118591.3	-117870.2	-185154.9	-2.9	-0.6	-0.2	-3.8	-3.6	-	-	-	-	-
7.731	3D MESSAGE	48	00	4E	91	20	59	8A	8C	10	71	6A	3D	24	C1	E5	C7	84	14	E6	C7	76	9F	E7	C7	14	37	E6	C7	A6	D0	34	C8	00	00	39	C0	00	00	BC	BE	00	00	40	3E	00	00	6D	C0	00	00	57	C0	00	00	00	00	00	00	00	00	00	00	00	00	00	00	00	00	00	00	00	00
7.731	3D DATA	true	-	-	-	-	-117634.3	-117801.0	-118590.9	-117870.2	-185154.6	-2.9	-0.4	0.2	-3.7	-3.4	-	-	-	-	-
7.732	3D MESSAGE	48	00	4F	91	20	59	8B	8C	10	71	6A	3D	3C	C1	E5	C7	87	14	E6	C7	6C	9F	E7	C7	24	37	E6	C7	A2	D0	34	C8	00	00	45	C0	00	00	C8	BE	00	00	88	3E	00	00	75	C0	00	00	53	C0	00	00	00	00	00	00	00	00	00	00	00	00	00	00	00	00	00	00	00	00
7.732	3D DATA	true	-	-	-	-	-117634.5	-117801.1	-118590.8	-117870.3	-185154.5	-3.1	-0.4	0.3	-3.8	-3.3	-	-	-	-	-
7.760	3D MESSAGE	48	00	50	91	20	59	8C	8C	10	71	6A	3D	62	C1	E5	C7	A4	14	E6	C7	89	9F	E7	C7	49	37	E6	C7	AD	D0	34	C8	00	00	58	C0	00	00	1E	BF	00	00	20	3D	00	C0	83	C0	00	00	5E	C0	00	00	00	00	00	00	00	00	00	00	00	00	00	00	00	00	00	00	00	00
7.760	3D DATA	true	-	-	-	-	-117634.8	-117801.3	-118591.1	-117870.6	-185154.7	-3.4	-0.6	0.0	-4.1	-3.5	-	-	-	-	-
7.761	3D MESSAGE	48	00	51	91	20	59	8D	8C	10	71	6A	3D	88	C1	E5	C7	D0	14	E6	C7	C5	9F	E7	C7	78	37	E6	C7	C2	D0	34	C8	00	00	6B	C0	00	00	76	BF	00	00	DC	BE	00	80	8F	C0	00	00	73	C0	00	00	00	00	00	00	00	00	00	00	00	00	00	00	00	00	00	00	00	00
7.761	3D DATA	true	-	-	-	-	-117635.1	-117801.6	-118591.5	-117870.9	-185155.0	-3.7	-1.0	-0.4	-4.5	-3.8	-	-	-	-	-
7.761	3D MESSAGE	48	00	52	91	20	59	8E	8C	10	71	6A	3D	A6	C1	E5	C7	00	15	E6	C7	12	A0	E7	C7	A3	37	E6	C7	DB	D0	34	C8	00	00	7A	C0	00	00	AB	BF	00	00	84	BF	00	40	9A	C0	00	00	86	C0	00	00	00	00	00	00	00	00	00	00	00	00	00	00	00	00	00	00	00	00
7.761	3D DATA	true	-	-	-	-	-117635.3	-117802.0	-118592.1	-117871.3	-185155.4	-3.9	-1.3	-1.0	-4.8	-4.2	-	-	-	-	-
7.762	3D MESSAGE	48	00	53	91	20	59	8F	8C	10	71	6A	3D	B2	C1	E5	C7	25	15	E6	C7	5B	A0	E7	C7	BE	37	E6	C7	EF	D0	34	C8	00	00	80	C0	00	00	D0	BF	00	00	CD	BF	00	00	A1	C0	00	00	90	C0	00	00	00	00	00	00	00	00	00	00	00	00	00	00	00	00	00	00	00	00
7.762	3D DATA	true	-	-	-	-	-117635.4	-117802.3	-118592.7	-117871.5	-185155.7	-4.0	-1.6	-1.6	-5.0	-4.5	-	-	-	-	-
7.762	3D MESSAGE	48	00	54	91	20	59	90	8C	10	71	6A	3D	A5	C1	E5	C7	34	15	E6	C7	92	A0	E7	C7	C1	37	E6	C7	F7	D0	34	C8	00	80	79	C0	00	00	DF	BF	00	00	02	C0	00	C0	A1	C0	00	00	94	C0	00	00	00	00	00	00	00	00	00	00	00	00	00	00	00	00	00	00	00	00
7.762	3D DATA	true	-	-	-	-	-117635.3	-117802.4	-118593.1	-117871.5	-185155.9	-3.9	-1.7	-2.0	-5.1	-4.6	-	-	-	-	-
7.762	3D MESSAGE	48	00	55	91	20	59	91	8C	10	71	6A	3D	81	C1	E5	C7	2A	15	E6	C7	AB	A0	E7	C7	AB	37	E6	C7	F0	D0	34	C8	00	80	67	C0	00	00	D5	BF	00	80	0E	C0	00	40	9C	C0	00	80	90	C0	00	00	00	00	00	00	00	00	00	00	00	00	00	00	00	00	00	00	00	00
7.762	3D DATA	true	-	-	-	-	-117635.0	-117802.3	-118593.3	-117871.3	-185155.8	-3.6	-1.7	-2.2	-4.9	-4.5	-	-	-	-	-
7.795	3D MESSAGE	48	00	56	91	20	59	92	8C	10	71	6A	3D	49	C1	E5	C7	07	15	E6	C7	A6	A0	E7	C7	81	37	E6	C7	D9	D0	34	C8	00	80	4B	C0	00	00	B2	BF	00	00	0C	C0	00	C0	91	C0	00	00	85	C0	00	00	00	00	00	00	00	00	00	00	00	00	00	00	00	00	00	00	00	00
7.795	3D DATA	true	-	-	-	-	-117634.6	-117802.1	-118593.3	-117871.0	-185155.4	-3.2	-1.4	-2.2	-4.6	-4.2	-	-	-	-	-
7.796	3D MESSAGE	48	00	57	91	20	59	93	8C	10	71	6A	3D	04	C1	E5	C7	D2	14	E6	C7	89	A0	E7	C7	4B	37	E6	C7	B5	D0	34	C8	00	00	29	C0	00	00	7A	BF	00	00	FB	BF	00	40	84	C0	00	00	66	C0	00	00	00	00	00	00	00	00	00	00	00	00	00	00	00	00	00	00	00	00
7.796	3D DATA	true	-	-	-	-	-117634.0	-117801.6	-118593.1	-117870.6	-185154.8	-2.6	-1.0	-2.0	-4.1	-3.6	-	-	-	-	-
7.796	3D MESSAGE	48	00	58	91	20	59	94	8C	10	71	6A	3D	BC	C0	E5	C7	8F	14	E6	C7	5F	A0	E7	C7	12	37	E6	C7	89	D0	34	C8	00	00	05	C0	00	00	E8	BE	00	00	D1	BF	00	00	6C	C0	00	00	3A	C0	00	00	00	00	00	00	00	00	00	00	00	00	00	00	00	00	00	00	00	00
7.796	3D DATA	true	-	-	-	-	-117633.5	-117801.1	-118592.7	-117870.1	-185154.1	-2.1	-0.5	-1.6	-3.7	-2.9	-	-	-	-	-
7.797	3D MESSAGE	48	00	59	91	20	59	95	8C	10	71	6A	3D	7B	C0	E5	C7	4A	14	E6	C7	36	A0	E7	C7	DE	36	E6	C7	5C	D0	34	C8	00	00	C9	BF	00	00	B0	3D	00	00	A8	BF	00	00	52	C0	00	00	0D	C0	00	00	00	00	00	00	00	00	00	00	00	00	00	00	00	00	00	00	00	00
7.797	3D DATA	true	-	-	-	-	-117633.0	-117800.6	-118592.4	-117869.7	-185153.4	-1.6	0.1	-1.3	-3.3	-2.2	-	-	-	-	-
7.797	3D MESSAGE	48	00	5A	91	20	59	96	8C	10	71	6A	3D	49	C0	E5	C7	09	14	E6	C7	17	A0	E7	C7	B6	36	E6	C7	33	D0	34	C8	00	00	97	BF	00	00	18	3F	00	00	89	BF	00	00	3E	C0	00	00	C8	BF	00	00	00	00	00	00	00	00	00	00	00	00	00	00	00	00	00	00	00	00
7.797	3D DATA	true	-	-	-	-	-117632.6	-117800.1	-118592.2	-117869.4	-185152.8	-1.2	0.6	-1.1	-3.0	-1.6	-	-	-	-	-
7.798	3D MESSAGE	48	00	5B	91	20	59	97	8C	10	71	6A	3D	30	C0	E5	C7	D7	13	E6	C7	0C	A0	E7	C7	9E	36	E6	C7	17	D0	34	C8	00	00	7C	BF	00	00	7C	3F	00	00	7C	BF	00	00	32	C0	00	00	90	BF	00	00	00	00	00	00	00	00	00	00	00	00	00	00	00	00	00	00	00	00
7.798	3D DATA	true	-	-	-	-	-117632.4	-117799.7	-118592.1	-117869.2	-185152.4	-1.0	1.0	-1.0	-2.8	-1.1	-	-	-	-	-
7.798	3D MESSAGE	48	00	5C	91	20	59	98	8C	10	71	6A	3D	34	C0	E5	C7	BC	13	E6	C7	17	A0	E7	C7	98	36	E6	C7	0B	D0	34	C8	00	00	82	BF	00	00	99	3F	00	00	89	BF	00	00	2F	C0	00	00	70	BF	00	00	00	00	00	00	00	00	00	00	00	00	00	00	00	00	00	00	00	00
7.798	3D DATA	true	-	-	-	-	-117632.4	-117799.5	-118592.2	-117869.2	-185152.2	-1.0	1.2	-1.1	-2.7	-0.9	-	-	-	-	-
7.824	3D MESSAGE	48	00	5D	91	20	59	99	8C	10	71	6A	3D	54	C0	E5	C7	B9	13	E6	C7	36	A0	E7	C7	A6	36	E6	C7	10	D0	34	C8	00	00	A2	BF	00	00	9C	3F	00	00	A8	BF	00	00	36	C0	00	00	82	BF	00	00	00	00	00	00	00	00	00	00	00	00	00	00	00	00	00	00	00	00
7.824	3D DATA	true	-	-	-	-	-117632.7	-117799.4	-118592.4	-117869.3	-185152.2	-1.3	1.2	-1.3	-2.8	-1.0	-	-	-	-	-
7.825	3D MESSAGE	48	00	5E	91	20	59	9A	8C	10	71	6A	3D	89	C0	E5	C7	CB	13	E6	C7	61	A0	E7	C7	C0	36	E6	C7	23	D0	34	C8	00	00	D7	BF	00	00	8A	3F	00	00	D3	BF	00	00	43	C0	00	00	A8	BF	00	00	00	00	00	00	00	00	00	00	00	00	00	00	00	00	00	00	00	00
7.825	3D DATA	true	-	-	-	-	-117633.1	-117799.6	-118592.8	-117869.5	-185152.5	-1.7	1.1	-1.6	-3.0	-1.3	-	-	-	-	-
7.825	3D MESSAGE	48	00	5F	91	20	59	9B	8C	10	71	6A	3D	C5	C0	E5	C7	EA	13	E6	C7	8C	A0	E7	C7	E2	36	E6	C7	3C	D0	34	C8	00	80	09	C0	00	00	56	3F	00	00	FE	BF	00	00	54	C0	00	00	DA	BF	00	00	00	00	00	00	00	00	00	00	00	00	00	00	00	00	00	00	00	00
7.825	3D DATA	true	-	-	-	-	-117633.5	-117799.8	-118593.1	-117869.8	-185152.9	-2.1	0.8	-2.0	-3.3	-1.7	-	-	-	-	-
7.825	3D MESSAGE	48	00	60	91	20	59	9C	8C	10	71	6A	3D	F8	C0	E5	C7	05	14	E6	C7	A9	A0	E7	C7	FE	36	E6	C7	50	D0	34	C8	00	00	23	C0	00	00	20	3F	00	80	0D	C0	00	00	62	C0	00	00	01	C0	00	00	00	00	00	00	00	00	00	00	00	00	00	00	00	00	00	00	00	00
7.825	3D DATA	true	-	-	-	-	-117633.9	-117800.0	-118593.3	-117870.0	-185153.2	-2.5	0.6	-2.2	-3.5	-2.0	-	-	-	-	-
7.826	3D MESSAGE	48	00	61	91	20	59	9D	8C	10	71	6A	3D	12	C1	E5	C7	0C	14	E6	C7	AE	A0	E7	C7	0C	37	E6	C7	57	D0	34	C8	00	00	30	C0	00	00	12	3F	00	00	10	C0	00	00	69	C0	00	00	08	C0	00	00	00	00	00	00	00	00	00	00	00	00	00	00	00	00	00	00	00	00
7.826	3D DATA	true	-	-	-	-	-117634.1	-117800.1	-118593.4	-117870.1	-185153.4	-2.8	0.6	-2.2	-3.6	-2.1	-	-	-	-	-
7.826	3D MESSAGE	48	00	62	91	20	59	9E	8C	10	71	6A	3D	08	C1	E5	C7	F6	13	E6	C7	94	A0	E7	C7	02	37	E6	C7	4C	D0	34	C8	00	00	2B	C0	00	00	3E	3F	00	00	03	C0	00	00	64	C0	00	00	FA	BF	00	00	00	00	00	00	00	00	00	00	00	00	00	00	00	00	00	00	00	00
7.826	3D DATA	true	-	-	-	-	-117634.1	-117799.9	-118593.2	-117870.0	-185153.2	-2.7	0.7	-2.0	-3.6	-2.0	-	-	-	-	-
7.854	3D MESSAGE	48	00	63	91	20	59	9F	8C	10	71	6A	3D	D6	C0	E5	C7	BB	13	E6	C7	59	A0	E7	C7	E0	36	E6	C7	2B	D0	34	C8	00	00	12	C0	00	00	9A	3F	00	00	CB	BF	00	00	53	C0	00	00	B8	BF	00	00	00	00	00	00	00	00	00	00	00	00	00	00	00	00	00	00	00	00
7.854	3D DATA	true	-	-	-	-	-117633.7	-117799.5	-118592.7	-117869.8	-185152.7	-2.3	1.2	-1.6	-3.3	-1.4	-	-	-	-	-
7.855	3D MESSAGE	48	00	64	91	20	59	A0	8C	10	71	6A	3D	7E	C0	E5	C7	62	13	E6	C7	05	A0	E7	C7	A8	36	E6	C7	FC	CF	34	C8	00	00	CC	BF	00	00	F3	3F	00	00	6E	BF	00	00	37	C0	00	00	34	BF	00	00	00	00	00	00	00	00	00	00	00	00	00	00	00	00	00	00	00	00
7.855	3D DATA	true	-	-	-	-	-117633.0	-117798.8	-118592.0	-117869.3	-185151.9	-1.6	1.9	-0.9	-2.9	-0.7	-	-	-	-	-
7.855	3D MESSAGE	48	00	65	91	20	59	A1	8C	10	71	6A	3D	0C	C0	E5	C7	F6	12	E6	C7	A1	9F	E7	C7	64	36	E6	C7	C4	CF	34	C8	00	00	34	BF	00	80	2F	40	00	00	18	BE	00	00	15	C0	00	00	30	3E	00	00	00	00	00	00	00	00	00	00	00	00	00	00	00	00	00	00	00	00
7.855	3D DATA	true	-	-	-	-	-117632.1	-117797.9	-118591.3	-117868.8	-185151.1	-0.7	2.7	-0.1	-2.3	0.2	-	-	-	-	-
7.855	3D MESSAGE	48	00	66	91	20	59	A2	8C	10	71	6A	3D	8D	BF	E5	C7	87	12	E6	C7	39	9F	E7	C7	1F	36	E6	C7	8E	CF	34	C8	00	00	94	3E	00	00	67	40	00	00	2A	3F	00	00	E5	BF	00	00	82	3F	00	00	00	00	00	00	00	00	00	00	00	00	00	00	00	00	00	00	00	00
7.855	3D DATA	true	-	-	-	-	-117631.1	-117797.1	-118590.4	-117868.2	-185150.2	0.3	3.6	0.7	-1.8	1.0	-	-	-	-	-
7.856	3D MESSAGE	48	00	67	91	20	59	A3	8C	10	71	6A	3D	10	BF	E5	C7	24	12	E6	C7	D8	9E	E7	C7	E5	35	E6	C7	5F	CF	34	C8	00	00	A2	3F	00	40	8C	40	00	00	B6	3F	00	00	AB	BF	00	00	E0	3F	00	00	00	00	00	00	00	00	00	00	00	00	00	00	00	00	00	00	00	00
7.856	3D DATA	true	-	-	-	-	-117630.1	-117796.3	-118589.7	-117867.8	-185149.5	1.3	4.4	1.4	-1.3	1.8	-	-	-	-	-
7.857	3D MESSAGE	48	00	68	91	20	59	A4	8C	10	71	6A	3D	A2	BE	E5	C7	D4	11	E6	C7	83	9E	E7	C7	C0	35	E6	C7	3B	CF	34	C8	00	00	08	40	00	40	A0	40	00	80	05	40	00	00	86	BF	00	00	14	40	00	00	00	00	00	00	00	00	00	00	00	00	00	00	00	00	00	00	00	00
7.857	3D DATA	true	-	-	-	-	-117629.3	-117795.7	-118589.0	-117867.5	-185148.9	2.1	5.0	2.1	-1.0	2.3	-	-	-	-	-
7.885	3D MESSAGE	48	00	69	91	20	59	A5	8C	10	71	6A	3D	4F	BE	E5	C7	9B	11	E6	C7	3F	9E	E7	C7	B2	35	E6	C7	23	CF	34	C8	00	80	31	40	00	80	AE	40	00	80	27	40	00	00	70	BF	00	00	2C	40	00	00	00	00	00	00	00	00	00	00	00	00	00	00	00	00	00	00	00	00
7.885	3D DATA	true	-	-	-	-	-117628.6	-117795.2	-118588.5	-117867.4	-185148.5	2.8	5.5	2.6	-0.9	2.7	-	-	-	-	-
7.886	3D MESSAGE	48	00	6A	91	20	59	A6	8C	10	71	6A	3D	1B	BE	E5	C7	76	11	E6	C7	0E	9E	E7	C7	BC	35	E6	C7	15	CF	34	C8	00	80	4B	40	00	C0	B7	40	00	00	40	40	00	00	82	BF	00	00	3A	40	00	00	00	00	00	00	00	00	00	00	00	00	00	00	00	00	00	00	00	00
7.886	3D DATA	true	-	-	-	-	-117628.2	-117794.9	-118588.1	-117867.5	-185148.3	3.2	5.7	3.0	-1.0	2.9	-	-	-	-	-
7.886	3D MESSAGE	48	00	6B	91	20	59	A7	8C	10	71	6A	3D	08	BE	E5	C7	5F	11	E6	C7	F0	9D	E7	C7	D5	35	E6	C7	10	CF	34	C8	00	00	55	40	00	80	BD	40	00	00	4F	40	00	00	9B	BF	00	00	3F	40	00	00	00	00	00	00	00	00	00	00	00	00	00	00	00	00	00	00	00	00
7.886	3D DATA	true	-	-	-	-	-117628.1	-117794.7	-118587.9	-117867.7	-185148.2	3.3	5.9	3.2	-1.2	3.0	-	-	-	-	-
7.886	3D MESSAGE	48	00	6C	91	20	59	A8	8C	10	71	6A	3D	0F	BE	E5	C7	4E	11	E6	C7	E2	9D	E7	C7	F4	35	E6	C7	10	CF	34	C8	00	80	51	40	00	C0	C1	40	00	00	56	40	00	00	BA	BF	00	00	3F	40	00	00	00	00	00	00	00	00	00	00	00	00	00	00	00	00	00	00	00	00
7.886	3D DATA	true	-	-	-	-	-117628.1	-117794.6	-118587.8	-117867.9	-185148.2	3.3	6.1	3.3	-1.5	3.0	-	-	-	-	-
7.887	3D MESSAGE	48	00	6D	91	20	59	A9	8C	10	71	6A	3D	27	BE	E5	C7	3A	11	E6	C7	E3	9D	E7	C7	0C	36	E6	C7	15	CF	34	C8	00	80	45	40	00	C0	C6	40	00	80	55	40	00	00	D2	BF	00	00	3A	40	00	00	00	00	00	00	00	00	00	00	00	00	00	00	00	00	00	00	00	00
7.887	3D DATA	true	-	-	-	-	-117628.3	-117794.5	-118587.8	-117868.1	-185148.3	3.1	6.2	3.3	-1.6	2.9	-	-	-	-	-
7.887	3D MESSAGE	48	00	6E	91	20	59	AA	8C	10	71	6A	3D	43	BE	E5	C7	1E	11	E6	C7	EC	9D	E7	C7	15	36	E6	C7	1B	CF	34	C8	00	80	37	40	00	C0	CD	40	00	00	51	40	00	00	DB	BF	00	00	34	40	00	00	00	00	00	00	00	00	00	00	00	00	00	00	00	00	00	00	00	00
7.887	3D DATA	true	-	-	-	-	-117628.5	-117794.2	-118587.8	-117868.2	-185148.4	2.9	6.4	3.3	-1.7	2.8	-	-	-	-	-
7.918	3D MESSAGE	48	00	6F	91	20	59	AB	8C	10	71	6A	3D	58	BE	E5	C7	F8	10	E6	C7	F8	9D	E7	C7	0A	36	E6	C7	20	CF	34	C8	00	00	2D	40	00	40	D7	40	00	00	4B	40	00	00	D0	BF	00	00	2F	40	00	00	00	00	00	00	00	00	00	00	00	00	00	00	00	00	00	00	00	00
7.918	3D DATA	true	-	-	-	-	-117628.7	-117793.9	-118587.9	-117868.1	-185148.5	2.7	6.7	3.2	-1.6	2.7	-	-	-	-	-
7.919	3D MESSAGE	48	00	70	91	20	59	AC	8C	10	71	6A	3D	5D	BE	E5	C7	C6	10	E6	C7	FE	9D	E7	C7	E8	35	E6	C7	22	CF	34	C8	00	80	2A	40	00	C0	E3	40	00	00	48	40	00	00	AE	BF	00	00	2D	40	00	00	00	00	00	00	00	00	00	00	00	00	00	00	00	00	00	00	00	00
7.919	3D DATA	true	-	-	-	-	-117628.7	-117793.5	-118588.0	-117867.8	-185148.5	2.7	7.1	3.1	-1.4	2.7	-	-	-	-	-
7.919	3D MESSAGE	48	00	71	91	20	59	AD	8C	10	71	6A	3D	50	BE	E5	C7	8A	10	E6	C7	FC	9D	E7	C7	B7	35	E6	C7	20	CF	34	C8	00	00	31	40	00	C0	F2	40	00	00	49	40	00	00	7A	BF	00	00	2F	40	00	00	00	00	00	00	00	00	00	00	00	00	00	00	00	00	00	00	00	00
7.919	3D DATA	true	-	-	-	-	-117628.6	-117793.1	-118588.0	-117867.4	-185148.5	2.8	7.6	3.1	-1.0	2.7	-	-	-	-	-
7.919	3D MESSAGE	48	00	72	91	20	59	AE	8C	10	71	6A	3D	33	BE	E5	C7	48	10	E6	C7	F0	9D	E7	C7	81	35	E6	C7	1B	CF	34	C8	00	80	3F	40	00	A0	01	41	00	00	4F	40	00	00	0E	BF	00	00	34	40	00	00	00	00	00	00	00	00	00	00	00	00	00	00	00	00	00	00	00	00
7.919	3D DATA	true	-	-	-	-	-117628.4	-117792.6	-118587.9	-117867.0	-185148.4	3.0	8.1	3.2	-0.6	2.8	-	-	-	-	-
7.920	3D MESSAGE	48	00	73	91	20	59	AF	8C	10	71	6A	3D	10	BE	E5	C7	05	10	E6	C7	DE	9D	E7	C7	50	35	E6	C7	14	CF	34	C8	00	00	51	40	00	00	0A	41	00	00	58	40	00	00	30	BE	00	00	3B	40	00	00	00	00	00	00	00	00	00	00	00	00	00	00	00	00	00	00	00	00
7.920	3D DATA	true	-	-	-	-	-117628.1	-117792.0	-118587.7	-117866.6	-185148.3	3.3	8.6	3.4	-0.2	2.9	-	-	-	-	-
7.920	3D MESSAGE	48	00	74	91	20	59	B0	8C	10	71	6A	3D	EF	BD	E5	C7	C7	0F	E6	C7	CD	9D	E7	C7	32	35	E6	C7	0F	CF	34	C8	00	80	61	40	00	C0	11	41	00	80	60	40	00	00	80	3D	00	00	40	40	00	00	00	00	00	00	00	00	00	00	00	00	00	00	00	00	00	00	00	00
7.920	3D DATA	true	-	-	-	-	-117627.9	-117791.6	-118587.6	-117866.4	-185148.2	3.5	9.1	3.5	0.1	3.0	-	-	-	-	-
7.950	3D MESSAGE	48	00	75	91	20	59	B1	8C	78	DD	72	3D	DA	BD	E5	C7	91	0F	E6	C7	C2	9D	E7	C7	2B	35	E6	C7	0D	CF	34	C8	00	00	6C	40	00	80	18	41	00	00	66	40	00	00	F0	3D	00	00	42	40	00	00	00	00	00	00	00	00	00	00	00	00	00	00	00	00	00	00	00	00
7.950	3D DATA	true	-	-	-	-	-117627.7	-117791.1	-118587.5	-117866.3	-185148.2	3.7	9.5	3.6	0.1	3.0	-	-	-	-	-
7.951	3D MESSAGE	48	00	76	91	20	59	B2	8C	78	DD	72	3D	D5	BD	E5	C7	65	0F	E6	C7	C0	9D	E7	C7	3F	35	E6	C7	0D	CF	34	C8	00	80	6E	40	00	00	1E	41	00	00	67	40	00	00	20	BD	00	00	42	40	00	00	00	00	00	00	00	00	00	00	00	00	00	00	00	00	00	00	00	00
7.951	3D DATA	true	-	-	-	-	-117627.7	-117790.8	-118587.5	-117866.5	-185148.2	3.7	9.9	3.6	-0.0	3.0	-	-	-	-	-
7.951	3D MESSAGE	48	00	77	91	20	59	B3	8C	78	DD	72	3D	DE	BD	E5	C7	40	0F	E6	C7	C4	9D	E7	C7	68	35	E6	C7	0D	CF	34	C8	00	00	6A	40	00	A0	22	41	00	00	65	40	00	00	B8	BE	00	00	42	40	00	00	00	00	00	00	00	00	00	00	00	00	00	00	00	00	00	00	00	00
7.951	3D DATA	true	-	-	-	-	-117627.7	-117790.5	-118587.5	-117866.8	-185148.2	3.7	10.2	3.6	-0.4	3.0	-	-	-	-	-
7.951	3D MESSAGE	48	00	78	91	20	59	B4	8C	78	DD	72	3D	F0	BD	E5	C7	1F	0F	E6	C7	CA	9D	E7	C7	9E	35	E6	C7	0A	CF	34	C8	00	00	61	40	00	C0	26	41	00	00	62	40	00	00	48	BF	00	00	45	40	00	00	00	00	00	00	00	00	00	00	00	00	00	00	00	00	00	00	00	00
7.951	3D DATA	true	-	-	-	-	-117627.9	-117790.2	-118587.6	-117867.2	-185148.2	3.5	10.4	3.5	-0.8	3.1	-	-	-	-	-
7.952	3D MESSAGE	48	00	79	91	20	59	B5	8C	78	DD	72	3D	00	BE	E5	C7	FE	0E	E6	C7	CD	9D	E7	C7	D6	35	E6	C7	00	CF	34	C8	00	00	59	40	00	E0	2A	41	00	80	60	40	00	00	9C	BF	00	00	4F	40	00	00	00	00	00	00	00	00	00	00	00	00	00	00	00	00	00	00	00	00
7.952	3D DATA	true	-	-	-	-	-117628.0	-117790.0	-118587.6	-117867.7	-185148.0	3.4	10.7	3.5	-1.2	3.2	-	-	-	-	-
7.952	3D MESSAGE	48	00	7A	91	20	59	B6	8C	78	DD	72	3D	07	BE	E5	C7	D7	0E	E6	C7	C8	9D	E7	C7	06	36	E6	C7	F1	CE	34	C8	00	80	55	40	00	C0	2F	41	00	00	63	40	00	00	CC	BF	00	00	5E	40	00	00	00	00	00	00	00	00	00	00	00	00	00	00	00	00	00	00	00	00
7.952	3D DATA	true	-	-	-	-	-117628.1	-117789.7	-118587.6	-117868.0	-185147.8	3.3	11.0	3.5	-1.6	3.5	-	-	-	-	-
7.953	3D MESSAGE	48	00	7B	91	20	59	B7	8C	78	DD	72	3D	00	BE	E5	C7	A9	0E	E6	C7	BA	9D	E7	C7	24	36	E6	C7	DC	CE	34	C8	00	00	59	40	00	80	35	41	00	00	6A	40	00	00	EA	BF	00	00	73	40	00	00	00	00	00	00	00	00	00	00	00	00	00	00	00	00	00	00	00	00
7.953	3D DATA	true	-	-	-	-	-117628.0	-117789.3	-118587.5	-117868.3	-185147.4	3.4	11.3	3.7	-1.8	3.8	-	-	-	-	-
7.980	3D MESSAGE	48	00	7C	91	20	59	B8	8C	78	DD	72	3D	E5	BD	E5	C7	70	0E	E6	C7	A3	9D	E7	C7	2D	36	E6	C7	C4	CE	34	C8	00	80	66	40	00	A0	3C	41	00	80	75	40	00	00	F3	BF	00	80	85	40	00	00	00	00	00	00	00	00	00	00	00	00	00	00	00	00	00	00	00	00
7.980	3D DATA	true	-	-	-	-	-117627.8	-117788.9	-118587.3	-117868.4	-185147.1	3.6	11.8	3.8	-1.9	4.2	-	-	-	-	-
7.980	3D MESSAGE	48	00	7D	91	20	59	B9	8C	78	DD	72	3D	B8	BD	E5	C7	2A	0E	E6	C7	83	9D	E7	C7	20	36	E6	C7	AA	CE	34	C8	00	00	7D	40	00	60	45	41	00	C0	82	40	00	00	E6	BF	00	80	92	40	00	00	00	00	00	00	00	00	00	00	00	00	00	00	00	00	00	00	00	00
7.980	3D DATA	true	-	-	-	-	-117627.4	-117788.3	-118587.0	-117868.2	-185146.7	4.0	12.3	4.1	-1.8	4.6	-	-	-	-	-
7.981	3D MESSAGE	48	00	7E	91	20	59	BA	8C	78	DD	72	3D	7A	BD	E5	C7	D8	0D	E6	C7	5A	9D	E7	C7	FD	35	E6	C7	90	CE	34	C8	00	00	8E	40	00	A0	4F	41	00	00	8D	40	00	00	C3	BF	00	80	9F	40	00	00	00	00	00	00	00	00	00	00	00	00	00	00	00	00	00	00	00	00
7.981	3D DATA	true	-	-	-	-	-117627.0	-117787.7	-118586.7	-117868.0	-185146.2	4.4	13.0	4.4	-1.5	5.0	-	-	-	-	-
7.982	3D MESSAGE	48	00	7F	91	20	59	BB	8C	78	DD	72	3D	2F	BD	E5	C7	77	0D	E6	C7	27	9D	E7	C7	CB	35	E6	C7	75	CE	34	C8	00	C0	A0	40	00	C0	5B	41	00	C0	99	40	00	00	91	BF	00	00	AD	40	00	00	00	00	00	00	00	00	00	00	00	00	00	00	00	00	00	00	00	00
7.982	3D DATA	true	-	-	-	-	-117626.4	-117786.9	-118586.3	-117867.6	-185145.8	5.0	13.7	4.8	-1.1	5.4	-	-	-	-	-
7.982	3D MESSAGE	48	00	80	91	20	59	BC	8C	78	DD	72	3D	D7	BC	E5	C7	09	0D	E6	C7	E9	9C	E7	C7	8F	35	E6	C7	54	CE	34	C8	00	C0	B6	40	00	80	69	41	00	40	A9	40	00	00	2A	BF	00	80	BD	40	00	00	00	00	00	00	00	00	00	00	00	00	00	00	00	00	00	00	00	00
7.982	3D DATA	true	-	-	-	-	-117625.7	-117786.1	-118585.8	-117867.1	-185145.3	5.7	14.6	5.3	-0.7	5.9	-	-	-	-	-
7.983	3D MESSAGE	48	00	81	91	20	59	BD	8C	78	DD	72	3D	76	BC	E5	C7	8F	0C	E6	C7	A1	9C	E7	C7	4E	35	E6	C7	2D	CE	34	C8	00	00	CF	40	00	C0	78	41	00	40	BB	40	00	00	20	BE	00	00	D1	40	00	00	00	00	00	00	00	00	00	00	00	00	00	00	00	00	00	00	00	00
7.983	3D DATA	true	-	-	-	-	-117624.9	-117785.1	-118585.3	-117866.6	-185144.7	6.5	15.5	5.9	-0.2	6.5	-	-	-	-	-
8.013	3D MESSAGE	48	00	82	91	20	59	BE	8C	78	DD	72	3D	0F	BC	E5	C7	0C	0C	E6	C7	53	9C	E7	C7	0E	35	E6	C7	FE	CD	34	C8	00	C0	E8	40	00	90	84	41	00	C0	CE	40	00	00	B0	3E	00	80	E8	40	00	00	00	00	00	00	00	00	00	00	00	00	00	00	00	00	00	00	00	00
8.013	3D DATA	true	-	-	-	-	-117624.1	-117784.1	-118584.6	-117866.1	-185144.0	7.3	16.6	6.5	0.3	7.3	-	-	-	-	-
8.014	3D MESSAGE	48	00	83	91	20	59	BF	8C	78	DD	72	3D	A4	BB	E5	C7	83	0B	E6	C7	04	9C	E7	C7	D3	34	E6	C7	CB	CD	34	C8	00	C0	01	41	00	20	8D	41	00	80	E2	40	00	00	4E	3F	00	00	01	41	00	00	00	00	00	00	00	00	00	00	00	00	00	00	00	00	00	00	00	00
8.014	3D DATA	true	-	-	-	-	-117623.3	-117783.0	-118584.0	-117865.6	-185143.2	8.1	17.6	7.1	0.8	8.1	-	-	-	-	-
8.014	3D MESSAGE	48	00	84	91	20	59	C0	8C	78	DD	72	3D	3A	BB	E5	C7	F8	0A	E6	C7	BA	9B	E7	C7	9D	34	E6	C7	95	CD	34	C8	00	00	0F	41	00	D0	95	41	00	00	F5	40	00	00	9D	3F	00	80	0E	41	00	00	00	00	00	00	00	00	00	00	00	00	00	00	00	00	00	00	00	00
8.014	3D DATA	true	-	-	-	-	-117622.5	-117781.9	-118583.5	-117865.2	-185142.3	8.9	18.7	7.7	1.2	8.9	-	-	-	-	-
8.015	3D MESSAGE	48	00	85	91	20	59	C1	8C	78	DD	72	3D	D5	BA	E5	C7	6F	0A	E6	C7	7A	9B	E7	C7	6E	34	E6	C7	62	CD	34	C8	00	A0	1B	41	00	60	9E	41	00	80	02	41	00	00	CC	3F	00	40	1B	41	00	00	00	00	00	00	00	00	00	00	00	00	00	00	00	00	00	00	00	00
8.015	3D DATA	true	-	-	-	-	-117621.7	-117780.9	-118583.0	-117864.9	-185141.5	9.7	19.8	8.2	1.6	9.7	-	-	-	-	-
8.015	3D MESSAGE	48	00	86	91	20	59	C2	8C	78	DD	72	3D	76	BA	E5	C7	E7	09	E6	C7	42	9B	E7	C7	42	34	E6	C7	34	CD	34	C8	00	80	27	41	00	E0	A6	41	00	80	09	41	00	00	F8	3F	00	C0	26	41	00	00	00	00	00	00	00	00	00	00	00	00	00	00	00	00	00	00	00	00
8.015	3D DATA	true	-	-	-	-	-117620.9	-117779.8	-118582.5	-117864.5	-185140.8	10.5	20.9	8.6	1.9	10.4	-	-	-	-	-
8.015	3D MESSAGE	48	00	87	91	20	59	C3	8C	78	DD	72	3D	1E	BA	E5	C7	5E	09	E6	C7	11	9B	E7	C7	1A	34	E6	C7	0C	CD	34	C8	00	80	32	41	00	70	AF	41	00	A0	0F	41	00	00	10	40	00	C0	30	41	00	00	00	00	00	00	00	00	00	00	00	00	00	00	00	00	00	00	00	00
8.015	3D DATA	true	-	-	-	-	-117620.2	-117778.7	-118582.1	-117864.2	-185140.2	11.2	21.9	9.0	2.2	11.0	-	-	-	-	-
8.016	3D MESSAGE	48	00	88	91	20	59	C4	8C	78	DD	72	3D	C9	B9	E5	C7	D1	08	E6	C7	DF	9A	E7	C7	F5	33	E6	C7	E8	CC	34	C8	00	20	3D	41	00	40	B8	41	00	E0	15	41	00	80	22	40	00	C0	39	41	00	00	00	00	00	00	00	00	00	00	00	00	00	00	00	00	00	00	00	00
8.016	3D DATA	true	-	-	-	-	-117619.6	-117777.6	-118581.7	-117863.9	-185139.6	11.8	23.0	9.4	2.5	11.6	-	-	-	-	-
8.046	3D MESSAGE	48	00	89	91	20	59	C5	8C	78	DD	72	3D	75	B9	E5	C7	3C	08	E6	C7	A6	9A	E7	C7	D2	33	E6	C7	C5	CC	34	C8	00	A0	47	41	00	90	C1	41	00	00	1D	41	00	00	34	40	00	80	42	41	00	00	00	00	00	00	00	00	00	00	00	00	00	00	00	00	00	00	00	00
8.046	3D DATA	true	-	-	-	-	-117618.9	-117776.5	-118581.3	-117863.6	-185139.1	12.5	24.2	9.8	2.8	12.2	-	-	-	-	-
8.047	3D MESSAGE	48	00	8A	91	20	59	C6	8C	78	DD	72	3D	1B	B9	E5	C7	9E	07	E6	C7	62	9A	E7	C7	B4	33	E6	C7	A2	CC	34	C8	00	E0	52	41	00	70	CB	41	00	80	25	41	00	00	43	40	00	40	4B	41	00	00	00	00	00	00	00	00	00	00	00	00	00	00	00	00	00	00	00	00
8.047	3D DATA	true	-	-	-	-	-117618.2	-117775.2	-118580.8	-117863.4	-185138.5	13.2	25.4	10.3	3.0	12.7	-	-	-	-	-
8.047	3D MESSAGE	48	00	8B	91	20	59	C7	8C	78	DD	72	3D	B7	B8	E5	C7	F5	06	E6	C7	0D	9A	E7	C7	9D	33	E6	C7	7C	CC	34	C8	00	60	5F	41	00	00	D6	41	00	20	30	41	00	80	4E	40	00	C0	54	41	00	00	00	00	00	00	00	00	00	00	00	00	00	00	00	00	00	00	00	00
8.047	3D DATA	true	-	-	-	-	-117617.4	-117773.9	-118580.1	-117863.2	-185137.9	14.0	26.8	11.0	3.2	13.3	-	-	-	-	-
8.048	3D MESSAGE	48	00	8C	91	20	59	C8	8C	78	DD	72	3D	45	B8	E5	C7	42	06	E6	C7	AC	99	E7	C7	8E	33	E6	C7	54	CC	34	C8	00	A0	6D	41	00	30	E1	41	00	40	3C	41	00	00	56	40	00	C0	5E	41	00	00	00	00	00	00	00	00	00	00	00	00	00	00	00	00	00	00	00	00
8.048	3D DATA	true	-	-	-	-	-117616.5	-117772.5	-118579.3	-117863.1	-185137.3	14.9	28.1	11.8	3.3	13.9	-	-	-	-	-
8.048	3D MESSAGE	48	00	8D	91	20	59	C9	8C	78	DD	72	3D	C4	B7	E5	C7	88	05	E6	C7	41	99	E7	C7	87	33	E6	C7	2C	CC	34	C8	00	C0	7D	41	00	D0	EC	41	00	A0	49	41	00	80	59	40	00	C0	68	41	00	00	00	00	00	00	00	00	00	00	00	00	00	00	00	00	00	00	00	00
8.048	3D DATA	true	-	-	-	-	-117615.5	-117771.1	-118578.5	-117863.1	-185136.7	15.9	29.6	12.6	3.4	14.5	-	-	-	-	-
8.048	3D MESSAGE	48	00	8E	91	20	59	CA	8C	78	DD	72	3D	34	B7	E5	C7	C9	04	E6	C7	D5	98	E7	C7	84	33	E6	C7	06	CC	34	C8	00	E0	87	41	00	C0	F8	41	00	20	57	41	00	00	5B	40	00	40	72	41	00	00	00	00	00	00	00	00	00	00	00	00	00	00	00	00	00	00	00	00
8.048	3D DATA	true	-	-	-	-	-117614.4	-117769.6	-118577.7	-117863.0	-185136.1	17.0	31.1	13.4	3.4	15.1	-	-	-	-	-
8.072	3D MESSAGE	48	00	8F	91	20	59	CB	8C	78	DD	72	3D	9A	B6	E5	C7	06	04	E6	C7	6C	98	E7	C7	81	33	E6	C7	E0	CB	34	C8	00	80	91	41	00	78	02	42	00	40	64	41	00	80	5C	40	00	C0	7B	41	00	00	00	00	00	00	00	00	00	00	00	00	00	00	00	00	00	00	00	00
8.072	3D DATA	true	-	-	-	-	-117613.2	-117768.0	-118576.8	-117863.0	-185135.5	18.2	32.6	14.3	3.4	15.7	-	-	-	-	-
8.073	3D MESSAGE	48	00	90	91	20	59	CC	8C	78	DD	72	3D	F6	B5	E5	C7	3C	03	E6	C7	08	98	E7	C7	76	33	E6	C7	B7	CB	34	C8	00	C0	9B	41	00	C8	08	42	00	C0	70	41	00	00	62	40	00	00	83	41	00	00	00	00	00	00	00	00	00	00	00	00	00	00	00	00	00	00	00	00
8.073	3D DATA	true	-	-	-	-	-117611.9	-117766.5	-118576.1	-117862.9	-185134.9	19.5	34.2	15.0	3.5	16.4	-	-	-	-	-
8.073	3D MESSAGE	48	00	91	91	20	59	CD	8C	78	DD	72	3D	4B	B5	E5	C7	68	02	E6	C7	AA	97	E7	C7	5E	33	E6	C7	86	CB	34	C8	00	70	A6	41	00	68	0F	42	00	80	7C	41	00	00	6E	40	00	20	89	41	00	00	00	00	00	00	00	00	00	00	00	00	00	00	00	00	00	00	00	00
8.073	3D DATA	true	-	-	-	-	-117610.6	-117764.8	-118575.3	-117862.7	-185134.1	20.8	35.9	15.8	3.7	17.1	-	-	-	-	-
8.073	3D MESSAGE	48	00	92	91	20	59	CE	8C	78	DD	72	3D	9C	B4	E5	C7	88	01	E6	C7	4D	97	E7	C7	38	33	E6	C7	4B	CB	34	C8	00	60	B1	41	00	68	16	42	00	10	84	41	00	80	80	40	00	80	90	41	00	00	00	00	00	00	00	00	00	00	00	00	00	00	00	00	00	00	00	00
8.073	3D DATA	true	-	-	-	-	-117609.2	-117763.1	-118574.6	-117862.4	-185133.2	22.2	37.6	16.5	4.0	18.1	-	-	-	-	-
8.073	3D MESSAGE	48	00	93	91	20	59	CF	8C	78	DD	72	3D	EC	B3	E5	C7	99	00	E6	C7	EE	96	E7	C7	02	33	E6	C7	01	CB	34	C8	00	60	BC	41	00	E0	1D	42	00	00	8A	41	00	00	8E	40	00	C0	99	41	00	00	00	00	00	00	00	00	00	00	00	00	00	00	00	00	00	00	00	00
8.073	3D DATA	true	-	-	-	-	-117607.8	-117761.2	-118573.9	-117862.0	-185132.0	23.5	39.5	17.2	4.4	19.2	-	-	-	-	-
8.107	3D MESSAGE	48	00	94	91	20	59	D0	8C	78	DD	72	3D	3B	B3	E5	C7	9D	FF	E5	C7	8A	96	E7	C7	C2	32	E6	C7	AA	CA	34	C8	00	70	C7	41	00	C0	25	42	00	40	90	41	00	00	9E	40	00	A0	A4	41	00	00	00	00	00	00	00	00	00	00	00	00	00	00	00	00	00	00	00	00
8.107	3D DATA	true	-	-	-	-	-117606.5	-117759.2	-118573.1	-117861.5	-185130.7	24.9	41.4	18.0	4.9	20.6	-	-	-	-	-
8.107	3D MESSAGE	48	00	95	91	20	59	D1	8C	78	DD	72	3D	8C	B2	E5	C7	97	FE	E5	C7	20	96	E7	C7	7F	32	E6	C7	4A	CA	34	C8	00	60	D2	41	00	F0	2D	42	00	E0	96	41	00	C0	AE	40	00	A0	B0	41	00	00	00	00	00	00	00	00	00	00	00	00	00	00	00	00	00	00	00	00
8.108	3D DATA	true	-	-	-	-	-117605.1	-117757.2	-118572.2	-117861.0	-185129.2	26.3	43.5	18.9	5.5	22.1	-	-	-	-	-
8.108	3D MESSAGE	48	00	96	91	20	59	D2	8C	78	DD	72	3D	E0	B1	E5	C7	89	FD	E5	C7	B1	95	E7	C7	40	32	E6	C7	E4	C9	34	C8	00	20	DD	41	00	60	36	42	00	D0	9D	41	00	80	BE	40	00	60	BD	41	00	00	00	00	00	00	00	00	00	00	00	00	00	00	00	00	00	00	00	00
8.108	3D DATA	true	-	-	-	-	-117603.8	-117755.1	-118571.4	-117860.5	-185127.6	27.6	45.6	19.7	6.0	23.7	-	-	-	-	-
8.108	3D MESSAGE	48	00	97	91	20	59	D3	8C	78	DD	72	3D	34	B1	E5	C7	72	FC	E5	C7	3E	95	E7	C7	0A	32	E6	C7	7F	C9	34	C8	00	E0	E7	41	00	18	3F	42	00	00	A5	41	00	00	CC	40	00	00	CA	41	00	00	00	00	00	00	00	00	00	00	00	00	00	00	00	00	00	00	00	00
8.108	3D DATA	true	-	-	-	-	-117602.4	-117752.9	-118570.5	-117860.1	-185126.0	29.0	47.8	20.6	6.4	25.2	-	-	-	-	-
8.109	3D MESSAGE	48	00	98	91	20	59	D4	8C	78	DD	72	3D	86	B0	E5	C7	4C	FB	E5	C7	C5	94	E7	C7	E0	31	E6	C7	1C	C9	34	C8	00	C0	F2	41	00	48	48	42	00	90	AC	41	00	80	D6	40	00	60	D6	41	00	00	00	00	00	00	00	00	00	00	00	00	00	00	00	00	00	00	00	00
8.109	3D DATA	true	-	-	-	-	-117601.0	-117750.6	-118569.5	-117859.8	-185124.4	30.3	50.1	21.6	6.7	26.8	-	-	-	-	-
8.109	3D MESSAGE	48	00	99	91	20	59	D5	8C	78	DD	72	3D	CE	AF	E5	C7	0F	FA	E5	C7	43	94	E7	C7	B9	31	E6	C7	B8	C8	34	C8	00	40	FE	41	00	30	52	42	00	B0	B4	41	00	40	E0	40	00	E0	E2	41	00	00	00	00	00	00	00	00	00	00	00	00	00	00	00	00	00	00	00	00
8.109	3D DATA	true	-	-	-	-	-117599.6	-117748.1	-118568.5	-117859.4	-185122.9	31.8	52.5	22.6	7.0	28.4	-	-	-	-	-
8.109	3D MESSAGE	48	00	9A	91	20	59	D6	8C	78	DD	72	3D	06	AF	E5	C7	AF	F8	E5	C7	B2	93	E7	C7	8E	31	E6	C7	50	C8	34	C8	00	60	05	42	00	30	5D	42	00	C0	BD	41	00	00	EB	40	00	E0	EF	41	00	00	00	00	00	00	00	00	00	00	00	00	00	00	00	00	00	00	00	00
8.109	3D DATA	true	-	-	-	-	-117598.0	-117745.4	-118567.4	-117859.1	-185121.2	33.3	55.3	23.7	7.3	30.0	-	-	-	-	-
8.135	3D MESSAGE	48	00	9B	91	20	59	D7	8C	78	DD	72	3D	21	AE	E5	C7	25	F7	E5	C7	09	93	E7	C7	4F	31	E6	C7	DD	C7	34	C8	00	88	0C	42	00	80	69	42	00	50	C8	41	00	C0	FA	40	00	40	FE	41	00	00	00	00	00	00	00	00	00	00	00	00	00	00	00	00	00	00	00	00
8.135	3D DATA	true	-	-	-	-	-117596.3	-117742.3	-118566.1	-117858.6	-185119.5	35.1	58.4	25.0	7.8	31.8	-	-	-	-	-
8.136	3D MESSAGE	48	00	9C	91	20	59	D8	8C	78	DD	72	3D	18	AD	E5	C7	6E	F5	E5	C7	44	92	E7	C7	F4	30	E6	C7	5B	C7	34	C8	00	D0	14	42	00	38	77	42	00	A0	D4	41	00	C0	08	41	00	40	07	42	00	00	00	00	00	00	00	00	00	00	00	00	00	00	00	00	00	00	00	00
8.136	3D DATA	true	-	-	-	-	-117594.2	-117738.9	-118564.5	-117857.9	-185117.4	37.2	61.8	26.6	8.5	33.8	-	-	-	-	-
8.136	3D MESSAGE	48	00	9D	91	20	59	D9	8C	4C	E1	87	3E	E6	AB	E5	C7	90	F3	E5	C7	65	91	E7	C7	78	30	E6	C7	C8	C6	34	C8	00	60	1E	42	00	14	83	42	00	90	E2	41	00	40	18	41	00	70	10	42	00	00	00	00	00	00	00	00	00	00	00	00	00	00	00	00	00	00	00	00
8.136	3D DATA	true	-	-	-	-	-117591.8	-117735.1	-118562.8	-117856.9	-185115.1	39.6	65.5	28.3	9.5	36.1	-	-	-	-	-
8.136	3D MESSAGE	48	00	9E	91	20	59	DA	8C	4C	E1	87	3E	8F	AA	E5	C7	96	F1	E5	C7	71	90	E7	C7	E1	2F	E6	C7	26	C6	34	C8	00	18	29	42	00	FC	8A	42	00	D0	F1	41	00	20	2B	41	00	90	1A	42	00	00	00	00	00	00	00	00	00	00	00	00	00	00	00	00	00	00	00	00
8.136	3D DATA	true	-	-	-	-	-117589.1	-117731.2	-118560.9	-117855.8	-185112.6	42.3	69.5	30.2	10.7	38.6	-	-	-	-	-
8.137	3D MESSAGE	48	00	9F	91	20	59	DB	8C	4C	E1	87	3E	1B	A9	E5	C7	90	EF	E5	C7	72	8F	E7	C7	3C	2F	E6	C7	7C	C5	34	C8	00	B8	34	42	00	14	93	42	00	E0	00	42	00	C0	3F	41	00	30	25	42	00	00	00	00	00	00	00	00	00	00	00	00	00	00	00	00	00	00	00	00
8.137	3D DATA	true	-	-	-	-	-117586.2	-117727.1	-118558.9	-117854.5	-185109.9	45.2	73.5	32.2	12.0	41.3	-	-	-	-	-
8.137	3D MESSAGE	48	00	A0	91	20	59	DC	8C	4C	E1	87	3E	98	A7	E5	C7	88	ED	E5	C7	74	8E	E7	C7	9B	2E	E6	C7	D0	C4	34	C8	00	D0	40	42	00	34	9B	42	00	D0	08	42	00	E0	53	41	00	F0	2F	42	00	00	00	00	00	00	00	00	00	00	00	00	00	00	00	00	00	00	00	00
8.137	3D DATA	true	-	-	-	-	-117583.2	-117723.1	-118556.9	-117853.2	-185107.2	48.2	77.6	34.2	13.2	44.0	-	-	-	-	-
8.170	3D MESSAGE	48	00	A1	91	20	59	DD	8C	4C	E1	87	3E	12	A6	E5	C7	85	EB	E5	C7	80	8D	E7	C7	0C	2E	E6	C7	26	C4	34	C8	00	00	4D	42	00	40	A3	42	00	70	10	42	00	C0	65	41	00	90	3A	42	00	00	00	00	00	00	00	00	00	00	00	00	00	00	00	00	00	00	00	00
8.170	3D DATA	true	-	-	-	-	-117580.1	-117719.0	-118555.0	-117852.1	-185104.6	51.2	81.6	36.1	14.4	46.6	-	-	-	-	-
8.171	3D MESSAGE	48	00	A2	91	20	59	DE	8C	4C	E1	87	3E	91	A4	E5	C7	85	E9	E5	C7	98	8C	E7	C7	98	2D	E6	C7	82	C3	34	C8	00	08	59	42	00	40	AB	42	00	B0	17	42	00	40	74	41	00	D0	44	42	00	00	00	00	00	00	00	00	00	00	00	00	00	00	00	00	00	00	00	00
8.171	3D DATA	true	-	-	-	-	-117577.1	-117715.0	-118553.2	-117851.2	-185102.0	54.3	85.6	37.9	15.3	49.2	-	-	-	-	-
8.172	3D MESSAGE	48	00	A3	91	20	59	DF	8C	4C	E1	87	3E	18	A3	E5	C7	7E	E7	E5	C7	B7	8B	E7	C7	3C	2D	E6	C7	DF	C2	34	C8	00	D0	64	42	00	5C	B3	42	00	B8	1E	42	00	C0	7F	41	00	00	4F	42	00	00	00	00	00	00	00	00	00	00	00	00	00	00	00	00	00	00	00	00
8.172	3D DATA	true	-	-	-	-	-117574.2	-117711.0	-118551.4	-117850.5	-185099.5	57.2	89.7	39.7	16.0	51.8	-	-	-	-	-
8.174	3D MESSAGE	48	00	A4	91	20	59	E0	8C	4C	E1	87	3E	A1	A1	E5	C7	60	E5	E5	C7	D5	8A	E7	C7	F2	2C	E6	C7	39	C2	34	C8	00	88	70	42	00	D4	BB	42	00	C8	25	42	00	80	84	41	00	60	59	42	00	00	00	00	00	00	00	00	00	00	00	00	00	00	00	00	00	00	00	00
8.174	3D DATA	true	-	-	-	-	-117571.3	-117706.8	-118549.7	-117849.9	-185096.9	60.1	93.9	41.4	16.6	54.3	-	-	-	-	-
8.175	3D MESSAGE	48	00	A5	91	20	59	E1	8C	4C	E1	87	3E	22	A0	E5	C7	1E	E3	E5	C7	E6	89	E7	C7	AA	2C	E6	C7	88	C1	34	C8	00	80	7C	42	00	DC	C4	42	00	40	2D	42	00	00	89	41	00	70	64	42	00	00	00	00	00	00	00	00	00	00	00	00	00	00	00	00	00	00	00	00
8.175	3D DATA	true	-	-	-	-	-117568.3	-117702.2	-118547.8	-117849.3	-185094.1	63.1	98.4	43.3	17.1	57.1	-	-	-	-	-
8.176	3D MESSAGE	48	00	A6	91	20	59	E2	8C	4C	E1	87	3E	8F	9E	E5	C7	AC	E0	E5	C7	E0	88	E7	C7	58	2C	E6	C7	C5	C0	34	C8	00	8C	84	42	00	A4	CE	42	00	70	35	42	00	20	8E	41	00	A0	70	42	00	00	00	00	00	00	00	00	00	00	00	00	00	00	00	00	00	00	00	00
8.176	3D DATA	true	-	-	-	-	-117565.1	-117697.3	-118545.8	-117848.7	-185091.1	66.3	103.3	45.4	17.8	60.2	-	-	-	-	-
8.177	3D MESSAGE	48	00	A7	91	20	59	E3	8C	4C	E1	87	3E	DE	9C	E5	C7	02	DE	E5	C7	BA	87	E7	C7	F4	2B	E6	C7	EC	BF	34	C8	00	50	8B	42	00	4C	D9	42	00	A0	3E	42	00	60	94	41	00	30	7E	42	00	00	00	00	00	00	00	00	00	00	00	00	00	00	00	00	00	00	00	00
8.177	3D DATA	true	-	-	-	-	-117561.7	-117692.0	-118543.5	-117847.9	-185087.7	69.7	108.6	47.7	18.5	63.5	-	-	-	-	-
8.177	3D MESSAGE	48	00	A8	91	20	59	E4	8C	4C	E1	87	3E	09	9B	E5	C7	1E	DB	E5	C7	74	86	E7	C7	78	2B	E6	C7	FC	BE	34	C8	00	A4	92	42	00	DC	E4	42	00	D0	48	42	00	20	9C	41	00	98	86	42	00	00	00	00	00	00	00	00	00	00	00	00	00	00	00	00	00	00	00	00
8.177	3D DATA	true	-	-	-	-	-117558.1	-117686.2	-118540.9	-117846.9	-185083.9	73.3	114.4	50.2	19.5	67.3	-	-	-	-	-
8.202	3D MESSAGE	48	00	A9	91	20	59	E5	8C	4C	E1	87	3E	0E	99	E5	C7	05	D8	E5	C7	0E	85	E7	C7	E4	2A	E6	C7	F3	BD	34	C8	00	90	9A	42	00	40	F1	42	00	00	54	42	00	60	A5	41	00	E0	8E	42	00	00	00	00	00	00	00	00	00	00	00	00	00	00	00	00	00	00	00	00
8.202	3D DATA	true	-	-	-	-	-117554.1	-117680.0	-118538.1	-117845.8	-185079.8	77.3	120.6	53.0	20.7	71.4	-	-	-	-	-
8.202	3D MESSAGE	48	00	AA	91	20	59	E6	8C	4C	E1	87	3E	F0	96	E5	C7	C0	D4	E5	C7	90	83	E7	C7	3D	2A	E6	C7	D6	BC	34	C8	00	08	A3	42	00	54	FE	42	00	F0	5F	42	00	D0	AF	41	00	C8	97	42	00	00	00	00	00	00	00	00	00	00	00	00	00	00	00	00	00	00	00	00
8.202	3D DATA	true	-	-	-	-	-117549.9	-117673.5	-118535.1	-117844.5	-185075.3	81.5	127.2	56.0	22.0	75.9	-	-	-	-	-
8.203	3D MESSAGE	48	00	AB	91	20	59	E7	8C	4C	E1	87	3E	B2	94	E5	C7	56	D1	E5	C7	01	82	E7	C7	85	29	E6	C7	AA	BB	34	C8	00	00	AC	42	00	FE	05	43	00	68	6C	42	00	50	BB	41	00	28	A1	42	00	00	00	00	00	00	00	00	00	00	00	00	00	00	00	00	00	00	00	00
8.203	3D DATA	true	-	-	-	-	-117545.4	-117666.7	-118532.0	-117843.0	-185070.7	86.0	134.0	59.1	23.4	80.6	-	-	-	-	-
8.203	3D MESSAGE	48	00	AC	91	20	59	E8	8C	4C	E1	87	3E	5C	92	E5	C7	D3	CD	E5	C7	6B	80	E7	C7	C1	28	E6	C7	71	BA	34	C8	00	58	B5	42	00	04	0D	43	00	18	79	42	00	90	C7	41	00	F0	AA	42	00	00	00	00	00	00	00	00	00	00	00	00	00	00	00	00	00	00	00	00
8.203	3D DATA	true	-	-	-	-	-117540.7	-117659.6	-118528.8	-117841.5	-185065.8	90.7	141.0	62.3	24.9	85.5	-	-	-	-	-
8.203	3D MESSAGE	48	00	AD	91	20	59	E9	8C	4C	E1	87	3E	EF	8F	E5	C7	3C	CA	E5	C7	D4	7E	E7	C7	F4	27	E6	C7	2E	B9	34	C8	00	0C	BF	42	00	32	14	43	00	E8	82	42	00	60	D4	41	00	08	B5	42	00	00	00	00	00	00	00	00	00	00	00	00	00	00	00	00	00	00	00	00
8.203	3D DATA	true	-	-	-	-	-117535.9	-117652.5	-118525.7	-117839.9	-185060.7	95.5	148.2	65.5	26.5	90.5	-	-	-	-	-
8.230	3D MESSAGE	4E	00	AE	91	30	59	EA	8D	00	00	D0	53	F4	92	4C	E1	87	3E	6E	8D	E5	C7	93	C6	E5	C7	40	7D	E7	C7	22	27	E6	C7	E3	B7	34	C8	00	10	C9	42	00	84	1B	43	00	38	89	42	00	80	E1	41	00	60	BF	42	00	00	00	00	00	00	00	00	00	00	00	00	00	00	00	00	00	00	00	00
8.230	3D DATA	true	-	0	21456	37620	-117530.9	-117645.1	-118522.5	-117838.3	-185055.5	100.5	155.5	68.6	28.2	95.7	-	-	-	-	-
8.230	3D MESSAGE	4E	00	AF	91	30	59	EB	8D	00	00	4F	57	F9	8D	4C	E1	87	3E	DA	8A	E5	C7	DA	C2	E5	C7	AC	7B	E7	C7	52	26	E6	C7	8C	B6	34	C8	00	60	D3	42	00	F6	22	43	00	88	8F	42	00	80	EE	41	00	18	CA	42	00	00	00	00	00	00	00	00	00	00	00	00	00	00	00	00	00	00	00	00
8.230	3D DATA	true	-	0	22351	36345	-117525.7	-117637.7	-118519.3	-117836.6	-185050.2	105.7	163.0	71.8	29.8	101.0	-	-	-	-	-
8.231	3D MESSAGE	4E	00	B0	91	30	59	EC	8D	00	00	67	5A	1A	89	4C	E1	87	3E	32	88	E5	C7	0F	BF	E5	C7	14	7A	E7	C7	84	25	E6	C7	28	B5	34	C8	00	00	DE	42	00	8C	2A	43	00	E8	95	42	00	60	FB	41	00	38	D5	42	00	00	00	00	00	00	00	00	00	00	00	00	00	00	00	00	00	00	00	00
8.231	3D DATA	true	-	0	23143	35098	-117520.4	-117630.1	-118516.2	-117835.0	-185044.6	111.0	170.5	75.0	31.4	106.6	-	-	-	-	-
8.231	3D MESSAGE	4E	00	B1	91	30	59	ED	8D	00	00	30	5D	5B	84	4C	E1	87	3E	75	85	E5	C7	30	BB	E5	C7	6C	78	E7	C7	B7	24	E6	C7	B5	B3	34	C8	00	F4	E8	42	00	4A	32	43	00	88	9C	42	00	18	04	42	00	D0	E0	42	00	00	00	00	00	00	00	00	00	00	00	00	00	00	00	00	00	00	00	00
8.231	3D DATA	true	-	0	23856	33883	-117514.9	-117622.4	-118512.8	-117833.4	-185038.8	116.5	178.3	78.3	33.0	112.4	-	-	-	-	-
8.232	3D MESSAGE	4E	00	B2	91	30	59	EE	8D	00	00	C6	5F	BA	7F	4C	E1	87	3E	A4	82	E5	C7	3C	B7	E5	C7	A9	76	E7	C7	E6	23	E6	C7	30	B2	34	C8	00	38	F4	42	00	32	3A	43	00	94	A3	42	00	A0	0A	42	00	F8	EC	42	00	00	00	00	00	00	00	00	00	00	00	00	00	00	00	00	00	00	00	00
8.232	3D DATA	true	-	0	24518	32698	-117509.3	-117614.5	-118509.3	-117831.8	-185032.8	122.1	186.2	81.8	34.7	118.5	-	-	-	-	-
8.232	3D MESSAGE	4E	00	B3	91	30	59	EF	8D	00	00	40	62	2E	7B	4C	E1	87	3E	BC	7F	E5	C7	32	B3	E5	C7	C3	74	E7	C7	09	23	E6	C7	96	B0	34	C8	00	D8	FF	42	00	46	42	43	00	2C	AB	42	00	88	11	42	00	C8	F9	42	00	00	00	00	00	00	00	00	00	00	00	00	00	00	00	00	00	00	00	00
8.232	3D DATA	true	-	0	25152	31534	-117503.5	-117606.4	-118505.5	-117830.1	-185026.3	127.9	194.3	85.6	36.4	124.9	-	-	-	-	-
8.264	3D MESSAGE	4E	00	B4	91	30	59	F0	8D	00	00	B8	64	AD	76	4C	E1	87	3E	BE	7C	E5	C7	12	AF	E5	C7	B0	72	E7	C7	15	22	E6	C7	E6	AE	34	C8	00	E8	05	43	00	86	4A	43	00	78	B3	42	00	28	19	42	00	A4	03	43	00	00	00	00	00	00	00	00	00	00	00	00	00	00	00	00	00	00	00	00
8.264	3D DATA	true	-	0	25784	30381	-117497.5	-117598.1	-118501.4	-117828.2	-185019.6	133.9	202.5	89.7	38.3	131.6	-	-	-	-	-
8.265	3D MESSAGE	4E	00	B5	91	30	59	F1	8D	00	00	3C	67	32	72	4C	E1	87	3E	A8	79	E5	C7	DC	AA	E5	C7	70	70	E7	C7	04	21	E6	C7	20	AD	34	C8	00	14	0C	43	00	F2	52	43	00	78	BC	42	00	B0	21	42	00	BC	0A	43	00	00	00	00	00	00	00	00	00	00	00	00	00	00	00	00	00	00	00	00
8.265	3D DATA	true	-	0	26428	29234	-117491.3	-117589.7	-118496.9	-117826.0	-185012.5	140.1	210.9	94.2	40.4	138.7	-	-	-	-	-
8.265	3D MESSAGE	4E	00	B6	91	30	59	F2	8D	00	00	DB	69	C2	6D	4C	E1	87	3E	7B	76	E5	C7	92	A6	E5	C7	03	6E	E7	C7	D5	1F	E6	C7	44	AB	34	C8	00	6E	12	43	00	86	5B	43	00	2C	C6	42	00	28	2B	42	00	2C	12	43	00	00	00	00	00	00	00	00	00	00	00	00	00	00	00	00	00	00	00	00
8.265	3D DATA	true	-	0	27099	28098	-117485.0	-117581.1	-118492.0	-117823.7	-185005.1	146.4	219.5	99.1	42.8	146.2	-	-	-	-	-
8.266	3D MESSAGE	4E	00	B7	91	30	59	F3	8D	00	00	99	6C	6B	69	4C	E1	87	3E	38	73	E5	C7	3B	A2	E5	C7	70	6B	E7	C7	8E	1E	E6	C7	54	A9	34	C8	00	F4	18	43	00	34	64	43	00	78	D0	42	00	60	35	42	00	EC	19	43	00	00	00	00	00	00	00	00	00	00	00	00	00	00	00	00	00	00	00	00
8.266	3D DATA	true	-	0	27801	26987	-117478.4	-117572.5	-118486.9	-117821.1	-184997.3	153.0	228.2	104.2	45.3	153.9	-	-	-	-	-
8.267	3D MESSAGE	4E	00	B8	91	30	59	F4	8D	00	00	78	6F	37	65	4C	E1	87	3E	E0	6F	E5	C7	DE	9D	E5	C7	BE	68	E7	C7	38	1D	E6	C7	51	A7	34	C8	00	A4	1F	43	00	EE	6C	43	00	40	DB	42	00	10	40	42	00	F8	21	43	00	00	00	00	00	00	00	00	00	00	00	00	00	00	00	00	00	00	00	00
8.267	3D DATA	true	-	0	28536	25911	-117471.8	-117563.7	-118481.5	-117818.4	-184989.3	159.6	236.9	109.6	48.0	162.0	-	-	-	-	-
8.267	3D MESSAGE	52	00	B9	91	32	59	F5	8D	00	00	00	08	00	00	72	72	35	61	4C	E1	87	3E	79	6C	E5	C7	8A	99	E5	C7	F8	65	E7	C7	E0	1B	E6	C7	3E	A5	34	C8	00	72	26	43	00	96	75	43	00	58	E6	42	00	D0	4A	42	00	44	2A	43	00	00	00	00	00	00	00	00	00	00	00	00	00	00	00	00	00	00	00	00
8.267	3D DATA	true	-	0	29298	24885	-117464.9	-117555.1	-118475.9	-117815.8	-184981.0	166.4	245.6	115.2	50.7	170.3	-	-	-	-	-
8.267	3D MESSAGE	4E	00	BA	91	30	59	F6	8D	00	00	83	75	6C	5D	4C	E1	87	3E	07	69	E5	C7	4E	95	E5	C7	21	63	E7	C7	8E	1A	E6	C7	1C	A3	34	C8	00	56	2D	43	00	0E	7E	43	00	B4	F1	42	00	60	55	42	00	CC	32	43	00	00	00	00	00	00	00	00	00	00	00	00	00	00	00	00	00	00	00	00
8.267	3D DATA	true	-	0	30083	23916	-117458.1	-117546.6	-118470.3	-117813.1	-184972.4	173.3	254.1	120.9	53.3	178.8	-	-	-	-	-
8.293	3D MESSAGE	4E	00	BB	91	30	59	F7	8D	00	00	A1	78	E5	59	4C	E1	87	3E	91	65	E5	C7	3E	91	E5	C7	40	60	E7	C7	49	19	E6	C7	EE	A0	34	C8	00	42	34	43	00	17	83	43	00	38	FD	42	00	88	5F	42	00	84	3B	43	00	00	00	00	00	00	00	00	00	00	00	00	00	00	00	00	00	00	00	00
8.293	3D DATA	true	-	0	30881	23013	-117451.1	-117538.5	-118464.5	-117810.6	-184963.7	180.3	262.2	126.6	55.9	187.5	-	-	-	-	-
8.293	3D MESSAGE	4E	00	BC	91	30	59	F8	8D	00	00	C6	7B	A0	56	4C	E1	87	3E	1F	62	E5	C7	69	8D	E5	C7	53	5D	E7	C7	14	18	E6	C7	B5	9E	34	C8	00	26	3B	43	00	EC	86	43	00	76	04	43	00	30	69	42	00	68	44	43	00	00	00	00	00	00	00	00	00	00	00	00	00	00	00	00	00	00	00	00
8.293	3D DATA	true	-	0	31686	22176	-117444.2	-117530.8	-118458.6	-117808.2	-184954.8	187.1	269.8	132.5	58.3	196.4	-	-	-	-	-
8.294	3D MESSAGE	4E	00	BD	91	30	59	F9	8D	00	00	EC	7E	9E	53	4C	E1	87	3E	B8	5E	E5	C7	E0	89	E5	C7	5A	5A	E7	C7	EE	16	E6	C7	73	9C	34	C8	00	F4	41	43	00	75	8A	43	00	68	0A	43	00	60	72	42	00	70	4D	43	00	00	00	00	00	00	00	00	00	00	00	00	00	00	00	00	00	00	00	00
8.294	3D DATA	true	-	0	32492	21406	-117437.4	-117523.8	-118452.7	-117805.9	-184945.8	194.0	276.9	138.4	60.6	205.4	-	-	-	-	-
8.294	3D MESSAGE	4E	00	BE	91	30	59	FA	8D	00	00	0D	82	DC	50	4C	E1	87	3E	64	5B	E5	C7	AE	86	E5	C7	51	57	E7	C7	D6	15	E6	C7	2A	9A	34	C8	00	9C	48	43	00	A7	8D	43	00	7A	10	43	00	20	7B	42	00	94	56	43	00	00	00	00	00	00	00	00	00	00	00	00	00	00	00	00	00	00	00	00
8.294	3D DATA	true	-	0	33293	20700	-117430.8	-117517.4	-118446.6	-117803.7	-184936.7	200.6	283.3	144.5	62.8	214.6	-	-	-	-	-
8.294	3D MESSAGE	4E	00	BF	91	30	59	FB	8D	00	00	28	85	56	4E	4C	E1	87	3E	29	58	E5	C7	DB	83	E5	C7	33	54	E7	C7	C7	14	E6	C7	DA	97	34	C8	00	12	4F	43	00	7A	90	43	00	B6	16	43	00	CC	81	42	00	D4	5F	43	00	00	00	00	00	00	00	00	00	00	00	00	00	00	00	00	00	00	00	00
8.294	3D DATA	true	-	0	34088	20054	-117424.3	-117511.7	-118440.4	-117801.6	-184927.4	207.1	289.0	150.7	64.9	223.8	-	-	-	-	-
8.295	3D MESSAGE	4E	00	C0	91	30	59	FC	8D	00	00	3C	88	05	4C	4C	E1	87	3E	09	55	E5	C7	6C	81	E5	C7	FC	50	E7	C7	BA	13	E6	C7	86	95	34	C8	00	52	55	43	00	E9	92	43	00	24	1D	43	00	00	86	42	00	24	69	43	00	00	00	00	00	00	00	00	00	00	00	00	00	00	00	00	00	00	00	00
8.295	3D DATA	true	-	0	34876	19461	-117418.1	-117506.8	-118434.0	-117799.5	-184918.1	213.3	293.8	157.1	67.0	233.1	-	-	-	-	-
8.325	3D MESSAGE	4E	00	C1	91	30	59	FD	8D	57	00	48	8B	E1	49	4C	E1	87	3E	04	52	E5	C7	62	7F	E5	C7	A5	4D	E7	C7	A4	12	E6	C7	2F	93	34	C8	00	5C	5B	43	00	F3	94	43	00	D2	23	43	00	58	8A	42	00	80	72	43	00	00	00	00	00	00	00	00	00	00	00	00	00	00	00	00	00	00	00	00
8.325	3D DATA	true	-	87	35656	18913	-117412.0	-117502.8	-118427.3	-117797.3	-184908.7	219.4	297.9	163.8	69.2	242.5	-	-	-	-	-
8.325	3D MESSAGE	4E	00	C2	91	30	59	FE	8D	30	01	4E	8E	E2	47	4C	E1	87	3E	17	4F	E5	C7	C1	7D	E5	C7	28	4A	E7	C7	7B	11	E6	C7	D7	90	34	C8	00	36	61	43	00	94	96	43	00	CC	2A	43	00	FC	8E	42	00	E0	7B	43	00	00	00	00	00	00	00	00	00	00	00	00	00	00	00	00	00	00	00	00
8.326	3D DATA	true	-	304	36430	18402	-117406.2	-117499.5	-118420.3	-117795.0	-184899.4	225.2	301.2	170.8	71.5	251.9	-	-	-	-	-
8.326	3D MESSAGE	4E	00	C3	91	30	59	FF	8D	88	02	52	91	00	46	4C	E1	87	3E	3E	4C	E5	C7	88	7C	E5	C7	82	46	E7	C7	32	10	E6	C7	7E	8E	34	C8	00	E8	66	43	00	CD	97	43	00	18	32	43	00	20	94	42	00	A2	82	43	00	00	00	00	00	00	00	00	00	00	00	00	00	00	00	00	00	00	00	00
8.326	3D DATA	true	-	648	37202	17920	-117400.5	-117497.1	-118413.0	-117792.4	-184890.0	230.9	303.6	178.1	74.1	261.3	-	-	-	-	-
8.327	3D MESSAGE	4E	00	C4	91	30	59	00	8D	60	04	58	94	36	44	4C	E1	87	3E	77	49	E5	C7	BC	7B	E5	C7	B2	42	E7	C7	BF	0E	E6	C7	23	8C	34	C8	00	76	6C	43	00	99	98	43	00	B8	39	43	00	EC	99	42	00	58	87	43	00	00	00	00	00	00	00	00	00	00	00	00	00	00	00	00	00	00	00	00
8.327	3D DATA	true	-	1120	37976	17462	-117394.9	-117495.5	-118405.4	-117789.5	-184880.5	236.5	305.2	185.7	77.0	270.7	-	-	-	-	-
8.327	3D MESSAGE	4E	00	C5	91	30	59	01	8D	C2	06	66	97	84	42	98	16	4A	40	C0	46	E5	C7	60	7B	E5	C7	BE	3E	E7	C7	1F	0D	E6	C7	CA	89	34	C8	00	E4	71	43	00	F5	98	43	00	A0	41	43	00	6C	A0	42	00	0A	8C	43	00	00	00	00	00	00	00	00	00	00	00	00	00	00	00	00	00	00	00	00
8.327	3D DATA	true	-	1730	38758	17028	-117389.5	-117494.8	-118397.5	-117786.2	-184871.2	241.9	305.9	193.6	80.2	280.1	-	-	-	-	-
8.328	3D MESSAGE	52	00	C6	91	32	59	02	8D	00	00	00	88	BA	09	7D	9A	EC	40	98	16	4A	40	1F	44	E5	C7	78	7B	E5	C7	AE	3A	E7	C7	56	0B	E6	C7	74	87	34	C8	00	26	77	43	00	DD	98	43	00	C0	49	43	00	90	A7	42	00	B6	90	43	00	00	00	00	00	00	00	00	00	00	00	00	00	00	00	00	00	00	00	00
8.328	3D DATA	true	-	2490	39549	16620	-117384.2	-117494.9	-118389.4	-117782.7	-184861.8	247.1	305.7	201.8	83.8	289.4	-	-	-	-	-
8.358	3D MESSAGE	4E	00	C7	91	30	59	03	8D	52	0D	9D	9D	76	3F	98	16	4A	40	9D	41	E5	C7	0C	7C	E5	C7	93	36	E7	C7	6E	09	E6	C7	26	85	34	C8	00	2A	7C	43	00	49	98	43	00	F6	51	43	00	30	AF	42	00	52	95	43	00	00	00	00	00	00	00	00	00	00	00	00	00	00	00	00	00	00	00	00
8.358	3D DATA	true	-	3410	40349	16246	-117379.2	-117496.1	-118381.1	-117778.9	-184852.6	252.2	304.6	210.0	87.6	298.6	-	-	-	-	-
8.358	3D MESSAGE	4E	00	C8	91	30	59	04	8D	91	11	C2	A0	2B	3E	98	16	4A	40	46	3F	E5	C7	21	7D	E5	C7	7C	32	E7	C7	76	07	E6	C7	E6	82	34	C8	00	6C	80	43	00	34	97	43	00	24	5A	43	00	10	B7	42	00	D2	99	43	00	00	00	00	00	00	00	00	00	00	00	00	00	00	00	00	00	00	00	00
8.358	3D DATA	true	-	4497	41154	15915	-117374.5	-117498.3	-118373.0	-117774.9	-184843.6	256.8	302.4	218.1	91.5	307.6	-	-	-	-	-
8.359	3D MESSAGE	4E	00	C9	91	30	59	05	8D	76	16	E1	A3	12	3D	98	16	4A	40	26	3D	E5	C7	B8	7E	E5	C7	77	2E	E7	C7	7A	05	E6	C7	BC	80	34	C8	00	8C	82	43	00	9D	95	43	00	2E	62	43	00	00	BF	42	00	26	9E	43	00	00	00	00	00	00	00	00	00	00	00	00	00	00	00	00	00	00	00	00
8.359	3D DATA	true	-	5750	41953	15634	-117370.3	-117501.4	-118364.9	-117771.0	-184834.9	261.1	299.2	226.2	95.5	316.3	-	-	-	-	-
8.359	3D MESSAGE	4E	00	CA	91	30	59	06	8D	F1	1B	E7	A6	2B	3C	98	16	4A	40	45	3B	E5	C7	CC	80	E5	C7	8E	2A	E7	C7	84	03	E6	C7	AA	7E	34	C8	00	6D	84	43	00	89	93	43	00	00	6A	43	00	D8	C6	42	00	4A	A2	43	00	00	00	00	00	00	00	00	00	00	00	00	00	00	00	00	00	00	00	00
8.359	3D DATA	true	-	7153	42727	15403	-117366.5	-117505.6	-118357.1	-117767.0	-184826.7	264.9	295.1	234.0	99.4	324.6	-	-	-	-	-
8.359	3D MESSAGE	4E	00	CB	91	30	59	07	8D	DF	21	C2	A9	74	3B	98	16	4A	40	A8	39	E5	C7	56	83	E5	C7	C6	26	E7	C7	9A	01	E6	C7	B5	7C	34	C8	00	0A	86	43	00	FF	90	43	00	90	71	43	00	80	CE	42	00	34	A6	43	00	00	00	00	00	00	00	00	00	00	00	00	00	00	00	00	00	00	00	00
8.359	3D DATA	true	-	8671	43458	15220	-117363.3	-117510.7	-118349.5	-117763.2	-184818.8	268.1	290.0	241.6	103.2	332.4	-	-	-	-	-
8.359	3D MESSAGE	4E	00	CC	91	30	59	08	8D	10	28	60	AC	E8	3A	98	16	4A	40	4B	38	E5	C7	45	86	E5	C7	1B	23	E7	C7	B9	FF	E5	C7	DD	7A	34	C8	00	67	87	43	00	10	8E	43	00	E6	78	43	00	04	D6	42	00	E4	A9	43	00	00	00	00	00	00	00	00	00	00	00	00	00	00	00	00	00	00	00	00
8.360	3D DATA	true	-	10256	44128	15080	-117360.6	-117516.5	-118342.2	-117759.4	-184811.5	270.8	284.1	248.9	107.0	339.8	-	-	-	-	-
8.385	3D MESSAGE	4E	00	CD	91	30	59	09	8D	4C	2E	B8	AE	7C	3A	98	16	4A	40	29	37	E5	C7	86	89	E5	C7	8C	1F	E7	C7	DC	FD	E5	C7	21	79	34	C8	00	89	88	43	00	CF	8A	43	00	02	80	43	00	78	DD	42	00	5C	AD	43	00	00	00	00	00	00	00	00	00	00	00	00	00	00	00	00	00	00	00	00
8.385	3D DATA	true	-	11852	44728	14972	-117358.3	-117523.0	-118335.1	-117755.7	-184804.5	273.1	277.6	256.0	110.7	346.7	-	-	-	-	-
8.386	3D MESSAGE	4E	00	CE	91	30	59	0A	8D	61	34	CC	B0	29	3A	98	16	4A	40	37	36	E5	C7	06	8D	E5	C7	13	1C	E7	C7	FC	FB	E5	C7	82	77	34	C8	00	7B	89	43	00	4F	87	43	00	7B	83	43	00	F8	E4	42	00	9A	B0	43	00	00	00	00	00	00	00	00	00	00	00	00	00	00	00	00	00	00	00	00
8.386	3D DATA	true	-	13409	45260	14889	-117356.4	-117530.0	-118328.1	-117752.0	-184798.0	275.0	270.6	263.0	114.5	353.2	-	-	-	-	-
8.387	3D MESSAGE	4E	00	CF	91	30	59	0B	8D	2F	3A	A2	B2	E8	39	98	16	4A	40	6E	35	E5	C7	B8	90	E5	C7	B1	18	E7	C7	10	FA	E5	C7	00	76	34	C8	00	44	8A	43	00	9D	83	43	00	DD	86	43	00	A8	EC	42	00	9E	B3	43	00	00	00	00	00	00	00	00	00	00	00	00	00	00	00	00	00	00	00	00
8.387	3D DATA	true	-	14895	45730	14824	-117354.9	-117537.4	-118321.4	-117748.1	-184792.0	276.5	263.2	269.7	118.3	359.2	-	-	-	-	-
8.387	3D MESSAGE	4E	00	D0	91	30	59	0C	8D	AB	3F	44	B4	B3	39	98	16	4A	40	CB	34	E5	C7	91	94	E5	C7	69	15	E7	C7	14	F8	E5	C7	A1	74	34	C8	00	E7	8A	43	00	88	7F	43	00	25	8A	43	00	98	F4	42	00	5C	B6	43	00	00	00	00	00	00	00	00	00	00	00	00	00	00	00	00	00	00	00	00
8.387	3D DATA	true	-	16299	46148	14771	-117353.6	-117545.1	-118314.8	-117744.2	-184786.5	277.8	255.5	276.3	122.3	364.7	-	-	-	-	-
8.388	3D MESSAGE	52	00	D1	91	32	59	0D	8D	00	00	00	A8	D9	44	BC	B5	89	39	98	16	4A	40	4D	34	E5	C7	8B	98	E5	C7	44	12	E7	C7	06	F6	E5	C7	6A	73	34	C8	00	65	8B	43	00	94	77	43	00	4A	8D	43	00	D0	FC	42	00	CA	B8	43	00	00	00	00	00	00	00	00	00	00	00	00	00	00	00	00	00	00	00	00
8.388	3D DATA	true	-	17625	46524	14729	-117352.6	-117553.1	-118308.5	-117740.0	-184781.7	278.8	247.6	282.6	126.4	369.6	-	-	-	-	-
8.388	3D MESSAGE	4E	00	D2	91	30	59	0E	8D	C3	49	13	B7	68	39	98	16	4A	40	F7	33	E5	C7	A2	9C	E5	C7	49	0F	E7	C7	E8	F3	E5	C7	5E	72	34	C8	00	BB	8B	43	00	66	6F	43	00	45	90	43	00	A4	02	43	00	E2	BA	43	00	00	00	00	00	00	00	00	00	00	00	00	00	00	00	00	00	00	00	00
8.388	3D DATA	true	-	18883	46867	14696	-117351.9	-117561.3	-118302.6	-117735.8	-184777.5	279.5	239.4	288.5	130.6	373.8	-	-	-	-	-
8.418	3D MESSAGE	4E	00	D3	91	30	59	0F	8D	77	4E	50	B8	51	39	98	16	4A	40	D0	33	E5	C7	D1	A0	E5	C7	84	0C	E7	C7	BC	F1	E5	C7	84	71	34	C8	00	E2	8B	43	00	08	67	43	00	0A	93	43	00	FC	06	43	00	96	BC	43	00	00	00	00	00	00	00	00	00	00	00	00	00	00	00	00	00	00	00	00
8.418	3D DATA	true	-	20087	47184	14673	-117351.6	-117569.6	-118297.0	-117731.5	-184774.1	279.8	231.0	294.1	135.0	377.2	-	-	-	-	-
8.418	3D MESSAGE	4E	00	D4	91	30	59	10	8D	03	53	7A	B9	42	39	98	16	4A	40	DA	33	E5	C7	10	A5	E5	C7	FA	09	E7	C7	86	EF	E5	C7	DA	70	34	C8	00	D8	8B	43	00	8A	5E	43	00	94	95	43	00	68	0B	43	00	EA	BD	43	00	00	00	00	00	00	00	00	00	00	00	00	00	00	00	00	00	00	00	00
8.418	3D DATA	true	-	21251	47482	14658	-117351.7	-117578.1	-118292.0	-117727.0	-184771.4	279.7	222.5	299.2	139.4	379.8	-	-	-	-	-
8.419	3D MESSAGE	4E	00	D5	91	30	59	11	8D	70	57	96	BA	3C	39	98	16	4A	40	18	34	E5	C7	51	A9	E5	C7	AE	07	E7	C7	46	ED	E5	C7	5B	70	34	C8	00	9A	8B	43	00	08	56	43	00	E0	97	43	00	E8	0F	43	00	E8	BE	43	00	00	00	00	00	00	00	00	00	00	00	00	00	00	00	00	00	00	00	00
8.419	3D DATA	true	-	22384	47766	14652	-117352.2	-117586.6	-118287.4	-117722.5	-184769.4	279.2	214.0	303.8	143.9	381.8	-	-	-	-	-
8.419	3D MESSAGE	4E	00	D6	91	30	59	12	8D	C6	5B	A8	BB	3E	39	98	16	4A	40	89	34	E5	C7	88	AD	E5	C7	A2	05	E7	C7	01	EB	E5	C7	00	70	34	C8	00	29	8B	43	00	9A	4D	43	00	EC	99	43	00	72	14	43	00	9E	BF	43	00	00	00	00	00	00	00	00	00	00	00	00	00	00	00	00	00	00	00	00
8.419	3D DATA	true	-	23494	48040	14654	-117353.1	-117595.1	-118283.3	-117718.0	-184768.0	278.3	205.6	307.8	148.4	383.2	-	-	-	-	-
8.419	3D MESSAGE	4E	00	D7	91	30	59	13	8D	0B	60	B1	BC	46	39	98	16	4A	40	25	35	E5	C7	A6	B1	E5	C7	D2	03	E7	C7	B5	E8	E5	C7	C2	6F	34	C8	00	8D	8A	43	00	5E	45	43	00	BC	9B	43	00	0A	19	43	00	1A	C0	43	00	00	00	00	00	00	00	00	00	00	00	00	00	00	00	00	00	00	00	00
8.419	3D DATA	true	-	24587	48305	14662	-117354.3	-117603.3	-118279.6	-117713.4	-184767.0	277.1	197.4	311.5	153.0	384.2	-	-	-	-	-
8.420	3D MESSAGE	4E	00	D8	91	30	59	14	8D	42	64	B5	BD	54	39	98	16	4A	40	E9	35	E5	C7	A3	B5	E5	C7	3C	02	E7	C7	62	E6	E5	C7	98	6F	34	C8	00	C9	89	43	00	64	3D	43	00	52	9D	43	00	B0	1D	43	00	6E	C0	43	00	00	00	00	00	00	00	00	00	00	00	00	00	00	00	00	00	00	00	00
8.420	3D DATA	true	-	25666	48565	14676	-117355.8	-117611.3	-118276.5	-117708.8	-184766.4	275.6	189.4	314.6	157.7	384.9	-	-	-	-	-
8.450	3D MESSAGE	4E	00	D9	91	30	59	15	8D	6C	68	B4	BE	66	39	98	16	4A	40	CD	36	E5	C7	77	B9	E5	C7	D9	00	E7	C7	08	E4	E5	C7	80	6F	34	C8	00	E5	88	43	00	BC	35	43	00	B5	9E	43	00	64	22	43	00	9E	C0	43	00	00	00	00	00	00	00	00	00	00	00	00	00	00	00	00	00	00	00	00
8.450	3D DATA	true	-	26732	48820	14694	-117357.6	-117618.9	-118273.7	-117704.1	-184766.0	273.8	181.7	317.4	162.4	385.2	-	-	-	-	-
8.450	3D MESSAGE	4E	00	DA	91	30	59	16	8D	8A	6C	AF	BF	7E	39	98	16	4A	40	D1	37	E5	C7	23	BD	E5	C7	A6	FF	E6	C7	A8	E1	E5	C7	7A	6F	34	C8	00	E1	87	43	00	64	2E	43	00	E8	9F	43	00	24	27	43	00	AA	C0	43	00	00	00	00	00	00	00	00	00	00	00	00	00	00	00	00	00	00	00	00
8.450	3D DATA	true	-	27786	49071	14718	-117359.6	-117626.3	-118271.3	-117699.3	-184765.9	271.8	174.4	319.8	167.1	385.3	-	-	-	-	-
8.451	3D MESSAGE	4E	00	DB	91	30	59	17	8D	9D	70	A9	C0	99	39	98	16	4A	40	F4	38	E5	C7	AA	C0	E5	C7	9D	FE	E6	C7	42	DF	E5	C7	8B	6F	34	C8	00	BE	86	43	00	56	27	43	00	F1	A0	43	00	F0	2B	43	00	88	C0	43	00	00	00	00	00	00	00	00	00	00	00	00	00	00	00	00	00	00	00	00
8.451	3D DATA	true	-	28829	49321	14745	-117361.9	-117633.3	-118269.2	-117694.5	-184766.2	269.5	167.3	321.9	171.9	385.1	-	-	-	-	-
8.451	3D MESSAGE	4E	00	DC	91	30	59	18	8D	A5	74	A3	C1	BA	39	98	16	4A	40	38	3A	E5	C7	10	C4	E5	C7	BC	FD	E6	C7	D5	DC	E5	C7	B7	6F	34	C8	00	7A	85	43	00	8A	20	43	00	D2	A1	43	00	CA	30	43	00	30	C0	43	00	00	00	00	00	00	00	00	00	00	00	00	00	00	00	00	00	00	00	00
8.451	3D DATA	true	-	29861	49571	14778	-117364.4	-117640.1	-118267.5	-117689.7	-184766.9	267.0	160.5	323.6	176.8	384.4	-	-	-	-	-
8.451	3D MESSAGE	4E	00	DD	91	30	59	19	8D	A3	78	A0	C2	E1	39	98	16	4A	40	A2	3B	E5	C7	5E	C7	E5	C7	02	FD	E6	C7	60	DA	E5	C7	05	70	34	C8	00	10	84	43	00	EE	19	43	00	8C	A2	43	00	B4	35	43	00	94	BF	43	00	00	00	00	00	00	00	00	00	00	00	00	00	00	00	00	00	00	00	00
8.452	3D DATA	true	-	30883	49824	14817	-117367.3	-117646.7	-118266.0	-117684.8	-184768.1	264.1	153.9	325.1	181.7	383.2	-	-	-	-	-
8.453	3D MESSAGE	4E	00	DE	91	30	59	1A	8D	9A	7C	A3	C3	0F	3A	98	16	4A	40	34	3D	E5	C7	99	CA	E5	C7	6E	FC	E6	C7	E2	D7	E5	C7	78	70	34	C8	00	7E	82	43	00	78	13	43	00	20	A3	43	00	B0	3A	43	00	AE	BE	43	00	00	00	00	00	00	00	00	00	00	00	00	00	00	00	00	00	00	00	00
8.453	3D DATA	true	-	31898	50083	14863	-117370.4	-117653.2	-118264.9	-117679.8	-184769.9	261.0	147.5	326.2	186.7	381.4	-	-	-	-	-
8.453	3D MESSAGE	4E	00	DF	91	30	59	1B	8D	8E	80	AD	C4	46	3A	98	16	4A	40	ED	3E	E5	C7	C7	CD	E5	C7	04	FC	E6	C7	57	D5	E5	C7	12	71	34	C8	00	C5	80	43	00	1C	0D	43	00	8A	A3	43	00	C6	3F	43	00	7A	BD	43	00	00	00	00	00	00	00	00	00	00	00	00	00	00	00	00	00	00	00	00
8.453	3D DATA	true	-	32910	50349	14918	-117373.9	-117659.6	-118264.0	-117674.7	-184772.3	257.5	141.1	327.1	191.8	379.0	-	-	-	-	-
8.478	3D MESSAGE	4E	00	E0	91	30	59	1C	8D	85	84	C2	C5	89	3A	98	16	4A	40	CA	40	E5	C7	E9	D0	E5	C7	C5	FB	E6	C7	BE	D2	E5	C7	D0	71	34	C8	00	D0	7D	43	00	D8	06	43	00	C9	A3	43	00	F8	44	43	00	FE	BB	43	00	00	00	00	00	00	00	00	00	00	00	00	00	00	00	00	00	00	00	00
8.478	3D DATA	true	-	33925	50626	14985	-117377.6	-117665.8	-118263.5	-117669.5	-184775.2	253.8	134.8	327.6	197.0	376.0	-	-	-	-	-
8.479	3D MESSAGE	4E	00	E1	91	30	59	1D	8D	81	88	E0	C6	DB	3A	98	16	4A	40	C3	42	E5	C7	FB	D3	E5	C7	B6	FB	E6	C7	14	D0	E5	C7	AE	72	34	C8	00	DE	79	43	00	B4	00	43	00	D8	A3	43	00	4C	4A	43	00	42	BA	43	00	00	00	00	00	00	00	00	00	00	00	00	00	00	00	00	00	00	00	00
8.479	3D DATA	true	-	34945	50912	15067	-117381.5	-117672.0	-118263.4	-117664.2	-184778.7	249.9	128.7	327.7	202.3	372.5	-	-	-	-	-
8.479	3D MESSAGE	4E	00	E2	91	30	59	1E	8D	86	8C	09	C8	3D	3B	98	16	4A	40	D2	44	E5	C7	F5	D6	E5	C7	D6	FB	E6	C7	5B	CD	E5	C7	A6	73	34	C8	00	C0	75	43	00	80	F5	42	00	B8	A3	43	00	BE	4F	43	00	52	B8	43	00	00	00	00	00	00	00	00	00	00	00	00	00	00	00	00	00	00	00	00
8.479	3D DATA	true	-	35974	51209	15165	-117385.6	-117677.9	-118263.7	-117658.7	-184782.6	245.8	122.8	327.4	207.7	368.6	-	-	-	-	-
8.480	3D MESSAGE	4E	00	E3	91	30	59	1F	8D	94	90	3A	C9	AE	3B	98	16	4A	40	F0	46	E5	C7	CE	D9	E5	C7	27	FC	E6	C7	93	CA	E5	C7	B4	74	34	C8	00	84	71	43	00	1C	EA	42	00	67	A3	43	00	4E	55	43	00	36	B6	43	00	00	00	00	00	00	00	00	00	00	00	00	00	00	00	00	00	00	00	00
8.480	3D DATA	true	-	37012	51514	15278	-117389.9	-117683.6	-118264.3	-117653.1	-184786.8	241.5	117.1	326.8	213.3	364.4	-	-	-	-	-
8.480	3D MESSAGE	4E	00	E4	91	30	59	20	8D	AC	94	73	CA	2B	3C	98	16	4A	40	20	49	E5	C7	82	DC	E5	C7	AC	FC	E6	C7	C2	C7	E5	C7	D4	75	34	C8	00	24	6D	43	00	4C	DF	42	00	E2	A2	43	00	F0	5A	43	00	F6	B3	43	00	00	00	00	00	00	00	00	00	00	00	00	00	00	00	00	00	00	00	00
8.480	3D DATA	true	-	38060	51827	15403	-117394.2	-117689.0	-118265.3	-117647.5	-184791.3	237.1	111.6	325.8	218.9	359.9	-	-	-	-	-
8.481	3D MESSAGE	4E	00	E5	91	30	59	21	8D	CB	98	B5	CB	A9	3C	98	16	4A	40	64	4B	E5	C7	0D	DF	E5	C7	66	FD	E6	C7	EE	C4	E5	C7	0A	77	34	C8	00	9C	68	43	00	20	D5	42	00	28	A2	43	00	98	60	43	00	8A	B1	43	00	00	00	00	00	00	00	00	00	00	00	00	00	00	00	00	00	00	00	00
8.481	3D DATA	true	-	39115	52149	15529	-117398.8	-117694.1	-118266.8	-117641.9	-184796.2	232.6	106.6	324.3	224.6	355.1	-	-	-	-	-
8.512	3D MESSAGE	4E	00	E6	91	30	59	22	8D	F1	9C	02	CD	24	3D	98	16	4A	40	C7	4D	E5	C7	74	E1	E5	C7	58	FE	E6	C7	20	C2	E5	C7	56	78	34	C8	00	D6	63	43	00	84	CB	42	00	36	A1	43	00	34	66	43	00	F2	AE	43	00	00	00	00	00	00	00	00	00	00	00	00	00	00	00	00	00	00	00	00
8.512	3D DATA	true	-	40177	52482	15652	-117403.6	-117698.9	-118268.7	-117636.2	-184801.3	227.8	101.8	322.4	230.2	349.9	-	-	-	-	-
8.513	3D MESSAGE	4E	00	E7	91	30	59	23	8D	1E	A1	5B	CE	9C	3D	98	16	4A	40	52	50	E5	C7	C0	E3	E5	C7	85	FF	E6	C7	5F	BF	E5	C7	C0	79	34	C8	00	C0	5E	43	00	54	C2	42	00	09	A0	43	00	B6	6B	43	00	1E	AC	43	00	00	00	00	00	00	00	00	00	00	00	00	00	00	00	00	00	00	00	00
8.513	3D DATA	true	-	41246	52827	15772	-117408.6	-117703.5	-118271.0	-117630.7	-184807.0	222.8	97.2	320.1	235.7	344.2	-	-	-	-	-
8.513	3D MESSAGE	4E	00	E8	91	30	59	24	8D	53	A5	C8	CF	16	3E	98	16	4A	40	0D	53	E5	C7	F4	E5	E5	C7	EF	00	E7	C7	B0	BC	E5	C7	46	7B	34	C8	00	4A	59	43	00	84	B9	42	00	9F	9E	43	00	14	71	43	00	12	A9	43	00	00	00	00	00	00	00	00	00	00	00	00	00	00	00	00	00	00	00	00
8.513	3D DATA	true	-	42323	53192	15894	-117414.1	-117707.9	-118273.9	-117625.4	-184813.1	217.3	92.8	317.2	241.1	338.1	-	-	-	-	-
8.513	3D MESSAGE	4E	00	E9	91	30	59	25	8D	92	A9	4C	D1	99	3E	98	16	4A	40	F8	55	E5	C7	14	E8	E5	C7	96	02	E7	C7	16	BA	E5	C7	EC	7C	34	C8	00	74	53	43	00	04	B1	42	00	F8	9C	43	00	48	76	43	00	C6	A5	43	00	00	00	00	00	00	00	00	00	00	00	00	00	00	00	00	00	00	00	00
8.513	3D DATA	true	-	43410	53580	16025	-117419.9	-117712.2	-118277.2	-117620.2	-184819.7	211.5	88.5	313.9	246.3	331.5	-	-	-	-	-
8.514	3D MESSAGE	4E	00	EA	91	30	59	26	8D	DF	AD	EB	D2	2E	3F	98	16	4A	40	0B	59	E5	C7	1C	EA	E5	C7	79	04	E7	C7	8D	B7	E5	C7	AA	7E	34	C8	00	4E	4D	43	00	E4	A8	42	00	15	9B	43	00	5A	7B	43	00	4A	A2	43	00	00	00	00	00	00	00	00	00	00	00	00	00	00	00	00	00	00	00	00
8.514	3D DATA	true	-	44511	53995	16174	-117426.1	-117716.2	-118280.9	-117615.1	-184826.7	205.3	84.4	310.2	251.4	324.6	-	-	-	-	-
8.514	3D MESSAGE	4E	00	EB	91	30	59	27	8D	39	B2	A9	D4	D9	3F	98	16	4A	40	3B	5C	E5	C7	05	EC	E5	C7	95	06	E7	C7	16	B5	E5	C7	7D	80	34	C8	00	EE	46	43	00	40	A1	42	00	F9	98	43	00	24	80	43	00	A4	9E	43	00	00	00	00	00	00	00	00	00	00	00	00	00	00	00	00	00	00	00	00
8.514	3D DATA	true	-	45625	54441	16345	-117432.5	-117720.0	-118285.2	-117610.2	-184834.0	198.9	80.6	305.9	256.3	317.3	-	-	-	-	-
8.544	3D MESSAGE	4E	00	EC	91	30	59	28	8D	A2	B6	84	D6	9C	40	98	16	4A	40	78	5F	E5	C7	C8	ED	E5	C7	E8	08	E7	C7	AF	B2	E5	C7	62	82	34	C8	00	74	40	43	00	34	9A	42	00	A6	96	43	00	8B	82	43	00	DA	9A	43	00	00	00	00	00	00	00	00	00	00	00	00	00	00	00	00	00	00	00	00
8.544	3D DATA	true	-	46754	54916	16540	-117438.9	-117723.6	-118289.8	-117605.4	-184841.5	192.5	77.1	301.3	261.1	309.7	-	-	-	-	-
8.545	3D MESSAGE	4E	00	ED	91	30	59	29	8D	1A	BB	7C	D8	71	41	00	C1	C5	3E	B9	62	E5	C7	65	EF	E5	C7	73	0B	E7	C7	60	B0	E5	C7	56	84	34	C8	00	F2	39	43	00	C0	93	42	00	1B	94	43	00	DA	84	43	00	F2	96	43	00	00	00	00	00	00	00	00	00	00	00	00	00	00	00	00	00	00	00	00
8.545	3D DATA	true	-	47898	55420	16753	-117445.4	-117726.8	-118294.9	-117600.8	-184849.3	185.9	73.9	296.2	265.7	301.9	-	-	-	-	-
8.545	3D MESSAGE	4E	00	EE	91	30	59	2A	8D	A0	BF	8D	DA	53	42	00	C1	C5	3E	F7	65	E5	C7	DF	F0	E5	C7	3A	0E	E7	C7	34	AE	E5	C7	5F	86	34	C8	00	76	33	43	00	D8	8D	42	00	54	91	43	00	06	87	43	00	E0	92	43	00	00	00	00	00	00	00	00	00	00	00	00	00	00	00	00	00	00	00	00
8.545	3D DATA	true	-	49056	55949	16979	-117451.9	-117729.7	-118300.5	-117596.4	-184857.5	179.5	70.9	290.7	270.0	293.8	-	-	-	-	-
8.545	3D MESSAGE	4E	00	EF	91	30	59	2B	8D	34	C4	B3	DC	42	43	00	C1	C5	3E	34	69	E5	C7	43	F2	E5	C7	42	11	E7	C7	3E	AC	E5	C7	82	88	34	C8	00	FC	2C	43	00	48	88	42	00	4C	8E	43	00	FC	88	43	00	9A	8E	43	00	00	00	00	00	00	00	00	00	00	00	00	00	00	00	00	00	00	00	00
8.545	3D DATA	true	-	50228	56499	17218	-117458.4	-117732.5	-118306.5	-117592.5	-184866.0	173.0	68.1	284.6	274.0	285.2	-	-	-	-	-
8.546	3D MESSAGE	4E	00	F0	91	30	59	2C	8D	DA	C8	EE	DE	47	44	00	C1	C5	3E	74	6C	E5	C7	9F	F3	E5	C7	92	14	E7	C7	92	AA	E5	C7	C5	8A	34	C8	00	7C	26	43	00	D8	82	42	00	FC	8A	43	00	A8	8A	43	00	14	8A	43	00	00	00	00	00	00	00	00	00	00	00	00	00	00	00	00	00	00	00	00
8.546	3D DATA	true	-	51418	57070	17479	-117464.9	-117735.2	-118313.1	-117589.1	-184875.1	166.5	65.4	278.0	277.3	276.2	-	-	-	-	-
8.547	3D MESSAGE	4E	00	F1	91	30	59	2D	8D	94	CD	3C	E1	76	45	00	C1	C5	3E	BE	6F	E5	C7	FD	F4	E5	C7	2B	18	E7	C7	44	A9	E5	C7	2C	8D	34	C8	00	E8	1F	43	00	C0	7A	42	00	63	87	43	00	F6	8B	43	00	46	85	43	00	00	00	00	00	00	00	00	00	00	00	00	00	00	00	00	00	00	00	00
8.547	3D DATA	true	-	52628	57660	17782	-117471.5	-117738.0	-118320.3	-117586.5	-184884.7	159.9	62.7	270.8	279.9	266.5	-	-	-	-	-
8.548	3D MESSAGE	4E	00	F2	91	30	59	2E	8D	67	D2	A1	E3	E3	46	00	C1	C5	3E	14	73	E5	C7	62	F6	E5	C7	0A	1C	E7	C7	60	A8	E5	C7	B5	8F	34	C8	00	3C	19	43	00	98	6F	42	00	84	83	43	00	DA	8C	43	00	34	80	43	00	00	00	00	00	00	00	00	00	00	00	00	00	00	00	00	00	00	00	00
8.548	3D DATA	true	-	53863	58273	18147	-117478.2	-117740.8	-118328.1	-117584.8	-184894.8	153.2	59.9	263.0	281.7	256.4	-	-	-	-	-
8.573	3D MESSAGE	4E	00	F3	91	30	59	2F	8D	5A	D7	1F	E6	9C	48	00	C1	C5	3E	76	76	E5	C7	CC	F7	E5	C7	26	20	E7	C7	ED	A7	E5	C7	57	92	34	C8	00	78	12	43	00	48	64	42	00	D0	7E	43	00	4D	8D	43	00	E0	75	43	00	00	00	00	00	00	00	00	00	00	00	00	00	00	00	00	00	00	00	00
8.573	3D DATA	true	-	55130	58911	18588	-117484.9	-117743.6	-118336.3	-117583.9	-184905.4	146.5	57.1	254.8	282.6	245.9	-	-	-	-	-
8.574	3D MESSAGE	4E	00	F4	91	30	59	30	8D	70	DC	BB	E8	95	4A	00	C1	C5	3E	DB	79	E5	C7	2F	F9	E5	C7	70	24	E7	C7	EC	A7	E5	C7	05	95	34	C8	00	AE	0B	43	00	30	59	42	00	3C	76	43	00	4E	8D	43	00	28	6B	43	00	00	00	00	00	00	00	00	00	00	00	00	00	00	00	00	00	00	00	00
8.574	3D DATA	true	-	56432	59579	19093	-117491.7	-117746.4	-118344.9	-117583.8	-184916.1	139.7	54.3	246.2	282.6	235.2	-	-	-	-	-
8.575	3D MESSAGE	4E	00	F5	91	30	59	31	8D	AE	E1	75	EB	BC	4C	00	C1	C5	3E	3C	7D	E5	C7	86	FA	E5	C7	DA	28	E7	C7	58	A8	E5	C7	B4	97	34	C8	00	EC	04	43	00	78	4E	42	00	68	6D	43	00	E2	8C	43	00	6C	60	43	00	00	00	00	00	00	00	00	00	00	00	00	00	00	00	00	00	00	00	00
8.575	3D DATA	true	-	57774	60277	19644	-117498.5	-117749.0	-118353.7	-117584.7	-184926.8	132.9	51.6	237.4	281.8	224.4	-	-	-	-	-
8.575	3D MESSAGE	4E	00	F6	91	30	59	32	8D	15	E7	50	EE	02	4F	00	C1	C5	3E	8D	80	E5	C7	C8	FB	E5	C7	53	2D	E7	C7	2C	A9	E5	C7	58	9A	34	C8	00	94	FC	42	00	68	44	42	00	76	64	43	00	0E	8C	43	00	DC	55	43	00	00	00	00	00	00	00	00	00	00	00	00	00	00	00	00	00	00	00	00
8.575	3D DATA	true	-	59157	61008	20226	-117505.1	-117751.6	-118362.6	-117586.3	-184937.4	126.3	49.1	228.5	280.1	213.9	-	-	-	-	-
8.575	3D MESSAGE	4E	00	F7	91	30	59	33	8D	A8	EC	4A	F1	6A	51	00	C1	C5	3E	C8	83	E5	C7	F6	FC	E5	C7	D4	31	E7	C7	64	AA	E5	C7	EC	9C	34	C8	00	A8	EF	42	00	F8	3A	42	00	74	5B	43	00	D6	8A	43	00	8C	4B	43	00	00	00	00	00	00	00	00	00	00	00	00	00	00	00	00	00	00	00	00
8.576	3D DATA	true	-	60584	61770	20842	-117511.6	-117753.9	-118371.7	-117588.8	-184947.7	119.8	46.7	219.5	277.7	203.5	-	-	-	-	-
8.576	3D MESSAGE	4E	00	F8	91	30	59	34	8D	6A	F2	60	F4	FC	53	00	C1	C5	3E	E8	86	E5	C7	14	FE	E5	C7	5A	36	E7	C7	FB	AB	E5	C7	6F	9F	34	C8	00	28	E3	42	00	08	32	42	00	68	52	43	00	3F	89	43	00	80	41	43	00	00	00	00	00	00	00	00	00	00	00	00	00	00	00	00	00	00	00	00
8.576	3D DATA	true	-	62058	62560	21500	-117517.8	-117756.2	-118380.7	-117592.0	-184957.7	113.6	44.5	210.4	274.5	193.5	-	-	-	-	-
8.608	3D MESSAGE	4E	00	F9	91	30	59	35	8D	5F	F8	8D	F7	C2	56	00	C1	C5	3E	EC	89	E5	C7	2C	FF	E5	C7	E7	3A	E7	C7	F1	AD	E5	C7	E6	A1	34	C8	00	18	D7	42	00	48	29	42	00	4E	49	43	00	49	87	43	00	A4	37	43	00	00	00	00	00	00	00	00	00	00	00	00	00	00	00	00	00	00	00	00
8.608	3D DATA	true	-	63583	63373	22210	-117523.8	-117758.3	-118389.8	-117595.9	-184967.6	107.5	42.3	201.3	270.6	183.6	-	-	-	-	-
8.609	3D MESSAGE	4E	00	FA	91	30	59	36	8D	8F	FE	CA	FA	C5	59	00	C1	C5	3E	D3	8C	E5	C7	47	00	E6	C7	7F	3F	E7	C7	44	B0	E5	C7	56	A4	34	C8	00	7C	CB	42	00	70	20	42	00	1E	40	43	00	F6	84	43	00	E4	2D	43	00	00	00	00	00	00	00	00	00	00	00	00	00	00	00	00	00	00	00	00
8.609	3D DATA	true	-	65167	64202	22981	-117529.6	-117760.6	-118399.0	-117600.5	-184977.3	101.7	40.1	192.1	265.9	173.9	-	-	-	-	-
8.609	3D MESSAGE	4E	00	FB	91	30	59	37	8D	FE	FF	0F	FE	0F	5D	00	C1	C5	3E	A2	8F	E5	C7	6A	01	E6	C7	27	44	E7	C7	F3	B2	E5	C7	C5	A6	34	C8	00	40	C0	42	00	58	17	42	00	CE	36	43	00	47	82	43	00	28	24	43	00	00	00	00	00	00	00	00	00	00	00	00	00	00	00	00	00	00	00	00
8.609	3D DATA	true	-	65534	65039	23823	-117535.3	-117762.8	-118408.3	-117605.9	-184987.1	96.1	37.8	182.8	260.6	164.2	-	-	-	-	-
8.609	3D MESSAGE	4E	00	FC	91	30	59	38	8D	FE	FF	FF	FF	A6	60	00	C1	C5	3E	59	92	E5	C7	96	02	E6	C7	DC	48	E7	C7	F9	B5	E5	C7	32	A9	34	C8	00	64	B5	42	00	F8	0D	42	00	64	2D	43	00	82	7E	43	00	74	1A	43	00	00	00	00	00	00	00	00	00	00	00	00	00	00	00	00	00	00	00	00
8.609	3D DATA	true	-	65534	65535	24742	-117540.7	-117765.2	-118417.7	-117611.9	-184996.8	90.7	35.5	173.4	254.5	154.5	-	-	-	-	-
8.609	3D MESSAGE	4E	00	FD	91	30	59	39	8D	FE	FF	FF	FF	8A	64	00	C1	C5	3E	FA	94	E5	C7	C6	03	E6	C7	99	4D	E7	C7	52	B9	E5	C7	9C	AB	34	C8	00	E0	AA	42	00	78	04	42	00	EA	23	43	00	D0	77	43	00	CC	10	43	00	00	00	00	00	00	00	00	00	00	00	00	00	00	00	00	00	00	00	00
8.609	3D DATA	true	-	65534	65535	25738	-117546.0	-117767.5	-118427.2	-117618.6	-185006.4	85.4	33.1	163.9	247.8	144.8	-	-	-	-	-
8.610	3D MESSAGE	4E	00	FE	91	30	59	3A	8D	FE	FF	FF	FF	BA	68	00	C1	C5	3E	82	97	E5	C7	F0	04	E6	C7	4F	52	E7	C7	F5	BC	E5	C7	F9	AD	34	C8	00	C0	A0	42	00	50	F6	41	00	7E	1A	43	00	8A	70	43	00	58	07	43	00	00	00	00	00	00	00	00	00	00	00	00	00	00	00	00	00	00	00	00
8.610	3D DATA	true	-	65534	65535	26810	-117551.0	-117769.9	-118436.6	-117625.9	-185015.9	80.4	30.8	154.5	240.5	135.3	-	-	-	-	-
8.639	3D MESSAGE	4E	00	FF	91	30	59	3B	8D	FE	FF	FF	FF	2B	6D	00	C1	C5	3E	ED	99	E5	C7	06	06	E6	C7	EF	56	E7	C7	DB	C0	E5	C7	3D	B0	34	C8	00	14	97	42	00	F0	E4	41	00	3E	11	43	00	BE	68	43	00	90	FC	42	00	00	00	00	00	00	00	00	00	00	00	00	00	00	00	00	00	00	00	00
8.639	3D DATA	true	-	65534	65535	27947	-117555.9	-117772.0	-118445.9	-117633.7	-185025.0	75.5	28.6	145.2	232.7	126.3	-	-	-	-	-
8.639	3D MESSAGE	4E	00	00	91	30	59	3C	8D	FE	FF	FF	FF	D4	71	00	C1	C5	3E	36	9C	E5	C7	FE	06	E6	C7	67	5B	E7	C7	FB	C4	E5	C7	5F	B2	34	C8	00	F0	8D	42	00	70	D5	41	00	4E	08	43	00	7E	60	43	00	80	EB	42	00	00	00	00	00	00	00	00	00	00	00	00	00	00	00	00	00	00	00	00
8.639	3D DATA	true	-	65534	65535	29140	-117560.4	-117774.0	-118454.8	-117642.0	-185033.5	71.0	26.7	136.3	224.5	117.8	-	-	-	-	-
8.640	3D MESSAGE	4E	00	01	91	30	59	3D	8D	FE	FF	FF	FF	AA	76	00	C1	C5	3E	59	9E	E5	C7	D2	07	E6	C7	AB	5F	E7	C7	4B	C9	E5	C7	56	B4	34	C8	00	64	85	42	00	30	C8	41	00	8C	FF	42	00	DE	57	43	00	C8	DB	42	00	00	00	00	00	00	00	00	00	00	00	00	00	00	00	00	00	00	00	00
8.640	3D DATA	true	-	65534	65535	30378	-117564.7	-117775.6	-118463.3	-117650.6	-185041.3	66.7	25.0	127.8	215.9	109.9	-	-	-	-	-
8.640	3D MESSAGE	4E	00	02	91	30	59	3E	8D	FE	FF	FF	FF	A9	7B	00	C1	C5	3E	55	A0	E5	C7	85	08	E6	C7	B4	63	E7	C7	C0	CD	E5	C7	23	B6	34	C8	00	E8	7A	42	00	00	BD	41	00	68	EF	42	00	F4	4E	43	00	60	CD	42	00	00	00	00	00	00	00	00	00	00	00	00	00	00	00	00	00	00	00	00
8.640	3D DATA	true	-	65534	65535	31657	-117568.7	-117777.0	-118471.4	-117659.5	-185048.5	62.7	23.6	119.7	207.0	102.7	-	-	-	-	-
8.640	3D MESSAGE	4E	00	03	91	30	59	3F	8D	FE	FF	FF	FF	CE	80	00	C1	C5	3E	2D	A2	E5	C7	1C	09	E6	C7	82	67	E7	C7	4F	D2	E5	C7	C8	B7	34	C8	00	28	6C	42	00	90	B3	41	00	30	E0	42	00	D6	45	43	00	38	C0	42	00	00	00	00	00	00	00	00	00	00	00	00	00	00	00	00	00	00	00	00
8.640	3D DATA	true	-	65534	65535	32974	-117572.4	-117778.2	-118479.0	-117668.6	-185055.1	59.0	22.4	112.1	197.8	96.1	-	-	-	-	-
8.641	3D MESSAGE	4E	00	04	91	30	59	40	8D	FE	FF	FF	FF	1E	86	00	C1	C5	3E	E7	A3	E5	C7	A1	09	E6	C7	19	6B	E7	C7	EA	D6	E5	C7	4E	B9	34	C8	00	58	5E	42	00	40	AB	41	00	D4	D1	42	00	A0	3C	43	00	08	B4	42	00	00	00	00	00	00	00	00	00	00	00	00	00	00	00	00	00	00	00	00
8.641	3D DATA	true	-	65534	65535	34334	-117575.8	-117779.3	-118486.2	-117677.8	-185061.2	55.6	21.4	104.9	188.6	90.0	-	-	-	-	-
8.642	3D MESSAGE	4E	00	05	91	30	59	41	8D	FE	FF	FF	FF	9C	8B	00	C1	C5	3E	89	A5	E5	C7	1D	0A	E6	C7	7F	6E	E7	C7	83	DB	E5	C7	BC	BA	34	C8	00	48	51	42	00	80	A3	41	00	3C	C4	42	00	6E	33	43	00	98	A8	42	00	00	00	00	00	00	00	00	00	00	00	00	00	00	00	00	00	00	00	00
8.642	3D DATA	true	-	65534	65535	35740	-117579.1	-117780.2	-118493.0	-117687.0	-185066.9	52.3	20.4	98.1	179.4	84.3	-	-	-	-	-
8.667	3D MESSAGE	4E	00	06	91	30	59	42	8D	FE	FF	FF	FF	4C	91	00	C1	C5	3E	19	A7	E5	C7	98	0A	E6	C7	BA	71	E7	C7	0E	E0	E5	C7	19	BC	34	C8	00	C8	44	42	00	D0	9B	41	00	50	B7	42	00	58	2A	43	00	B0	9D	42	00	00	00	00	00	00	00	00	00	00	00	00	00	00	00	00	00	00	00	00
8.667	3D DATA	true	-	65534	65535	37196	-117582.2	-117781.2	-118499.5	-117696.1	-185072.4	49.2	19.5	91.7	170.3	78.8	-	-	-	-	-
8.668	3D MESSAGE	4E	00	07	91	30	59	43	8D	FE	FF	FF	FF	2E	97	00	C1	C5	3E	98	A8	E5	C7	12	0B	E6	C7	CC	74	E7	C7	83	E4	E5	C7	66	BD	34	C8	00	D0	38	42	00	30	94	41	00	08	AB	42	00	6E	21	43	00	48	93	42	00	00	00	00	00	00	00	00	00	00	00	00	00	00	00	00	00	00	00	00
8.668	3D DATA	true	-	65534	65535	38702	-117585.2	-117782.1	-118505.6	-117705.0	-185077.6	46.2	18.5	85.5	161.4	73.6	-	-	-	-	-
8.668	3D MESSAGE	4E	00	08	91	30	59	44	8D	FE	FF	FF	FF	39	9D	00	C1	C5	3E	04	AA	E5	C7	89	0B	E6	C7	B8	77	E7	C7	D8	E8	E5	C7	A2	BE	34	C8	00	70	2D	42	00	C0	8C	41	00	58	9F	42	00	C4	18	43	00	68	89	42	00	00	00	00	00	00	00	00	00	00	00	00	00	00	00	00	00	00	00	00
8.668	3D DATA	true	-	65534	65535	40249	-117588.0	-117783.1	-118511.4	-117713.7	-185082.5	43.4	17.6	79.7	152.8	68.7	-	-	-	-	-
8.668	3D MESSAGE	4E	00	09	91	30	59	45	8D	FE	FF	FF	FF	60	A3	00	C1	C5	3E	57	AB	E5	C7	FA	0B	E6	C7	78	7A	E7	C7	09	ED	E5	C7	C8	BF	34	C8	00	D8	22	42	00	B0	85	41	00	58	94	42	00	62	10	43	00	38	80	42	00	00	00	00	00	00	00	00	00	00	00	00	00	00	00	00	00	00	00	00
8.668	3D DATA	true	-	65534	65535	41824	-117590.7	-117784.0	-118516.9	-117722.1	-185087.1	40.7	16.7	74.2	144.4	64.1	-	-	-	-	-
8.669	3D MESSAGE	52	00	0A	91	32	59	46	8D	00	00	00	88	FE	FF	FF	FF	94	A9	00	C1	C5	3E	8C	AC	E5	C7	62	0C	E6	C7	0A	7D	E7	C7	16	F1	E5	C7	D6	C0	34	C8	00	30	19	42	00	60	7E	41	00	10	8A	42	00	48	08	43	00	90	6F	42	00	00	00	00	00	00	00	00	00	00	00	00	00	00	00	00	00	00	00	00
8.669	3D DATA	true	-	65534	65535	43412	-117593.1	-117784.8	-118522.1	-117730.2	-185091.3	38.3	15.9	69.0	136.3	59.9	-	-	-	-	-
8.699	3D MESSAGE	4E	00	0B	91	30	59	47	8D	FE	FF	FF	FF	CC	AF	00	C1	C5	3E	A1	AD	E5	C7	C2	0C	E6	C7	6A	7F	E7	C7	FE	F4	E5	C7	C9	C1	34	C8	00	88	10	42	00	60	72	41	00	90	80	42	00	78	00	43	00	60	60	42	00	00	00	00	00	00	00	00	00	00	00	00	00	00	00	00	00	00	00	00
8.699	3D DATA	true	-	65534	65535	45004	-117595.3	-117785.5	-118526.8	-117738.0	-185095.1	36.1	15.1	64.3	128.5	56.1	-	-	-	-	-
8.700	3D MESSAGE	4E	00	0C	91	30	59	48	8D	FE	FF	FF	FF	02	B6	00	C1	C5	3E	97	AE	E5	C7	1B	0D	E6	C7	99	81	E7	C7	C1	F8	E5	C7	A4	C2	34	C8	00	D8	08	42	00	40	67	41	00	A8	6F	42	00	E4	F1	42	00	B0	52	42	00	00	00	00	00	00	00	00	00	00	00	00	00	00	00	00	00	00	00	00
8.700	3D DATA	true	-	65534	65535	46594	-117597.2	-117786.2	-118531.2	-117745.5	-185098.6	34.2	14.5	59.9	120.9	52.7	-	-	-	-	-
8.700	3D MESSAGE	4E	00	0D	91	30	59	49	8D	FE	FF	FF	FF	38	BC	00	C1	C5	3E	74	AF	E5	C7	75	0D	E6	C7	98	83	E7	C7	5D	FC	E5	C7	6B	C3	34	C8	00	F0	01	42	00	00	5C	41	00	B0	5F	42	00	74	E3	42	00	40	46	42	00	00	00	00	00	00	00	00	00	00	00	00	00	00	00	00	00	00	00	00
8.700	3D DATA	true	-	65534	65535	48184	-117598.9	-117786.9	-118535.2	-117752.7	-185101.7	32.5	13.8	55.9	113.7	49.6	-	-	-	-	-
8.700	3D MESSAGE	4E	00	0E	91	30	59	4A	8D	FE	FF	FF	FF	73	C2	00	C1	C5	3E	40	B0	E5	C7	D5	0D	E6	C7	6B	85	E7	C7	CF	FF	E5	C7	23	C4	34	C8	00	20	F7	41	00	00	50	41	00	18	51	42	00	AC	D5	42	00	C0	3A	42	00	00	00	00	00	00	00	00	00	00	00	00	00	00	00	00	00	00	00	00
8.700	3D DATA	true	-	65534	65535	49779	-117600.5	-117787.7	-118538.8	-117759.6	-185104.5	30.9	13.0	52.3	106.8	46.7	-	-	-	-	-
8.701	3D MESSAGE	4E	00	0F	91	30	59	4B	8D	FE	FF	FF	FF	BC	C8	00	C1	C5	3E	03	B1	E5	C7	3E	0E	E6	C7	18	87	E7	C7	14	03	E6	C7	D0	C4	34	C8	00	F0	EA	41	00	E0	42	41	00	B0	43	42	00	98	C8	42	00	F0	2F	42	00	00	00	00	00	00	00	00	00	00	00	00	00	00	00	00	00	00	00	00
8.701	3D DATA	true	-	65534	65535	51388	-117602.0	-117788.5	-118542.2	-117766.2	-185107.2	29.4	12.2	48.9	100.3	44.0	-	-	-	-	-
8.701	3D MESSAGE	4E	00	10	91	30	59	4C	8D	FE	FF	FF	FF	0E	CF	00	C1	C5	3E	C1	B1	E5	C7	AD	0E	E6	C7	A3	88	E7	C7	27	06	E6	C7	73	C5	34	C8	00	10	DF	41	00	00	35	41	00	58	37	42	00	4C	BC	42	00	C0	25	42	00	00	00	00	00	00	00	00	00	00	00	00	00	00	00	00	00	00	00	00
8.701	3D DATA	true	-	65534	65535	53006	-117603.5	-117789.4	-118545.3	-117772.3	-185109.8	27.9	11.3	45.8	94.1	41.4	-	-	-	-	-
8.702	3D MESSAGE	4E	00	11	91	30	59	4D	8D	FE	FF	F6	FF	5C	D5	00	C1	C5	3E	7A	B2	E5	C7	1A	0F	E6	C7	10	8A	E7	C7	06	09	E6	C7	0A	C6	34	C8	00	80	D3	41	00	60	27	41	00	F0	2B	42	00	D0	B0	42	00	50	1C	42	00	00	00	00	00	00	00	00	00	00	00	00	00	00	00	00	00	00	00	00
8.702	3D DATA	true	-	65534	65526	54620	-117605.0	-117790.2	-118548.1	-117778.0	-185112.2	26.4	10.5	43.0	88.4	39.1	-	-	-	-	-
8.728	3D MESSAGE	4E	00	12	91	30	59	4E	8D	FE	FF	DE	FF	8F	DB	00	C1	C5	3E	2D	B3	E5	C7	7E	0F	E6	C7	5F	8B	E7	C7	B2	0B	E6	C7	94	C6	34	C8	00	50	C8	41	00	E0	1A	41	00	78	21	42	00	20	A6	42	00	B0	13	42	00	00	00	00	00	00	00	00	00	00	00	00	00	00	00	00	00	00	00	00
8.728	3D DATA	true	-	65534	65502	56207	-117606.4	-117791.0	-118550.7	-117783.4	-185114.3	25.0	9.7	40.4	83.1	36.9	-	-	-	-	-
8.729	3D MESSAGE	52	00	13	91	32	59	4F	8D	02	10	04	08	FE	FF	B9	FF	8D	E1	00	C1	C5	3E	D6	B3	E5	C7	CF	0F	E6	C7	92	8C	E7	C7	2C	0E	E6	C7	0E	C7	34	C8	00	C0	BD	41	00	C0	10	41	00	E0	17	42	00	38	9C	42	00	10	0C	42	00	00	00	00	00	00	00	00	00	00	00	00	00	00	00	00	00	00	00	00
8.729	3D DATA	true	-	65534	65465	57741	-117607.7	-117791.6	-118553.1	-117788.3	-185116.2	23.7	9.0	38.0	78.1	35.0	-	-	-	-	Flick West -> East
8.729	3D MESSAGE	50	00	14	91	31	59	50	8D	08	2B	FE	FF	32	FF	FF	FF	00	C1	C5	3E	74	B4	E5	C7	0C	10	E6	C7	AA	8D	E7	C7	78	10	E6	C7	78	C7	34	C8	00	00	00	00	00	00	00	00	00	00	00	00	00	00	00	00	00	00	00	00	00	00	00	00	00	00	00	00	00	00	00	00	00	00	00	00	00	00	00	00
8.729	3D DATA	true	43	65534	65330	65535	-117608.9	-117792.1	-118555.3	-117792.9	-185117.9	0.0	0.0	0.0	0.0	0.0	-	-	-	-	-
8.730	3D MESSAGE	4E	00	15	91	30	59	51	8D	FE	FF	8A	FE	FF	FF	78	CE	06	40	09	B5	E5	C7	35	10	E6	C7	A8	8E	E7	C7	9D	12	E6	C7	D6	C7	34	C8	00	00	95	BF	00	00	A4	BE	00	00	FE	BF	00	40	89	C0	00	00	BC	BF	00	00	00	00	00	00	00	00	00	00	00	00	00	00	00	00	00	00	00	00
8.730	3D DATA	true	-	65534	65162	65535	-117610.1	-117792.4	-118557.3	-117797.2	-185119.3	-1.2	-0.3	-2.0	-4.3	-1.5	-	-	-	-	-
8.730	3D MESSAGE	48	00	16	91	20	59	52	8C	78	CE	06	40	99	B5	E5	C7	53	10	E6	C7	91	8F	E7	C7	A1	14	E6	C7	2E	C8	34	C8	00	80	12	C0	00	00	0E	BF	00	80	73	C0	00	20	05	C1	00	00	36	C0	00	00	00	00	00	00	00	00	00	00	00	00	00	00	00	00	00	00	00	00
8.730	3D DATA	true	-	-	-	-	-117611.2	-117792.6	-118559.1	-117801.3	-185120.7	-2.3	-0.6	-3.8	-8.3	-2.8	-	-	-	-	-
8.732	3D MESSAGE	48	00	17	91	20	59	53	8C	78	CE	06	40	29	B6	E5	C7	6E	10	E6	C7	6A	90	E7	C7	88	16	E6	C7	86	C8	34	C8	00	80	5A	C0	00	00	44	BF	00	00	B0	C0	00	00	42	C1	00	00	87	C0	00	00	00	00	00	00	00	00	00	00	00	00	00	00	00	00	00	00	00	00
8.732	3D DATA	true	-	-	-	-	-117612.3	-117792.9	-118560.8	-117805.1	-185122.1	-3.4	-0.8	-5.5	-12.1	-4.2	-	-	-	-	-
8.760	3D MESSAGE	48	00	18	91	20	59	54	8C	78	CE	06	40	BE	B6	E5	C7	8D	10	E6	C7	38	91	E7	C7	53	18	E6	C7	E5	C8	34	C8	00	80	92	C0	00	00	81	BF	00	80	E3	C0	00	60	7B	C1	00	80	B6	C0	00	00	00	00	00	00	00	00	00	00	00	00	00	00	00	00	00	00	00	00
8.760	3D DATA	true	-	-	-	-	-117613.5	-117793.1	-118562.4	-117808.6	-185123.6	-4.6	-1.0	-7.1	-15.7	-5.7	-	-	-	-	-
8.760	3D MESSAGE	48	00	19	91	20	59	55	8C	78	CE	06	40	59	B7	E5	C7	B7	10	E6	C7	00	92	E7	C7	07	1A	E6	C7	4E	C9	34	C8	00	40	B9	C0	00	00	AB	BF	00	C0	0A	C1	00	F0	98	C1	00	00	EB	C0	00	00	00	00	00	00	00	00	00	00	00	00	00	00	00	00	00	00	00	00
8.761	3D DATA	true	-	-	-	-	-117614.7	-117793.4	-118564.0	-117812.1	-185125.2	-5.8	-1.3	-8.7	-19.1	-7.3	-	-	-	-	-
8.763	3D MESSAGE	48	00	1A	91	20	59	56	8C	78	CE	06	40	F9	B7	E5	C7	EE	10	E6	C7	C7	92	E7	C7	A3	1B	E6	C7	C0	C9	34	C8	00	40	E1	C0	00	00	E2	BF	00	A0	23	C1	00	B0	B2	C1	00	00	12	C1	00	00	00	00	00	00	00	00	00	00	00	00	00	00	00	00	00	00	00	00
8.763	3D DATA	true	-	-	-	-	-117615.9	-117793.9	-118565.6	-117815.3	-185127.0	-7.0	-1.8	-10.2	-22.3	-9.1	-	-	-	-	-
8.763	3D MESSAGE	48	00	1B	91	20	59	57	8C	78	CE	06	40	9C	B8	E5	C7	30	11	E6	C7	8F	93	E7	C7	2A	1D	E6	C7	3B	CA	34	C8	00	00	05	C1	00	00	12	C0	00	A0	3C	C1	00	20	CB	C1	00	C0	30	C1	00	00	00	00	00	00	00	00	00	00	00	00	00	00	00	00	00	00	00	00
8.763	3D DATA	true	-	-	-	-	-117617.2	-117794.4	-118567.1	-117818.3	-185128.9	-8.3	-2.3	-11.8	-25.4	-11.0	-	-	-	-	-
8.763	3D MESSAGE	48	00	1C	91	20	59	58	8C	78	CE	06	40	3E	B9	E5	C7	80	11	E6	C7	5B	94	E7	C7	9E	1E	E6	C7	BB	CA	34	C8	00	40	19	C1	00	00	3A	C0	00	20	56	C1	00	60	E2	C1	00	C0	50	C1	00	00	00	00	00	00	00	00	00	00	00	00	00	00	00	00	00	00	00	00
8.763	3D DATA	true	-	-	-	-	-117618.5	-117795.0	-118568.7	-117821.2	-185130.9	-9.6	-2.9	-13.4	-28.3	-13.0	-	-	-	-	-
8.764	3D MESSAGE	48	00	1D	91	20	59	59	8C	78	CE	06	40	DC	B9	E5	C7	DA	11	E6	C7	2C	95	E7	C7	02	20	E6	C7	3E	CB	34	C8	00	00	2D	C1	00	00	67	C0	00	40	70	C1	00	A0	F8	C1	00	80	71	C1	00	00	00	00	00	00	00	00	00	00	00	00	00	00	00	00	00	00	00	00
8.764	3D DATA	true	-	-	-	-	-117619.7	-117795.7	-118570.3	-117824.0	-185133.0	-10.8	-3.6	-15.0	-31.1	-15.1	-	-	-	-	-
8.791	3D MESSAGE	48	00	1E	91	20	59	5A	8C	78	CE	06	40	77	BA	E5	C7	3C	12	E6	C7	FE	95	E7	C7	5A	21	E6	C7	BF	CB	34	C8	00	60	40	C1	00	00	8C	C0	00	40	85	C1	00	10	07	C2	00	E0	88	C1	00	00	00	00	00	00	00	00	00	00	00	00	00	00	00	00	00	00	00	00
8.791	3D DATA	true	-	-	-	-	-117620.9	-117796.5	-118572.0	-117826.7	-185135.0	-12.0	-4.4	-16.7	-33.8	-17.1	-	-	-	-	-
8.792	3D MESSAGE	48	00	1F	91	20	59	5B	8C	78	CE	06	40	0B	BB	E5	C7	A6	12	E6	C7	CC	96	E7	C7	A4	22	E6	C7	3D	CC	34	C8	00	E0	52	C1	00	80	A6	C0	00	20	92	C1	00	60	11	C2	00	A0	98	C1	00	00	00	00	00	00	00	00	00	00	00	00	00	00	00	00	00	00	00	00
8.792	3D DATA	true	-	-	-	-	-117622.1	-117797.3	-118573.6	-117829.3	-185137.0	-13.2	-5.2	-18.3	-36.3	-19.1	-	-	-	-	-
8.792	3D MESSAGE	48	00	20	91	20	59	5C	8C	78	CE	06	40	97	BB	E5	C7	12	13	E6	C7	8E	97	E7	C7	E2	23	E6	C7	B4	CC	34	C8	00	60	64	C1	00	80	C1	C0	00	40	9E	C1	00	50	1B	C2	00	80	A7	C1	00	00	00	00	00	00	00	00	00	00	00	00	00	00	00	00	00	00	00	00
8.793	3D DATA	true	-	-	-	-	-117623.2	-117798.1	-118575.1	-117831.8	-185138.8	-14.3	-6.0	-19.8	-38.8	-20.9	-	-	-	-	-
8.793	3D MESSAGE	48	00	21	91	20	59	5D	8C	78	CE	06	40	17	BC	E5	C7	76	13	E6	C7	3A	98	E7	C7	10	25	E6	C7	1F	CD	34	C8	00	60	74	C1	00	80	DA	C0	00	00	A9	C1	00	C0	24	C2	00	E0	B4	C1	00	00	00	00	00	00	00	00	00	00	00	00	00	00	00	00	00	00	00	00
8.793	3D DATA	true	-	-	-	-	-117624.2	-117798.9	-118576.5	-117834.1	-185140.5	-15.3	-6.8	-21.1	-41.2	-22.6	-	-	-	-	-
8.793	3D MESSAGE	48	00	22	91	20	59	5E	8C	78	CE	06	40	88	BC	E5	C7	CC	13	E6	C7	C8	98	E7	C7	2A	26	E6	C7	78	CD	34	C8	00	40	81	C1	00	00	F0	C0	00	E0	B1	C1	00	90	2D	C2	00	00	C0	C1	00	00	00	00	00	00	00	00	00	00	00	00	00	00	00	00	00	00	00	00
8.793	3D DATA	true	-	-	-	-	-117625.1	-117799.6	-118577.6	-117836.3	-185141.9	-16.2	-7.5	-22.2	-43.4	-24.0	-	-	-	-	-
8.794	3D MESSAGE	48	00	23	91	20	59	5F	8C	78	CE	06	40	E7	BC	E5	C7	09	14	E6	C7	37	99	E7	C7	2C	27	E6	C7	BE	CD	34	C8	00	30	87	C1	00	40	FF	C0	00	D0	B8	C1	00	A0	35	C2	00	C0	C8	C1	00	00	00	00	00	00	00	00	00	00	00	00	00	00	00	00	00	00	00	00
8.794	3D DATA	true	-	-	-	-	-117625.8	-117800.1	-118578.4	-117838.3	-185143.0	-16.9	-8.0	-23.1	-45.4	-25.1	-	-	-	-	-
8.823	3D MESSAGE	48	00	24	91	20	59	60	8C	78	CE	06	40	32	BD	E5	C7	28	14	E6	C7	86	99	E7	C7	11	28	E6	C7	EE	CD	34	C8	00	E0	8B	C1	00	80	03	C1	00	C0	BD	C1	00	C8	3C	C2	00	C0	CE	C1	00	00	00	00	00	00	00	00	00	00	00	00	00	00	00	00	00	00	00	00
8.823	3D DATA	true	-	-	-	-	-117626.4	-117800.3	-118579.0	-117840.1	-185143.7	-17.5	-8.2	-23.7	-47.2	-25.8	-	-	-	-	-
8.824	3D MESSAGE	48	00	25	91	20	59	61	8C	78	CE	06	40	67	BD	E5	C7	26	14	E6	C7	BC	99	E7	C7	D7	28	E6	C7	09	CE	34	C8	00	30	8F	C1	00	40	03	C1	00	20	C1	C1	00	F8	42	C2	00	20	D2	C1	00	00	00	00	00	00	00	00	00	00	00	00	00	00	00	00	00	00	00	00
8.824	3D DATA	true	-	-	-	-	-117626.8	-117800.3	-118579.5	-117841.7	-185144.1	-17.9	-8.2	-24.1	-48.7	-26.3	-	-	-	-	-
8.824	3D MESSAGE	48	00	26	91	20	59	62	8C	78	CE	06	40	88	BD	E5	C7	06	14	E6	C7	DE	99	E7	C7	7C	29	E6	C7	14	CE	34	C8	00	40	91	C1	00	80	FE	C0	00	40	C3	C1	00	20	48	C2	00	80	D3	C1	00	00	00	00	00	00	00	00	00	00	00	00	00	00	00	00	00	00	00	00
8.824	3D DATA	true	-	-	-	-	-117627.1	-117800.0	-118579.7	-117843.0	-185144.3	-18.2	-8.0	-24.4	-50.0	-26.4	-	-	-	-	-
8.825	3D MESSAGE	48	00	27	91	20	59	63	8C	78	CE	06	40	9A	BD	E5	C7	CF	13	E6	C7	F6	99	E7	C7	05	2A	E6	C7	14	CE	34	C8	00	60	92	C1	00	C0	F0	C0	00	C0	C4	C1	00	68	4C	C2	00	80	D3	C1	00	00	00	00	00	00	00	00	00	00	00	00	00	00	00	00	00	00	00	00
8.825	3D DATA	true	-	-	-	-	-117627.2	-117799.6	-118579.9	-117844.0	-185144.3	-18.3	-7.5	-24.6	-51.1	-26.4	-	-	-	-	-
8.825	3D MESSAGE	48	00	28	91	20	59	64	8C	78	CE	06	40	A0	BD	E5	C7	8B	13	E6	C7	09	9A	E7	C7	76	2A	E6	C7	0E	CE	34	C8	00	C0	92	C1	00	C0	DF	C0	00	F0	C5	C1	00	F0	4F	C2	00	C0	D2	C1	00	00	00	00	00	00	00	00	00	00	00	00	00	00	00	00	00	00	00	00
8.825	3D DATA	true	-	-	-	-	-117627.2	-117799.1	-118580.1	-117844.9	-185144.2	-18.3	-7.0	-24.7	-52.0	-26.3	-	-	-	-	-
8.826	3D MESSAGE	4C	00	29	91	22	59	65	8C	00	00	00	00	78	CE	06	40	9F	BD	E5	C7	46	13	E6	C7	1E	9A	E7	C7	D8	2A	E6	C7	09	CE	34	C8	00	B0	92	C1	00	80	CE	C0	00	40	C7	C1	00	00	53	C2	00	20	D2	C1	00	00	00	00	00	00	00	00	00	00	00	00	00	00	00	00	00	00	00	00
8.826	3D DATA	true	-	-	-	-	-117627.2	-117798.5	-118580.2	-117845.7	-185144.1	-18.3	-6.5	-24.9	-52.8	-26.3	-	-	-	-	-
8.827	3D MESSAGE	4A	00	2A	91	21	59	66	8C	10	2B	78	CE	06	40	9C	BD	E5	C7	0A	13	E6	C7	3B	9A	E7	C7	36	2B	E6	C7	09	CE	34	C8	00	80	92	C1	00	80	BF	C0	00	10	C9	C1	00	00	00	00	00	20	D2	C1	00	00	00	00	00	00	00	00	00	00	00	00	00	00	00	00	00	00	00	00
8.827	3D DATA	true	43	-	-	-	-117627.2	-117798.1	-118580.5	-117846.4	-185144.1	-18.3	-6.0	-25.1	0.0	-26.3	-	-	-	-	-
8.855	3D MESSAGE	48	00	2B	91	20	59	67	8C	78	CE	06	40	9E	BD	E5	C7	E3	12	E6	C7	65	9A	E7	C7	98	2B	E6	C7	11	CE	34	C8	00	A0	92	C1	00	C0	B5	C0	00	B0	CB	C1	00	00	44	BF	00	20	D3	C1	00	00	00	00	00	00	00	00	00	00	00	00	00	00	00	00	00	00	00	00
8.855	3D DATA	true	-	-	-	-	-117627.2	-117797.8	-118580.8	-117847.2	-185144.3	-18.3	-5.7	-25.5	-0.8	-26.4	-	-	-	-	-
8.856	3D MESSAGE	4A	00	2C	91	21	59	68	8C	10	2B	78	CE	06	40	A7	BD	E5	C7	D6	12	E6	C7	9D	9A	E7	C7	03	2C	E6	C7	22	CE	34	C8	00	30	93	C1	00	80	B2	C0	00	00	00	00	00	00	CD	BF	00	00	00	00	00	00	00	00	00	00	00	00	00	00	00	00	00	00	00	00	00	00	00	00
8.856	3D DATA	true	43	-	-	-	-117627.3	-117797.7	-118581.2	-117848.0	-185144.5	-18.4	-5.6	0.0	-1.6	0.0	-	-	-	-	-
8.857	3D MESSAGE	4A	00	2D	91	21	59	69	8C	10	2B	78	CE	06	40	BB	BD	E5	C7	E6	12	E6	C7	E4	9A	E7	C7	7A	2C	E6	C7	3D	CE	34	C8	00	00	00	00	00	80	B6	C0	00	00	0E	BF	00	00	22	C0	00	00	D8	BE	00	00	00	00	00	00	00	00	00	00	00	00	00	00	00	00	00	00	00	00
8.857	3D DATA	true	43	-	-	-	-117627.5	-117797.8	-118581.8	-117849.0	-185145.0	0.0	-5.7	-0.6	-2.5	-0.4	-	-	-	-	-
8.858	3D MESSAGE	48	00	2E	91	20	59	6A	8C	78	CE	06	40	D9	BD	E5	C7	10	13	E6	C7	36	9B	E7	C7	F9	2C	E6	C7	60	CE	34	C8	00	00	70	BE	00	00	C1	C0	00	00	99	BF	00	80	61	C0	00	00	78	BF	00	00	00	00	00	00	00	00	00	00	00	00	00	00	00	00	00	00	00	00
8.858	3D DATA	true	-	-	-	-	-117627.7	-117798.1	-118582.4	-117849.9	-185145.5	-0.2	-6.0	-1.2	-3.5	-1.0	-	-	-	-	-
8.858	3D MESSAGE	48	00	2F	91	20	59	6B	8C	78	CE	06	40	FD	BD	E5	C7	4B	13	E6	C7	8E	9B	E7	C7	78	2D	E6	C7	88	CE	34	C8	00	00	04	BF	00	C0	CF	C0	00	00	F1	BF	00	80	90	C0	00	00	CC	BF	00	00	00	00	00	00	00	00	00	00	00	00	00	00	00	00	00	00	00	00
8.858	3D DATA	true	-	-	-	-	-117628.0	-117798.6	-118583.1	-117850.9	-185146.1	-0.5	-6.5	-1.9	-4.5	-1.6	-	-	-	-	-
8.859	3D MESSAGE	48	00	30	91	20	59	6C	8C	78	CE	06	40	23	BE	E5	C7	8E	13	E6	C7	E5	9B	E7	C7	EE	2D	E6	C7	AF	CE	34	C8	00	00	50	BF	00	80	E0	C0	00	00	24	C0	00	00	AE	C0	00	00	0D	C0	00	00	00	00	00	00	00	00	00	00	00	00	00	00	00	00	00	00	00	00
8.859	3D DATA	true	-	-	-	-	-117628.3	-117799.1	-118583.8	-117851.9	-185146.7	-0.8	-7.0	-2.6	-5.4	-2.2	-	-	-	-	-
8.887	3D MESSAGE	48	00	31	91	20	59	6D	8C	78	CE	06	40	46	BE	E5	C7	CC	13	E6	C7	34	9C	E7	C7	52	2E	E6	C7	D1	CE	34	C8	00	00	8B	BF	00	00	F0	C0	00	80	4B	C0	00	00	C7	C0	00	00	2F	C0	00	00	00	00	00	00	00	00	00	00	00	00	00	00	00	00	00	00	00	00
8.887	3D DATA	true	-	-	-	-	-117628.5	-117799.6	-118584.4	-117852.6	-185147.3	-1.1	-7.5	-3.2	-6.2	-2.7	-	-	-	-	-
8.887	3D MESSAGE	48	00	32	91	20	59	6E	8C	78	CE	06	40	62	BE	E5	C7	FF	13	E6	C7	75	9C	E7	C7	A0	2E	E6	C7	EA	CE	34	C8	00	00	A7	BF	00	C0	FC	C0	00	00	6C	C0	00	80	DA	C0	00	00	48	C0	00	00	00	00	00	00	00	00	00	00	00	00	00	00	00	00	00	00	00	00
8.888	3D DATA	true	-	-	-	-	-117628.8	-117800.0	-118584.9	-117853.2	-185147.7	-1.3	-7.9	-3.7	-6.8	-3.1	-	-	-	-	-
8.888	3D MESSAGE	48	00	33	91	20	59	6F	8C	78	CE	06	40	73	BE	E5	C7	1F	14	E6	C7	A6	9C	E7	C7	D6	2E	E6	C7	F7	CE	34	C8	00	00	B8	BF	00	00	00	00	00	40	82	C0	00	00	E8	C0	00	00	55	C0	00	00	00	00	00	00	00	00	00	00	00	00	00	00	00	00	00	00	00	00
8.888	3D DATA	true	-	-	-	-	-117628.9	-117800.2	-118585.3	-117853.7	-185147.9	-1.4	0.0	-4.1	-7.2	-3.3	-	-	-	-	-
8.888	3D MESSAGE	48	00	34	91	20	59	70	8C	78	CE	06	40	7D	BE	E5	C7	2E	14	E6	C7	CA	9C	E7	C7	FA	2E	E6	C7	F9	CE	34	C8	00	00	C2	BF	00	00	F0	BD	00	40	8B	C0	00	00	F1	C0	00	00	57	C0	00	00	00	00	00	00	00	00	00	00	00	00	00	00	00	00	00	00	00	00
8.888	3D DATA	true	-	-	-	-	-117629.0	-117800.4	-118585.6	-117854.0	-185147.9	-1.5	-0.1	-4.4	-7.5	-3.4	-	-	-	-	-
8.888	3D MESSAGE	48	00	35	91	20	59	71	8C	78	CE	06	40	84	BE	E5	C7	2B	14	E6	C7	E3	9C	E7	C7	15	2F	E6	C7	F4	CE	34	C8	00	00	C9	BF	00	00	C0	BD	00	80	91	C0	00	C0	F7	C0	00	00	52	C0	00	00	00	00	00	00	00	00	00	00	00	00	00	00	00	00	00	00	00	00
8.888	3D DATA	true	-	-	-	-	-117629.0	-117800.3	-118585.8	-117854.2	-185147.8	-1.6	-0.1	-4.5	-7.7	-3.3	-	-	-	-	-
8.889	3D MESSAGE	48	00	36	91	20	59	72	8C	78	CE	06	40	8B	BE	E5	C7	1E	14	E6	C7	F4	9C	E7	C7	2E	2F	E6	C7	ED	CE	34	C8	00	00	D0	BF	00	00	00	3C	00	C0	95	C0	00	00	FE	C0	00	00	4B	C0	00	00	00	00	00	00	00	00	00	00	00	00	00	00	00	00	00	00	00	00
8.889	3D DATA	true	-	-	-	-	-117629.1	-117800.2	-118585.9	-117854.4	-185147.7	-1.6	0.0	-4.7	-7.9	-3.2	-	-	-	-	-
8.918	3D MESSAGE	48	00	37	91	20	59	73	8C	78	CE	06	40	97	BE	E5	C7	0C	14	E6	C7	FE	9C	E7	C7	4C	2F	E6	C7	E9	CE	34	C8	00	00	DC	BF	00	00	18	3E	00	40	98	C0	00	C0	02	C1	00	00	47	C0	00	00	00	00	00	00	00	00	00	00	00	00	00	00	00	00	00	00	00	00
8.918	3D DATA	true	-	-	-	-	-117629.2	-117800.1	-118586.0	-117854.6	-185147.6	-1.7	0.1	-4.8	-8.2	-3.1	-	-	-	-	-
8.919	3D MESSAGE	48	00	38	91	20	59	74	8C	78	CE	06	40	AA	BE	E5	C7	FC	13	E6	C7	04	9D	E7	C7	76	2F	E6	C7	EC	CE	34	C8	00	00	EF	BF	00	00	8C	3E	00	C0	99	C0	00	00	08	C1	00	00	4A	C0	00	00	00	00	00	00	00	00	00	00	00	00	00	00	00	00	00	00	00	00
8.919	3D DATA	true	-	-	-	-	-117629.3	-117800.0	-118586.0	-117854.9	-185147.7	-1.9	0.3	-4.8	-8.5	-3.2	-	-	-	-	-
8.919	3D MESSAGE	48	00	39	91	20	59	75	8C	78	CE	06	40	C2	BE	E5	C7	F0	13	E6	C7	07	9D	E7	C7	AD	2F	E6	C7	F6	CE	34	C8	00	80	03	C0	00	00	BC	3E	00	80	9A	C0	00	E0	0E	C1	00	00	54	C0	00	00	00	00	00	00	00	00	00	00	00	00	00	00	00	00	00	00	00	00
8.919	3D DATA	true	-	-	-	-	-117629.5	-117799.9	-118586.1	-117855.4	-185147.8	-2.1	0.4	-4.8	-8.9	-3.3	-	-	-	-	-
8.919	3D MESSAGE	48	00	3A	91	20	59	76	8C	78	CE	06	40	DB	BE	E5	C7	E9	13	E6	C7	08	9D	E7	C7	EF	2F	E6	C7	06	CF	34	C8	00	00	10	C0	00	00	D8	3E	00	C0	9A	C0	00	20	17	C1	00	00	64	C0	00	00	00	00	00	00	00	00	00	00	00	00	00	00	00	00	00	00	00	00
8.919	3D DATA	true	-	-	-	-	-117629.7	-117799.8	-118586.1	-117855.9	-185148.1	-2.2	0.4	-4.8	-9.4	-3.6	-	-	-	-	-
8.920	3D MESSAGE	48	00	3B	91	20	59	77	8C	78	CE	06	40	F2	BE	E5	C7	E4	13	E6	C7	09	9D	E7	C7	39	30	E6	C7	19	CF	34	C8	00	80	1B	C0	00	00	EC	3E	00	00	9B	C0	00	60	20	C1	00	00	77	C0	00	00	00	00	00	00	00	00	00	00	00	00	00	00	00	00	00	00	00	00
8.920	3D DATA	true	-	-	-	-	-117629.9	-117799.8	-118586.1	-117856.4	-185148.4	-2.4	0.5	-4.8	-10.0	-3.9	-	-	-	-	-
8.920	3D MESSAGE	48	00	3C	91	20	59	78	8C	78	CE	06	40	04	BF	E5	C7	DC	13	E6	C7	0C	9D	E7	C7	88	30	E6	C7	2C	CF	34	C8	00	80	24	C0	00	00	06	3F	00	C0	9B	C0	00	40	2A	C1	00	00	85	C0	00	00	00	00	00	00	00	00	00	00	00	00	00	00	00	00	00	00	00	00
8.920	3D DATA	true	-	-	-	-	-117630.0	-117799.7	-118586.1	-117857.1	-185148.7	-2.6	0.5	-4.9	-10.6	-4.2	-	-	-	-	-
8.921	3D MESSAGE	48	00	3D	91	20	59	79	8C	20	2E	7B	3D	10	BF	E5	C7	D0	13	E6	C7	13	9D	E7	C7	D8	30	E6	C7	3C	CF	34	C8	00	80	2A	C0	00	00	1E	3F	00	80	9D	C0	00	40	34	C1	00	00	8D	C0	00	00	00	00	00	00	00	00	00	00	00	00	00	00	00	00	00	00	00	00
8.921	3D DATA	true	-	-	-	-	-117630.1	-117799.6	-118586.1	-117857.7	-185148.9	-2.7	0.6	-4.9	-11.3	-4.4	-	-	-	-	-
8.948	3D MESSAGE	48	00	3E	91	20	59	7A	8C	20	2E	7B	3D	15	BF	E5	C7	BA	13	E6	C7	21	9D	E7	C7	24	31	E6	C7	47	CF	34	C8	00	00	2D	C0	00	00	4A	3F	00	00	A1	C0	00	C0	3D	C1	00	80	92	C0	00	00	00	00	00	00	00	00	00	00	00	00	00	00	00	00	00	00	00	00
8.948	3D DATA	true	-	-	-	-	-117630.2	-117799.5	-118586.3	-117858.3	-185149.1	-2.7	0.8	-5.0	-11.9	-4.6	-	-	-	-	-
8.949	3D MESSAGE	48	00	3F	91	20	59	7B	8C	20	2E	7B	3D	17	BF	E5	C7	9E	13	E6	C7	36	9D	E7	C7	6A	31	E6	C7	4E	CF	34	C8	00	00	2E	C0	00	00	81	3F	00	40	A6	C0	00	80	46	C1	00	00	96	C0	00	00	00	00	00	00	00	00	00	00	00	00	00	00	00	00	00	00	00	00
8.949	3D DATA	true	-	-	-	-	-117630.2	-117799.2	-118586.4	-117858.8	-185149.2	-2.7	1.0	-5.2	-12.4	-4.7	-	-	-	-	-
8.949	3D MESSAGE	48	00	40	91	20	59	7C	8C	20	2E	7B	3D	1A	BF	E5	C7	80	13	E6	C7	52	9D	E7	C7	A5	31	E6	C7	52	CF	34	C8	00	80	2F	C0	00	00	9F	3F	00	40	AD	C0	00	E0	4D	C1	00	00	98	C0	00	00	00	00	00	00	00	00	00	00	00	00	00	00	00	00	00	00	00	00
8.949	3D DATA	true	-	-	-	-	-117630.2	-117799.0	-118586.6	-117859.3	-185149.3	-2.7	1.2	-5.4	-12.9	-4.8	-	-	-	-	-
8.950	3D MESSAGE	48	00	41	91	20	59	7D	8C	20	2E	7B	3D	21	BF	E5	C7	68	13	E6	C7	71	9D	E7	C7	D7	31	E6	C7	56	CF	34	C8	00	00	33	C0	00	00	B7	3F	00	00	B5	C0	00	20	54	C1	00	00	9A	C0	00	00	00	00	00	00	00	00	00	00	00	00	00	00	00	00	00	00	00	00
8.950	3D DATA	true	-	-	-	-	-117630.3	-117798.8	-118586.9	-117859.7	-185149.3	-2.8	1.4	-5.7	-13.3	-4.8	-	-	-	-	-
8.951	3D MESSAGE	48	00	42	91	20	59	7E	8C	20	2E	7B	3D	2E	BF	E5	C7	5C	13	E6	C7	92	9D	E7	C7	FF	31	E6	C7	5B	CF	34	C8	00	80	39	C0	00	00	C3	3F	00	40	BD	C0	00	20	59	C1	00	80	9C	C0	00	00	00	00	00	00	00	00	00	00	00	00	00	00	00	00	00	00	00	00
8.951	3D DATA	true	-	-	-	-	-117630.4	-117798.7	-118587.1	-117860.0	-185149.4	-2.9	1.5	-5.9	-13.6	-4.9	-	-	-	-	-
8.952	3D MESSAGE	48	00	43	91	20	59	7F	8C	20	2E	7B	3D	43	BF	E5	C7	65	13	E6	C7	B1	9D	E7	C7	23	32	E6	C7	61	CF	34	C8	00	00	44	C0	00	00	BA	3F	00	00	C5	C0	00	A0	5D	C1	00	80	9F	C0	00	00	00	00	00	00	00	00	00	00	00	00	00	00	00	00	00	00	00	00
8.952	3D DATA	true	-	-	-	-	-117630.5	-117798.8	-118587.4	-117860.3	-185149.5	-3.1	1.5	-6.2	-13.9	-5.0	-	-	-	-	-
8.979	3D MESSAGE	4A	00	44	91	21	59	80	8C	10	2B	20	2E	7B	3D	61	BF	E5	C7	87	13	E6	C7	CD	9D	E7	C7	47	32	E6	C7	6A	CF	34	C8	00	00	53	C0	00	00	98	3F	00	00	CC	C0	00	00	00	00	00	00	A4	C0	00	00	00	00	00	00	00	00	00	00	00	00	00	00	00	00	00	00	00	00
8.979	3D DATA	true	43	-	-	-	-117630.8	-117799.1	-118587.6	-117860.6	-185149.7	-3.3	1.2	-6.4	0.0	-5.1	-	-	-	-	-
8.979	3D MESSAGE	48	00	45	91	20	59	81	8C	20	2E	7B	3D	89	BF	E5	C7	C2	13	E6	C7	E6	9D	E7	C7	72	32	E6	C7	76	CF	34	C8	00	00	67	C0	00	00	3A	3F	00	40	D2	C0	00	00	AC	BE	00	00	AA	C0	00	00	00	00	00	00	00	00	00	00	00	00	00	00	00	00	00	00	00	00
8.979	3D DATA	true	-	-	-	-	-117631.1	-117799.5	-118587.8	-117860.9	-185149.8	-3.6	0.7	-6.6	-0.3	-5.3	-	-	-	-	-
8.980	3D MESSAGE	48	00	46	91	20	59	82	8C	20	2E	7B	3D	BA	BF	E5	C7	10	14	E6	C7	FC	9D	E7	C7	A8	32	E6	C7	85	CF	34	C8	00	80	7F	C0	00	00	F0	3D	00	C0	D7	C0	00	00	42	BF	00	80	B1	C0	00	00	00	00	00	00	00	00	00	00	00	00	00	00	00	00	00	00	00	00
8.980	3D DATA	true	-	-	-	-	-117631.5	-117800.1	-118588.0	-117861.3	-185150.1	-4.0	0.1	-6.7	-0.8	-5.5	-	-	-	-	-
8.980	3D MESSAGE	48	00	47	91	20	59	83	8C	20	2E	7B	3D	F0	BF	E5	C7	68	14	E6	C7	11	9E	E7	C7	E8	32	E6	C7	95	CF	34	C8	00	40	8D	C0	00	00	12	BF	00	00	DD	C0	00	00	A1	BF	00	80	B9	C0	00	00	00	00	00	00	00	00	00	00	00	00	00	00	00	00	00	00	00	00
8.980	3D DATA	true	-	-	-	-	-117631.9	-117800.8	-118588.1	-117861.8	-185150.3	-4.4	-0.6	-6.9	-1.3	-5.8	-	-	-	-	-
8.982	3D MESSAGE	48	00	48	91	20	59	84	8C	20	2E	7B	3D	26	C0	E5	C7	BA	14	E6	C7	23	9E	E7	C7	29	33	E6	C7	A3	CF	34	C8	00	C0	9A	C0	00	00	9B	BF	00	00	00	00	00	00	E2	BF	00	80	C0	C0	00	00	00	00	00	00	00	00	00	00	00	00	00	00	00	00	00	00	00	00
8.982	3D DATA	true	-	-	-	-	-117632.3	-117801.5	-118588.3	-117862.3	-185150.5	-4.8	-1.2	0.0	-1.8	-6.0	-	-	-	-	-
8.982	3D MESSAGE	48	00	49	91	20	59	85	8C	20	2E	7B	3D	50	C0	E5	C7	F6	14	E6	C7	30	9E	E7	C7	63	33	E6	C7	AC	CF	34	C8	00	40	A5	C0	00	00	D7	BF	00	00	D0	BD	00	00	0E	C0	00	00	C5	C0	00	00	00	00	00	00	00	00	00	00	00	00	00	00	00	00	00	00	00	00
8.982	3D DATA	true	-	-	-	-	-117632.6	-117801.9	-118588.4	-117862.8	-185150.7	-5.2	-1.7	-0.1	-2.2	-6.2	-	-	-	-	-
9.012	3D MESSAGE	48	00	4A	91	20	59	86	8C	20	2E	7B	3D	65	C0	E5	C7	0D	15	E6	C7	33	9E	E7	C7	8A	33	E6	C7	AB	CF	34	C8	00	80	AA	C0	00	00	EE	BF	00	00	00	BE	00	80	21	C0	00	80	C4	C0	00	00	00	00	00	00	00	00	00	00	00	00	00	00	00	00	00	00	00	00
9.012	3D DATA	true	-	-	-	-	-117632.8	-117802.1	-118588.4	-117863.1	-185150.7	-5.3	-1.9	-0.1	-2.5	-6.1	-	-	-	-	-
9.012	3D MESSAGE	48	00	4B	91	20	59	87	8C	20	2E	7B	3D	5E	C0	E5	C7	FB	14	E6	C7	2D	9E	E7	C7	99	33	E6	C7	A0	CF	34	C8	00	C0	A8	C0	00	00	DC	BF	00	00	A0	BD	00	00	29	C0	00	00	BF	C0	00	00	00	00	00	00	00	00	00	00	00	00	00	00	00	00	00	00	00	00
9.012	3D DATA	true	-	-	-	-	-117632.7	-117802.0	-118588.4	-117863.2	-185150.5	-5.3	-1.7	-0.1	-2.6	-6.0	-	-	-	-	-
9.013	3D MESSAGE	48	00	4C	91	20	59	88	8C	20	2E	7B	3D	3A	C0	E5	C7	C4	14	E6	C7	1F	9E	E7	C7	90	33	E6	C7	8B	CF	34	C8	00	C0	9F	C0	00	00	A5	BF	00	00	00	3D	00	80	24	C0	00	80	B4	C0	00	00	00	00	00	00	00	00	00	00	00	00	00	00	00	00	00	00	00	00
9.013	3D DATA	true	-	-	-	-	-117632.5	-117801.5	-118588.2	-117863.1	-185150.2	-5.0	-1.3	0.0	-2.6	-5.6	-	-	-	-	-
9.013	3D MESSAGE	48	00	4D	91	20	59	89	8C	20	2E	7B	3D	01	C0	E5	C7	78	14	E6	C7	11	9E	E7	C7	78	33	E6	C7	75	CF	34	C8	00	80	91	C0	00	00	32	BF	00	00	10	3E	00	80	18	C0	00	80	A9	C0	00	00	00	00	00	00	00	00	00	00	00	00	00	00	00	00	00	00	00	00
9.013	3D DATA	true	-	-	-	-	-117632.0	-117800.9	-118588.1	-117862.9	-185149.8	-4.5	-0.7	0.1	-2.4	-5.3	-	-	-	-	-
9.013	3D MESSAGE	48	00	4E	91	20	59	8A	8C	20	2E	7B	3D	C2	BF	E5	C7	2B	14	E6	C7	0A	9E	E7	C7	5E	33	E6	C7	66	CF	34	C8	00	C0	81	C0	00	00	C0	BD	00	00	48	3E	00	80	0B	C0	00	00	A2	C0	00	00	00	00	00	00	00	00	00	00	00	00	00	00	00	00	00	00	00	00
9.013	3D DATA	true	-	-	-	-	-117631.5	-117800.3	-118588.1	-117862.7	-185149.6	-4.1	-0.1	0.2	-2.2	-5.1	-	-	-	-	-
9.014	3D MESSAGE	48	00	4F	91	20	59	8B	8C	20	2E	7B	3D	8F	BF	E5	C7	F3	13	E6	C7	12	9E	E7	C7	4E	33	E6	C7	66	CF	34	C8	00	00	6A	C0	00	00	B0	3E	00	00	08	3E	00	80	03	C0	00	00	A2	C0	00	00	00	00	00	00	00	00	00	00	00	00	00	00	00	00	00	00	00	00
9.014	3D DATA	true	-	-	-	-	-117631.1	-117799.9	-118588.1	-117862.6	-185149.6	-3.7	0.3	0.1	-2.1	-5.1	-	-	-	-	-
9.041	3D MESSAGE	48	00	50	91	20	59	8C	8C	20	2E	7B	3D	74	BF	E5	C7	DE	13	E6	C7	2C	9E	E7	C7	50	33	E6	C7	79	CF	34	C8	00	80	5C	C0	00	00	02	3F	00	00	90	BD	00	80	04	C0	00	80	AB	C0	00	00	00	00	00	00	00	00	00	00	00	00	00	00	00	00	00	00	00	00
9.041	3D DATA	true	-	-	-	-	-117630.9	-117799.7	-118588.3	-117862.6	-185149.9	-3.4	0.5	-0.1	-2.1	-5.4	-	-	-	-	-
9.042	3D MESSAGE	48	00	51	91	20	59	8D	8C	20	2E	7B	3D	76	BF	E5	C7	F2	13	E6	C7	52	9E	E7	C7	66	33	E6	C7	9E	CF	34	C8	00	80	5D	C0	00	00	B4	3E	00	00	BC	BE	00	80	0F	C0	00	00	00	00	00	00	00	00	00	00	00	00	00	00	00	00	00	00	00	00	00	00	00	00
9.042	3D DATA	true	-	-	-	-	-117630.9	-117799.9	-118588.6	-117862.8	-185150.5	-3.5	0.4	-0.4	-2.2	0.0	-	-	-	-	-
9.042	3D MESSAGE	48	00	52	91	20	59	8E	8C	20	2E	7B	3D	95	BF	E5	C7	27	14	E6	C7	7F	9E	E7	C7	8D	33	E6	C7	D0	CF	34	C8	00	00	6D	C0	00	00	80	BD	00	00	38	BF	00	00	23	C0	00	00	48	BF	00	00	00	00	00	00	00	00	00	00	00	00	00	00	00	00	00	00	00	00
9.042	3D DATA	true	-	-	-	-	-117631.2	-117800.3	-118589.0	-117863.1	-185151.2	-3.7	-0.1	-0.7	-2.5	-0.8	-	-	-	-	-
9.042	3D MESSAGE	48	00	53	91	20	59	8F	8C	20	2E	7B	3D	C7	BF	E5	C7	70	14	E6	C7	A9	9E	E7	C7	BD	33	E6	C7	04	D0	34	C8	00	00	83	C0	00	00	22	BF	00	00	86	BF	00	00	3B	C0	00	00	CC	BF	00	00	00	00	00	00	00	00	00	00	00	00	00	00	00	00	00	00	00	00
9.042	3D DATA	true	-	-	-	-	-117631.6	-117800.9	-118589.3	-117863.5	-185152.1	-4.1	-0.6	-1.0	-2.9	-1.6	-	-	-	-	-
9.043	3D MESSAGE	48	00	54	91	20	59	90	8C	20	2E	7B	3D	01	C0	E5	C7	BC	14	E6	C7	CA	9E	E7	C7	F1	33	E6	C7	31	D0	34	C8	00	80	91	C0	00	00	9D	BF	00	00	A7	BF	00	00	55	C0	00	00	13	C0	00	00	00	00	00	00	00	00	00	00	00	00	00	00	00	00	00	00	00	00
9.043	3D DATA	true	-	-	-	-	-117632.0	-117801.5	-118589.6	-117863.9	-185152.8	-4.5	-1.2	-1.3	-3.3	-2.3	-	-	-	-	-
9.043	3D MESSAGE	48	00	55	91	20	59	91	8C	20	2E	7B	3D	39	C0	E5	C7	00	15	E6	C7	E0	9E	E7	C7	25	34	E6	C7	51	D0	34	C8	00	80	9F	C0	00	00	E1	BF	00	00	BD	BF	00	00	6F	C0	00	00	33	C0	00	00	00	00	00	00	00	00	00	00	00	00	00	00	00	00	00	00	00	00
9.043	3D DATA	true	-	-	-	-	-117632.4	-117802.0	-118589.8	-117864.3	-185153.3	-5.0	-1.8	-1.5	-3.7	-2.8	-	-	-	-	-
9.075	3D MESSAGE	48	00	56	91	20	59	92	8C	20	2E	7B	3D	68	C0	E5	C7	30	15	E6	C7	EE	9E	E7	C7	59	34	E6	C7	63	D0	34	C8	00	40	AB	C0	00	80	08	C0	00	00	CB	BF	00	80	84	C0	00	00	45	C0	00	00	00	00	00	00	00	00	00	00	00	00	00	00	00	00	00	00	00	00
9.075	3D DATA	true	-	-	-	-	-117632.8	-117802.4	-118589.9	-117864.7	-185153.5	-5.4	-2.1	-1.6	-4.1	-3.1	-	-	-	-	-
9.076	3D MESSAGE	48	00	57	91	20	59	93	8C	20	2E	7B	3D	8C	C0	E5	C7	4D	15	E6	C7	F9	9E	E7	C7	8B	34	E6	C7	68	D0	34	C8	00	40	B4	C0	00	00	17	C0	00	00	D6	BF	00	00	91	C0	00	00	4A	C0	00	00	00	00	00	00	00	00	00	00	00	00	00	00	00	00	00	00	00	00
9.076	3D DATA	true	-	-	-	-	-117633.1	-117802.6	-118589.9	-117865.1	-185153.6	-5.6	-2.4	-1.7	-4.5	-3.2	-	-	-	-	-
9.077	3D MESSAGE	48	00	58	91	20	59	94	8C	20	2E	7B	3D	A6	C0	E5	C7	58	15	E6	C7	05	9F	E7	C7	BC	34	E6	C7	65	D0	34	C8	00	C0	BA	C0	00	80	1C	C0	00	00	E2	BF	00	40	9D	C0	00	00	47	C0	00	00	00	00	00	00	00	00	00	00	00	00	00	00	00	00	00	00	00	00
9.077	3D DATA	true	-	-	-	-	-117633.3	-117802.7	-118590.0	-117865.5	-185153.6	-5.8	-2.4	-1.8	-4.9	-3.1	-	-	-	-	-
9.077	3D MESSAGE	48	00	59	91	20	59	95	8C	20	2E	7B	3D	BA	C0	E5	C7	56	15	E6	C7	12	9F	E7	C7	E7	34	E6	C7	60	D0	34	C8	00	C0	BF	C0	00	80	1B	C0	00	00	EF	BF	00	00	A8	C0	00	00	42	C0	00	00	00	00	00	00	00	00	00	00	00	00	00	00	00	00	00	00	00	00
9.077	3D DATA	true	-	-	-	-	-117633.5	-117802.7	-118590.1	-117865.8	-185153.5	-6.0	-2.4	-1.9	-5.2	-3.0	-	-	-	-	-
9.078	3D MESSAGE	48	00	5A	91	20	59	96	8C	20	2E	7B	3D	C7	C0	E5	C7	4E	15	E6	C7	1E	9F	E7	C7	07	35	E6	C7	5C	D0	34	C8	00	00	C3	C0	00	80	17	C0	00	00	FB	BF	00	00	B0	C0	00	00	3E	C0	00	00	00	00	00	00	00	00	00	00	00	00	00	00	00	00	00	00	00	00
9.078	3D DATA	true	-	-	-	-	-117633.6	-117802.6	-118590.2	-117866.1	-185153.4	-6.1	-2.4	-2.0	-5.5	-3.0	-	-	-	-	-
9.078	3D MESSAGE	48	00	5B	91	20	59	97	8C	20	2E	7B	3D	CE	C0	E5	C7	44	15	E6	C7	24	9F	E7	C7	16	35	E6	C7	5E	D0	34	C8	00	C0	C4	C0	00	80	12	C0	00	80	00	C0	00	C0	B3	C0	00	00	40	C0	00	00	00	00	00	00	00	00	00	00	00	00	00	00	00	00	00	00	00	00
9.078	3D DATA	true	-	-	-	-	-117633.6	-117802.5	-118590.3	-117866.2	-185153.5	-6.1	-2.3	-2.0	-5.6	-3.0	-	-	-	-	-
9.078	3D MESSAGE	48	00	5C	91	20	59	98	8C	20	2E	7B	3D	CC	C0	E5	C7	40	15	E6	C7	20	9F	E7	C7	13	35	E6	C7	63	D0	34	C8	00	40	C4	C0	00	80	10	C0	00	00	FD	BF	00	00	B3	C0	00	00	45	C0	00	00	00	00	00	00	00	00	00	00	00	00	00	00	00	00	00	00	00	00
9.078	3D DATA	true	-	-	-	-	-117633.6	-117802.5	-118590.2	-117866.1	-185153.5	-6.1	-2.3	-2.0	-5.6	-3.1	-	-	-	-	-
9.106	3D MESSAGE	48	00	5D	91	20	59	99	8C	20	2E	7B	3D	BF	C0	E5	C7	40	15	E6	C7	11	9F	E7	C7	FB	34	E6	C7	6B	D0	34	C8	00	00	C1	C0	00	80	10	C0	00	00	EE	BF	00	00	AD	C0	00	00	4D	C0	00	00	00	00	00	00	00	00	00	00	00	00	00	00	00	00	00	00	00	00
9.106	3D DATA	true	-	-	-	-	-117633.5	-117802.5	-118590.1	-117866.0	-185153.7	-6.0	-2.3	-1.9	-5.4	-3.2	-	-	-	-	-
9.107	3D MESSAGE	48	00	5E	91	20	59	9A	8C	20	2E	7B	3D	A9	C0	E5	C7	46	15	E6	C7	F8	9E	E7	C7	D4	34	E6	C7	72	D0	34	C8	00	80	BB	C0	00	80	13	C0	00	00	D5	BF	00	40	A3	C0	00	00	54	C0	00	00	00	00	00	00	00	00	00	00	00	00	00	00	00	00	00	00	00	00
9.107	3D DATA	true	-	-	-	-	-117633.3	-117802.5	-118589.9	-117865.7	-185153.8	-5.9	-2.3	-1.7	-5.1	-3.3	-	-	-	-	-
9.107	3D MESSAGE	48	00	5F	91	20	59	9B	8C	20	2E	7B	3D	8D	C0	E5	C7	50	15	E6	C7	DB	9E	E7	C7	A3	34	E6	C7	75	D0	34	C8	00	80	B4	C0	00	80	18	C0	00	00	B8	BF	00	00	97	C0	00	00	57	C0	00	00	00	00	00	00	00	00	00	00	00	00	00	00	00	00	00	00	00	00
9.107	3D DATA	true	-	-	-	-	-117633.1	-117802.6	-118589.7	-117865.3	-185153.8	-5.6	-2.4	-1.4	-4.7	-3.4	-	-	-	-	-
9.108	3D MESSAGE	48	00	60	91	20	59	9C	8C	20	2E	7B	3D	75	C0	E5	C7	5B	15	E6	C7	C3	9E	E7	C7	74	34	E6	C7	73	D0	34	C8	00	80	AE	C0	00	00	1E	C0	00	00	A0	BF	00	40	8B	C0	00	00	55	C0	00	00	00	00	00	00	00	00	00	00	00	00	00	00	00	00	00	00	00	00
9.108	3D DATA	true	-	-	-	-	-117632.9	-117802.7	-118589.5	-117864.9	-185153.8	-5.5	-2.5	-1.2	-4.4	-3.3	-	-	-	-	-
9.108	3D MESSAGE	48	00	61	91	20	59	9D	8C	20	2E	7B	3D	6A	C0	E5	C7	67	15	E6	C7	BB	9E	E7	C7	50	34	E6	C7	70	D0	34	C8	00	C0	AB	C0	00	00	24	C0	00	00	98	BF	00	40	82	C0	00	00	52	C0	00	00	00	00	00	00	00	00	00	00	00	00	00	00	00	00	00	00	00	00
9.108	3D DATA	true	-	-	-	-	-117632.8	-117802.8	-118589.5	-117864.6	-185153.8	-5.4	-2.6	-1.2	-4.1	-3.3	-	-	-	-	-
9.108	3D MESSAGE	48	00	62	91	20	59	9E	8C	20	2E	7B	3D	75	C0	E5	C7	76	15	E6	C7	CB	9E	E7	C7	42	34	E6	C7	70	D0	34	C8	00	80	AE	C0	00	80	2B	C0	00	00	A8	BF	00	80	7D	C0	00	00	52	C0	00	00	00	00	00	00	00	00	00	00	00	00	00	00	00	00	00	00	00	00
9.108	3D DATA	true	-	-	-	-	-117632.9	-117802.9	-118589.6	-117864.5	-185153.8	-5.5	-2.7	-1.3	-4.0	-3.3	-	-	-	-	-
9.139	3D MESSAGE	48	00	63	91	20	59	9F	8C	20	2E	7B	3D	9A	C0	E5	C7	8C	15	E6	C7	F6	9E	E7	C7	4E	34	E6	C7	77	D0	34	C8	00	C0	B7	C0	00	80	36	C0	00	00	D3	BF	00	C0	81	C0	00	00	59	C0	00	00	00	00	00	00	00	00	00	00	00	00	00	00	00	00	00	00	00	00
9.139	3D DATA	true	-	-	-	-	-117633.2	-117803.1	-118589.9	-117864.6	-185153.9	-5.7	-2.9	-1.6	-4.1	-3.4	-	-	-	-	-
9.139	3D MESSAGE	48	00	64	91	20	59	A0	8C	20	2E	7B	3D	D7	C0	E5	C7	AC	15	E6	C7	37	9F	E7	C7	76	34	E6	C7	89	D0	34	C8	00	00	C7	C0	00	80	46	C0	00	00	0A	C0	00	C0	8B	C0	00	00	6B	C0	00	00	00	00	00	00	00	00	00	00	00	00	00	00	00	00	00	00	00	00
9.139	3D DATA	true	-	-	-	-	-117633.7	-117803.3	-118590.4	-117864.9	-185154.1	-6.2	-3.1	-2.2	-4.4	-3.7	-	-	-	-	-
9.140	3D MESSAGE	48	00	65	91	20	59	A1	8C	88	2B	52	3D	20	C1	E5	C7	D5	15	E6	C7	84	9F	E7	C7	B0	34	E6	C7	A4	D0	34	C8	00	40	D9	C0	00	00	5B	C0	00	80	30	C0	00	40	9A	C0	00	00	83	C0	00	00	00	00	00	00	00	00	00	00	00	00	00	00	00	00	00	00	00	00
9.140	3D DATA	true	-	-	-	-	-117634.2	-117803.7	-118591.0	-117865.4	-185154.6	-6.8	-3.4	-2.8	-4.8	-4.1	-	-	-	-	-
9.140	3D MESSAGE	48	00	66	91	20	59	A2	8C	88	2B	52	3D	66	C1	E5	C7	00	16	E6	C7	C9	9F	E7	C7	EF	34	E6	C7	C3	D0	34	C8	00	C0	EA	C0	00	80	70	C0	00	00	53	C0	00	00	AA	C0	00	80	92	C0	00	00	00	00	00	00	00	00	00	00	00	00	00	00	00	00	00	00	00	00
9.140	3D DATA	true	-	-	-	-	-117634.8	-117804.0	-118591.6	-117865.9	-185155.0	-7.3	-3.8	-3.3	-5.3	-4.6	-	-	-	-	-
9.140	3D MESSAGE	48	00	67	91	20	59	A3	8C	88	2B	52	3D	96	C1	E5	C7	23	16	E6	C7	F6	9F	E7	C7	22	35	E6	C7	DA	D0	34	C8	00	C0	F6	C0	00	00	81	C0	00	80	69	C0	00	C0	B6	C0	00	00	9E	C0	00	00	00	00	00	00	00	00	00	00	00	00	00	00	00	00	00	00	00	00
9.140	3D DATA	true	-	-	-	-	-117635.2	-117804.3	-118591.9	-117866.3	-185155.4	-7.7	-4.0	-3.6	-5.7	-4.9	-	-	-	-	-
9.140	3D MESSAGE	48	00	68	91	20	59	A4	8C	88	2B	52	3D	A4	C1	E5	C7	2F	16	E6	C7	FA	9F	E7	C7	3A	35	E6	C7	DE	D0	34	C8	00	00	00	00	00	00	84	C0	00	80	6B	C0	00	C0	BC	C0	00	00	A0	C0	00	00	00	00	00	00	00	00	00	00	00	00	00	00	00	00	00	00	00	00
9.140	3D DATA	true	-	-	-	-	-117635.3	-117804.4	-118592.0	-117866.5	-185155.5	0.0	-4.1	-3.7	-5.9	-5.0	-	-	-	-	-
9.167	3D MESSAGE	48	00	69	91	20	59	A5	8C	88	2B	52	3D	8A	C1	E5	C7	1B	16	E6	C7	D1	9F	E7	C7	2C	35	E6	C7	C7	D0	34	C8	00	00	50	3E	00	00	7E	C0	00	00	57	C0	00	40	B9	C0	00	80	94	C0	00	00	00	00	00	00	00	00	00	00	00	00	00	00	00	00	00	00	00	00
9.167	3D DATA	true	-	-	-	-	-117635.1	-117804.2	-118591.6	-117866.3	-185155.1	0.2	-4.0	-3.4	-5.8	-4.6	-	-	-	-	-
9.168	3D MESSAGE	48	00	6A	91	20	59	A6	8C	88	2B	52	3D	4B	C1	E5	C7	E4	15	E6	C7	83	9F	E7	C7	F9	34	E6	C7	94	D0	34	C8	00	00	32	3F	00	80	62	C0	00	00	30	C0	00	80	AC	C0	00	00	76	C0	00	00	00	00	00	00	00	00	00	00	00	00	00	00	00	00	00	00	00	00
9.168	3D DATA	true	-	-	-	-	-117634.6	-117803.8	-118591.0	-117865.9	-185154.3	0.7	-3.5	-2.8	-5.4	-3.8	-	-	-	-	-
9.168	3D MESSAGE	48	00	6B	91	20	59	A7	8C	88	2B	52	3D	F4	C0	E5	C7	91	15	E6	C7	20	9F	E7	C7	AD	34	E6	C7	4C	D0	34	C8	00	00	B0	3F	00	00	39	C0	00	00	FD	BF	00	80	99	C0	00	00	2E	C0	00	00	00	00	00	00	00	00	00	00	00	00	00	00	00	00	00	00	00	00
9.168	3D DATA	true	-	-	-	-	-117633.9	-117803.1	-118590.2	-117865.4	-185153.2	1.4	-2.9	-2.0	-4.8	-2.7	-	-	-	-	-
9.168	3D MESSAGE	48	00	6C	91	20	59	A8	8C	88	2B	52	3D	98	C0	E5	C7	31	15	E6	C7	C0	9E	E7	C7	5B	34	E6	C7	F9	CF	34	C8	00	00	06	40	00	00	09	C0	00	00	9D	BF	00	00	85	C0	00	00	B6	BF	00	00	00	00	00	00	00	00	00	00	00	00	00	00	00	00	00	00	00	00
9.168	3D DATA	true	-	-	-	-	-117633.2	-117802.4	-118589.5	-117864.7	-185151.9	2.1	-2.1	-1.2	-4.2	-1.4	-	-	-	-	-
9.168	3D MESSAGE	48	00	6D	91	20	59	A9	8C	88	2B	52	3D	46	C0	E5	C7	D9	14	E6	C7	78	9E	E7	C7	17	34	E6	C7	AC	CF	34	C8	00	00	2F	40	00	00	BA	BF	00	00	2A	BF	00	00	68	C0	00	00	60	BE	00	00	00	00	00	00	00	00	00	00	00	00	00	00	00	00	00	00	00	00
9.169	3D DATA	true	-	-	-	-	-117632.5	-117801.7	-118588.9	-117864.2	-185150.7	2.7	-1.5	-0.7	-3.6	-0.2	-	-	-	-	-
9.169	3D MESSAGE	48	00	6E	91	20	59	AA	8C	88	2B	52	3D	12	C0	E5	C7	9E	14	E6	C7	59	9E	E7	C7	F4	33	E6	C7	72	CF	34	C8	00	00	49	40	00	00	7E	BF	00	00	D8	BE	00	80	56	C0	00	00	30	3F	00	00	00	00	00	00	00	00	00	00	00	00	00	00	00	00	00	00	00	00
9.169	3D DATA	true	-	-	-	-	-117632.1	-117801.2	-118588.7	-117863.9	-185149.8	3.1	-1.0	-0.4	-3.4	0.7	-	-	-	-	-
9.200	3D MESSAGE	48	00	6F	91	20	59	AB	8C	88	2B	52	3D	02	C0	E5	C7	90	14	E6	C7	68	9E	E7	C7	FB	33	E6	C7	57	CF	34	C8	00	00	51	40	00	00	62	BF	00	00	0A	BF	00	00	5A	C0	00	00	8E	3F	00	00	00	00	00	00	00	00	00	00	00	00	00	00	00	00	00	00	00	00
9.200	3D DATA	true	-	-	-	-	-117632.0	-117801.1	-118588.8	-117864.0	-185149.4	3.3	-0.9	-0.5	-3.4	1.1	-	-	-	-	-
9.201	3D MESSAGE	48	00	70	91	20	59	AC	8C	88	2B	52	3D	1A	C0	E5	C7	B2	14	E6	C7	A0	9E	E7	C7	29	34	E6	C7	5D	CF	34	C8	00	00	45	40	00	00	93	BF	00	00	7A	BF	00	00	71	C0	00	00	82	3F	00	00	00	00	00	00	00	00	00	00	00	00	00	00	00	00	00	00	00	00
9.201	3D DATA	true	-	-	-	-	-117632.2	-117801.4	-118589.2	-117864.3	-185149.5	3.1	-1.1	-1.0	-3.8	1.0	-	-	-	-	-
9.202	3D MESSAGE	48	00	71	91	20	59	AD	8C	88	2B	52	3D	53	C0	E5	C7	FE	14	E6	C7	F2	9E	E7	C7	72	34	E6	C7	81	CF	34	C8	00	80	28	40	00	00	DF	BF	00	00	CF	BF	00	C0	8A	C0	00	00	E8	3E	00	00	00	00	00	00	00	00	00	00	00	00	00	00	00	00	00	00	00	00
9.202	3D DATA	true	-	-	-	-	-117632.6	-117802.0	-118589.9	-117864.9	-185150.0	2.6	-1.7	-1.6	-4.3	0.5	-	-	-	-	-
9.204	3D MESSAGE	48	00	72	91	20	59	AE	8C	88	2B	52	3D	9E	C0	E5	C7	60	15	E6	C7	4C	9F	E7	C7	C4	34	E6	C7	B9	CF	34	C8	00	00	03	40	00	80	20	C0	00	80	14	C0	00	40	9F	C0	00	00	D8	BE	00	00	00	00	00	00	00	00	00	00	00	00	00	00	00	00	00	00	00	00
9.204	3D DATA	true	-	-	-	-	-117633.2	-117802.8	-118590.6	-117865.5	-185150.9	2.0	-2.5	-2.3	-5.0	-0.4	-	-	-	-	-
9.205	3D MESSAGE	48	00	73	91	20	59	AF	8C	88	2B	52	3D	EA	C0	E5	C7	C0	15	E6	C7	9C	9F	E7	C7	0A	35	E6	C7	F7	CF	34	C8	00	00	BA	3F	00	80	50	C0	00	80	3C	C0	00	C0	B0	C0	00	00	B2	BF	00	00	00	00	00	00	00	00	00	00	00	00	00	00	00	00	00	00	00	00
9.205	3D DATA	true	-	-	-	-	-117633.8	-117803.5	-118591.2	-117866.1	-185151.9	1.5	-3.3	-2.9	-5.5	-1.4	-	-	-	-	-
9.206	3D MESSAGE	48	00	74	91	20	59	B0	8C	88	2B	52	3D	25	C1	E5	C7	06	16	E6	C7	D3	9F	E7	C7	34	35	E6	C7	2E	D0	34	C8	00	00	7E	3F	00	80	73	C0	00	00	58	C0	00	40	BB	C0	00	00	10	C0	00	00	00	00	00	00	00	00	00	00	00	00	00	00	00	00	00	00	00	00
9.206	3D DATA	true	-	-	-	-	-117634.3	-117804.0	-118591.6	-117866.4	-185152.7	1.0	-3.8	-3.4	-5.9	-2.2	-	-	-	-	-
9.207	3D MESSAGE	48	00	75	91	20	59	B1	8C	88	2B	52	3D	41	C1	E5	C7	21	16	E6	C7	EA	9F	E7	C7	39	35	E6	C7	50	D0	34	C8	00	00	46	3F	00	80	80	C0	00	80	63	C0	00	80	BC	C0	00	00	32	C0	00	00	00	00	00	00	00	00	00	00	00	00	00	00	00	00	00	00	00	00
9.207	3D DATA	true	-	-	-	-	-117634.5	-117804.3	-118591.8	-117866.4	-185153.2	0.8	-4.0	-3.6	-5.9	-2.8	-	-	-	-	-
9.207	3D MESSAGE	48	00	76	91	20	59	B2	8C	88	2B	52	3D	39	C1	E5	C7	0D	16	E6	C7	E1	9F	E7	C7	19	35	E6	C7	5A	D0	34	C8	00	00	56	3F	00	00	77	C0	00	00	5F	C0	00	80	B4	C0	00	00	3C	C0	00	00	00	00	00	00	00	00	00	00	00	00	00	00	00	00	00	00	00	00
9.207	3D DATA	true	-	-	-	-	-117634.4	-117804.1	-118591.8	-117866.2	-185153.4	0.8	-3.9	-3.5	-5.6	-2.9	-	-	-	-	-
9.232	3D MESSAGE	48	00	77	91	20	59	B3	8C	88	2B	52	3D	13	C1	E5	C7	D2	15	E6	C7	BE	9F	E7	C7	DD	34	E6	C7	49	D0	34	C8	00	00	91	3F	00	80	59	C0	00	80	4D	C0	00	80	A5	C0	00	00	2B	C0	00	00	00	00	00	00	00	00	00	00	00	00	00	00	00	00	00	00	00	00
9.232	3D DATA	true	-	-	-	-	-117634.1	-117803.6	-118591.5	-117865.7	-185153.1	1.1	-3.4	-3.2	-5.2	-2.7	-	-	-	-	-
9.233	3D MESSAGE	48	00	78	91	20	59	B4	8C	88	2B	52	3D	DA	C0	E5	C7	7F	15	E6	C7	8C	9F	E7	C7	91	34	E6	C7	24	D0	34	C8	00	00	CA	3F	00	00	30	C0	00	80	34	C0	00	80	92	C0	00	00	06	C0	00	00	00	00	00	00	00	00	00	00	00	00	00	00	00	00	00	00	00	00
9.233	3D DATA	true	-	-	-	-	-117633.7	-117803.0	-118591.1	-117865.1	-185152.6	1.6	-2.8	-2.8	-4.6	-2.1	-	-	-	-	-
9.233	3D MESSAGE	48	00	79	91	20	59	B5	8C	88	2B	52	3D	9F	C0	E5	C7	28	15	E6	C7	56	9F	E7	C7	44	34	E6	C7	F5	CF	34	C8	00	80	02	40	00	80	04	C0	00	80	19	C0	00	80	7E	C0	00	00	AE	BF	00	00	00	00	00	00	00	00	00	00	00	00	00	00	00	00	00	00	00	00
9.233	3D DATA	true	-	-	-	-	-117633.2	-117802.3	-118590.7	-117864.5	-185151.8	2.0	-2.1	-2.4	-4.0	-1.4	-	-	-	-	-
9.234	3D MESSAGE	48	00	7A	91	20	59	B6	8C	88	2B	52	3D	72	C0	E5	C7	DB	14	E6	C7	24	9F	E7	C7	02	34	E6	C7	C8	CF	34	C8	00	00	19	40	00	00	BC	BF	00	80	00	C0	00	80	5D	C0	00	00	28	BF	00	00	00	00	00	00	00	00	00	00	00	00	00	00	00	00	00	00	00	00
9.234	3D DATA	true	-	-	-	-	-117632.9	-117801.7	-118590.3	-117864.0	-185151.1	2.4	-1.5	-2.0	-3.5	-0.7	-	-	-	-	-
9.234	3D MESSAGE	48	00	7B	91	20	59	B7	8C	88	2B	52	3D	5C	C0	E5	C7	A0	14	E6	C7	FD	9E	E7	C7	D3	33	E6	C7	A5	CF	34	C8	00	00	24	40	00	00	81	BF	00	00	DA	BF	00	00	46	C0	00	00	E0	BD	00	00	00	00	00	00	00	00	00	00	00	00	00	00	00	00	00	00	00	00
9.234	3D DATA	true	-	-	-	-	-117632.7	-117801.2	-118590.0	-117863.6	-185150.6	2.6	-1.0	-1.7	-3.1	-0.1	-	-	-	-	-
9.263	3D MESSAGE	48	00	7C	91	20	59	B8	8C	88	2B	52	3D	60	C0	E5	C7	7A	14	E6	C7	E2	9E	E7	C7	B8	33	E6	C7	94	CF	34	C8	00	00	22	40	00	00	36	BF	00	00	BF	BF	00	80	38	C0	00	00	20	3E	00	00	00	00	00	00	00	00	00	00	00	00	00	00	00	00	00	00	00	00
9.263	3D DATA	true	-	-	-	-	-117632.8	-117801.0	-118589.8	-117863.4	-185150.3	2.5	-0.7	-1.5	-2.9	0.2	-	-	-	-	-
9.264	3D MESSAGE	48	00	7D	91	20	59	B9	8C	88	2B	52	3D	79	C0	E5	C7	64	14	E6	C7	D1	9E	E7	C7	B0	33	E6	C7	95	CF	34	C8	00	80	15	40	00	00	0A	BF	00	00	AE	BF	00	80	34	C0	00	00	10	3E	00	00	00	00	00	00	00	00	00	00	00	00	00	00	00	00	00	00	00	00
9.264	3D DATA	true	-	-	-	-	-117632.9	-117800.8	-118589.6	-117863.4	-185150.3	2.3	-0.5	-1.4	-2.8	0.1	-	-	-	-	-
9.264	3D MESSAGE	48	00	7E	91	20	59	BA	8C	88	2B	52	3D	A1	C0	E5	C7	5A	14	E6	C7	C9	9E	E7	C7	B9	33	E6	C7	A6	CF	34	C8	00	80	01	40	00	00	EC	BE	00	00	A6	BF	00	00	39	C0	00	00	00	BE	00	00	00	00	00	00	00	00	00	00	00	00	00	00	00	00	00	00	00	00
9.264	3D DATA	true	-	-	-	-	-117633.3	-117800.7	-118589.6	-117863.4	-185150.6	2.0	-0.5	-1.3	-2.9	-0.1	-	-	-	-	-
9.264	3D MESSAGE	48	00	7F	91	20	59	BB	8C	88	2B	52	3D	CE	C0	E5	C7	59	14	E6	C7	C8	9E	E7	C7	CE	33	E6	C7	C1	CF	34	C8	00	00	D6	3F	00	00	E8	BE	00	00	A5	BF	00	80	43	C0	00	00	0C	BF	00	00	00	00	00	00	00	00	00	00	00	00	00	00	00	00	00	00	00	00
9.264	3D DATA	true	-	-	-	-	-117633.6	-117800.7	-118589.6	-117863.6	-185151.0	1.7	-0.5	-1.3	-3.1	-0.5	-	-	-	-	-
9.265	3D MESSAGE	48	00	80	91	20	59	BC	8C	88	2B	52	3D	F9	C0	E5	C7	62	14	E6	C7	CD	9E	E7	C7	EB	33	E6	C7	E0	CF	34	C8	00	00	AB	3F	00	00	06	BF	00	00	AA	BF	00	00	52	C0	00	00	84	BF	00	00	00	00	00	00	00	00	00	00	00	00	00	00	00	00	00	00	00	00
9.265	3D DATA	true	-	-	-	-	-117633.9	-117800.8	-118589.6	-117863.8	-185151.5	1.3	-0.5	-1.3	-3.3	-1.0	-	-	-	-	-
9.265	3D MESSAGE	48	00	81	91	20	59	BD	8C	88	2B	52	3D	1A	C1	E5	C7	74	14	E6	C7	D8	9E	E7	C7	0B	34	E6	C7	FE	CF	34	C8	00	00	8A	3F	00	00	2A	BF	00	00	B5	BF	00	00	62	C0	00	00	C0	BF	00	00	00	00	00	00	00	00	00	00	00	00	00	00	00	00	00	00	00	00
9.265	3D DATA	true	-	-	-	-	-117634.2	-117800.9	-118589.7	-117864.1	-185152.0	1.1	-0.7	-1.4	-3.5	-1.5	-	-	-	-	-
9.267	3D MESSAGE	48	00	82	91	20	59	BE	8C	88	2B	52	3D	2C	C1	E5	C7	90	14	E6	C7	E5	9E	E7	C7	27	34	E6	C7	16	D0	34	C8	00	00	70	3F	00	00	62	BF	00	00	C2	BF	00	00	70	C0	00	00	F0	BF	00	00	00	00	00	00	00	00	00	00	00	00	00	00	00	00	00	00	00	00
9.267	3D DATA	true	-	-	-	-	-117634.3	-117801.1	-118589.8	-117864.3	-185152.3	0.9	-0.9	-1.5	-3.8	-1.9	-	-	-	-	-
9.298	3D MESSAGE	48	00	83	91	20	59	BF	8C	88	2B	52	3D	2A	C1	E5	C7	AF	14	E6	C7	EF	9E	E7	C7	36	34	E6	C7	24	D0	34	C8	00	00	74	3F	00	00	90	BF	00	00	CC	BF	00	80	77	C0	00	00	06	C0	00	00	00	00	00	00	00	00	00	00	00	00	00	00	00	00	00	00	00	00
9.298	3D DATA	true	-	-	-	-	-117634.3	-117801.4	-118589.9	-117864.4	-185152.6	1.0	-1.1	-1.6	-3.9	-2.1	-	-	-	-	-
9.299	3D MESSAGE	48	00	84	91	20	59	C0	8C	88	2B	52	3D	10	C1	E5	C7	CC	14	E6	C7	F1	9E	E7	C7	33	34	E6	C7	28	D0	34	C8	00	00	94	3F	00	00	AD	BF	00	00	CE	BF	00	00	76	C0	00	00	0A	C0	00	00	00	00	00	00	00	00	00	00	00	00	00	00	00	00	00	00	00	00
9.299	3D DATA	true	-	-	-	-	-117634.1	-117801.6	-118589.9	-117864.4	-185152.6	1.2	-1.4	-1.6	-3.8	-2.2	-	-	-	-	-
9.299	3D MESSAGE	48	00	85	91	20	59	C1	8C	88	2B	52	3D	DE	C0	E5	C7	DC	14	E6	C7	E6	9E	E7	C7	16	34	E6	C7	21	D0	34	C8	00	00	C6	3F	00	00	BD	BF	00	00	C3	BF	00	80	67	C0	00	00	03	C0	00	00	00	00	00	00	00	00	00	00	00	00	00	00	00	00	00	00	00	00
9.299	3D DATA	true	-	-	-	-	-117633.7	-117801.7	-118589.8	-117864.2	-185152.5	1.5	-1.5	-1.5	-3.6	-2.0	-	-	-	-	-
9.299	3D MESSAGE	48	00	86	91	20	59	C2	8C	88	2B	52	3D	97	C0	E5	C7	D7	14	E6	C7	C8	9E	E7	C7	E0	33	E6	C7	0E	D0	34	C8	00	80	06	40	00	00	B8	BF	00	00	A5	BF	00	80	4C	C0	00	00	E0	BF	00	00	00	00	00	00	00	00	00	00	00	00	00	00	00	00	00	00	00	00
9.299	3D DATA	true	-	-	-	-	-117633.2	-117801.7	-118589.6	-117863.8	-185152.2	2.1	-1.4	-1.3	-3.2	-1.8	-	-	-	-	-
9.299	3D MESSAGE	48	00	87	91	20	59	C3	8C	88	2B	52	3D	40	C0	E5	C7	BD	14	E6	C7	98	9E	E7	C7	94	33	E6	C7	F1	CF	34	C8	00	00	32	40	00	00	9E	BF	00	00	6A	BF	00	80	26	C0	00	00	A6	BF	00	00	00	00	00	00	00	00	00	00	00	00	00	00	00	00	00	00	00	00
9.300	3D DATA	true	-	-	-	-	-117632.5	-117801.5	-118589.2	-117863.2	-185151.8	2.8	-1.2	-0.9	-2.6	-1.3	-	-	-	-	-
9.300	3D MESSAGE	48	00	88	91	20	59	C4	8C	88	2B	52	3D	E6	BF	E5	C7	90	14	E6	C7	59	9E	E7	C7	39	33	E6	C7	CC	CF	34	C8	00	00	5F	40	00	00	62	BF	00	00	D8	BE	00	00	F2	BF	00	00	38	BF	00	00	00	00	00	00	00	00	00	00	00	00	00	00	00	00	00	00	00	00
9.300	3D DATA	true	-	-	-	-	-117631.8	-117801.1	-118588.7	-117862.4	-185151.2	3.5	-0.9	-0.4	-1.9	-0.7	-	-	-	-	-
9.300	3D MESSAGE	48	00	89	91	20	59	C5	8C	88	2B	52	3D	92	BF	E5	C7	59	14	E6	C7	10	9E	E7	C7	DA	32	E6	C7	A3	CF	34	C8	00	80	84	40	00	00	E8	BE	00	00	18	3E	00	00	93	BF	00	00	A0	BD	00	00	00	00	00	00	00	00	00	00	00	00	00	00	00	00	00	00	00	00
9.300	3D DATA	true	-	-	-	-	-117631.1	-117800.7	-118588.1	-117861.7	-185150.5	4.1	-0.5	0.1	-1.1	-0.1	-	-	-	-	-
9.323	3D MESSAGE	48	00	8A	91	20	59	C6	8C	88	2B	52	3D	4E	BF	E5	C7	21	14	E6	C7	C5	9D	E7	C7	7D	32	E6	C7	7D	CF	34	C8	00	80	95	40	00	00	80	BC	00	00	3C	3F	00	00	D8	BE	00	00	04	3F	00	00	00	00	00	00	00	00	00	00	00	00	00	00	00	00	00	00	00	00
9.323	3D DATA	true	-	-	-	-	-117630.6	-117800.3	-118587.5	-117861.0	-185150.0	4.7	-0.0	0.7	-0.4	0.5	-	-	-	-	-
9.324	3D MESSAGE	48	00	8B	91	20	59	C7	8C	88	2B	52	3D	1C	BF	E5	C7	F2	13	E6	C7	80	9D	E7	C7	28	32	E6	C7	5E	CF	34	C8	00	00	A2	40	00	00	B4	3E	00	00	A3	3F	00	00	78	3E	00	00	80	3F	00	00	00	00	00	00	00	00	00	00	00	00	00	00	00	00	00	00	00	00
9.324	3D DATA	true	-	-	-	-	-117630.2	-117799.9	-118587.0	-117860.3	-185149.5	5.1	0.4	1.3	0.2	1.0	-	-	-	-	-
9.324	3D MESSAGE	48	00	8C	91	20	59	C8	8C	88	2B	52	3D	FF	BE	E5	C7	D3	13	E6	C7	4A	9D	E7	C7	DD	31	E6	C7	49	CF	34	C8	00	40	A9	40	00	00	18	3F	00	00	D9	3F	00	00	54	3F	00	00	AA	3F	00	00	00	00	00	00	00	00	00	00	00	00	00	00	00	00	00	00	00	00
9.324	3D DATA	true	-	-	-	-	-117630.0	-117799.6	-118586.6	-117859.7	-185149.1	5.3	0.6	1.7	0.8	1.3	-	-	-	-	-
9.324	3D MESSAGE	48	00	8D	91	20	59	C9	8C	E0	DB	6D	3D	F4	BE	E5	C7	C5	13	E6	C7	26	9D	E7	C7	9C	31	E6	C7	41	CF	34	C8	00	00	AC	40	00	00	34	3F	00	00	FD	3F	00	00	AB	3F	00	00	BA	3F	00	00	00	00	00	00	00	00	00	00	00	00	00	00	00	00	00	00	00	00
9.324	3D DATA	true	-	-	-	-	-117629.9	-117799.5	-118586.3	-117859.2	-185149.0	5.4	0.7	2.0	1.3	1.5	-	-	-	-	-
9.354	3D MESSAGE	48	00	8E	91	20	59	CA	8C	E0	DB	6D	3D	F8	BE	E5	C7	C6	13	E6	C7	1A	9D	E7	C7	62	31	E6	C7	44	CF	34	C8	00	00	AB	40	00	00	32	3F	00	80	04	40	00	00	E5	3F	00	00	B4	3F	00	00	00	00	00	00	00	00	00	00	00	00	00	00	00	00	00	00	00	00
9.354	3D DATA	true	-	-	-	-	-117629.9	-117799.5	-118586.2	-117858.8	-185149.1	5.3	0.7	2.1	1.8	1.4	-	-	-	-	-
9.355	3D MESSAGE	48	00	8F	91	20	59	CB	8C	E0	DB	6D	3D	04	BF	E5	C7	D2	13	E6	C7	22	9D	E7	C7	31	31	E6	C7	4F	CF	34	C8	00	00	A8	40	00	00	1A	3F	00	80	00	40	00	00	0B	40	00	00	9E	3F	00	00	00	00	00	00	00	00	00	00	00	00	00	00	00	00	00	00	00	00
9.355	3D DATA	true	-	-	-	-	-117630.0	-117799.6	-118586.3	-117858.4	-185149.2	5.2	0.6	2.0	2.2	1.2	-	-	-	-	-
9.355	3D MESSAGE	48	00	90	91	20	59	CC	8C	E0	DB	6D	3D	14	BF	E5	C7	E2	13	E6	C7	3B	9D	E7	C7	07	31	E6	C7	5C	CF	34	C8	00	00	A4	40	00	00	F4	3E	00	00	E8	3F	00	00	20	40	00	00	84	3F	00	00	00	00	00	00	00	00	00	00	00	00	00	00	00	00	00	00	00	00
9.355	3D DATA	true	-	-	-	-	-117630.2	-117799.8	-118586.5	-117858.1	-185149.4	5.1	0.5	1.8	2.5	1.0	-	-	-	-	-
9.355	3D MESSAGE	48	00	91	91	20	59	CD	8C	E0	DB	6D	3D	24	BF	E5	C7	F0	13	E6	C7	5D	9D	E7	C7	E4	30	E6	C7	65	CF	34	C8	00	00	A0	40	00	00	BC	3E	00	00	C6	3F	00	80	31	40	00	00	64	3F	00	00	00	00	00	00	00	00	00	00	00	00	00	00	00	00	00	00	00	00
9.355	3D DATA	true	-	-	-	-	-117630.3	-117799.9	-118586.7	-117857.8	-185149.6	5.0	0.4	1.5	2.8	0.9	-	-	-	-	-
9.356	3D MESSAGE	48	00	92	91	20	59	CE	8C	E0	DB	6D	3D	2E	BF	E5	C7	FA	13	E6	C7	7E	9D	E7	C7	C9	30	E6	C7	66	CF	34	C8	00	80	9D	40	00	00	94	3E	00	00	A5	3F	00	00	3F	40	00	00	60	3F	00	00	00	00	00	00	00	00	00	00	00	00	00	00	00	00	00	00	00	00
9.356	3D DATA	true	-	-	-	-	-117630.4	-117800.0	-118587.0	-117857.6	-185149.6	4.9	0.3	1.3	3.0	0.9	-	-	-	-	-
9.356	3D MESSAGE	48	00	93	91	20	59	CF	8C	E0	DB	6D	3D	32	BF	E5	C7	FD	13	E6	C7	95	9D	E7	C7	B4	30	E6	C7	5F	CF	34	C8	00	80	9C	40	00	00	88	3E	00	00	8E	3F	00	80	49	40	00	00	7C	3F	00	00	00	00	00	00	00	00	00	00	00	00	00	00	00	00	00	00	00	00
9.356	3D DATA	true	-	-	-	-	-117630.4	-117800.0	-118587.2	-117857.4	-185149.5	4.9	0.3	1.1	3.1	1.0	-	-	-	-	-
9.357	3D MESSAGE	48	00	94	91	20	59	D0	8C	E0	DB	6D	3D	2C	BF	E5	C7	F8	13	E6	C7	9A	9D	E7	C7	A0	30	E6	C7	4F	CF	34	C8	00	00	9E	40	00	00	9C	3E	00	00	89	3F	00	80	53	40	00	00	9E	3F	00	00	00	00	00	00	00	00	00	00	00	00	00	00	00	00	00	00	00	00
9.357	3D DATA	true	-	-	-	-	-117630.3	-117799.9	-118587.2	-117857.2	-185149.2	4.9	0.3	1.1	3.3	1.2	-	-	-	-	-
9.389	3D MESSAGE	48	00	95	91	20	59	D1	8C	E0	DB	6D	3D	1E	BF	E5	C7	EF	13	E6	C7	8A	9D	E7	C7	8B	30	E6	C7	39	CF	34	C8	00	80	A1	40	00	00	C0	3E	00	00	99	3F	00	00	5E	40	00	00	CA	3F	00	00	00	00	00	00	00	00	00	00	00	00	00	00	00	00	00	00	00	00
9.389	3D DATA	true	-	-	-	-	-117630.2	-117799.9	-118587.1	-117857.1	-185148.9	5.0	0.4	1.2	3.5	1.6	-	-	-	-	-
9.389	3D MESSAGE	48	00	96	91	20	59	D2	8C	E0	DB	6D	3D	09	BF	E5	C7	E5	13	E6	C7	66	9D	E7	C7	6F	30	E6	C7	22	CF	34	C8	00	C0	A6	40	00	00	E8	3E	00	00	BD	3F	00	00	6C	40	00	00	F8	3F	00	00	00	00	00	00	00	00	00	00	00	00	00	00	00	00	00	00	00	00
9.389	3D DATA	true	-	-	-	-	-117630.1	-117799.8	-118586.8	-117856.9	-185148.5	5.2	0.5	1.5	3.7	1.9	-	-	-	-	-
9.390	3D MESSAGE	48	00	97	91	20	59	D3	8C	E0	DB	6D	3D	F2	BE	E5	C7	E0	13	E6	C7	37	9D	E7	C7	4A	30	E6	C7	0E	CF	34	C8	00	80	AC	40	00	00	FC	3E	00	00	EC	3F	00	80	7E	40	00	00	10	40	00	00	00	00	00	00	00	00	00	00	00	00	00	00	00	00	00	00	00	00
9.390	3D DATA	true	-	-	-	-	-117629.9	-117799.8	-118586.4	-117856.6	-185148.2	5.4	0.5	1.8	4.0	2.2	-	-	-	-	-
9.390	3D MESSAGE	48	00	98	91	20	59	D4	8C	E0	DB	6D	3D	DC	BE	E5	C7	E5	13	E6	C7	04	9D	E7	C7	1A	30	E6	C7	FE	CE	34	C8	00	00	B2	40	00	00	E8	3E	00	80	0F	40	00	40	8B	40	00	00	20	40	00	00	00	00	00	00	00	00	00	00	00	00	00	00	00	00	00	00	00	00
9.390	3D DATA	true	-	-	-	-	-117629.7	-117799.8	-118586.0	-117856.2	-185148.0	5.6	0.5	2.2	4.4	2.5	-	-	-	-	-
9.392	3D MESSAGE	48	00	99	91	20	59	D5	8C	E0	DB	6D	3D	C8	BE	E5	C7	F8	13	E6	C7	D8	9C	E7	C7	E2	2F	E6	C7	F6	CE	34	C8	00	00	B7	40	00	00	9C	3E	00	80	25	40	00	40	99	40	00	00	28	40	00	00	00	00	00	00	00	00	00	00	00	00	00	00	00	00	00	00	00	00
9.392	3D DATA	true	-	-	-	-	-117629.6	-117799.9	-118585.7	-117855.8	-185147.8	5.7	0.3	2.6	4.8	2.6	-	-	-	-	-
9.392	3D MESSAGE	48	00	9A	91	20	59	D6	8C	E0	DB	6D	3D	B5	BE	E5	C7	18	14	E6	C7	B5	9C	E7	C7	A2	2F	E6	C7	F4	CE	34	C8	00	C0	BB	40	00	00	60	3D	00	00	37	40	00	40	A9	40	00	00	2A	40	00	00	00	00	00	00	00	00	00	00	00	00	00	00	00	00	00	00	00	00
9.392	3D DATA	true	-	-	-	-	-117629.4	-117800.2	-118585.4	-117855.3	-185147.8	5.9	0.1	2.9	5.3	2.7	-	-	-	-	-
9.392	3D MESSAGE	48	00	9B	91	20	59	D7	8C	E0	DB	6D	3D	A2	BE	E5	C7	40	14	E6	C7	9F	9C	E7	C7	5D	2F	E6	C7	F6	CE	34	C8	00	80	C0	40	00	00	84	BE	00	00	42	40	00	80	BA	40	00	00	28	40	00	00	00	00	00	00	00	00	00	00	00	00	00	00	00	00	00	00	00	00
9.392	3D DATA	true	-	-	-	-	-117629.3	-117800.5	-118585.2	-117854.7	-185147.8	6.0	-0.3	3.0	5.8	2.6	-	-	-	-	-
9.419	3D MESSAGE	48	00	9C	91	20	59	D8	8C	E0	DB	6D	3D	8D	BE	E5	C7	64	14	E6	C7	90	9C	E7	C7	15	2F	E6	C7	F9	CE	34	C8	00	C0	C5	40	00	00	0A	BF	00	80	49	40	00	80	CC	40	00	00	25	40	00	00	00	00	00	00	00	00	00	00	00	00	00	00	00	00	00	00	00	00
9.419	3D DATA	true	-	-	-	-	-117629.1	-117800.8	-118585.1	-117854.2	-185147.9	6.2	-0.5	3.1	6.4	2.6	-	-	-	-	-
9.420	3D MESSAGE	48	00	9D	91	20	59	D9	8C	E0	DB	6D	3D	74	BE	E5	C7	7C	14	E6	C7	83	9C	E7	C7	C9	2E	E6	C7	F7	CE	34	C8	00	00	CC	40	00	00	3A	BF	00	00	50	40	00	80	DF	40	00	00	27	40	00	00	00	00	00	00	00	00	00	00	00	00	00	00	00	00	00	00	00	00
9.420	3D DATA	true	-	-	-	-	-117628.9	-117801.0	-118585.0	-117853.6	-185147.9	6.4	-0.7	3.2	7.0	2.6	-	-	-	-	-
9.420	3D MESSAGE	48	00	9E	91	20	59	DA	8C	E0	DB	6D	3D	55	BE	E5	C7	7E	14	E6	C7	6E	9C	E7	C7	77	2E	E6	C7	EE	CE	34	C8	00	C0	D3	40	00	00	3E	BF	00	80	5A	40	00	00	F4	40	00	00	30	40	00	00	00	00	00	00	00	00	00	00	00	00	00	00	00	00	00	00	00	00
9.420	3D DATA	true	-	-	-	-	-117628.7	-117801.0	-118584.9	-117852.9	-185147.7	6.6	-0.7	3.4	7.6	2.8	-	-	-	-	-
9.421	3D MESSAGE	48	00	9F	91	20	59	DB	8C	E0	DB	6D	3D	32	BE	E5	C7	68	14	E6	C7	4C	9C	E7	C7	1E	2E	E6	C7	DB	CE	34	C8	00	80	DC	40	00	00	12	BF	00	80	6B	40	00	20	05	41	00	00	43	40	00	00	00	00	00	00	00	00	00	00	00	00	00	00	00	00	00	00	00	00
9.421	3D DATA	true	-	-	-	-	-117628.4	-117800.8	-118584.6	-117852.2	-185147.4	6.9	-0.6	3.7	8.3	3.0	-	-	-	-	-
9.422	3D MESSAGE	48	00	A0	91	20	59	DC	8C	E0	DB	6D	3D	0D	BE	E5	C7	3F	14	E6	C7	19	9C	E7	C7	BB	2D	E6	C7	C0	CE	34	C8	00	C0	E5	40	00	00	80	BE	00	80	82	40	00	80	11	41	00	00	5E	40	00	00	00	00	00	00	00	00	00	00	00	00	00	00	00	00	00	00	00	00
9.422	3D DATA	true	-	-	-	-	-117628.1	-117800.5	-118584.2	-117851.5	-185147.0	7.2	-0.2	4.1	9.1	3.5	-	-	-	-	-
9.422	3D MESSAGE	48	00	A1	91	20	59	DD	8C	E0	DB	6D	3D	E8	BD	E5	C7	0C	14	E6	C7	DA	9B	E7	C7	4C	2D	E6	C7	9F	CE	34	C8	00	00	EF	40	00	00	18	3E	00	40	92	40	00	60	1F	41	00	00	7F	40	00	00	00	00	00	00	00	00	00	00	00	00	00	00	00	00	00	00	00	00
9.422	3D DATA	true	-	-	-	-	-117627.8	-117800.1	-118583.7	-117850.6	-185146.5	7.5	0.1	4.6	10.0	4.0	-	-	-	-	-
9.449	3D MESSAGE	48	00	A2	91	20	59	DE	8C	E0	DB	6D	3D	C5	BD	E5	C7	DC	13	E6	C7	92	9B	E7	C7	D2	2C	E6	C7	7D	CE	34	C8	00	C0	F7	40	00	00	06	3F	00	40	A4	40	00	A0	2E	41	00	80	90	40	00	00	00	00	00	00	00	00	00	00	00	00	00	00	00	00	00	00	00	00
9.449	3D DATA	true	-	-	-	-	-117627.5	-117799.7	-118583.1	-117849.6	-185146.0	7.7	0.5	5.1	10.9	4.5	-	-	-	-	-
9.449	3D MESSAGE	48	00	A3	91	20	59	DF	8C	E0	DB	6D	3D	A6	BD	E5	C7	B6	13	E6	C7	48	9B	E7	C7	4E	2C	E6	C7	5E	CE	34	C8	00	80	FF	40	00	00	52	3F	00	C0	B6	40	00	20	3F	41	00	00	A0	40	00	00	00	00	00	00	00	00	00	00	00	00	00	00	00	00	00	00	00	00
9.449	3D DATA	true	-	-	-	-	-117627.3	-117799.4	-118582.6	-117848.6	-185145.5	8.0	0.8	5.7	11.9	5.0	-	-	-	-	-
9.449	3D MESSAGE	48	00	A4	91	20	59	E0	8C	E0	DB	6D	3D	89	BD	E5	C7	A0	13	E6	C7	FE	9A	E7	C7	C0	2B	E6	C7	44	CE	34	C8	00	60	03	41	00	00	7E	3F	00	40	C9	40	00	E0	50	41	00	00	AD	40	00	00	00	00	00	00	00	00	00	00	00	00	00	00	00	00	00	00	00	00
9.449	3D DATA	true	-	-	-	-	-117627.1	-117799.2	-118582.0	-117847.5	-185145.1	8.2	1.0	6.3	13.1	5.4	-	-	-	-	-
9.450	3D MESSAGE	48	00	A5	91	20	59	E1	8C	E0	DB	6D	3D	6D	BD	E5	C7	99	13	E6	C7	B9	9A	E7	C7	2A	2B	E6	C7	2E	CE	34	C8	00	E0	06	41	00	00	86	3F	00	80	DA	40	00	A0	63	41	00	00	B8	40	00	00	00	00	00	00	00	00	00	00	00	00	00	00	00	00	00	00	00	00
9.450	3D DATA	true	-	-	-	-	-117626.9	-117799.2	-118581.4	-117846.3	-185144.7	8.4	1.0	6.8	14.2	5.8	-	-	-	-	-
9.450	3D MESSAGE	48	00	A6	91	20	59	E2	8C	E0	DB	6D	3D	4E	BD	E5	C7	9B	13	E6	C7	75	9A	E7	C7	8C	2A	E6	C7	1A	CE	34	C8	00	C0	0A	41	00	00	84	3F	00	80	EB	40	00	60	77	41	00	00	C2	40	00	00	00	00	00	00	00	00	00	00	00	00	00	00	00	00	00	00	00	00
9.450	3D DATA	true	-	-	-	-	-117626.6	-117799.2	-118580.9	-117845.1	-185144.4	8.7	1.0	7.4	15.5	6.1	-	-	-	-	-
9.480	3D MESSAGE	48	00	A7	91	20	59	E3	8C	E0	DB	6D	3D	2C	BD	E5	C7	A1	13	E6	C7	34	9A	E7	C7	EA	29	E6	C7	04	CE	34	C8	00	00	0F	41	00	00	7C	3F	00	C0	FB	40	00	D0	85	41	00	00	CD	40	00	00	00	00	00	00	00	00	00	00	00	00	00	00	00	00	00	00	00	00
9.480	3D DATA	true	-	-	-	-	-117626.3	-117799.3	-118580.4	-117843.8	-185144.1	8.9	1.0	7.9	16.7	6.4	-	-	-	-	-
9.481	3D MESSAGE	48	00	A8	91	20	59	E4	8C	E0	DB	6D	3D	02	BD	E5	C7	A5	13	E6	C7	F7	99	E7	C7	42	29	E6	C7	E8	CD	34	C8	00	40	14	41	00	00	74	3F	00	80	05	41	00	50	90	41	00	00	DB	40	00	00	00	00	00	00	00	00	00	00	00	00	00	00	00	00	00	00	00	00
9.481	3D DATA	true	-	-	-	-	-117626.0	-117799.3	-118579.9	-117842.5	-185143.6	9.3	1.0	8.3	18.0	6.8	-	-	-	-	-
9.482	3D MESSAGE	48	00	A9	91	20	59	E5	8C	E0	DB	6D	3D	D0	BC	E5	C7	A3	13	E6	C7	BE	99	E7	C7	9A	28	E6	C7	C6	CD	34	C8	00	80	1A	41	00	00	78	3F	00	A0	0C	41	00	D0	9A	41	00	00	EC	40	00	00	00	00	00	00	00	00	00	00	00	00	00	00	00	00	00	00	00	00
9.482	3D DATA	true	-	-	-	-	-117625.6	-117799.3	-118579.5	-117841.2	-185143.1	9.7	1.0	8.8	19.4	7.4	-	-	-	-	-
9.482	3D MESSAGE	48	00	AA	91	20	59	E6	8C	E0	DB	6D	3D	98	BC	E5	C7	9A	13	E6	C7	8E	99	E7	C7	F4	27	E6	C7	9E	CD	34	C8	00	80	21	41	00	00	85	3F	00	A0	12	41	00	30	A5	41	00	00	00	41	00	00	00	00	00	00	00	00	00	00	00	00	00	00	00	00	00	00	00	00
9.482	3D DATA	true	-	-	-	-	-117625.2	-117799.2	-118579.1	-117839.9	-185142.5	10.1	1.0	9.2	20.6	8.0	-	-	-	-	-
9.483	3D MESSAGE	48	00	AB	91	20	59	E7	8C	E0	DB	6D	3D	5A	BC	E5	C7	8A	13	E6	C7	67	99	E7	C7	53	27	E6	C7	73	CD	34	C8	00	40	29	41	00	00	95	3F	00	80	17	41	00	40	AF	41	00	C0	0A	41	00	00	00	00	00	00	00	00	00	00	00	00	00	00	00	00	00	00	00	00
9.483	3D DATA	true	-	-	-	-	-117624.7	-117799.1	-118578.8	-117838.6	-185141.8	10.6	1.2	9.5	21.9	8.7	-	-	-	-	-
9.483	3D MESSAGE	48	00	AC	91	20	59	E8	8C	E0	DB	6D	3D	16	BC	E5	C7	74	13	E6	C7	44	99	E7	C7	B3	26	E6	C7	49	CD	34	C8	00	C0	31	41	00	00	AB	3F	00	E0	1B	41	00	40	B9	41	00	40	15	41	00	00	00	00	00	00	00	00	00	00	00	00	00	00	00	00	00	00	00	00
9.483	3D DATA	true	-	-	-	-	-117624.2	-117798.9	-118578.5	-117837.4	-185141.1	11.1	1.3	9.7	23.2	9.3	-	-	-	-	-
9.484	3D MESSAGE	48	00	AD	91	20	59	E9	8C	E0	DB	6D	3D	CB	BB	E5	C7	58	13	E6	C7	1E	99	E7	C7	0E	26	E6	C7	1F	CD	34	C8	00	20	3B	41	00	00	C7	3F	00	A0	20	41	00	90	C3	41	00	C0	1F	41	00	00	00	00	00	00	00	00	00	00	00	00	00	00	00	00	00	00	00	00
9.484	3D DATA	true	-	-	-	-	-117623.6	-117798.7	-118578.2	-117836.1	-185140.5	11.7	1.6	10.0	24.4	10.0	-	-	-	-	-
9.510	3D MESSAGE	48	00	AE	91	20	59	EA	8C	E0	DB	6D	3D	74	BB	E5	C7	38	13	E6	C7	E8	98	E7	C7	5A	25	E6	C7	F4	CC	34	C8	00	00	46	41	00	00	E7	3F	00	60	27	41	00	D0	CE	41	00	80	2A	41	00	00	00	00	00	00	00	00	00	00	00	00	00	00	00	00	00	00	00	00
9.510	3D DATA	true	-	-	-	-	-117622.9	-117798.4	-118577.8	-117834.7	-185139.8	12.4	1.8	10.5	25.9	10.7	-	-	-	-	-
9.511	3D MESSAGE	48	00	AF	91	20	59	EB	8C	E0	DB	6D	3D	10	BB	E5	C7	14	13	E6	C7	97	98	E7	C7	8A	24	E6	C7	C6	CC	34	C8	00	80	52	41	00	80	05	40	00	80	31	41	00	D0	DB	41	00	00	36	41	00	00	00	00	00	00	00	00	00	00	00	00	00	00	00	00	00	00	00	00
9.511	3D DATA	true	-	-	-	-	-117622.1	-117798.2	-118577.2	-117833.1	-185139.1	13.2	2.1	11.1	27.5	11.4	-	-	-	-	-
9.512	3D MESSAGE	48	00	B0	91	20	59	EC	8C	E0	DB	6D	3D	9F	BA	E5	C7	EF	12	E6	C7	23	98	E7	C7	92	23	E6	C7	93	CC	34	C8	00	A0	60	41	00	00	18	40	00	00	40	41	00	50	EB	41	00	C0	42	41	00	00	00	00	00	00	00	00	00	00	00	00	00	00	00	00	00	00	00	00
9.512	3D DATA	true	-	-	-	-	-117621.2	-117797.9	-118576.3	-117831.1	-185138.3	14.0	2.4	12.0	29.4	12.2	-	-	-	-	-
9.512	3D MESSAGE	48	00	B1	91	20	59	ED	8C	E0	DB	6D	3D	23	BA	E5	C7	C9	12	E6	C7	8A	97	E7	C7	6A	22	E6	C7	59	CC	34	C8	00	20	70	41	00	00	2B	40	00	20	53	41	00	D0	FD	41	00	40	51	41	00	00	00	00	00	00	00	00	00	00	00	00	00	00	00	00	00	00	00	00
9.512	3D DATA	true	-	-	-	-	-117620.3	-117797.6	-118575.1	-117828.8	-185137.4	15.0	2.7	13.2	31.7	13.1	-	-	-	-	-
9.513	3D MESSAGE	48	00	B2	91	20	59	EE	8C	E0	DB	6D	3D	A1	B9	E5	C7	A2	12	E6	C7	D2	96	E7	C7	10	21	E6	C7	19	CC	34	C8	00	30	80	41	00	80	3E	40	00	20	6A	41	00	B8	09	42	00	40	61	41	00	00	00	00	00	00	00	00	00	00	00	00	00	00	00	00	00	00	00	00
9.513	3D DATA	true	-	-	-	-	-117619.3	-117797.3	-118573.6	-117826.1	-185136.4	16.0	3.0	14.6	34.4	14.1	-	-	-	-	-
9.513	3D MESSAGE	48	00	B3	91	20	59	EF	8C	E0	DB	6D	3D	1F	B9	E5	C7	78	12	E6	C7	05	96	E7	C7	8A	1F	E6	C7	D4	CB	34	C8	00	50	88	41	00	80	53	40	00	E0	81	41	00	E8	15	42	00	80	72	41	00	00	00	00	00	00	00	00	00	00	00	00	00	00	00	00	00	00	00	00
9.513	3D DATA	true	-	-	-	-	-117618.2	-117796.9	-118572.0	-117823.1	-185135.3	17.0	3.3	16.2	37.5	15.2	-	-	-	-	-
9.544	3D MESSAGE	48	00	B4	91	20	59	F0	8C	E0	DB	6D	3D	A2	B8	E5	C7	4A	12	E6	C7	2C	95	E7	C7	E3	1D	E6	C7	8D	CB	34	C8	00	20	90	41	00	80	6A	40	00	70	8F	41	00	20	23	42	00	20	82	41	00	00	00	00	00	00	00	00	00	00	00	00	00	00	00	00	00	00	00	00
9.544	3D DATA	true	-	-	-	-	-117617.3	-117796.6	-118570.3	-117819.8	-185134.2	18.0	3.7	17.9	40.8	16.3	-	-	-	-	-
9.544	3D MESSAGE	48	00	B5	91	20	59	F1	8C	B8	75	1B	3E	2C	B8	E5	C7	13	12	E6	C7	50	94	E7	C7	2B	1C	E6	C7	44	CB	34	C8	00	80	97	41	00	00	83	40	00	30	9D	41	00	E0	30	42	00	40	8B	41	00	00	00	00	00	00	00	00	00	00	00	00	00	00	00	00	00	00	00	00
9.544	3D DATA	true	-	-	-	-	-117616.3	-117796.1	-118568.6	-117816.3	-185133.1	18.9	4.1	19.6	44.2	17.4	-	-	-	-	-
9.544	3D MESSAGE	48	00	B6	91	20	59	F2	8C	B8	75	1B	3E	BF	B7	E5	C7	D3	11	E6	C7	76	93	E7	C7	70	1A	E6	C7	FA	CA	34	C8	00	50	9E	41	00	00	93	40	00	D0	AA	41	00	B8	3E	42	00	80	94	41	00	00	00	00	00	00	00	00	00	00	00	00	00	00	00	00	00	00	00	00
9.544	3D DATA	true	-	-	-	-	-117615.5	-117795.6	-118566.9	-117812.9	-185131.9	19.8	4.6	21.4	47.7	18.6	-	-	-	-	-
9.545	3D MESSAGE	48	00	B7	91	20	59	F3	8C	B8	75	1B	3E	59	B7	E5	C7	8A	11	E6	C7	A1	92	E7	C7	BE	18	E6	C7	AE	CA	34	C8	00	B0	A4	41	00	40	A5	40	00	20	B8	41	00	48	4C	42	00	00	9E	41	00	00	00	00	00	00	00	00	00	00	00	00	00	00	00	00	00	00	00	00
9.545	3D DATA	true	-	-	-	-	-117614.7	-117795.1	-118565.3	-117809.5	-185130.7	20.6	5.2	23.0	51.1	19.8	-	-	-	-	-
9.546	3D MESSAGE	48	00	B8	91	20	59	F4	8C	B8	75	1B	3E	FA	B6	E5	C7	3C	11	E6	C7	CD	91	E7	C7	17	17	E6	C7	60	CA	34	C8	00	A0	AA	41	00	C0	B8	40	00	60	C5	41	00	80	59	42	00	C0	A7	41	00	00	00	00	00	00	00	00	00	00	00	00	00	00	00	00	00	00	00	00
9.546	3D DATA	true	-	-	-	-	-117614.0	-117794.5	-118563.6	-117806.2	-185129.5	21.3	5.8	24.7	54.4	21.0	-	-	-	-	-
9.547	3D MESSAGE	48	00	B9	91	20	59	F5	8C	B8	75	1B	3E	9F	B6	E5	C7	F2	10	E6	C7	F8	90	E7	C7	75	15	E6	C7	10	CA	34	C8	00	50	B0	41	00	40	CB	40	00	B0	D2	41	00	90	66	42	00	C0	B1	41	00	00	00	00	00	00	00	00	00	00	00	00	00	00	00	00	00	00	00	00
9.547	3D DATA	true	-	-	-	-	-117613.2	-117793.9	-118561.9	-117802.9	-185128.2	22.0	6.4	26.3	57.6	22.2	-	-	-	-	-
9.547	3D MESSAGE	48	00	BA	91	20	59	F6	8C	B8	75	1B	3E	44	B6	E5	C7	B2	10	E6	C7	1E	90	E7	C7	C9	13	E6	C7	BD	C9	34	C8	00	00	B6	41	00	40	DB	40	00	50	E0	41	00	F0	73	42	00	20	BC	41	00	00	00	00	00	00	00	00	00	00	00	00	00	00	00	00	00	00	00	00
9.547	3D DATA	true	-	-	-	-	-117612.5	-117793.4	-118560.2	-117799.6	-185127.0	22.8	6.9	28.0	61.0	23.5	-	-	-	-	-
9.577	3D MESSAGE	48	00	BB	91	20	59	F7	8C	B8	75	1B	3E	E3	B5	E5	C7	80	10	E6	C7	39	8F	E7	C7	00	12	E6	C7	67	C9	34	C8	00	10	BC	41	00	C0	E7	40	00	A0	EE	41	00	1C	81	42	00	E0	C6	41	00	00	00	00	00	00	00	00	00	00	00	00	00	00	00	00	00	00	00	00
9.577	3D DATA	true	-	-	-	-	-117611.8	-117793.0	-118558.4	-117796.0	-185125.6	23.5	7.2	29.8	64.6	24.9	-	-	-	-	-
9.577	3D MESSAGE	48	00	BC	91	20	59	F8	8C	B8	75	1B	3E	73	B5	E5	C7	5E	10	E6	C7	43	8E	E7	C7	08	10	E6	C7	0B	C9	34	C8	00	10	C3	41	00	40	F0	40	00	00	FE	41	00	FC	88	42	00	60	D2	41	00	00	00	00	00	00	00	00	00	00	00	00	00	00	00	00	00	00	00	00
9.577	3D DATA	true	-	-	-	-	-117610.9	-117792.7	-118556.5	-117792.1	-185124.2	24.4	7.5	31.8	68.5	26.3	-	-	-	-	-
9.578	3D MESSAGE	48	00	BD	91	20	59	F9	8C	B8	75	1B	3E	E9	B4	E5	C7	44	10	E6	C7	32	8D	E7	C7	D2	0D	E6	C7	A4	C8	34	C8	00	B0	CB	41	00	C0	F6	40	00	88	07	42	00	D4	91	42	00	40	DF	41	00	00	00	00	00	00	00	00	00	00	00	00	00	00	00	00	00	00	00	00
9.578	3D DATA	true	-	-	-	-	-117609.8	-117792.5	-118554.4	-117787.6	-185122.6	25.5	7.7	33.9	72.9	27.9	-	-	-	-	-
9.578	3D MESSAGE	48	00	BE	91	20	59	FA	8C	B8	75	1B	3E	3C	B4	E5	C7	27	10	E6	C7	00	8C	E7	C7	58	0B	E6	C7	2F	C8	34	C8	00	80	D6	41	00	00	FE	40	00	18	11	42	00	BC	9B	42	00	E0	ED	41	00	00	00	00	00	00	00	00	00	00	00	00	00	00	00	00	00	00	00	00
9.578	3D DATA	true	-	-	-	-	-117608.5	-117792.3	-118552.0	-117782.7	-185120.7	26.8	7.9	36.3	77.9	29.7	-	-	-	-	-
9.578	3D MESSAGE	48	00	BF	91	20	59	FB	8C	B8	75	1B	3E	6A	B3	E5	C7	FD	0F	E6	C7	A5	8A	E7	C7	9C	08	E6	C7	A7	C7	34	C8	00	A0	E3	41	00	40	04	41	00	F0	1B	42	00	AC	A6	42	00	E0	FE	41	00	00	00	00	00	00	00	00	00	00	00	00	00	00	00	00	00	00	00	00
9.578	3D DATA	true	-	-	-	-	-117606.8	-117792.0	-118549.3	-117777.2	-185118.6	28.5	8.3	39.0	83.3	31.9	-	-	-	-	-
9.579	3D MESSAGE	48	00	C0	91	20	59	FC	8C	B8	75	1B	3E	74	B2	E5	C7	C0	0F	E6	C7	21	89	E7	C7	A8	05	E6	C7	0A	C7	34	C8	00	00	F3	41	00	E0	0B	41	00	10	28	42	00	7C	B2	42	00	40	09	42	00	00	00	00	00	00	00	00	00	00	00	00	00	00	00	00	00	00	00	00
9.579	3D DATA	true	-	-	-	-	-117604.9	-117791.5	-118546.3	-117771.3	-185116.2	30.4	8.7	42.0	89.2	34.3	-	-	-	-	-
9.603	3D MESSAGE	48	00	C1	91	20	59	FD	8C	B8	75	1B	3E	64	B1	E5	C7	6C	0F	E6	C7	77	87	E7	C7	8C	02	E6	C7	57	C6	34	C8	00	00	02	42	00	60	16	41	00	60	35	42	00	EC	BE	42	00	70	14	42	00	00	00	00	00	00	00	00	00	00	00	00	00	00	00	00	00	00	00	00
9.603	3D DATA	true	-	-	-	-	-117602.8	-117790.8	-118542.9	-117765.1	-185113.4	32.5	9.4	45.3	95.5	37.1	-	-	-	-	-
9.604	3D MESSAGE	48	00	C2	91	20	59	FE	8C	B8	75	1B	3E	48	B0	E5	C7	0C	0F	E6	C7	AE	85	E7	C7	59	FF	E5	C7	93	C5	34	C8	00	E0	0A	42	00	60	22	41	00	A8	43	42	00	B8	CB	42	00	B0	20	42	00	00	00	00	00	00	00	00	00	00	00	00	00	00	00	00	00	00	00	00
9.604	3D DATA	true	-	-	-	-	-117600.6	-117790.1	-118539.4	-117758.7	-185110.3	34.7	10.1	48.9	101.9	40.2	-	-	-	-	-
9.604	3D MESSAGE	48	00	C3	91	20	59	FF	8C	B8	75	1B	3E	2D	AF	E5	C7	A8	0E	E6	C7	D2	83	E7	C7	1C	FC	E5	C7	C4	C4	34	C8	00	B8	13	42	00	E0	2E	41	00	88	52	42	00	AC	D8	42	00	A0	2D	42	00	00	00	00	00	00	00	00	00	00	00	00	00	00	00	00	00	00	00	00
9.604	3D DATA	true	-	-	-	-	-117598.4	-117789.3	-118535.6	-117752.2	-185107.1	36.9	10.9	52.6	108.3	43.4	-	-	-	-	-
9.605	3D MESSAGE	48	00	C4	91	20	59	00	8C	B8	75	1B	3E	1D	AE	E5	C7	4E	0E	E6	C7	EA	81	E7	C7	DF	F8	E5	C7	F1	C3	34	C8	00	38	1C	42	00	20	3A	41	00	C8	61	42	00	A0	E5	42	00	D0	3A	42	00	00	00	00	00	00	00	00	00	00	00	00	00	00	00	00	00	00	00	00
9.605	3D DATA	true	-	-	-	-	-117596.2	-117788.6	-118531.8	-117745.7	-185103.8	39.1	11.6	56.4	114.8	46.7	-	-	-	-	-
9.606	3D MESSAGE	48	00	C5	91	20	59	01	8C	B8	75	1B	3E	1A	AD	E5	C7	06	0E	E6	C7	FD	7F	E7	C7	A5	F5	E5	C7	1D	C3	34	C8	00	50	24	42	00	20	43	41	00	30	71	42	00	88	F2	42	00	10	48	42	00	00	00	00	00	00	00	00	00	00	00	00	00	00	00	00	00	00	00	00
9.606	3D DATA	true	-	-	-	-	-117594.2	-117788.0	-118528.0	-117739.3	-185100.5	41.1	12.2	60.3	121.3	50.0	-	-	-	-	-
9.606	3D MESSAGE	48	00	C6	91	20	59	02	8C	B8	75	1B	3E	22	AC	E5	C7	D1	0D	E6	C7	0A	7E	E7	C7	6C	F2	E5	C7	4B	C2	34	C8	00	10	2C	42	00	C0	49	41	00	64	80	42	00	6C	FF	42	00	30	55	42	00	00	00	00	00	00	00	00	00	00	00	00	00	00	00	00	00	00	00	00
9.606	3D DATA	true	-	-	-	-	-117592.3	-117787.6	-118524.1	-117732.8	-185097.2	43.0	12.6	64.2	127.7	53.3	-	-	-	-	-
9.638	3D MESSAGE	48	00	C7	91	20	59	03	8C	B8	75	1B	3E	2C	AB	E5	C7	A8	0D	E6	C7	0C	7C	E7	C7	2E	EF	E5	C7	77	C1	34	C8	00	C0	33	42	00	E0	4E	41	00	5C	88	42	00	32	06	43	00	70	62	42	00	00	00	00	00	00	00	00	00	00	00	00	00	00	00	00	00	00	00	00
9.638	3D DATA	true	-	-	-	-	-117590.3	-117787.3	-118520.1	-117726.4	-185093.9	44.9	12.9	68.2	134.2	56.6	-	-	-	-	-
9.638	3D MESSAGE	48	00	C8	91	20	59	04	8C	B8	75	1B	3E	2D	AA	E5	C7	7A	0D	E6	C7	FA	79	E7	C7	E2	EB	E5	C7	9B	C0	34	C8	00	B8	3B	42	00	A0	54	41	00	A4	90	42	00	CA	0C	43	00	30	70	42	00	00	00	00	00	00	00	00	00	00	00	00	00	00	00	00	00	00	00	00
9.638	3D DATA	true	-	-	-	-	-117588.4	-117787.0	-118516.0	-117719.8	-185090.4	46.9	13.3	72.3	140.8	60.0	-	-	-	-	-
9.638	3D MESSAGE	48	00	C9	91	20	59	05	8C	B8	75	1B	3E	1A	A9	E5	C7	38	0D	E6	C7	C8	77	E7	C7	81	E8	E5	C7	AD	BF	34	C8	00	50	44	42	00	E0	5C	41	00	6C	99	42	00	8C	13	43	00	10	7F	42	00	00	00	00	00	00	00	00	00	00	00	00	00	00	00	00	00	00	00	00
9.638	3D DATA	true	-	-	-	-	-117586.2	-117786.4	-118511.6	-117713.0	-185086.7	49.1	13.8	76.7	147.5	63.8	-	-	-	-	-
9.639	3D MESSAGE	48	00	CA	91	20	59	06	8C	B8	75	1B	3E	EB	A7	E5	C7	D2	0C	E6	C7	6C	75	E7	C7	0B	E5	E5	C7	A7	BE	34	C8	00	C8	4D	42	00	A0	69	41	00	DC	A2	42	00	78	1A	43	00	B8	87	42	00	00	00	00	00	00	00	00	00	00	00	00	00	00	00	00	00	00	00	00
9.639	3D DATA	true	-	-	-	-	-117583.8	-117785.6	-118506.8	-117706.1	-185082.6	51.4	14.6	81.4	154.5	67.9	-	-	-	-	-
9.639	3D MESSAGE	48	00	CB	91	20	59	07	8C	B8	75	1B	3E	9D	A6	E5	C7	43	0C	E6	C7	DF	72	E7	C7	83	E1	E5	C7	83	BD	34	C8	00	38	58	42	00	80	7B	41	00	10	AD	42	00	88	21	43	00	D8	90	42	00	00	00	00	00	00	00	00	00	00	00	00	00	00	00	00	00	00	00	00
9.639	3D DATA	true	-	-	-	-	-117581.2	-117784.5	-118501.7	-117699.0	-185078.0	54.1	15.7	86.5	161.5	72.4	-	-	-	-	-
9.641	3D MESSAGE	48	00	CC	91	20	59	08	8C	B8	75	1B	3E	30	A5	E5	C7	8C	0B	E6	C7	22	70	E7	C7	F4	DD	E5	C7	41	BC	34	C8	00	A0	63	42	00	30	89	41	00	04	B8	42	00	A6	28	43	00	E8	9A	42	00	00	00	00	00	00	00	00	00	00	00	00	00	00	00	00	00	00	00	00
9.641	3D DATA	true	-	-	-	-	-117578.4	-117783.1	-118496.3	-117691.9	-185073.0	56.9	17.1	92.0	168.6	77.5	-	-	-	-	-
9.641	3D MESSAGE	48	00	CD	91	20	59	09	8C	B8	75	1B	3E	A6	A3	E5	C7	B8	0A	E6	C7	38	6D	E7	C7	6C	DA	E5	C7	E4	BA	34	C8	00	F0	6F	42	00	70	96	41	00	AC	C3	42	00	B6	2F	43	00	D0	A5	42	00	00	00	00	00	00	00	00	00	00	00	00	00	00	00	00	00	00	00	00
9.641	3D DATA	true	-	-	-	-	-117575.3	-117781.4	-118490.4	-117684.8	-185067.6	60.0	18.8	97.8	175.7	82.9	-	-	-	-	-
9.668	3D MESSAGE	48	00	CE	91	20	59	0A	8C	B8	75	1B	3E	00	A2	E5	C7	D5	09	E6	C7	2D	6A	E7	C7	FA	D6	E5	C7	73	B9	34	C8	00	20	7D	42	00	A0	A4	41	00	D8	CF	42	00	9A	36	43	00	58	B1	42	00	00	00	00	00	00	00	00	00	00	00	00	00	00	00	00	00	00	00	00
9.668	3D DATA	true	-	-	-	-	-117572.0	-117779.7	-118484.4	-117678.0	-185061.8	63.3	20.6	103.9	182.6	88.7	-	-	-	-	-
9.669	3D MESSAGE	48	00	CF	91	20	59	0B	8C	B8	75	1B	3E	43	A0	E5	C7	F2	08	E6	C7	0A	67	E7	C7	AF	D3	E5	C7	F4	B7	34	C8	00	84	85	42	00	D0	B2	41	00	64	DC	42	00	30	3D	43	00	50	BD	42	00	00	00	00	00	00	00	00	00	00	00	00	00	00	00	00	00	00	00	00
9.669	3D DATA	true	-	-	-	-	-117568.5	-117777.9	-118478.1	-117671.4	-185055.8	66.8	22.4	110.2	189.2	94.7	-	-	-	-	-
9.669	3D MESSAGE	48	00	D0	91	20	59	0C	8C	B8	75	1B	3E	71	9E	E5	C7	1E	08	E6	C7	DB	63	E7	C7	96	D0	E5	C7	6A	B6	34	C8	00	CC	8C	42	00	10	C0	41	00	20	E9	42	00	62	43	43	00	A0	C9	42	00	00	00	00	00	00	00	00	00	00	00	00	00	00	00	00	00	00	00	00
9.669	3D DATA	true	-	-	-	-	-117564.9	-117776.2	-118471.7	-117665.2	-185049.7	70.4	24.0	116.6	195.4	100.8	-	-	-	-	-
9.669	3D MESSAGE	48	00	D1	91	20	59	0D	8C	B8	75	1B	3E	8E	9C	E5	C7	5C	07	E6	C7	AA	60	E7	C7	B8	CD	E5	C7	D7	B4	34	C8	00	58	94	42	00	30	CC	41	00	E4	F5	42	00	1E	49	43	00	38	D6	42	00	00	00	00	00	00	00	00	00	00	00	00	00	00	00	00	00	00	00	00
9.669	3D DATA	true	-	-	-	-	-117561.1	-117774.7	-118465.3	-117659.4	-185043.4	74.2	25.5	122.9	201.1	107.1	-	-	-	-	-
9.670	3D MESSAGE	48	00	D2	91	20	59	0E	8C	B8	75	1B	3E	9F	9A	E5	C7	AF	06	E6	C7	7B	5D	E7	C7	1E	CB	E5	C7	3C	B3	34	C8	00	14	9C	42	00	00	D7	41	00	50	01	43	00	52	4E	43	00	10	E3	42	00	00	00	00	00	00	00	00	00	00	00	00	00	00	00	00	00	00	00	00
9.670	3D DATA	true	-	-	-	-	-117557.2	-117773.4	-118459.0	-117654.2	-185036.9	78.0	26.9	129.3	206.3	113.5	-	-	-	-	-
9.671	3D MESSAGE	48	00	D3	91	20	59	0F	8C	B8	75	1B	3E	A9	98	E5	C7	12	06	E6	C7	53	5A	E7	C7	CD	C8	E5	C7	98	B1	34	C8	00	EC	A3	42	00	D0	E0	41	00	A0	07	43	00	F4	52	43	00	30	F0	42	00	00	00	00	00	00	00	00	00	00	00	00	00	00	00	00	00	00	00	00
9.671	3D DATA	true	-	-	-	-	-117553.3	-117772.1	-118452.6	-117649.6	-185030.4	82.0	28.1	135.6	211.0	120.1	-	-	-	-	-
9.702	3D MESSAGE	4E	00	D4	91	30	59	10	8D	FE	FF	FF	FF	46	72	B8	75	1B	3E	B2	96	E5	C7	80	05	E6	C7	34	57	E7	C7	CB	C6	E5	C7	ED	AF	34	C8	00	C8	AB	42	00	F0	E9	41	00	DE	0D	43	00	F8	56	43	00	88	FD	42	00	00	00	00	00	00	00	00	00	00	00	00	00	00	00	00	00	00	00	00
9.702	3D DATA	true	-	65534	65535	29254	-117549.4	-117771.0	-118446.4	-117645.6	-185023.7	85.9	29.2	141.9	215.0	126.8	-	-	-	-	-
9.702	3D MESSAGE	4E	00	D5	91	30	59	11	8D	FE	FF	FF	FF	9F	6F	B8	75	1B	3E	C3	94	E5	C7	F4	04	E6	C7	1F	54	E7	C7	1C	C5	E5	C7	3F	AE	34	C8	00	84	B3	42	00	B0	F2	41	00	08	14	43	00	56	5A	43	00	7C	05	43	00	00	00	00	00	00	00	00	00	00	00	00	00	00	00	00	00	00	00	00
9.702	3D DATA	true	-	65534	65535	28575	-117545.5	-117769.9	-118440.2	-117642.2	-185017.0	89.8	30.3	148.0	218.3	133.5	-	-	-	-	-
9.702	3D MESSAGE	4E	00	D6	91	30	59	12	8D	FE	FF	FF	FF	39	6D	B8	75	1B	3E	DC	92	E5	C7	66	04	E6	C7	17	51	E7	C7	C3	C3	E5	C7	92	AC	34	C8	00	20	BB	42	00	90	FB	41	00	18	1A	43	00	08	5D	43	00	30	0C	43	00	00	00	00	00	00	00	00	00	00	00	00	00	00	00	00	00	00	00	00
9.702	3D DATA	true	-	65534	65535	27961	-117541.7	-117768.8	-118434.2	-117639.5	-185010.3	93.6	31.4	154.1	221.0	140.2	-	-	-	-	-
9.703	3D MESSAGE	4E	00	D7	91	30	59	13	8D	FE	FF	FF	FF	0B	6B	B8	75	1B	3E	FE	90	E5	C7	D1	03	E6	C7	1C	4E	E7	C7	BB	C2	E5	C7	EB	AA	34	C8	00	98	C2	42	00	70	02	42	00	0E	20	43	00	18	5F	43	00	CC	12	43	00	00	00	00	00	00	00	00	00	00	00	00	00	00	00	00	00	00	00	00
9.703	3D DATA	true	-	65534	65535	27403	-117538.0	-117767.6	-118428.2	-117637.5	-185003.7	97.3	32.6	160.1	223.1	146.8	-	-	-	-	-
9.703	3D MESSAGE	4E	00	D8	91	30	59	14	8D	FE	FF	E1	FF	0D	69	B8	75	1B	3E	21	8F	E5	C7	2D	03	E6	C7	2C	4B	E7	C7	FE	C1	E5	C7	4C	A9	34	C8	00	0C	CA	42	00	90	07	42	00	EE	25	43	00	92	60	43	00	48	19	43	00	00	00	00	00	00	00	00	00	00	00	00	00	00	00	00	00	00	00	00
9.703	3D DATA	true	-	65534	65505	26893	-117534.3	-117766.4	-118422.3	-117636.0	-184997.2	101.0	33.9	165.9	224.6	153.3	-	-	-	-	-
9.703	3D MESSAGE	4E	00	D9	91	30	59	15	8D	FE	FF	8B	FF	33	67	B8	75	1B	3E	3E	8D	E5	C7	74	02	E6	C7	47	48	E7	C7	86	C1	E5	C7	B6	A7	34	C8	00	98	D1	42	00	58	0D	42	00	B8	2B	43	00	82	61	43	00	A0	1F	43	00	00	00	00	00	00	00	00	00	00	00	00	00	00	00	00	00	00	00	00
9.703	3D DATA	true	-	65534	65419	26419	-117530.5	-117764.9	-118416.6	-117635.0	-184990.8	104.8	35.3	171.7	225.5	159.6	-	-	-	-	-
9.731	3D MESSAGE	4E	00	DA	91	30	59	16	8D	FE	FF	05	FF	73	65	B8	75	1B	3E	4B	8B	E5	C7	A4	01	E6	C7	69	45	E7	C7	4A	C1	E5	C7	28	A6	34	C8	00	64	D9	42	00	D8	13	42	00	74	31	43	00	FA	61	43	00	D8	25	43	00	00	00	00	00	00	00	00	00	00	00	00	00	00	00	00	00	00	00	00
9.731	3D DATA	true	-	65534	65285	25971	-117526.6	-117763.3	-118410.8	-117634.6	-184984.6	108.7	37.0	177.5	226.0	165.8	-	-	-	-	-
9.732	3D MESSAGE	4E	00	DB	91	30	59	17	8D	FE	FF	54	FE	C7	63	B8	75	1B	3E	44	89	E5	C7	C1	00	E6	C7	92	42	E7	C7	48	C1	E5	C7	A1	A4	34	C8	00	80	E1	42	00	F0	1A	42	00	22	37	43	00	FE	61	43	00	F4	2B	43	00	00	00	00	00	00	00	00	00	00	00	00	00	00	00	00	00	00	00	00
9.732	3D DATA	true	-	65534	65108	25543	-117522.5	-117761.5	-118405.1	-117634.6	-184978.5	112.8	38.7	183.1	226.0	172.0	-	-	-	-	-
9.732	3D MESSAGE	52	00	DC	91	32	59	18	8D	00	00	00	80	FE	FF	79	FD	2D	62	B8	75	1B	3E	24	87	E5	C7	CC	FF	E5	C7	C4	3F	E7	C7	7E	C1	E5	C7	1F	A3	34	C8	00	00	EA	42	00	98	22	42	00	BE	3C	43	00	92	61	43	00	FC	31	43	00	00	00	00	00	00	00	00	00	00	00	00	00	00	00	00	00	00	00	00
9.732	3D DATA	true	-	65534	64889	25133	-117518.3	-117759.6	-118399.5	-117635.0	-184972.5	117.0	40.6	188.7	225.6	178.0	-	-	-	-	-
9.733	3D MESSAGE	4E	00	DD	91	30	59	19	8D	FE	FF	78	FC	AA	60	F0	82	D4	3F	F1	84	E5	C7	CE	FE	E5	C7	04	3D	E7	C7	EE	C1	E5	C7	A1	A1	34	C8	00	CC	F2	42	00	88	2A	42	00	3E	42	43	00	B2	60	43	00	F4	37	43	00	00	00	00	00	00	00	00	00	00	00	00	00	00	00	00	00	00	00	00
9.733	3D DATA	true	-	65534	64632	24746	-117513.9	-117757.6	-118394.0	-117635.9	-184966.5	121.4	42.6	194.2	224.7	184.0	-	-	-	-	-
9.733	3D MESSAGE	4E	00	DE	91	30	59	1A	8D	FE	FF	51	FB	43	5F	F0	82	D4	3F	AD	82	E5	C7	CA	FD	E5	C7	5C	3A	E7	C7	99	C2	E5	C7	25	A0	34	C8	00	DC	FB	42	00	A8	32	42	00	8E	47	43	00	5C	5F	43	00	E4	3D	43	00	00	00	00	00	00	00	00	00	00	00	00	00	00	00	00	00	00	00	00
9.733	3D DATA	true	-	65534	64337	24387	-117509.4	-117755.6	-118388.7	-117637.2	-184960.6	125.9	44.7	199.6	223.4	189.9	-	-	-	-	-
9.734	3D MESSAGE	52	00	DF	91	32	59	1B	8D	00	00	00	88	FE	FF	05	FA	00	5E	F0	82	D4	3F	60	80	E5	C7	BF	FC	E5	C7	D2	37	E7	C7	80	C3	E5	C7	A8	9E	34	C8	00	88	02	43	00	00	3B	42	00	A2	4C	43	00	8E	5D	43	00	D8	43	43	00	00	00	00	00	00	00	00	00	00	00	00	00	00	00	00	00	00	00	00
9.734	3D DATA	true	-	65534	64005	24064	-117504.8	-117753.5	-118383.6	-117639.0	-184954.6	130.5	46.8	204.6	221.6	195.8	-	-	-	-	-
9.763	3D MESSAGE	4E	00	E0	91	30	59	1C	8D	FE	FF	97	F8	DF	5C	F0	82	D4	3F	0D	7E	E5	C7	AA	FB	E5	C7	70	35	E7	C7	9F	C4	E5	C7	27	9D	34	C8	00	2E	07	43	00	A8	43	42	00	66	51	43	00	50	5B	43	00	DC	49	43	00	00	00	00	00	00	00	00	00	00	00	00	00	00	00	00	00	00	00	00
9.763	3D DATA	true	-	65534	63639	23775	-117500.1	-117751.3	-118378.9	-117641.2	-184948.6	135.2	48.9	209.4	219.3	201.9	-	-	-	-	-
9.763	3D MESSAGE	4E	00	E1	91	30	59	1D	8D	FE	FF	08	F7	DE	5B	F0	82	D4	3F	B9	7B	E5	C7	80	FA	E5	C7	38	33	E7	C7	F4	C5	E5	C7	A0	9B	34	C8	00	D6	0B	43	00	F8	4C	42	00	D6	55	43	00	A6	58	43	00	F8	4F	43	00	00	00	00	00	00	00	00	00	00	00	00	00	00	00	00	00	00	00	00
9.763	3D DATA	true	-	65534	63240	23518	-117495.4	-117749.0	-118374.4	-117643.9	-184942.5	139.8	51.2	213.8	216.6	208.0	-	-	-	-	-
9.764	3D MESSAGE	4E	00	E2	91	30	59	1E	8D	FE	FF	5A	F5	F6	5A	F0	82	D4	3F	68	79	E5	C7	3C	F9	E5	C7	2C	31	E7	C7	78	C7	E5	C7	14	9A	34	C8	00	78	10	43	00	18	57	42	00	EE	59	43	00	9E	55	43	00	28	56	43	00	00	00	00	00	00	00	00	00	00	00	00	00	00	00	00	00	00	00	00
9.764	3D DATA	true	-	65534	62810	23286	-117490.8	-117746.5	-118370.3	-117646.9	-184936.3	144.5	53.8	217.9	213.6	214.2	-	-	-	-	-
9.764	3D MESSAGE	4E	00	E3	91	30	59	1F	8D	FE	FF	8D	F3	23	5A	F0	82	D4	3F	1C	77	E5	C7	D8	F7	E5	C7	48	2F	E7	C7	28	C9	E5	C7	88	98	34	C8	00	10	15	43	00	38	62	42	00	B6	5D	43	00	3E	52	43	00	58	5C	43	00	00	00	00	00	00	00	00	00	00	00	00	00	00	00	00	00	00	00	00
9.764	3D DATA	true	-	65534	62349	23075	-117486.2	-117743.7	-118366.6	-117650.3	-184930.1	149.1	56.6	221.7	210.2	220.3	-	-	-	-	-
9.764	3D MESSAGE	4E	00	E4	91	30	59	20	8D	FE	FF	A4	F1	61	59	F0	82	D4	3F	DC	74	E5	C7	54	F6	E5	C7	87	2D	E7	C7	00	CB	E5	C7	04	97	34	C8	00	90	19	43	00	58	6E	42	00	38	61	43	00	8E	4E	43	00	68	62	43	00	00	00	00	00	00	00	00	00	00	00	00	00	00	00	00	00	00	00	00
9.764	3D DATA	true	-	65534	61860	22881	-117481.7	-117740.7	-118363.1	-117654.0	-184924.1	153.6	59.6	225.2	206.6	226.4	-	-	-	-	-
9.765	3D MESSAGE	4E	00	E5	91	30	59	21	8D	CB	FF	A5	EF	AC	58	F0	82	D4	3F	AD	72	E5	C7	B2	F4	E5	C7	E3	2B	E7	C7	FC	CC	E5	C7	92	95	34	C8	00	EE	1D	43	00	68	7B	42	00	80	64	43	00	96	4A	43	00	30	68	43	00	00	00	00	00	00	00	00	00	00	00	00	00	00	00	00	00	00	00	00
9.765	3D DATA	true	-	65483	61349	22700	-117477.4	-117737.4	-118359.8	-117658.0	-184918.3	157.9	62.9	228.5	202.6	232.2	-	-	-	-	-
9.765	3D MESSAGE	4E	00	E6	91	30	59	22	8D	2B	FF	93	ED	04	58	F0	82	D4	3F	93	70	E5	C7	FA	F2	E5	C7	58	2A	E7	C7	14	CF	E5	C7	3A	94	34	C8	00	22	22	43	00	94	84	42	00	96	67	43	00	66	46	43	00	90	6D	43	00	00	00	00	00	00	00	00	00	00	00	00	00	00	00	00	00	00	00	00
9.765	3D DATA	true	-	65323	60819	22532	-117473.1	-117734.0	-118356.7	-117662.2	-184912.9	162.1	66.3	231.6	198.4	237.6	-	-	-	-	-
9.792	3D MESSAGE	4E	00	E7	91	30	59	23	8D	0A	FE	73	EB	69	57	F0	82	D4	3F	92	6E	E5	C7	31	F1	E5	C7	E3	28	E7	C7	40	D1	E5	C7	00	93	34	C8	00	24	26	43	00	B8	8B	42	00	80	6A	43	00	0E	42	43	00	78	72	43	00	00	00	00	00	00	00	00	00	00	00	00	00	00	00	00	00	00	00	00
9.792	3D DATA	true	-	65034	60275	22377	-117469.1	-117730.4	-118353.8	-117666.5	-184908.0	166.1	69.9	234.5	194.1	242.5	-	-	-	-	-
9.793	3D MESSAGE	4E	00	E8	91	30	59	24	8D	51	FC	46	E9	D8	56	F0	82	D4	3F	AA	6C	E5	C7	5A	EF	E5	C7	86	27	E7	C7	75	D3	E5	C7	E4	91	34	C8	00	F4	29	43	00	14	93	42	00	3A	6D	43	00	A4	3D	43	00	E8	76	43	00	00	00	00	00	00	00	00	00	00	00	00	00	00	00	00	00	00	00	00
9.793	3D DATA	true	-	64593	59718	22232	-117465.3	-117726.7	-118351.0	-117670.9	-184903.6	170.0	73.5	237.2	189.6	246.9	-	-	-	-	-
9.793	3D MESSAGE	4E	00	E9	91	30	59	25	8D	E9	F9	09	E7	52	56	F0	82	D4	3F	DE	6A	E5	C7	7C	ED	E5	C7	4A	26	E7	C7	AC	D5	E5	C7	E3	90	34	C8	00	8C	2D	43	00	8C	9A	42	00	B2	6F	43	00	36	39	43	00	EC	7A	43	00	00	00	00	00	00	00	00	00	00	00	00	00	00	00	00	00	00	00	00
9.793	3D DATA	true	-	63977	59145	22098	-117461.7	-117723.0	-118348.6	-117675.3	-184899.5	173.5	77.3	239.7	185.2	250.9	-	-	-	-	-
9.793	3D MESSAGE	4E	00	EA	91	30	59	26	8D	B7	F6	B4	E4	D8	55	F0	82	D4	3F	2A	69	E5	C7	98	EB	E5	C7	39	25	E7	C7	DF	D7	E5	C7	FA	8F	34	C8	00	F4	30	43	00	1C	A2	42	00	D4	71	43	00	D0	34	43	00	90	7E	43	00	00	00	00	00	00	00	00	00	00	00	00	00	00	00	00	00	00	00	00
9.793	3D DATA	true	-	63159	58548	21976	-117458.3	-117719.2	-118346.4	-117679.7	-184895.9	177.0	81.1	241.8	180.8	254.6	-	-	-	-	-
9.794	3D MESSAGE	4E	00	EB	91	30	59	27	8D	95	F2	3B	E2	6A	55	F0	82	D4	3F	90	67	E5	C7	B1	E9	E5	C7	60	24	E7	C7	0E	DA	E5	C7	27	8F	34	C8	00	28	34	43	00	B8	A9	42	00	86	73	43	00	72	30	43	00	EE	80	43	00	00	00	00	00	00	00	00	00	00	00	00	00	00	00	00	00	00	00	00
9.794	3D DATA	true	-	62101	57915	21866	-117455.1	-117715.4	-118344.8	-117684.1	-184892.6	180.2	84.9	243.5	176.4	257.9	-	-	-	-	-
9.826	3D MESSAGE	4E	00	EC	91	30	59	28	8D	50	ED	8E	DF	0A	55	F0	82	D4	3F	10	66	E5	C7	CA	E7	E5	C7	CC	23	E7	C7	3A	DC	E5	C7	6B	8E	34	C8	00	28	37	43	00	54	B1	42	00	AE	74	43	00	1A	2C	43	00	66	82	43	00	00	00	00	00	00	00	00	00	00	00	00	00	00	00	00	00	00	00	00
9.826	3D DATA	true	-	60752	57230	21770	-117452.1	-117711.6	-118343.6	-117688.5	-184889.7	183.2	88.7	244.7	172.1	260.8	-	-	-	-	-
9.827	3D MESSAGE	4E	00	ED	91	30	59	29	8D	A8	E6	A4	DC	BB	54	F0	82	D4	3F	AC	64	E5	C7	E2	E5	E5	C7	88	23	E7	C7	6C	DE	E5	C7	C8	8D	34	C8	00	F0	39	43	00	F4	B8	42	00	36	75	43	00	B6	27	43	00	AC	83	43	00	00	00	00	00	00	00	00	00	00	00	00	00	00	00	00	00	00	00	00
9.827	3D DATA	true	-	59048	56484	21691	-117449.3	-117707.8	-118343.1	-117692.8	-184887.1	185.9	92.5	245.2	167.7	263.3	-	-	-	-	-
9.828	3D MESSAGE	4E	00	EE	91	30	59	2A	8D	51	DE	7C	D9	80	54	F0	82	D4	3F	64	63	E5	C7	F5	E3	E5	C7	98	23	E7	C7	AA	E0	E5	C7	40	8D	34	C8	00	80	3C	43	00	A8	C0	42	00	16	75	43	00	3A	23	43	00	BC	84	43	00	00	00	00	00	00	00	00	00	00	00	00	00	00	00	00	00	00	00	00
9.828	3D DATA	true	-	56913	55676	21632	-117446.8	-117703.9	-118343.2	-117697.3	-184885.0	188.5	96.3	245.1	163.2	265.5	-	-	-	-	-
9.828	3D MESSAGE	4E	00	EF	91	30	59	2B	8D	14	D4	2F	D6	57	54	F0	82	D4	3F	3C	62	E5	C7	FF	E1	E5	C7	F6	23	E7	C7	F6	E2	E5	C7	D8	8C	34	C8	00	D0	3E	43	00	80	C8	42	00	5A	74	43	00	A2	1E	43	00	8C	85	43	00	00	00	00	00	00	00	00	00	00	00	00	00	00	00	00	00	00	00	00
9.828	3D DATA	true	-	54292	54831	21591	-117444.5	-117700.0	-118343.9	-117701.9	-184883.4	190.8	100.2	244.4	158.6	267.1	-	-	-	-	-
9.829	3D MESSAGE	4E	00	F0	91	30	59	2C	8D	18	C8	EE	D2	3D	54	F0	82	D4	3F	33	61	E5	C7	F8	DF	E5	C7	98	24	E7	C7	52	E5	E5	C7	8D	8C	34	C8	00	E2	40	43	00	9C	D0	42	00	16	73	43	00	EA	19	43	00	22	86	43	00	00	00	00	00	00	00	00	00	00	00	00	00	00	00	00	00	00	00	00
9.829	3D DATA	true	-	51224	53998	21565	-117442.4	-117695.9	-118345.2	-117706.6	-184882.2	192.9	104.3	243.1	153.9	268.3	-	-	-	-	-
9.829	3D MESSAGE	4E	00	F1	91	30	59	2D	8D	29	BB	FA	CF	31	54	F0	82	D4	3F	4B	60	E5	C7	DC	DD	E5	C7	70	25	E7	C7	B8	E7	E5	C7	5E	8C	34	C8	00	B2	42	43	00	0C	D9	42	00	66	71	43	00	1E	15	43	00	80	86	43	00	00	00	00	00	00	00	00	00	00	00	00	00	00	00	00	00	00	00	00
9.829	3D DATA	true	-	47913	53242	21553	-117440.6	-117691.7	-118346.9	-117711.4	-184881.5	194.7	108.5	241.4	149.1	269.0	-	-	-	-	-
9.829	3D MESSAGE	4E	00	F2	91	30	59	2E	8D	A3	AE	80	CD	2E	54	F0	82	D4	3F	82	5F	E5	C7	A7	DB	E5	C7	71	26	E7	C7	20	EA	E5	C7	45	8C	34	C8	00	44	44	43	00	E0	E1	42	00	64	6F	43	00	4E	10	43	00	B2	86	43	00	00	00	00	00	00	00	00	00	00	00	00	00	00	00	00	00	00	00	00
9.829	3D DATA	true	-	44707	52608	21550	-117439.0	-117687.3	-118348.9	-117716.2	-184881.1	196.3	112.9	239.4	144.3	269.4	-	-	-	-	-
9.857	3D MESSAGE	4E	00	F3	91	30	59	2F	8D	B0	A3	83	CB	32	54	F0	82	D4	3F	D9	5E	E5	C7	5C	D9	E5	C7	8F	27	E7	C7	80	EC	E5	C7	40	8C	34	C8	00	96	45	43	00	0C	EB	42	00	28	6D	43	00	8E	0B	43	00	BC	86	43	00	00	00	00	00	00	00	00	00	00	00	00	00	00	00	00	00	00	00	00
9.857	3D DATA	true	-	41904	52099	21554	-117437.7	-117682.7	-118351.1	-117721.0	-184881.0	197.6	117.5	237.2	139.6	269.5	-	-	-	-	-
9.858	3D MESSAGE	4E	00	F4	91	30	59	30	8D	A9	9A	E8	C9	3A	54	F0	82	D4	3F	4E	5E	E5	C7	01	D7	E5	C7	C6	28	E7	C7	CE	EE	E5	C7	4B	8C	34	C8	00	AC	46	43	00	78	F4	42	00	BA	6A	43	00	F2	06	43	00	A6	86	43	00	00	00	00	00	00	00	00	00	00	00	00	00	00	00	00	00	00	00	00
9.858	3D DATA	true	-	39593	51688	21562	-117436.6	-117678.0	-118353.5	-117725.6	-184881.2	198.7	122.2	234.7	134.9	269.3	-	-	-	-	-
9.858	3D MESSAGE	4E	00	F5	91	30	59	31	8D	41	93	8F	C8	46	54	F0	82	D4	3F	E1	5D	E5	C7	9C	D4	E5	C7	17	2A	E7	C7	06	F1	E5	C7	66	8C	34	C8	00	86	47	43	00	0C	FE	42	00	18	68	43	00	82	02	43	00	70	86	43	00	00	00	00	00	00	00	00	00	00	00	00	00	00	00	00	00	00	00	00
9.858	3D DATA	true	-	37697	51343	21574	-117435.8	-117673.2	-118356.2	-117730.0	-184881.6	199.5	127.0	232.1	130.5	268.9	-	-	-	-	-
9.858	3D MESSAGE	4E	00	F6	91	30	59	32	8D	02	8D	5E	C7	56	54	F0	82	D4	3F	94	5D	E5	C7	36	D2	E5	C7	87	2B	E7	C7	28	F3	E5	C7	95	8C	34	C8	00	20	48	43	00	D2	03	43	00	38	65	43	00	7C	FC	42	00	12	86	43	00	00	00	00	00	00	00	00	00	00	00	00	00	00	00	00	00	00	00	00
9.858	3D DATA	true	-	36098	51038	21590	-117435.2	-117668.4	-118359.1	-117734.3	-184882.3	200.1	131.8	229.2	126.2	268.1	-	-	-	-	-
9.859	3D MESSAGE	4E	00	F7	91	30	59	33	8D	8D	87	41	C6	6A	54	F0	82	D4	3F	68	5D	E5	C7	D6	CF	E5	C7	1E	2D	E7	C7	39	F5	E5	C7	DC	8C	34	C8	00	78	48	43	00	92	08	43	00	0A	62	43	00	38	F4	42	00	84	85	43	00	00	00	00	00	00	00	00	00	00	00	00	00	00	00	00	00	00	00	00
9.859	3D DATA	true	-	34701	50753	21610	-117434.8	-117663.7	-118362.2	-117738.4	-184883.4	200.5	136.6	226.0	122.1	267.0	-	-	-	-	-
9.859	3D MESSAGE	52	00	F8	91	32	59	34	8D	00	00	00	A8	A0	82	2F	C5	84	54	F0	82	D4	3F	64	5D	E5	C7	82	CD	E5	C7	E1	2E	E7	C7	41	F7	E5	C7	43	8D	34	C8	00	80	48	43	00	3A	0D	43	00	84	5E	43	00	18	EC	42	00	B6	84	43	00	00	00	00	00	00	00	00	00	00	00	00	00	00	00	00	00	00	00	00
9.859	3D DATA	true	-	33440	50479	21636	-117434.8	-117659.0	-118365.8	-117742.5	-184885.0	200.5	141.2	222.5	118.0	265.4	-	-	-	-	-
9.887	3D MESSAGE	4E	00	F9	91	30	59	35	8D	10	7E	21	C4	A6	54	F0	82	D4	3F	89	5D	E5	C7	41	CB	E5	C7	D2	30	E7	C7	47	F9	E5	C7	CD	8D	34	C8	00	36	48	43	00	BC	11	43	00	A2	5A	43	00	00	E4	42	00	A2	83	43	00	00	00	00	00	00	00	00	00	00	00	00	00	00	00	00	00	00	00	00
9.887	3D DATA	true	-	32272	50209	21670	-117435.1	-117654.5	-118369.6	-117746.6	-184887.2	200.2	145.7	218.6	114.0	263.3	-	-	-	-	-
9.888	3D MESSAGE	4E	00	FA	91	30	59	36	8D	C1	79	12	C3	D2	54	F0	82	D4	3F	DA	5D	E5	C7	16	C9	E5	C7	EE	32	E7	C7	50	FB	E5	C7	7D	8E	34	C8	00	94	47	43	00	12	16	43	00	6A	56	43	00	DC	DB	42	00	42	82	43	00	00	00	00	00	00	00	00	00	00	00	00	00	00	00	00	00	00	00	00
9.888	3D DATA	true	-	31169	49938	21714	-117435.7	-117650.2	-118373.9	-117750.6	-184890.0	199.6	150.1	214.4	109.9	260.5	-	-	-	-	-
9.888	3D MESSAGE	4E	00	FB	91	30	59	37	8D	9C	75	01	C2	0E	55	F0	82	D4	3F	55	5E	E5	C7	02	C7	E5	C7	2D	35	E7	C7	5D	FD	E5	C7	50	8F	34	C8	00	9E	46	43	00	3A	1A	43	00	EC	51	43	00	A8	D3	42	00	9C	80	43	00	00	00	00	00	00	00	00	00	00	00	00	00	00	00	00	00	00	00	00
9.888	3D DATA	true	-	30108	49665	21774	-117436.7	-117646.0	-118378.4	-117754.7	-184893.2	198.6	154.2	209.9	105.8	257.2	-	-	-	-	-
9.888	3D MESSAGE	4E	00	FC	91	30	59	38	8D	94	71	ED	C0	60	55	F0	82	D4	3F	F7	5E	E5	C7	08	C5	E5	C7	86	37	E7	C7	6A	FF	E5	C7	43	90	34	C8	00	5A	45	43	00	2E	1E	43	00	3A	4D	43	00	74	CB	42	00	6C	7D	43	00	00	00	00	00	00	00	00	00	00	00	00	00	00	00	00	00	00	00	00
9.888	3D DATA	true	-	29076	49389	21856	-117437.9	-117642.1	-118383.0	-117758.8	-184897.0	197.4	158.2	205.2	101.7	253.4	-	-	-	-	-
9.889	3D MESSAGE	4E	00	FD	91	30	59	39	8D	9F	6D	D4	BF	D7	55	F0	82	D4	3F	BA	5F	E5	C7	25	C3	E5	C7	F1	39	E7	C7	70	01	E6	C7	4C	91	34	C8	00	D4	43	43	00	F4	21	43	00	64	48	43	00	5C	C3	42	00	48	79	43	00	00	00	00	00	00	00	00	00	00	00	00	00	00	00	00	00	00	00	00
9.889	3D DATA	true	-	28063	49108	21975	-117439.5	-117638.3	-118387.9	-117762.9	-184901.2	195.8	162.0	200.4	97.7	249.3	-	-	-	-	-
9.889	3D MESSAGE	4E	00	FE	91	30	59	3A	8D	B6	69	B5	BE	8C	56	F0	82	D4	3F	95	60	E5	C7	59	C1	E5	C7	64	3C	E7	C7	69	03	E6	C7	64	92	34	C8	00	1E	42	43	00	8C	25	43	00	7E	43	43	00	78	BB	42	00	E8	74	43	00	00	00	00	00	00	00	00	00	00	00	00	00	00	00	00	00	00	00	00
9.889	3D DATA	true	-	27062	48821	22156	-117441.2	-117634.7	-118392.8	-117766.8	-184905.6	194.1	165.5	195.5	93.7	244.9	-	-	-	-	-
9.917	3D MESSAGE	4E	00	FF	91	30	59	3B	8D	D5	65	8E	BD	AD	57	F0	82	D4	3F	84	61	E5	C7	A6	BF	E5	C7	DC	3E	E7	C7	4F	05	E6	C7	87	93	34	C8	00	40	40	43	00	F2	28	43	00	8E	3E	43	00	E0	B3	42	00	5C	70	43	00	00	00	00	00	00	00	00	00	00	00	00	00	00	00	00	00	00	00	00
9.917	3D DATA	true	-	26069	48526	22445	-117443.0	-117631.3	-118397.7	-117770.6	-184910.1	192.2	168.9	190.6	89.9	240.4	-	-	-	-	-
9.918	3D MESSAGE	4E	00	00	91	30	59	3C	8D	F8	61	5F	BC	5A	59	F0	82	D4	3F	84	62	E5	C7	0E	BE	E5	C7	56	41	E7	C7	20	07	E6	C7	B1	94	34	C8	00	40	3E	43	00	22	2C	43	00	9A	39	43	00	9C	AC	42	00	B4	6B	43	00	00	00	00	00	00	00	00	00	00	00	00	00	00	00	00	00	00	00	00
9.918	3D DATA	true	-	25080	48223	22874	-117445.0	-117628.1	-118402.7	-117774.2	-184914.8	190.2	172.1	185.6	86.3	235.7	-	-	-	-	-
9.918	3D MESSAGE	4E	00	01	91	30	59	3D	8D	1C	5E	25	BB	3E	5B	F0	82	D4	3F	94	63	E5	C7	97	BC	E5	C7	D4	43	E7	C7	DB	08	E6	C7	E3	95	34	C8	00	20	3C	43	00	10	2F	43	00	9E	34	43	00	B0	A5	42	00	EC	66	43	00	00	00	00	00	00	00	00	00	00	00	00	00	00	00	00	00	00	00	00
9.918	3D DATA	true	-	24092	47909	23358	-117447.2	-117625.2	-118407.7	-117777.7	-184919.5	188.1	175.1	180.6	82.8	230.9	-	-	-	-	-
9.919	3D MESSAGE	4E	00	02	91	30	59	3E	8D	41	5A	E0	B9	C8	5C	F0	82	D4	3F	B9	64	E5	C7	4C	BB	E5	C7	5A	46	E7	C7	82	0A	E6	C7	21	97	34	C8	00	D6	39	43	00	A6	31	43	00	92	2F	43	00	14	9F	42	00	F4	61	43	00	00	00	00	00	00	00	00	00	00	00	00	00	00	00	00	00	00	00	00
9.919	3D DATA	true	-	23105	47584	23752	-117449.4	-117622.6	-118412.7	-117781.0	-184924.5	185.8	177.6	175.6	79.5	226.0	-	-	-	-	-
9.919	3D MESSAGE	4E	00	03	91	30	59	3F	8D	64	56	8E	B8	FA	5D	F0	82	D4	3F	F8	65	E5	C7	34	BA	E5	C7	EA	48	E7	C7	18	0C	E6	C7	6F	98	34	C8	00	58	37	43	00	D6	33	43	00	72	2A	43	00	BC	98	42	00	BC	5C	43	00	00	00	00	00	00	00	00	00	00	00	00	00	00	00	00	00	00	00	00
9.919	3D DATA	true	-	22116	47246	24058	-117451.9	-117620.4	-118417.8	-117784.2	-184929.7	183.3	179.8	170.4	76.4	220.7	-	-	-	-	-
9.921	3D MESSAGE	4E	00	04	91	30	59	40	8D	85	52	30	B7	14	5F	F0	82	D4	3F	56	67	E5	C7	5B	B9	E5	C7	84	4B	E7	C7	9F	0D	E6	C7	D0	99	34	C8	00	9C	34	43	00	88	35	43	00	3E	25	43	00	A0	92	42	00	38	57	43	00	00	00	00	00	00	00	00	00	00	00	00	00	00	00	00	00	00	00	00
9.921	3D DATA	true	-	21125	46896	24340	-117454.7	-117618.7	-118423.0	-117787.2	-184935.2	180.6	181.5	165.2	73.3	215.2	-	-	-	-	-
9.922	3D MESSAGE	4E	00	05	91	30	59	41	8D	A1	4E	C6	B5	44	60	00	B3	9A	3E	D7	68	E5	C7	C4	B8	E5	C7	28	4E	E7	C7	1A	0F	E6	C7	42	9B	34	C8	00	9A	31	43	00	B6	36	43	00	F6	1F	43	00	B4	8C	42	00	70	51	43	00	00	00	00	00	00	00	00	00	00	00	00	00	00	00	00	00	00	00	00
9.922	3D DATA	true	-	20129	46534	24644	-117457.7	-117617.5	-118428.3	-117790.2	-184941.0	177.6	182.7	160.0	70.4	209.4	-	-	-	-	-
9.948	3D MESSAGE	4E	00	06	91	30	59	42	8D	B9	4A	50	B4	AB	61	00	B3	9A	3E	78	6A	E5	C7	70	B8	E5	C7	D0	50	E7	C7	88	10	E6	C7	C3	9C	34	C8	00	58	2E	43	00	5E	37	43	00	A6	1A	43	00	FC	86	42	00	6C	4B	43	00	00	00	00	00	00	00	00	00	00	00	00	00	00	00	00	00	00	00	00
9.948	3D DATA	true	-	19129	46160	25003	-117460.9	-117616.9	-118433.6	-117793.1	-184947.0	174.3	183.4	154.6	67.5	203.4	-	-	-	-	-
9.949	3D MESSAGE	4E	00	07	91	30	59	43	8D	CA	46	D1	B2	5D	63	00	B3	9A	3E	37	6C	E5	C7	58	B8	E5	C7	78	53	E7	C7	EA	11	E6	C7	4C	9E	34	C8	00	DA	2A	43	00	8E	37	43	00	56	15	43	00	74	81	42	00	48	45	43	00	00	00	00	00	00	00	00	00	00	00	00	00	00	00	00	00	00	00	00
9.949	3D DATA	true	-	18122	45777	25437	-117464.4	-117616.7	-118438.9	-117795.8	-184953.2	170.9	183.6	149.3	64.7	197.3	-	-	-	-	-
9.949	3D MESSAGE	4E	00	08	91	30	59	44	8D	D4	42	49	B1	5A	65	00	B3	9A	3E	0A	6E	E5	C7	75	B8	E5	C7	19	56	E7	C7	40	13	E6	C7	D6	9F	34	C8	00	34	27	43	00	54	37	43	00	14	10	43	00	38	78	42	00	20	3F	43	00	00	00	00	00	00	00	00	00	00	00	00	00	00	00	00	00	00	00	00
9.949	3D DATA	true	-	17108	45385	25946	-117468.1	-117616.9	-118444.2	-117798.5	-184959.3	167.2	183.3	144.1	62.1	191.1	-	-	-	-	-
9.949	3D MESSAGE	4E	00	09	91	30	59	45	8D	D3	3E	B7	AF	82	67	00	B3	9A	3E	EC	6F	E5	C7	BD	B8	E5	C7	B1	58	E7	C7	88	14	E6	C7	5B	A1	34	C8	00	70	23	43	00	C4	36	43	00	E4	0A	43	00	F8	6D	42	00	0C	39	43	00	00	00	00	00	00	00	00	00	00	00	00	00	00	00	00	00	00	00	00
9.950	3D DATA	true	-	16083	44983	26498	-117471.8	-117617.5	-118449.4	-117801.1	-184965.4	163.4	182.8	138.9	59.5	185.0	-	-	-	-	-
9.950	3D MESSAGE	4E	00	0A	91	30	59	46	8D	C7	3A	1A	AE	B0	69	00	B3	9A	3E	D6	71	E5	C7	26	B9	E5	C7	3F	5B	E7	C7	C2	15	E6	C7	D6	A2	34	C8	00	9C	1F	43	00	F2	35	43	00	C8	05	43	00	28	64	42	00	20	33	43	00	00	00	00	00	00	00	00	00	00	00	00	00	00	00	00	00	00	00	00
9.950	3D DATA	true	-	15047	44570	27056	-117475.7	-117618.3	-118454.5	-117803.5	-184971.3	159.6	181.9	133.8	57.0	179.1	-	-	-	-	-
9.951	3D MESSAGE	4E	00	0B	91	30	59	47	8D	AD	36	70	AC	D3	6B	00	B3	9A	3E	C1	73	E5	C7	AC	B9	E5	C7	C0	5D	E7	C7	ED	16	E6	C7	43	A4	34	C8	00	C6	1B	43	00	E6	34	43	00	C6	00	43	00	D0	5A	42	00	6C	2D	43	00	00	00	00	00	00	00	00	00	00	00	00	00	00	00	00	00	00	00	00
9.951	3D DATA	true	-	13997	44144	27603	-117479.5	-117619.3	-118459.5	-117805.9	-184977.0	155.8	180.9	128.8	54.7	173.4	-	-	-	-	-
9.980	3D MESSAGE	4E	00	0C	91	30	59	48	8D	84	32	B8	AA	F2	6D	00	B3	9A	3E	AC	75	E5	C7	4A	BA	E5	C7	35	60	E7	C7	09	18	E6	C7	A2	A5	34	C8	00	F0	17	43	00	AA	33	43	00	B8	F7	42	00	F0	51	42	00	F0	27	43	00	00	00	00	00	00	00	00	00	00	00	00	00	00	00	00	00	00	00	00
9.980	3D DATA	true	-	12932	43704	28146	-117483.3	-117620.6	-118464.4	-117808.1	-184982.5	151.9	179.7	123.9	52.5	167.9	-	-	-	-	-
9.980	3D MESSAGE	4E	00	0D	91	30	59	49	8D	49	2E	EE	A8	17	70	00	B3	9A	3E	91	77	E5	C7	00	BB	E5	C7	98	62	E7	C7	13	19	E6	C7	F0	A6	34	C8	00	26	14	43	00	3E	32	43	00	2C	EE	42	00	A0	49	42	00	B8	22	43	00	00	00	00	00	00	00	00	00	00	00	00	00	00	00	00	00	00	00	00
9.980	3D DATA	true	-	11849	43246	28695	-117487.1	-117622.0	-118469.2	-117810.1	-184987.8	148.1	178.2	119.1	50.4	162.7	-	-	-	-	-
9.981	3D MESSAGE	4E	00	0E	91	30	59	4A	8D	FC	29	13	A7	48	72	00	B3	9A	3E	6E	79	E5	C7	D2	BB	E5	C7	E4	64	E7	C7	0B	1A	E6	C7	30	A8	34	C8	00	6C	10	43	00	9A	30	43	00	FC	E4	42	00	E0	41	42	00	B8	1D	43	00	00	00	00	00	00	00	00	00	00	00	00	00	00	00	00	00	00	00	00
9.981	3D DATA	true	-	10748	42771	29256	-117490.9	-117623.6	-118473.8	-117812.1	-184992.8	144.4	176.6	114.5	48.5	157.7	-	-	-	-	-
9.982	3D MESSAGE	4E	00	0F	91	30	59	4B	8D	9E	25	26	A5	86	74	00	B3	9A	3E	40	7B	E5	C7	C2	BC	E5	C7	12	67	E7	C7	EF	1A	E6	C7	61	A9	34	C8	00	C8	0C	43	00	BA	2E	43	00	44	DC	42	00	C0	3A	42	00	F4	18	43	00	00	00	00	00	00	00	00	00	00	00	00	00	00	00	00	00	00	00	00
9.982	3D DATA	true	-	9630	42278	29830	-117494.5	-117625.5	-118478.1	-117813.9	-184997.5	140.8	174.7	110.1	46.7	153.0	-	-	-	-	-
9.982	3D MESSAGE	4E	00	10	91	30	59	4C	8D	2E	21	29	A3	CF	76	00	B3	9A	3E	06	7D	E5	C7	D7	BD	E5	C7	22	69	E7	C7	C2	1B	E6	C7	89	AA	34	C8	00	3C	09	43	00	90	2C	43	00	04	D4	42	00	28	34	42	00	54	14	43	00	00	00	00	00	00	00	00	00	00	00	00	00	00	00	00	00	00	00	00
9.982	3D DATA	true	-	8494	41769	30415	-117498.0	-117627.7	-118482.3	-117815.5	-185002.1	137.2	172.6	106.0	45.0	148.3	-	-	-	-	-
9.982	3D MESSAGE	4E	00	11	91	30	59	4D	8D	AD	1C	1D	A1	2A	79	00	B3	9A	3E	C4	7E	E5	C7	17	BF	E5	C7	16	6B	E7	C7	8A	1C	E6	C7	AE	AB	34	C8	00	C0	05	43	00	10	2A	43	00	34	CC	42	00	E8	2D	42	00	C0	0F	43	00	00	00	00	00	00	00	00	00	00	00	00	00	00	00	00	00	00	00	00
9.982	3D DATA	true	-	7341	41245	31018	-117501.5	-117630.2	-118486.2	-117817.1	-185006.7	133.8	170.1	102.1	43.5	143.8	-	-	-	-	-
10.012	3D MESSAGE	4E	00	12	91	30	59	4E	8D	1B	18	03	9F	A3	7B	00	B3	9A	3E	80	80	E5	C7	88	C0	E5	C7	FA	6C	E7	C7	51	1D	E6	C7	D9	AC	34	C8	00	48	02	43	00	2E	27	43	00	A4	C4	42	00	B0	27	42	00	14	0B	43	00	00	00	00	00	00	00	00	00	00	00	00	00	00	00	00	00	00	00	00
10.012	3D DATA	true	-	6171	40707	31651	-117505.0	-117633.1	-118490.0	-117818.6	-185011.4	130.3	167.2	98.3	41.9	139.1	-	-	-	-	-
10.012	3D MESSAGE	4E	00	13	91	30	59	4F	8D	73	13	DB	9C	53	7E	00	B3	9A	3E	46	82	E5	C7	32	C2	E5	C7	DA	6E	E7	C7	22	1E	E6	C7	11	AE	34	C8	00	78	FD	42	00	DA	23	43	00	24	BD	42	00	28	21	42	00	34	06	43	00	00	00	00	00	00	00	00	00	00	00	00	00	00	00	00	00	00	00	00
10.012	3D DATA	true	-	4979	40155	32339	-117508.5	-117636.4	-118493.7	-117820.3	-185016.3	126.7	163.9	94.6	40.3	134.2	-	-	-	-	-
10.013	3D MESSAGE	4E	00	14	91	30	59	50	8D	B0	0E	A1	9A	59	81	00	B3	9A	3E	1E	84	E5	C7	16	C4	E5	C7	C5	70	E7	C7	07	1F	E6	C7	5C	AF	34	C8	00	18	F6	42	00	12	20	43	00	78	B5	42	00	00	1A	42	00	08	01	43	00	00	00	00	00	00	00	00	00	00	00	00	00	00	00	00	00	00	00	00
10.013	3D DATA	true	-	3760	39585	33113	-117512.2	-117640.2	-118497.5	-117822.1	-185021.4	123.0	160.1	90.7	38.5	129.0	-	-	-	-	-
10.013	3D MESSAGE	4E	00	15	91	30	59	51	8D	C6	09	4F	98	CD	84	00	B3	9A	3E	0F	86	E5	C7	33	C6	E5	C7	C5	72	E7	C7	06	20	E6	C7	B9	B0	34	C8	00	54	EE	42	00	D8	1B	43	00	78	AD	42	00	08	12	42	00	28	F7	42	00	00	00	00	00	00	00	00	00	00	00	00	00	00	00	00	00	00	00	00
10.013	3D DATA	true	-	2502	38991	33997	-117516.1	-117644.4	-118501.5	-117824.0	-185026.9	119.2	155.8	86.7	36.5	123.6	-	-	-	-	-
10.014	3D MESSAGE	4E	00	16	91	30	59	52	8D	AA	04	DD	95	B6	88	00	B3	9A	3E	18	88	E5	C7	7E	C8	E5	C7	D9	74	E7	C7	1D	21	E6	C7	22	B2	34	C8	00	30	E6	42	00	42	17	43	00	28	A5	42	00	50	09	42	00	E0	EB	42	00	00	00	00	00	00	00	00	00	00	00	00	00	00	00	00	00	00	00	00
10.014	3D DATA	true	-	1194	38365	34998	-117520.2	-117649.0	-118505.7	-117826.2	-185032.5	115.1	151.3	82.6	34.3	117.9	-	-	-	-	-
10.014	3D MESSAGE	4E	00	17	91	30	59	53	8D	00	00	43	93	04	8D	00	B3	9A	3E	34	8A	E5	C7	EC	CA	E5	C7	FA	76	E7	C7	41	22	E6	C7	8E	B3	34	C8	00	C0	DD	42	00	66	12	43	00	A4	9C	42	00	30	00	42	00	80	E0	42	00	00	00	00	00	00	00	00	00	00	00	00	00	00	00	00	00	00	00	00
10.014	3D DATA	true	-	0	37699	36100	-117524.4	-117653.8	-118510.0	-117828.5	-185038.2	110.9	146.4	78.3	32.0	112.2	-	-	-	-	-
10.042	3D MESSAGE	4E	00	18	91	30	59	54	8D	00	00	8A	90	93	91	00	B3	9A	3E	5A	8C	E5	C7	6B	CD	E5	C7	1A	79	E7	C7	65	23	E6	C7	F0	B4	34	C8	00	28	D5	42	00	68	0D	43	00	24	94	42	00	20	EE	41	00	70	D5	42	00	00	00	00	00	00	00	00	00	00	00	00	00	00	00	00	00	00	00	00
10.042	3D DATA	true	-	0	37002	37267	-117528.7	-117658.8	-118514.2	-117830.8	-185043.8	106.6	141.4	74.1	29.8	106.7	-	-	-	-	-
10.042	3D MESSAGE	4E	00	19	91	30	59	55	8D	00	00	EB	8D	3F	96	00	B3	9A	3E	80	8E	E5	C7	EC	CF	E5	C7	2A	7B	E7	C7	7B	24	E6	C7	3F	B6	34	C8	00	90	CC	42	00	66	08	43	00	E4	8B	42	00	C0	DC	41	00	F8	CA	42	00	00	00	00	00	00	00	00	00	00	00	00	00	00	00	00	00	00	00	00
10.042	3D DATA	true	-	0	36331	38463	-117533.0	-117663.8	-118518.3	-117833.0	-185049.0	102.3	136.4	69.9	27.6	101.5	-	-	-	-	-
10.043	3D MESSAGE	4E	00	1A	91	30	59	56	8D	00	00	5E	8B	EA	9A	00	B3	9A	3E	9F	90	E5	C7	60	D2	E5	C7	1A	7D	E7	C7	76	25	E6	C7	74	B7	34	C8	00	14	C4	42	00	7E	03	43	00	24	84	42	00	10	CD	41	00	50	C1	42	00	00	00	00	00	00	00	00	00	00	00	00	00	00	00	00	00	00	00	00
10.043	3D DATA	true	-	0	35678	39658	-117537.2	-117668.8	-118522.2	-117834.9	-185053.8	98.0	131.5	66.1	25.6	96.7	-	-	-	-	-
10.043	3D MESSAGE	4E	00	1B	91	30	59	57	8D	00	00	E4	88	7A	9F	00	B3	9A	3E	AE	92	E5	C7	BC	D4	E5	C7	E0	7E	E7	C7	51	26	E6	C7	8E	B8	34	C8	00	D8	BB	42	00	8C	FD	42	00	18	7A	42	00	60	BF	41	00	80	B8	42	00	00	00	00	00	00	00	00	00	00	00	00	00	00	00	00	00	00	00	00
10.043	3D DATA	true	-	0	35044	40826	-117541.4	-117673.5	-118525.8	-117836.6	-185058.2	93.9	126.8	62.5	23.9	92.2	-	-	-	-	-
10.043	3D MESSAGE	4E	00	1C	91	30	59	58	8D	00	00	7C	86	E3	A3	00	B3	9A	3E	A9	94	E5	C7	FD	D6	E5	C7	7B	80	E7	C7	0A	27	E6	C7	91	B9	34	C8	00	EC	B3	42	00	88	F4	42	00	40	6D	42	00	D0	B3	41	00	68	B0	42	00	00	00	00	00	00	00	00	00	00	00	00	00	00	00	00	00	00	00	00
10.043	3D DATA	true	-	0	34428	41955	-117545.3	-117678.0	-118529.0	-117838.1	-185062.3	90.0	122.3	59.3	22.5	88.2	-	-	-	-	-
10.044	3D MESSAGE	4E	00	1D	91	30	59	59	8D	00	00	2A	84	1B	A8	00	B3	9A	3E	8C	96	E5	C7	1E	D9	E5	C7	EA	81	E7	C7	A5	27	E6	C7	80	BA	34	C8	00	60	AC	42	00	04	EC	42	00	C8	61	42	00	20	AA	41	00	F0	A8	42	00	00	00	00	00	00	00	00	00	00	00	00	00	00	00	00	00	00	00	00
10.044	3D DATA	true	-	0	33834	43035	-117549.1	-117682.2	-118531.8	-117839.3	-185066.0	86.2	118.0	56.4	21.3	84.5	-	-	-	-	-
10.073	3D MESSAGE	4E	00	1E	91	30	59	5A	8D	00	00	EC	81	21	AC	00	B3	9A	3E	53	98	E5	C7	21	DB	E5	C7	32	83	E7	C7	27	28	E6	C7	60	BB	34	C8	00	44	A5	42	00	F8	E3	42	00	88	57	42	00	00	A2	41	00	F0	A1	42	00	00	00	00	00	00	00	00	00	00	00	00	00	00	00	00	00	00	00	00
10.073	3D DATA	true	-	0	33260	44065	-117552.6	-117686.3	-118534.4	-117840.3	-185069.5	82.6	114.0	53.9	20.2	81.0	-	-	-	-	-
10.074	3D MESSAGE	4E	00	1F	91	30	59	5B	8D	00	00	C6	7F	F4	AF	00	B3	9A	3E	FB	99	E5	C7	04	DD	E5	C7	55	84	E7	C7	94	28	E6	C7	32	BC	34	C8	00	A4	9E	42	00	6C	DC	42	00	70	4E	42	00	30	9B	41	00	60	9B	42	00	00	00	00	00	00	00	00	00	00	00	00	00	00	00	00	00	00	00	00
10.074	3D DATA	true	-	0	32710	45044	-117556.0	-117690.0	-118536.7	-117841.2	-185072.8	79.3	110.2	51.6	19.4	77.7	-	-	-	-	-
10.074	3D MESSAGE	4E	00	20	91	30	59	5C	8D	00	00	B5	7D	94	B3	00	B3	9A	3E	82	9B	E5	C7	C8	DE	E5	C7	5A	85	E7	C7	F2	28	E6	C7	F9	BC	34	C8	00	88	98	42	00	5C	D5	42	00	48	46	42	00	50	95	41	00	28	95	42	00	00	00	00	00	00	00	00	00	00	00	00	00	00	00	00	00	00	00	00
10.074	3D DATA	true	-	0	32181	45972	-117559.0	-117693.6	-118538.7	-117841.9	-185075.9	76.3	106.7	49.6	18.7	74.6	-	-	-	-	-
10.075	3D MESSAGE	4E	00	21	91	30	59	5D	8D	00	00	BA	7B	05	B7	00	B3	9A	3E	EA	9C	E5	C7	70	E0	E5	C7	46	86	E7	C7	45	29	E6	C7	B3	BD	34	C8	00	E8	92	42	00	BC	CE	42	00	E8	3E	42	00	20	90	41	00	58	8F	42	00	00	00	00	00	00	00	00	00	00	00	00	00	00	00	00	00	00	00	00
10.075	3D DATA	true	-	0	31674	46853	-117561.8	-117696.9	-118540.5	-117842.5	-185078.8	73.5	103.4	47.7	18.0	71.7	-	-	-	-	-
10.075	3D MESSAGE	52	00	22	91	32	59	5E	8D	00	00	00	88	00	00	D2	79	53	BA	00	B3	9A	3E	3B	9E	E5	C7	02	E2	E5	C7	20	87	E7	C7	92	29	E6	C7	63	BE	34	C8	00	A4	8D	42	00	74	C8	42	00	18	38	42	00	50	8B	41	00	D8	89	42	00	00	00	00	00	00	00	00	00	00	00	00	00	00	00	00	00	00	00	00
10.075	3D DATA	true	-	0	31186	47699	-117564.5	-117700.0	-118542.2	-117843.1	-185081.5	70.8	100.2	46.0	17.4	68.9	-	-	-	-	-
10.075	3D MESSAGE	4E	00	23	91	30	59	5F	8D	00	00	FB	77	95	BD	00	B3	9A	3E	7B	9F	E5	C7	8A	E3	E5	C7	F4	87	E7	C7	DE	29	E6	C7	0B	BF	34	C8	00	A4	88	42	00	54	C2	42	00	78	31	42	00	90	86	41	00	98	84	42	00	00	00	00	00	00	00	00	00	00	00	00	00	00	00	00	00	00	00	00
10.075	3D DATA	true	-	0	30715	48533	-117567.0	-117703.1	-118543.9	-117843.7	-185084.2	68.3	97.2	44.4	16.8	66.3	-	-	-	-	-
10.107	3D MESSAGE	4E	00	24	91	30	59	60	8D	00	00	31	76	E9	C0	00	B3	9A	3E	B4	A0	E5	C7	14	E5	E5	C7	CA	88	E7	C7	31	2A	E6	C7	B1	BF	34	C8	00	C0	83	42	00	2C	BC	42	00	C8	2A	42	00	60	81	41	00	D0	7E	42	00	00	00	00	00	00	00	00	00	00	00	00	00	00	00	00	00	00	00	00
10.107	3D DATA	true	-	0	30257	49385	-117569.4	-117706.2	-118545.6	-117844.4	-185086.8	65.9	94.1	42.7	16.2	63.7	-	-	-	-	-
10.108	3D MESSAGE	4E	00	25	91	30	59	61	8D	00	00	70	74	7E	C4	00	B3	9A	3E	EE	A1	E5	C7	B0	E6	E5	C7	AC	89	E7	C7	92	2A	E6	C7	5A	C0	34	C8	00	B0	7D	42	00	BC	B5	42	00	B8	23	42	00	A0	76	41	00	40	74	42	00	00	00	00	00	00	00	00	00	00	00	00	00	00	00	00	00	00	00	00
10.108	3D DATA	true	-	0	29808	50302	-117571.9	-117709.4	-118547.3	-117845.1	-185089.4	63.4	90.9	40.9	15.4	61.1	-	-	-	-	-
10.108	3D MESSAGE	52	00	26	91	32	59	62	8D	03	10	04	08	00	00	B4	72	84	C8	00	B3	9A	3E	2D	A3	E5	C7	67	E8	E5	C7	9F	8A	E7	C7	06	2B	E6	C7	08	C1	34	C8	00	B8	73	42	00	E0	AE	42	00	20	1C	42	00	20	68	41	00	60	69	42	00	00	00	00	00	00	00	00	00	00	00	00	00	00	00	00	00	00	00	00
10.108	3D DATA	true	-	0	29364	51332	-117574.4	-117712.8	-118549.2	-117846.0	-185092.1	60.9	87.4	39.0	14.5	58.3	-	-	-	-	Flick East -> West
10.108	3D MESSAGE	50	00	27	91	31	59	63	8D	08	2B	00	00	5B	71	CA	FD	00	B3	9A	3E	70	A4	E5	C7	3B	EA	E5	C7	A0	8B	E7	C7	91	2B	E6	C7	BD	C1	34	C8	00	00	00	00	00	00	00	00	00	00	00	00	00	00	00	00	00	00	00	00	00	00	00	00	00	00	00	00	00	00	00	00	00	00	00	00	00	00	00	00
10.108	3D DATA	true	43	0	29019	64970	-117576.9	-117716.5	-118551.2	-117847.1	-185095.0	0.0	0.0	0.0	0.0	0.0	-	-	-	-	-
10.109	3D MESSAGE	4E	00	28	91	30	59	64	8D	00	00	65	70	FF	FF	00	B3	9A	3E	B6	A5	E5	C7	24	EC	E5	C7	AA	8C	E7	C7	30	2C	E6	C7	76	C2	34	C8	00	00	23	C0	00	80	74	C0	00	00	05	C0	00	00	9F	BF	00	00	39	C0	00	00	00	00	00	00	00	00	00	00	00	00	00	00	00	00	00	00	00	00
10.109	3D DATA	true	-	0	28773	65535	-117579.4	-117720.3	-118553.3	-117848.4	-185097.8	-2.5	-3.8	-2.1	-1.2	-2.9	-	-	-	-	-
10.109	3D MESSAGE	48	00	29	91	20	59	65	8C	00	B3	9A	3E	F8	A6	E5	C7	12	EE	E5	C7	B0	8D	E7	C7	DB	2C	E6	C7	2D	C3	34	C8	00	00	A2	C0	00	C0	F5	C0	00	00	84	C0	00	00	25	C0	00	00	B8	C0	00	00	00	00	00	00	00	00	00	00	00	00	00	00	00	00	00	00	00	00
10.109	3D DATA	true	-	-	-	-	-117581.9	-117724.1	-118555.4	-117849.7	-185100.7	-5.1	-7.7	-4.1	-2.6	-5.8	-	-	-	-	-
10.109	3D MESSAGE	48	00	2A	91	20	59	66	8C	00	B3	9A	3E	34	A8	E5	C7	EF	EF	E5	C7	A6	8E	E7	C7	87	2D	E6	C7	DA	C3	34	C8	00	00	F1	C0	00	80	36	C1	00	80	C1	C0	00	00	7B	C0	00	40	07	C1	00	00	00	00	00	00	00	00	00	00	00	00	00	00	00	00	00	00	00	00
10.109	3D DATA	true	-	-	-	-	-117584.4	-117727.9	-118557.3	-117851.1	-185103.4	-7.5	-11.4	-6.0	-3.9	-8.5	-	-	-	-	-
10.137	3D MESSAGE	48	00	2B	91	20	59	67	8C	00	B3	9A	3E	60	A9	E5	C7	A5	F1	E5	C7	80	8F	E7	C7	25	2E	E6	C7	77	C4	34	C8	00	00	1E	C1	00	40	6D	C1	00	00	F8	C0	00	00	A5	C0	00	80	2E	C1	00	00	00	00	00	00	00	00	00	00	00	00	00	00	00	00	00	00	00	00
10.137	3D DATA	true	-	-	-	-	-117586.8	-117731.3	-118559.0	-117852.3	-185105.9	-9.9	-14.8	-7.8	-5.2	-10.9	-	-	-	-	-
10.137	3D MESSAGE	48	00	2C	91	20	59	68	8C	00	B3	9A	3E	7A	AA	E5	C7	27	F3	E5	C7	36	90	E7	C7	AA	2E	E6	C7	FD	C4	34	C8	00	40	41	C1	00	C0	8E	C1	00	C0	12	C1	00	40	C6	C0	00	00	50	C1	00	00	00	00	00	00	00	00	00	00	00	00	00	00	00	00	00	00	00	00
10.137	3D DATA	true	-	-	-	-	-117589.0	-117734.3	-118560.4	-117853.3	-185108.0	-12.1	-17.8	-9.2	-6.2	-13.0	-	-	-	-	-
10.138	3D MESSAGE	48	00	2D	91	20	59	69	8C	50	EC	5C	3F	7A	AB	E5	C7	74	F4	E5	C7	C7	90	E7	C7	0B	2F	E6	C7	6D	C5	34	C8	00	40	61	C1	00	90	A3	C1	00	E0	24	C1	00	80	DE	C0	00	00	6C	C1	00	00	00	00	00	00	00	00	00	00	00	00	00	00	00	00	00	00	00	00
10.138	3D DATA	true	-	-	-	-	-117591.0	-117736.9	-118561.6	-117854.1	-185109.7	-14.1	-20.4	-10.3	-7.0	-14.8	-	-	-	-	-
10.138	3D MESSAGE	48	00	2E	91	20	59	6A	8C	50	EC	5C	3F	60	AC	E5	C7	94	F5	E5	C7	38	91	E7	C7	49	2F	E6	C7	C8	C5	34	C8	00	00	7E	C1	00	90	B5	C1	00	00	33	C1	00	00	EE	C0	00	60	81	C1	00	00	00	00	00	00	00	00	00	00	00	00	00	00	00	00	00	00	00	00
10.138	3D DATA	true	-	-	-	-	-117592.8	-117739.2	-118562.4	-117854.6	-185111.1	-15.9	-22.7	-11.2	-7.4	-16.2	-	-	-	-	-
10.138	3D MESSAGE	48	00	2F	91	20	59	6B	8C	50	EC	5C	3F	27	AD	E5	C7	98	F6	E5	C7	91	91	E7	C7	68	2F	E6	C7	15	C6	34	C8	00	70	8B	C1	00	D0	C5	C1	00	20	3E	C1	00	C0	F5	C0	00	00	8B	C1	00	00	00	00	00	00	00	00	00	00	00	00	00	00	00	00	00	00	00	00
10.138	3D DATA	true	-	-	-	-	-117594.3	-117741.2	-118563.1	-117854.8	-185112.3	-17.4	-24.7	-11.9	-7.7	-17.4	-	-	-	-	-
10.139	3D MESSAGE	48	00	30	91	20	59	6C	8C	50	EC	5C	3F	D6	AD	E5	C7	94	F7	E5	C7	DE	91	E7	C7	74	2F	E6	C7	5E	C6	34	C8	00	60	96	C1	00	90	D5	C1	00	C0	47	C1	00	C0	F8	C0	00	20	94	C1	00	00	00	00	00	00	00	00	00	00	00	00	00	00	00	00	00	00	00	00
10.139	3D DATA	true	-	-	-	-	-117595.7	-117743.2	-118563.7	-117854.9	-185113.5	-18.8	-26.7	-12.5	-7.8	-18.5	-	-	-	-	-
10.168	3D MESSAGE	48	00	31	91	20	59	6D	8C	50	EC	5C	3F	72	AE	E5	C7	9B	F8	E5	C7	2B	92	E7	C7	7C	2F	E6	C7	A9	C6	34	C8	00	20	A0	C1	00	00	E6	C1	00	60	51	C1	00	C0	FA	C0	00	80	9D	C1	00	00	00	00	00	00	00	00	00	00	00	00	00	00	00	00	00	00	00	00
10.168	3D DATA	true	-	-	-	-	-117596.9	-117745.2	-118564.3	-117855.0	-185114.6	-20.0	-28.8	-13.1	-7.8	-19.7	-	-	-	-	-
10.168	3D MESSAGE	48	00	32	91	20	59	6E	8C	50	EC	5C	3F	0A	AF	E5	C7	B7	F9	E5	C7	86	92	E7	C7	8E	2F	E6	C7	00	C7	34	C8	00	A0	A9	C1	00	C0	F7	C1	00	C0	5C	C1	00	40	FF	C0	00	60	A8	C1	00	00	00	00	00	00	00	00	00	00	00	00	00	00	00	00	00	00	00	00
10.168	3D DATA	true	-	-	-	-	-117598.1	-117747.4	-118565.0	-117855.1	-185116.0	-21.2	-31.0	-13.8	-8.0	-21.0	-	-	-	-	-
10.168	3D MESSAGE	48	00	33	91	20	59	6F	8C	50	EC	5C	3F	AC	AF	E5	C7	EF	FA	E5	C7	F8	92	E7	C7	B4	2F	E6	C7	66	C7	34	C8	00	C0	B3	C1	00	A0	05	C2	00	00	6B	C1	00	60	04	C1	00	20	B5	C1	00	00	00	00	00	00	00	00	00	00	00	00	00	00	00	00	00	00	00	00
10.168	3D DATA	true	-	-	-	-	-117599.3	-117749.9	-118565.9	-117855.4	-185117.6	-22.5	-33.4	-14.7	-8.3	-22.6	-	-	-	-	-
10.169	3D MESSAGE	48	00	34	91	20	59	70	8C	50	EC	5C	3F	64	B0	E5	C7	41	FC	E5	C7	86	93	E7	C7	F6	2F	E6	C7	DE	C7	34	C8	00	40	BF	C1	00	30	10	C2	00	C0	7C	C1	00	A0	0C	C1	00	20	C4	C1	00	00	00	00	00	00	00	00	00	00	00	00	00	00	00	00	00	00	00	00
10.169	3D DATA	true	-	-	-	-	-117600.8	-117752.5	-118567.0	-117855.9	-185119.5	-23.9	-36.0	-15.8	-8.8	-24.5	-	-	-	-	-
10.169	3D MESSAGE	48	00	35	91	20	59	71	8C	50	EC	5C	3F	3B	B1	E5	C7	A7	FD	E5	C7	32	94	E7	C7	54	30	E6	C7	67	C8	34	C8	00	B0	CC	C1	00	60	1B	C2	00	20	89	C1	00	60	18	C1	00	40	D5	C1	00	00	00	00	00	00	00	00	00	00	00	00	00	00	00	00	00	00	00	00
10.169	3D DATA	true	-	-	-	-	-117602.5	-117755.3	-118568.4	-117856.7	-185121.6	-25.6	-38.8	-17.1	-9.5	-26.7	-	-	-	-	-
10.169	3D MESSAGE	48	00	36	91	20	59	72	8C	50	EC	5C	3F	2E	B2	E5	C7	19	FF	E5	C7	FA	94	E7	C7	CA	30	E6	C7	FE	C8	34	C8	00	E0	DB	C1	00	F0	26	C2	00	A0	95	C1	00	20	27	C1	00	20	E8	C1	00	00	00	00	00	00	00	00	00	00	00	00	00	00	00	00	00	00	00	00
10.169	3D DATA	true	-	-	-	-	-117604.4	-117758.2	-118570.0	-117857.6	-185124.0	-27.5	-41.7	-18.7	-10.4	-29.0	-	-	-	-	-
10.170	3D MESSAGE	48	00	37	91	20	59	73	8C	50	EC	5C	3F	35	B3	E5	C7	8E	00	E6	C7	D3	95	E7	C7	52	31	E6	C7	A0	C9	34	C8	00	50	EC	C1	00	98	32	C2	00	30	A3	C1	00	20	38	C1	00	60	FC	C1	00	00	00	00	00	00	00	00	00	00	00	00	00	00	00	00	00	00	00	00
10.170	3D DATA	true	-	-	-	-	-117606.4	-117761.1	-118571.6	-117858.6	-185126.5	-29.5	-44.6	-20.4	-11.5	-31.5	-	-	-	-	-
10.198	3D MESSAGE	48	00	38	91	20	59	74	8C	50	EC	5C	3F	3E	B4	E5	C7	FE	01	E6	C7	B3	96	E7	C7	E4	31	E6	C7	47	CA	34	C8	00	E0	FC	C1	00	18	3E	C2	00	30	B1	C1	00	60	4A	C1	00	A0	08	C2	00	00	00	00	00	00	00	00	00	00	00	00	00	00	00	00	00	00	00	00
10.199	3D DATA	true	-	-	-	-	-117608.5	-117764.0	-118573.4	-117859.8	-185129.1	-31.6	-47.5	-22.1	-12.6	-34.2	-	-	-	-	-
10.199	3D MESSAGE	48	00	39	91	20	59	75	8C	50	EC	5C	3F	38	B5	E5	C7	60	03	E6	C7	8E	97	E7	C7	78	32	E6	C7	EC	CA	34	C8	00	40	06	C2	00	28	49	C2	00	E0	BE	C1	00	E0	5C	C1	00	F0	12	C2	00	00	00	00	00	00	00	00	00	00	00	00	00	00	00	00	00	00	00	00
10.199	3D DATA	true	-	-	-	-	-117610.4	-117766.8	-118575.1	-117860.9	-185131.7	-33.6	-50.3	-23.9	-13.8	-36.7	-	-	-	-	-
10.199	3D MESSAGE	48	00	3A	91	20	59	76	8C	50	EC	5C	3F	15	B6	E5	C7	AA	04	E6	C7	56	98	E7	C7	04	33	E6	C7	86	CB	34	C8	00	28	0D	C2	00	78	53	C2	00	60	CB	C1	00	60	6E	C1	00	90	1C	C2	00	00	00	00	00	00	00	00	00	00	00	00	00	00	00	00	00	00	00	00
10.199	3D DATA	true	-	-	-	-	-117612.2	-117769.3	-118576.7	-117862.0	-185134.1	-35.3	-52.9	-25.4	-14.9	-39.1	-	-	-	-	-
10.200	3D MESSAGE	48	00	3B	91	20	59	77	8C	50	EC	5C	3F	CD	B6	E5	C7	D6	05	E6	C7	03	99	E7	C7	82	33	E6	C7	0F	CC	34	C8	00	E8	12	C2	00	D8	5C	C2	00	30	D6	C1	00	20	7E	C1	00	20	25	C2	00	00	00	00	00	00	00	00	00	00	00	00	00	00	00	00	00	00	00	00
10.200	3D DATA	true	-	-	-	-	-117613.6	-117771.7	-118578.0	-117863.0	-185136.2	-36.7	-55.2	-26.8	-15.9	-41.3	-	-	-	-	-
10.200	3D MESSAGE	4C	00	3C	91	22	59	78	8C	00	00	00	00	50	EC	5C	3F	60	B7	E5	C7	DA	06	E6	C7	8E	99	E7	C7	EB	33	E6	C7	7F	CC	34	C8	00	80	17	C2	00	F8	64	C2	00	E0	DE	C1	00	A0	85	C1	00	20	2C	C2	00	00	00	00	00	00	00	00	00	00	00	00	00	00	00	00	00	00	00	00
10.200	3D DATA	true	-	-	-	-	-117614.8	-117773.7	-118579.1	-117863.8	-185138.0	-37.9	-57.2	-27.9	-16.7	-43.0	-	-	-	-	-
10.201	3D MESSAGE	48	00	3D	91	20	59	79	8C	50	EC	5C	3F	D4	B7	E5	C7	B1	07	E6	C7	F6	99	E7	C7	3D	34	E6	C7	D2	CC	34	C8	00	20	1B	C2	00	B0	6B	C2	00	60	E5	C1	00	C0	8A	C1	00	50	31	C2	00	00	00	00	00	00	00	00	00	00	00	00	00	00	00	00	00	00	00	00
10.201	3D DATA	true	-	-	-	-	-117615.7	-117775.4	-118579.9	-117864.5	-185139.3	-38.8	-58.9	-28.7	-17.3	-44.3	-	-	-	-	-
10.228	3D MESSAGE	4A	00	3E	91	21	59	7A	8C	10	2B	50	EC	5C	3F	30	B8	E5	C7	58	08	E6	C7	3A	9A	E7	C7	78	34	E6	C7	06	CD	34	C8	00	00	00	00	00	00	00	00	00	00	00	00	00	70	8E	C1	00	00	00	00	00	00	00	00	00	00	00	00	00	00	00	00	00	00	00	00	00	00	00	00
10.228	3D DATA	true	43	-	-	-	-117616.4	-117776.7	-118580.5	-117864.9	-185140.1	0.0	0.0	0.0	-17.8	0.0	-	-	-	-	-
10.229	3D MESSAGE	48	00	3F	91	20	59	7B	8C	50	EC	5C	3F	7C	B8	E5	C7	CE	08	E6	C7	5E	9A	E7	C7	9B	34	E6	C7	1D	CD	34	C8	00	00	18	BF	00	00	6C	BF	00	00	90	BE	00	A0	90	C1	00	00	B8	BE	00	00	00	00	00	00	00	00	00	00	00	00	00	00	00	00	00	00	00	00
10.229	3D DATA	true	-	-	-	-	-117617.0	-117777.6	-118580.7	-117865.2	-185140.5	-0.6	-0.9	-0.3	-18.1	-0.4	-	-	-	-	-
10.229	3D MESSAGE	4A	00	40	91	21	59	7C	8C	10	2B	50	EC	5C	3F	B8	B8	E5	C7	17	09	E6	C7	64	9A	E7	C7	A7	34	E6	C7	1A	CD	34	C8	00	00	88	BF	00	00	BF	BF	00	00	A8	BE	00	00	00	00	00	00	A0	BE	00	00	00	00	00	00	00	00	00	00	00	00	00	00	00	00	00	00	00	00
10.229	3D DATA	true	43	-	-	-	-117617.4	-117778.2	-118580.8	-117865.3	-185140.4	-1.1	-1.5	-0.3	0.0	-0.3	-	-	-	-	-
10.230	3D MESSAGE	48	00	41	91	20	59	7D	8C	50	EC	5C	3F	E8	B8	E5	C7	3C	09	E6	C7	53	9A	E7	C7	9E	34	E6	C7	02	CD	34	C8	00	00	B8	BF	00	00	E4	BF	00	00	48	BE	00	00	90	3D	00	00	80	3D	00	00	00	00	00	00	00	00	00	00	00	00	00	00	00	00	00	00	00	00
10.230	3D DATA	true	-	-	-	-	-117617.8	-117778.5	-118580.6	-117865.2	-185140.0	-1.4	-1.8	-0.2	0.1	0.1	-	-	-	-	-
10.231	3D MESSAGE	48	00	42	91	20	59	7E	8C	50	EC	5C	3F	0A	B9	E5	C7	4A	09	E6	C7	32	9A	E7	C7	81	34	E6	C7	DE	CC	34	C8	00	00	DA	BF	00	00	F2	BF	00	00	80	3D	00	00	98	3E	00	00	20	3F	00	00	00	00	00	00	00	00	00	00	00	00	00	00	00	00	00	00	00	00
10.231	3D DATA	true	-	-	-	-	-117618.1	-117778.6	-118580.4	-117865.0	-185139.5	-1.7	-1.9	0.1	0.3	0.6	-	-	-	-	-
10.231	3D MESSAGE	48	00	43	91	20	59	7F	8C	50	EC	5C	3F	26	B9	E5	C7	54	09	E6	C7	0D	9A	E7	C7	56	34	E6	C7	B6	CC	34	C8	00	00	F6	BF	00	00	FC	BF	00	00	B4	3E	00	00	22	3F	00	00	A0	3F	00	00	00	00	00	00	00	00	00	00	00	00	00	00	00	00	00	00	00	00
10.231	3D DATA	true	-	-	-	-	-117618.3	-117778.7	-118580.1	-117864.7	-185138.8	-1.9	-2.0	0.4	0.6	1.2	-	-	-	-	-
10.260	3D MESSAGE	48	00	44	91	20	59	80	8C	50	EC	5C	3F	42	B9	E5	C7	6D	09	E6	C7	F3	99	E7	C7	26	34	E6	C7	96	CC	34	C8	00	00	09	C0	00	80	0A	C0	00	00	0E	3F	00	00	81	3F	00	00	E0	3F	00	00	00	00	00	00	00	00	00	00	00	00	00	00	00	00	00	00	00	00
10.260	3D DATA	true	-	-	-	-	-117618.5	-117778.9	-118579.9	-117864.3	-185138.3	-2.1	-2.2	0.6	1.0	1.8	-	-	-	-	-
10.262	3D MESSAGE	48	00	45	91	20	59	81	8C	50	EC	5C	3F	6C	B9	E5	C7	A6	09	E6	C7	F3	99	E7	C7	FD	33	E6	C7	89	CC	34	C8	00	00	1E	C0	00	00	27	C0	00	00	0E	3F	00	00	AA	3F	00	00	FA	3F	00	00	00	00	00	00	00	00	00	00	00	00	00	00	00	00	00	00	00	00
10.262	3D DATA	true	-	-	-	-	-117618.8	-117779.3	-118579.9	-117864.0	-185138.1	-2.5	-2.6	0.6	1.3	2.0	-	-	-	-	-
10.262	3D MESSAGE	48	00	46	91	20	59	82	8C	50	EC	5C	3F	AF	B9	E5	C7	0B	0A	E6	C7	1A	9A	E7	C7	E9	33	E6	C7	96	CC	34	C8	00	80	3F	C0	00	80	59	C0	00	00	80	3E	00	00	BE	3F	00	00	E0	3F	00	00	00	00	00	00	00	00	00	00	00	00	00	00	00	00	00	00	00	00
10.262	3D DATA	true	-	-	-	-	-117619.4	-117780.1	-118580.2	-117863.8	-185138.3	-3.0	-3.4	0.2	1.5	1.8	-	-	-	-	-
10.262	3D MESSAGE	48	00	47	91	20	59	83	8C	50	EC	5C	3F	0F	BA	E5	C7	9A	0A	E6	C7	6D	9A	E7	C7	F2	33	E6	C7	C2	CC	34	C8	00	80	6F	C0	00	80	90	C0	00	00	CC	BE	00	00	B5	3F	00	00	88	3F	00	00	00	00	00	00	00	00	00	00	00	00	00	00	00	00	00	00	00	00
10.262	3D DATA	true	-	-	-	-	-117620.1	-117781.2	-118580.9	-117863.9	-185139.0	-3.7	-4.5	-0.4	1.4	1.1	-	-	-	-	-
10.262	3D MESSAGE	48	00	48	91	20	59	84	8C	50	EC	5C	3F	88	BA	E5	C7	4B	0B	E6	C7	E6	9A	E7	C7	1A	34	E6	C7	0A	CD	34	C8	00	00	96	C0	00	C0	BC	C0	00	00	AC	BF	00	00	8D	3F	00	00	80	BD	00	00	00	00	00	00	00	00	00	00	00	00	00	00	00	00	00	00	00	00
10.262	3D DATA	true	-	-	-	-	-117621.1	-117782.6	-118581.8	-117864.2	-185140.2	-4.7	-5.9	-1.3	1.1	-0.1	-	-	-	-	-
10.263	3D MESSAGE	48	00	49	91	20	59	85	8C	50	EC	5C	3F	12	BB	E5	C7	0B	0C	E6	C7	7A	9B	E7	C7	5C	34	E6	C7	65	CD	34	C8	00	80	B8	C0	00	C0	EC	C0	00	00	20	C0	00	00	16	3F	00	00	BE	BF	00	00	00	00	00	00	00	00	00	00	00	00	00	00	00	00	00	00	00	00
10.263	3D DATA	true	-	-	-	-	-117622.1	-117784.1	-118583.0	-117864.7	-185141.6	-5.8	-7.4	-2.5	0.6	-1.5	-	-	-	-	-
10.293	3D MESSAGE	48	00	4A	91	20	59	86	8C	50	EC	5C	3F	9B	BB	E5	C7	C2	0C	E6	C7	12	9C	E7	C7	AB	34	E6	C7	C8	CD	34	C8	00	C0	DA	C0	00	40	0D	C1	00	00	6C	C0	00	00	00	BD	00	00	42	C0	00	00	00	00	00	00	00	00	00	00	00	00	00	00	00	00	00	00	00	00
10.293	3D DATA	true	-	-	-	-	-117623.2	-117785.5	-118584.1	-117865.3	-185143.1	-6.8	-8.8	-3.7	-0.0	-3.0	-	-	-	-	-
10.293	3D MESSAGE	48	00	4B	91	20	59	87	8C	50	EC	5C	3F	16	BC	E5	C7	60	0D	E6	C7	9C	9C	E7	C7	FA	34	E6	C7	24	CE	34	C8	00	80	F9	C0	00	00	21	C1	00	80	98	C0	00	00	26	BF	00	00	8F	C0	00	00	00	00	00	00	00	00	00	00	00	00	00	00	00	00	00	00	00	00
10.293	3D DATA	true	-	-	-	-	-117624.2	-117786.8	-118585.2	-117866.0	-185144.6	-7.8	-10.1	-4.8	-0.6	-4.5	-	-	-	-	-
10.294	3D MESSAGE	48	00	4C	91	20	59	88	8C	50	EC	5C	3F	78	BC	E5	C7	DA	0D	E6	C7	06	9D	E7	C7	3B	35	E6	C7	70	CE	34	C8	00	00	09	C1	00	40	30	C1	00	00	B3	C0	00	00	94	BF	00	00	B5	C0	00	00	00	00	00	00	00	00	00	00	00	00	00	00	00	00	00	00	00	00
10.294	3D DATA	true	-	-	-	-	-117624.9	-117787.7	-118586.0	-117866.5	-185145.8	-8.6	-11.0	-5.6	-1.2	-5.7	-	-	-	-	-
10.294	3D MESSAGE	48	00	4D	91	20	59	89	8C	50	EC	5C	3F	C1	BC	E5	C7	30	0E	E6	C7	4C	9D	E7	C7	69	35	E6	C7	AA	CE	34	C8	00	20	12	C1	00	00	3B	C1	00	80	C4	C0	00	00	C2	BF	00	00	D2	C0	00	00	00	00	00	00	00	00	00	00	00	00	00	00	00	00	00	00	00	00
10.294	3D DATA	true	-	-	-	-	-117625.5	-117788.4	-118586.6	-117866.8	-185146.7	-9.1	-11.7	-6.1	-1.5	-6.6	-	-	-	-	-
10.294	3D MESSAGE	48	00	4E	91	20	59	8A	8C	50	EC	5C	3F	F6	BC	E5	C7	6D	0E	E6	C7	6D	9D	E7	C7	81	35	E6	C7	D1	CE	34	C8	00	C0	18	C1	00	A0	42	C1	00	C0	CC	C0	00	00	DA	BF	00	80	E5	C0	00	00	00	00	00	00	00	00	00	00	00	00	00	00	00	00	00	00	00	00
10.294	3D DATA	true	-	-	-	-	-117625.9	-117788.9	-118586.9	-117867.0	-185147.3	-9.5	-12.2	-6.4	-1.7	-7.2	-	-	-	-	-
10.294	3D MESSAGE	48	00	4F	91	20	59	8B	8C	50	EC	5C	3F	20	BD	E5	C7	A1	0E	E6	C7	74	9D	E7	C7	8B	35	E6	C7	EB	CE	34	C8	00	00	1E	C1	00	20	49	C1	00	80	CE	C0	00	00	E4	BF	00	80	F2	C0	00	00	00	00	00	00	00	00	00	00	00	00	00	00	00	00	00	00	00	00
10.294	3D DATA	true	-	-	-	-	-117626.2	-117789.3	-118586.9	-117867.1	-185147.7	-9.9	-12.6	-6.5	-1.8	-7.6	-	-	-	-	-
10.295	3D MESSAGE	48	00	50	91	20	59	8C	8C	50	EC	5C	3F	49	BD	E5	C7	DC	0E	E6	C7	6E	9D	E7	C7	8F	35	E6	C7	FE	CE	34	C8	00	20	23	C1	00	80	50	C1	00	00	CD	C0	00	00	E8	BF	00	00	FC	C0	00	00	00	00	00	00	00	00	00	00	00	00	00	00	00	00	00	00	00	00
10.295	3D DATA	true	-	-	-	-	-117626.6	-117789.7	-118586.9	-117867.1	-185148.0	-10.2	-13.0	-6.4	-1.8	-7.9	-	-	-	-	-
10.322	3D MESSAGE	48	00	51	91	20	59	8D	8C	50	EC	5C	3F	79	BD	E5	C7	2C	0F	E6	C7	69	9D	E7	C7	95	35	E6	C7	12	CF	34	C8	00	20	29	C1	00	80	5A	C1	00	C0	CB	C0	00	00	EE	BF	00	00	03	C1	00	00	00	00	00	00	00	00	00	00	00	00	00	00	00	00	00	00	00	00
10.322	3D DATA	true	-	-	-	-	-117626.9	-117790.3	-118586.8	-117867.2	-185148.3	-10.6	-13.7	-6.4	-1.9	-8.2	-	-	-	-	-
10.323	3D MESSAGE	48	00	52	91	20	59	8E	8C	50	EC	5C	3F	B3	BD	E5	C7	97	0F	E6	C7	70	9D	E7	C7	A5	35	E6	C7	29	CF	34	C8	00	60	30	C1	00	E0	67	C1	00	80	CD	C0	00	00	FE	BF	00	C0	08	C1	00	00	00	00	00	00	00	00	00	00	00	00	00	00	00	00	00	00	00	00
10.323	3D DATA	true	-	-	-	-	-117627.4	-117791.2	-118586.9	-117867.3	-185148.6	-11.0	-14.5	-6.4	-2.0	-8.5	-	-	-	-	-
10.323	3D MESSAGE	48	00	53	91	20	59	8F	8C	50	EC	5C	3F	F6	BD	E5	C7	1B	10	E6	C7	8B	9D	E7	C7	C3	35	E6	C7	48	CF	34	C8	00	C0	38	C1	00	60	78	C1	00	40	D4	C0	00	00	0E	C0	00	80	10	C1	00	00	00	00	00	00	00	00	00	00	00	00	00	00	00	00	00	00	00	00
10.323	3D DATA	true	-	-	-	-	-117627.9	-117792.2	-118587.1	-117867.5	-185149.1	-11.5	-15.5	-6.6	-2.2	-9.0	-	-	-	-	-
10.323	3D MESSAGE	48	00	54	91	20	59	90	8C	50	EC	5C	3F	42	BE	E5	C7	B0	10	E6	C7	BC	9D	E7	C7	F0	35	E6	C7	6F	CF	34	C8	00	40	42	C1	00	80	85	C1	00	80	E0	C0	00	80	24	C0	00	40	1A	C1	00	00	00	00	00	00	00	00	00	00	00	00	00	00	00	00	00	00	00	00
10.323	3D DATA	true	-	-	-	-	-117628.5	-117793.4	-118587.5	-117867.9	-185149.7	-12.1	-16.7	-7.0	-2.6	-9.6	-	-	-	-	-
10.324	3D MESSAGE	48	00	55	91	20	59	91	8C	A0	F1	C6	3D	94	BE	E5	C7	48	11	E6	C7	00	9E	E7	C7	2B	36	E6	C7	9C	CF	34	C8	00	80	4C	C1	00	00	8F	C1	00	80	F1	C0	00	00	42	C0	00	80	25	C1	00	00	00	00	00	00	00	00	00	00	00	00	00	00	00	00	00	00	00	00
10.324	3D DATA	true	-	-	-	-	-117629.2	-117794.6	-118588.0	-117868.3	-185150.4	-12.8	-17.9	-7.5	-3.0	-10.3	-	-	-	-	-
10.354	3D MESSAGE	48	00	56	91	20	59	92	8C	A0	F1	C6	3D	E6	BE	E5	C7	D5	11	E6	C7	50	9E	E7	C7	6F	36	E6	C7	CC	CF	34	C8	00	C0	56	C1	00	D0	97	C1	00	C0	02	C1	00	00	64	C0	00	80	31	C1	00	00	00	00	00	00	00	00	00	00	00	00	00	00	00	00	00	00	00	00
10.354	3D DATA	true	-	-	-	-	-117629.8	-117795.7	-118588.6	-117868.9	-185151.2	-13.4	-19.0	-8.2	-3.6	-11.1	-	-	-	-	-
10.355	3D MESSAGE	48	00	57	91	20	59	93	8C	A0	F1	C6	3D	35	BF	E5	C7	4B	12	E6	C7	A0	9E	E7	C7	B6	36	E6	C7	FC	CF	34	C8	00	A0	60	C1	00	30	9F	C1	00	C0	0C	C1	00	C0	83	C0	00	80	3D	C1	00	00	00	00	00	00	00	00	00	00	00	00	00	00	00	00	00	00	00	00
10.355	3D DATA	true	-	-	-	-	-117630.4	-117796.6	-118589.2	-117869.4	-185151.9	-14.0	-19.9	-8.8	-4.1	-11.8	-	-	-	-	-
10.355	3D MESSAGE	48	00	58	91	20	59	94	8C	A0	F1	C6	3D	7B	BF	E5	C7	9F	12	E6	C7	E5	9E	E7	C7	F8	36	E6	C7	26	D0	34	C8	00	60	69	C1	00	70	A4	C1	00	60	15	C1	00	40	94	C0	00	00	48	C1	00	00	00	00	00	00	00	00	00	00	00	00	00	00	00	00	00	00	00	00
10.355	3D DATA	true	-	-	-	-	-117631.0	-117797.2	-118589.8	-117869.9	-185152.6	-14.6	-20.6	-9.3	-4.6	-12.5	-	-	-	-	-
10.355	3D MESSAGE	48	00	59	91	20	59	95	8C	A0	F1	C6	3D	B2	BF	E5	C7	CE	12	E6	C7	12	9F	E7	C7	2A	37	E6	C7	44	D0	34	C8	00	40	70	C1	00	60	A7	C1	00	00	1B	C1	00	C0	A0	C0	00	80	4F	C1	00	00	00	00	00	00	00	00	00	00	00	00	00	00	00	00	00	00	00	00
10.355	3D DATA	true	-	-	-	-	-117631.4	-117797.6	-118590.1	-117870.3	-185153.1	-15.0	-20.9	-9.7	-5.0	-13.0	-	-	-	-	-
10.357	3D MESSAGE	48	00	5A	91	20	59	96	8C	A0	F1	C6	3D	D1	BF	E5	C7	DA	12	E6	C7	20	9F	E7	C7	46	37	E6	C7	52	D0	34	C8	00	20	74	C1	00	20	A8	C1	00	C0	1C	C1	00	C0	A7	C0	00	00	53	C1	00	00	00	00	00	00	00	00	00	00	00	00	00	00	00	00	00	00	00	00
10.357	3D DATA	true	-	-	-	-	-117631.6	-117797.7	-118590.2	-117870.5	-185153.3	-15.3	-21.0	-9.8	-5.2	-13.2	-	-	-	-	-
10.357	3D MESSAGE	48	00	5B	91	20	59	97	8C	A0	F1	C6	3D	D5	BF	E5	C7	C8	12	E6	C7	0C	9F	E7	C7	48	37	E6	C7	4C	D0	34	C8	00	A0	74	C1	00	00	A7	C1	00	40	1A	C1	00	40	A8	C0	00	80	51	C1	00	00	00	00	00	00	00	00	00	00	00	00	00	00	00	00	00	00	00	00
10.357	3D DATA	true	-	-	-	-	-117631.7	-117797.6	-118590.1	-117870.6	-185153.2	-15.3	-20.9	-9.6	-5.3	-13.1	-	-	-	-	-
10.358	3D MESSAGE	4A	00	5C	91	21	59	98	8C	10	2B	A0	F1	C6	3D	BE	BF	E5	C7	A5	12	E6	C7	DE	9E	E7	C7	2C	37	E6	C7	34	D0	34	C8	00	C0	71	C1	00	00	00	00	00	80	14	C1	00	40	A1	C0	00	80	4B	C1	00	00	00	00	00	00	00	00	00	00	00	00	00	00	00	00	00	00	00	00
10.358	3D DATA	true	43	-	-	-	-117631.5	-117797.3	-118589.7	-117870.3	-185152.8	-15.1	0.0	-9.3	-5.0	-12.7	-	-	-	-	-
10.387	3D MESSAGE	4A	00	5D	91	21	59	99	8C	10	2B	A0	F1	C6	3D	92	BF	E5	C7	7A	12	E6	C7	9F	9E	E7	C7	F7	36	E6	C7	0E	D0	34	C8	00	00	00	00	00	00	AC	3E	00	A0	0C	C1	00	00	94	C0	00	00	42	C1	00	00	00	00	00	00	00	00	00	00	00	00	00	00	00	00	00	00	00	00
10.387	3D DATA	true	43	-	-	-	-117631.1	-117797.0	-118589.2	-117869.9	-185152.2	0.0	0.3	-8.8	-4.6	-12.1	-	-	-	-	-
10.387	3D MESSAGE	48	00	5E	91	20	59	9A	8C	A0	F1	C6	3D	58	BF	E5	C7	51	12	E6	C7	5D	9E	E7	C7	AE	36	E6	C7	E0	CF	34	C8	00	00	E8	3E	00	00	28	3F	00	60	04	C1	00	C0	81	C0	00	80	36	C1	00	00	00	00	00	00	00	00	00	00	00	00	00	00	00	00	00	00	00	00
10.387	3D DATA	true	-	-	-	-	-117630.7	-117796.6	-118588.7	-117869.4	-185151.5	0.5	0.7	-8.3	-4.1	-11.4	-	-	-	-	-
10.388	3D MESSAGE	48	00	5F	91	20	59	9B	8C	A0	F1	C6	3D	1B	BF	E5	C7	30	12	E6	C7	23	9E	E7	C7	57	36	E6	C7	B0	CF	34	C8	00	00	6E	3F	00	00	6A	3F	00	40	FA	C0	00	00	58	C0	00	80	2A	C1	00	00	00	00	00	00	00	00	00	00	00	00	00	00	00	00	00	00	00	00
10.388	3D DATA	true	-	-	-	-	-117630.2	-117796.4	-118588.3	-117868.7	-185150.8	0.9	0.9	-7.8	-3.4	-10.7	-	-	-	-	-
10.388	3D MESSAGE	48	00	60	91	20	59	9C	8C	A0	F1	C6	3D	E5	BE	E5	C7	18	12	E6	C7	FB	9D	E7	C7	FC	35	E6	C7	85	CF	34	C8	00	00	AD	3F	00	00	8D	3F	00	00	00	00	00	80	2A	C0	00	00	00	00	00	00	00	00	00	00	00	00	00	00	00	00	00	00	00	00	00	00	00	00
10.388	3D DATA	true	-	-	-	-	-117629.8	-117796.2	-118588.0	-117868.0	-185150.1	1.4	1.1	0.0	-2.7	0.0	-	-	-	-	-
10.388	3D MESSAGE	48	00	61	91	20	59	9D	8C	A0	F1	C6	3D	BC	BE	E5	C7	08	12	E6	C7	E7	9D	E7	C7	A5	35	E6	C7	63	CF	34	C8	00	00	D6	3F	00	00	9D	3F	00	00	20	3E	00	00	FE	BF	00	00	08	3F	00	00	00	00	00	00	00	00	00	00	00	00	00	00	00	00	00	00	00	00
10.388	3D DATA	true	-	-	-	-	-117629.5	-117796.1	-118587.8	-117867.3	-185149.5	1.7	1.2	0.2	-2.0	0.5	-	-	-	-	-
10.388	3D MESSAGE	48	00	62	91	20	59	9E	8C	A0	F1	C6	3D	A5	BE	E5	C7	FE	11	E6	C7	E7	9D	E7	C7	5C	35	E6	C7	4D	CF	34	C8	00	00	ED	3F	00	00	A7	3F	00	00	20	3E	00	00	B5	BF	00	00	60	3F	00	00	00	00	00	00	00	00	00	00	00	00	00	00	00	00	00	00	00	00
10.388	3D DATA	true	-	-	-	-	-117629.3	-117796.0	-118587.8	-117866.7	-185149.2	1.9	1.3	0.2	-1.4	0.9	-	-	-	-	-
10.418	3D MESSAGE	48	00	63	91	20	59	9F	8C	A0	F1	C6	3D	9E	BE	E5	C7	FA	11	E6	C7	F6	9D	E7	C7	27	35	E6	C7	44	CF	34	C8	00	00	F4	3F	00	00	AB	3F	00	00	20	3D	00	00	80	BF	00	00	82	3F	00	00	00	00	00	00	00	00	00	00	00	00	00	00	00	00	00	00	00	00
10.418	3D DATA	true	-	-	-	-	-117629.2	-117796.0	-118587.9	-117866.3	-185149.1	1.9	1.3	0.0	-1.0	1.0	-	-	-	-	-
10.418	3D MESSAGE	48	00	64	91	20	59	A0	8C	A0	F1	C6	3D	A7	BE	E5	C7	FC	11	E6	C7	0D	9E	E7	C7	0C	35	E6	C7	48	CF	34	C8	00	00	EB	3F	00	00	A9	3F	00	00	10	BE	00	00	4A	BF	00	00	74	3F	00	00	00	00	00	00	00	00	00	00	00	00	00	00	00	00	00	00	00	00
10.418	3D DATA	true	-	-	-	-	-117629.3	-117796.0	-118588.1	-117866.1	-185149.1	1.8	1.3	-0.1	-0.8	1.0	-	-	-	-	-
10.418	3D MESSAGE	48	00	65	91	20	59	A1	8C	A0	F1	C6	3D	BA	BE	E5	C7	05	12	E6	C7	26	9E	E7	C7	0E	35	E6	C7	57	CF	34	C8	00	00	D8	3F	00	00	A0	3F	00	00	AC	BE	00	00	4E	BF	00	00	38	3F	00	00	00	00	00	00	00	00	00	00	00	00	00	00	00	00	00	00	00	00
10.418	3D DATA	true	-	-	-	-	-117629.5	-117796.0	-118588.3	-117866.1	-185149.4	1.7	1.2	-0.3	-0.8	0.7	-	-	-	-	-
10.419	3D MESSAGE	48	00	66	91	20	59	A2	8C	A0	F1	C6	3D	D5	BE	E5	C7	17	12	E6	C7	3C	9E	E7	C7	29	35	E6	C7	6C	CF	34	C8	00	00	BD	3F	00	00	8E	3F	00	00	02	BF	00	00	82	BF	00	00	C8	3E	00	00	00	00	00	00	00	00	00	00	00	00	00	00	00	00	00	00	00	00
10.419	3D DATA	true	-	-	-	-	-117629.7	-117796.2	-118588.5	-117866.3	-185149.7	1.5	1.1	-0.5	-1.0	0.4	-	-	-	-	-
10.419	3D MESSAGE	48	00	67	91	20	59	A3	8C	A0	F1	C6	3D	F0	BE	E5	C7	2F	12	E6	C7	4A	9E	E7	C7	58	35	E6	C7	84	CF	34	C8	00	00	A2	3F	00	00	6C	3F	00	00	1E	BF	00	00	B1	BF	00	00	80	3C	00	00	00	00	00	00	00	00	00	00	00	00	00	00	00	00	00	00	00	00
10.419	3D DATA	true	-	-	-	-	-117629.9	-117796.4	-118588.6	-117866.7	-185150.1	1.3	0.9	-0.6	-1.4	0.0	-	-	-	-	-
10.419	3D MESSAGE	48	00	68	91	20	59	A4	8C	A0	F1	C6	3D	06	BF	E5	C7	48	12	E6	C7	50	9E	E7	C7	91	35	E6	C7	9B	CF	34	C8	00	00	8C	3F	00	00	3A	3F	00	00	2A	BF	00	00	EA	BF	00	00	B0	BE	00	00	00	00	00	00	00	00	00	00	00	00	00	00	00	00	00	00	00	00
10.419	3D DATA	true	-	-	-	-	-117630.0	-117796.6	-118588.6	-117867.1	-185150.4	1.1	0.7	-0.7	-1.8	-0.3	-	-	-	-	-
10.449	3D MESSAGE	48	00	69	91	20	59	A5	8C	A0	F1	C6	3D	16	BF	E5	C7	5F	12	E6	C7	4F	9E	E7	C7	CB	35	E6	C7	AD	CF	34	C8	00	00	78	3F	00	00	0C	3F	00	00	28	BF	00	00	12	C0	00	00	20	BF	00	00	00	00	00	00	00	00	00	00	00	00	00	00	00	00	00	00	00	00
10.449	3D DATA	true	-	-	-	-	-117630.2	-117796.7	-118588.6	-117867.6	-185150.7	1.0	0.5	-0.7	-2.3	-0.6	-	-	-	-	-
10.449	3D MESSAGE	48	00	6A	91	20	59	A6	8C	A0	F1	C6	3D	1C	BF	E5	C7	6E	12	E6	C7	47	9E	E7	C7	FE	35	E6	C7	B9	CF	34	C8	00	00	6C	3F	00	00	DC	3E	00	00	18	BF	00	80	2B	C0	00	00	50	BF	00	00	00	00	00	00	00	00	00	00	00	00	00	00	00	00	00	00	00	00
10.449	3D DATA	true	-	-	-	-	-117630.2	-117796.9	-118588.6	-117868.0	-185150.9	0.9	0.4	-0.6	-2.7	-0.8	-	-	-	-	-
10.450	3D MESSAGE	48	00	6B	91	20	59	A7	8C	A0	F1	C6	3D	1D	BF	E5	C7	74	12	E6	C7	3F	9E	E7	C7	27	36	E6	C7	BE	CF	34	C8	00	00	6A	3F	00	00	C4	3E	00	00	08	BF	00	00	40	C0	00	00	64	BF	00	00	00	00	00	00	00	00	00	00	00	00	00	00	00	00	00	00	00	00
10.450	3D DATA	true	-	-	-	-	-117630.2	-117796.9	-118588.5	-117868.3	-185151.0	0.9	0.4	-0.5	-3.0	-0.9	-	-	-	-	-
10.452	3D MESSAGE	48	00	6C	91	20	59	A8	8C	A0	F1	C6	3D	1E	BF	E5	C7	76	12	E6	C7	3C	9E	E7	C7	46	36	E6	C7	C1	CF	34	C8	00	00	68	3F	00	00	BC	3E	00	00	02	BF	00	80	4F	C0	00	00	70	BF	00	00	00	00	00	00	00	00	00	00	00	00	00	00	00	00	00	00	00	00
10.452	3D DATA	true	-	-	-	-	-117630.2	-117796.9	-118588.5	-117868.5	-185151.0	0.9	0.4	-0.5	-3.2	-0.9	-	-	-	-	-
10.452	3D MESSAGE	48	00	6D	91	20	59	A9	8C	A0	F1	C6	3D	25	BF	E5	C7	7D	12	E6	C7	42	9E	E7	C7	5F	36	E6	C7	C4	CF	34	C8	00	00	5A	3F	00	00	A0	3E	00	00	0E	BF	00	00	5C	C0	00	00	7C	BF	00	00	00	00	00	00	00	00	00	00	00	00	00	00	00	00	00	00	00	00
10.452	3D DATA	true	-	-	-	-	-117630.3	-117797.0	-118588.5	-117868.7	-185151.1	0.9	0.3	-0.6	-3.4	-1.0	-	-	-	-	-
10.453	3D MESSAGE	48	00	6E	91	20	59	AA	8C	A0	F1	C6	3D	39	BF	E5	C7	8F	12	E6	C7	57	9E	E7	C7	78	36	E6	C7	C8	CF	34	C8	00	00	32	3F	00	00	30	3E	00	00	38	BF	00	80	68	C0	00	00	86	BF	00	00	00	00	00	00	00	00	00	00	00	00	00	00	00	00	00	00	00	00
10.453	3D DATA	true	-	-	-	-	-117630.4	-117797.1	-118588.7	-117868.9	-185151.1	0.7	0.2	-0.7	-3.6	-1.0	-	-	-	-	-
10.453	3D MESSAGE	48	00	6F	91	20	59	AB	8C	A0	F1	C6	3D	5B	BF	E5	C7	B1	12	E6	C7	7A	9E	E7	C7	96	36	E6	C7	D0	CF	34	C8	00	00	DC	3E	00	00	C0	BD	00	00	7E	BF	00	80	77	C0	00	00	96	BF	00	00	00	00	00	00	00	00	00	00	00	00	00	00	00	00	00	00	00	00
10.453	3D DATA	true	-	-	-	-	-117630.7	-117797.4	-118589.0	-117869.2	-185151.2	0.4	-0.1	-1.0	-3.9	-1.2	-	-	-	-	-
10.479	3D MESSAGE	48	00	70	91	20	59	AC	8C	A0	F1	C6	3D	89	BF	E5	C7	E2	12	E6	C7	A7	9E	E7	C7	B9	36	E6	C7	DA	CF	34	C8	00	00	90	3D	00	00	F4	BE	00	00	AC	BF	00	80	84	C0	00	00	AA	BF	00	00	00	00	00	00	00	00	00	00	00	00	00	00	00	00	00	00	00	00
10.479	3D DATA	true	-	-	-	-	-117631.1	-117797.8	-118589.3	-117869.4	-185151.4	0.1	-0.5	-1.3	-4.1	-1.3	-	-	-	-	-
10.480	3D MESSAGE	48	00	71	91	20	59	AD	8C	A0	F1	C6	3D	BD	BF	E5	C7	1B	13	E6	C7	D8	9E	E7	C7	E0	36	E6	C7	E4	CF	34	C8	00	00	AC	BE	00	00	6C	BF	00	00	DD	BF	00	40	8E	C0	00	00	BE	BF	00	00	00	00	00	00	00	00	00	00	00	00	00	00	00	00	00	00	00	00
10.480	3D DATA	true	-	-	-	-	-117631.5	-117798.2	-118589.7	-117869.8	-185151.6	-0.3	-0.9	-1.7	-4.4	-1.5	-	-	-	-	-
10.480	3D MESSAGE	48	00	72	91	20	59	AE	8C	A0	F1	C6	3D	EE	BF	E5	C7	52	13	E6	C7	05	9F	E7	C7	08	37	E6	C7	EC	CF	34	C8	00	00	38	BF	00	00	AD	BF	00	00	05	C0	00	40	98	C0	00	00	CE	BF	00	00	00	00	00	00	00	00	00	00	00	00	00	00	00	00	00	00	00	00
10.480	3D DATA	true	-	-	-	-	-117631.9	-117798.6	-118590.0	-117870.1	-185151.7	-0.7	-1.4	-2.1	-4.8	-1.6	-	-	-	-	-
10.481	3D MESSAGE	48	00	73	91	20	59	AF	8C	A0	F1	C6	3D	19	C0	E5	C7	7E	13	E6	C7	28	9F	E7	C7	29	37	E6	C7	F0	CF	34	C8	00	00	87	BF	00	00	D9	BF	00	80	16	C0	00	80	A0	C0	00	00	D6	BF	00	00	00	00	00	00	00	00	00	00	00	00	00	00	00	00	00	00	00	00
10.481	3D DATA	true	-	-	-	-	-117632.2	-117799.0	-118590.3	-117870.3	-185151.8	-1.1	-1.7	-2.4	-5.0	-1.7	-	-	-	-	-
10.482	3D MESSAGE	48	00	74	91	20	59	B0	8C	A0	F1	C6	3D	3A	C0	E5	C7	98	13	E6	C7	3E	9F	E7	C7	40	37	E6	C7	F2	CF	34	C8	00	00	A8	BF	00	00	F3	BF	00	80	21	C0	00	40	A6	C0	00	00	DA	BF	00	00	00	00	00	00	00	00	00	00	00	00	00	00	00	00	00	00	00	00
10.482	3D DATA	true	-	-	-	-	-117632.5	-117799.2	-118590.5	-117870.5	-185151.8	-1.3	-1.9	-2.5	-5.2	-1.7	-	-	-	-	-
10.482	3D MESSAGE	48	00	75	91	20	59	B1	8C	A0	F1	C6	3D	52	C0	E5	C7	A1	13	E6	C7	4A	9F	E7	C7	4C	37	E6	C7	F6	CF	34	C8	00	00	C0	BF	00	00	FC	BF	00	80	27	C0	00	40	A9	C0	00	00	E2	BF	00	00	00	00	00	00	00	00	00	00	00	00	00	00	00	00	00	00	00	00
10.482	3D DATA	true	-	-	-	-	-117632.6	-117799.3	-118590.6	-117870.6	-185151.8	-1.5	-2.0	-2.6	-5.3	-1.8	-	-	-	-	-
10.511	3D MESSAGE	48	00	76	91	20	59	B2	8C	A0	F1	C6	3D	64	C0	E5	C7	9B	13	E6	C7	4C	9F	E7	C7	4B	37	E6	C7	FC	CF	34	C8	00	00	D2	BF	00	00	F6	BF	00	80	28	C0	00	00	A9	C0	00	00	EE	BF	00	00	00	00	00	00	00	00	00	00	00	00	00	00	00	00	00	00	00	00
10.511	3D DATA	true	-	-	-	-	-117632.8	-117799.2	-118590.6	-117870.6	-185151.9	-1.6	-1.9	-2.6	-5.3	-1.9	-	-	-	-	-
10.512	3D MESSAGE	48	00	77	91	20	59	B3	8C	A0	F1	C6	3D	71	C0	E5	C7	8C	13	E6	C7	46	9F	E7	C7	3E	37	E6	C7	07	D0	34	C8	00	00	DF	BF	00	00	E7	BF	00	80	25	C0	00	C0	A5	C0	00	00	02	C0	00	00	00	00	00	00	00	00	00	00	00	00	00	00	00	00	00	00	00	00
10.512	3D DATA	true	-	-	-	-	-117632.9	-117799.1	-118590.5	-117870.5	-185152.1	-1.7	-1.8	-2.6	-5.2	-2.0	-	-	-	-	-
10.512	3D MESSAGE	48	00	78	91	20	59	B4	8C	A0	F1	C6	3D	7A	C0	E5	C7	78	13	E6	C7	3B	9F	E7	C7	27	37	E6	C7	15	D0	34	C8	00	00	E8	BF	00	00	D3	BF	00	00	20	C0	00	00	A0	C0	00	00	10	C0	00	00	00	00	00	00	00	00	00	00	00	00	00	00	00	00	00	00	00	00
10.512	3D DATA	true	-	-	-	-	-117633.0	-117798.9	-118590.5	-117870.3	-185152.3	-1.8	-1.6	-2.5	-5.0	-2.2	-	-	-	-	-
10.513	3D MESSAGE	48	00	79	91	20	59	B5	8C	A0	F1	C6	3D	7E	C0	E5	C7	60	13	E6	C7	2A	9F	E7	C7	06	37	E6	C7	24	D0	34	C8	00	00	EC	BF	00	00	BB	BF	00	80	17	C0	00	C0	97	C0	00	00	1F	C0	00	00	00	00	00	00	00	00	00	00	00	00	00	00	00	00	00	00	00	00
10.513	3D DATA	true	-	-	-	-	-117633.0	-117798.8	-118590.3	-117870.0	-185152.6	-1.8	-1.5	-2.4	-4.7	-2.5	-	-	-	-	-
10.513	3D MESSAGE	48	00	7A	91	20	59	B6	8C	A0	F1	C6	3D	7C	C0	E5	C7	49	13	E6	C7	14	9F	E7	C7	DB	36	E6	C7	30	D0	34	C8	00	00	EA	BF	00	00	A4	BF	00	80	0C	C0	00	00	8D	C0	00	00	2B	C0	00	00	00	00	00	00	00	00	00	00	00	00	00	00	00	00	00	00	00	00
10.513	3D DATA	true	-	-	-	-	-117633.0	-117798.6	-118590.2	-117869.7	-185152.8	-1.8	-1.3	-2.2	-4.4	-2.7	-	-	-	-	-
10.513	3D MESSAGE	48	00	7B	91	20	59	B7	8C	A0	F1	C6	3D	75	C0	E5	C7	34	13	E6	C7	FD	9E	E7	C7	A8	36	E6	C7	39	D0	34	C8	00	00	E3	BF	00	00	8F	BF	00	00	01	C0	00	40	80	C0	00	00	34	C0	00	00	00	00	00	00	00	00	00	00	00	00	00	00	00	00	00	00	00	00
10.513	3D DATA	true	-	-	-	-	-117632.9	-117798.4	-118590.0	-117869.3	-185152.9	-1.8	-1.1	-2.0	-4.0	-2.8	-	-	-	-	-
10.541	3D MESSAGE	48	00	7C	91	20	59	B8	8C	A0	F1	C6	3D	6D	C0	E5	C7	23	13	E6	C7	E7	9E	E7	C7	6F	36	E6	C7	3C	D0	34	C8	00	00	DB	BF	00	00	7C	BF	00	00	EC	BF	00	00	64	C0	00	00	37	C0	00	00	00	00	00	00	00	00	00	00	00	00	00	00	00	00	00	00	00	00
10.541	3D DATA	true	-	-	-	-	-117632.9	-117798.3	-118589.8	-117868.9	-185152.9	-1.7	-1.0	-1.8	-3.6	-2.9	-	-	-	-	-
10.542	3D MESSAGE	48	00	7D	91	20	59	B9	8C	F8	FF	67	3D	69	C0	E5	C7	1B	13	E6	C7	DA	9E	E7	C7	37	36	E6	C7	3C	D0	34	C8	00	00	D7	BF	00	00	6C	BF	00	00	DF	BF	00	00	48	C0	00	00	37	C0	00	00	00	00	00	00	00	00	00	00	00	00	00	00	00	00	00	00	00	00
10.542	3D DATA	true	-	-	-	-	-117632.8	-117798.2	-118589.7	-117868.4	-185152.9	-1.7	-0.9	-1.7	-3.1	-2.9	-	-	-	-	-
10.542	3D MESSAGE	48	00	7E	91	20	59	BA	8C	F8	FF	67	3D	6D	C0	E5	C7	1E	13	E6	C7	DC	9E	E7	C7	05	36	E6	C7	3B	D0	34	C8	00	00	DB	BF	00	00	72	BF	00	00	E1	BF	00	00	2F	C0	00	00	36	C0	00	00	00	00	00	00	00	00	00	00	00	00	00	00	00	00	00	00	00	00
10.542	3D DATA	true	-	-	-	-	-117632.9	-117798.2	-118589.7	-117868.0	-185152.9	-1.7	-0.9	-1.8	-2.7	-2.8	-	-	-	-	-
10.543	3D MESSAGE	48	00	7F	91	20	59	BB	8C	F8	FF	67	3D	79	C0	E5	C7	2F	13	E6	C7	EF	9E	E7	C7	E0	35	E6	C7	3A	D0	34	C8	00	00	E7	BF	00	00	8A	BF	00	00	F4	BF	00	80	1C	C0	00	00	35	C0	00	00	00	00	00	00	00	00	00	00	00	00	00	00	00	00	00	00	00	00
10.543	3D DATA	true	-	-	-	-	-117632.9	-117798.4	-118589.9	-117867.8	-185152.9	-1.8	-1.1	-1.9	-2.4	-2.8	-	-	-	-	-
10.543	3D MESSAGE	48	00	80	91	20	59	BC	8C	F8	FF	67	3D	8A	C0	E5	C7	4B	13	E6	C7	13	9F	E7	C7	CA	35	E6	C7	38	D0	34	C8	00	00	F8	BF	00	00	A6	BF	00	00	0C	C0	00	80	11	C0	00	00	33	C0	00	00	00	00	00	00	00	00	00	00	00	00	00	00	00	00	00	00	00	00
10.543	3D DATA	true	-	-	-	-	-117633.1	-117798.6	-118590.1	-117867.6	-185152.9	-1.9	-1.3	-2.2	-2.3	-2.8	-	-	-	-	-
10.544	3D MESSAGE	48	00	81	91	20	59	BD	8C	F8	FF	67	3D	9A	C0	E5	C7	6F	13	E6	C7	43	9F	E7	C7	C6	35	E6	C7	35	D0	34	C8	00	00	04	C0	00	00	CA	BF	00	00	24	C0	00	80	0F	C0	00	00	30	C0	00	00	00	00	00	00	00	00	00	00	00	00	00	00	00	00	00	00	00	00
10.544	3D DATA	true	-	-	-	-	-117633.2	-117798.9	-118590.5	-117867.5	-185152.8	-2.1	-1.6	-2.6	-2.2	-2.8	-	-	-	-	-
10.573	3D MESSAGE	48	00	82	91	20	59	BE	8C	F8	FF	67	3D	A2	C0	E5	C7	96	13	E6	C7	76	9F	E7	C7	D3	35	E6	C7	30	D0	34	C8	00	00	08	C0	00	00	F1	BF	00	80	3D	C0	00	00	16	C0	00	00	2B	C0	00	00	00	00	00	00	00	00	00	00	00	00	00	00	00	00	00	00	00	00
10.573	3D DATA	true	-	-	-	-	-117633.3	-117799.2	-118590.9	-117867.6	-185152.8	-2.1	-1.9	-3.0	-2.3	-2.7	-	-	-	-	-
10.573	3D MESSAGE	48	00	83	91	20	59	BF	8C	F8	FF	67	3D	A0	C0	E5	C7	BE	13	E6	C7	A4	9F	E7	C7	EC	35	E6	C7	28	D0	34	C8	00	00	07	C0	00	80	0C	C0	00	80	54	C0	00	80	22	C0	00	00	23	C0	00	00	00	00	00	00	00	00	00	00	00	00	00	00	00	00	00	00	00	00
10.573	3D DATA	true	-	-	-	-	-117633.2	-117799.5	-118591.3	-117867.8	-185152.6	-2.1	-2.2	-3.3	-2.5	-2.5	-	-	-	-	-
10.574	3D MESSAGE	48	00	84	91	20	59	C0	8C	F8	FF	67	3D	96	C0	E5	C7	E6	13	E6	C7	C8	9F	E7	C7	0E	36	E6	C7	1E	D0	34	C8	00	00	02	C0	00	80	20	C0	00	80	66	C0	00	80	33	C0	00	00	19	C0	00	00	00	00	00	00	00	00	00	00	00	00	00	00	00	00	00	00	00	00
10.574	3D DATA	true	-	-	-	-	-117633.2	-117799.8	-118591.6	-117868.1	-185152.5	-2.0	-2.5	-3.6	-2.8	-2.4	-	-	-	-	-
10.574	3D MESSAGE	48	00	85	91	20	59	C1	8C	F8	FF	67	3D	8A	C0	E5	C7	10	14	E6	C7	E0	9F	E7	C7	34	36	E6	C7	13	D0	34	C8	00	00	F8	BF	00	80	35	C0	00	80	72	C0	00	80	46	C0	00	00	0E	C0	00	00	00	00	00	00	00	00	00	00	00	00	00	00	00	00	00	00	00	00
10.574	3D DATA	true	-	-	-	-	-117633.1	-117800.1	-118591.8	-117868.4	-185152.3	-1.9	-2.8	-3.8	-3.1	-2.2	-	-	-	-	-
10.574	3D MESSAGE	48	00	86	91	20	59	C2	8C	F8	FF	67	3D	84	C0	E5	C7	3B	14	E6	C7	EC	9F	E7	C7	5C	36	E6	C7	0E	D0	34	C8	00	00	F2	BF	00	00	4B	C0	00	80	78	C0	00	80	5A	C0	00	00	09	C0	00	00	00	00	00	00	00	00	00	00	00	00	00	00	00	00	00	00	00	00
10.575	3D DATA	true	-	-	-	-	-117633.0	-117800.5	-118591.8	-117868.7	-185152.2	-1.9	-3.2	-3.9	-3.4	-2.1	-	-	-	-	-
10.576	3D MESSAGE	48	00	87	91	20	59	C3	8C	F8	FF	67	3D	8A	C0	E5	C7	67	14	E6	C7	EE	9F	E7	C7	81	36	E6	C7	0F	D0	34	C8	00	00	F8	BF	00	00	61	C0	00	80	79	C0	00	00	6D	C0	00	00	0A	C0	00	00	00	00	00	00	00	00	00	00	00	00	00	00	00	00	00	00	00	00
10.576	3D DATA	true	-	-	-	-	-117633.1	-117800.8	-118591.9	-117869.0	-185152.2	-1.9	-3.5	-3.9	-3.7	-2.2	-	-	-	-	-
10.576	3D MESSAGE	48	00	88	91	20	59	C4	8C	F8	FF	67	3D	9B	C0	E5	C7	8F	14	E6	C7	E6	9F	E7	C7	9F	36	E6	C7	1A	D0	34	C8	00	80	04	C0	00	00	75	C0	00	80	75	C0	00	00	7C	C0	00	00	15	C0	00	00	00	00	00	00	00	00	00	00	00	00	00	00	00	00	00	00	00	00
10.577	3D DATA	true	-	-	-	-	-117633.2	-117801.1	-118591.8	-117869.2	-185152.4	-2.1	-3.8	-3.8	-3.9	-2.3	-	-	-	-	-
10.604	3D MESSAGE	48	00	89	91	20	59	C5	8C	F8	FF	67	3D	B3	C0	E5	C7	AB	14	E6	C7	D6	9F	E7	C7	B0	36	E6	C7	2B	D0	34	C8	00	80	10	C0	00	80	81	C0	00	80	6D	C0	00	40	82	C0	00	00	26	C0	00	00	00	00	00	00	00	00	00	00	00	00	00	00	00	00	00	00	00	00
10.604	3D DATA	true	-	-	-	-	-117633.4	-117801.3	-118591.7	-117869.4	-185152.7	-2.3	-4.0	-3.7	-4.1	-2.6	-	-	-	-	-
10.605	3D MESSAGE	48	00	8A	91	20	59	C6	8C	F8	FF	67	3D	C9	C0	E5	C7	B5	14	E6	C7	BB	9F	E7	C7	B2	36	E6	C7	3F	D0	34	C8	00	80	1B	C0	00	00	84	C0	00	00	60	C0	00	C0	82	C0	00	00	3A	C0	00	00	00	00	00	00	00	00	00	00	00	00	00	00	00	00	00	00	00	00
10.605	3D DATA	true	-	-	-	-	-117633.6	-117801.4	-118591.5	-117869.4	-185153.0	-2.4	-4.1	-3.5	-4.1	-2.9	-	-	-	-	-
10.605	3D MESSAGE	48	00	8B	91	20	59	C7	8C	F8	FF	67	3D	D4	C0	E5	C7	A6	14	E6	C7	97	9F	E7	C7	A3	36	E6	C7	51	D0	34	C8	00	00	21	C0	00	40	80	C0	00	00	4E	C0	00	00	7E	C0	00	00	4C	C0	00	00	00	00	00	00	00	00	00	00	00	00	00	00	00	00	00	00	00	00
10.605	3D DATA	true	-	-	-	-	-117633.7	-117801.3	-118591.2	-117869.3	-185153.3	-2.5	-4.0	-3.2	-4.0	-3.2	-	-	-	-	-
10.606	3D MESSAGE	48	00	8C	91	20	59	C8	8C	F8	FF	67	3D	D2	C0	E5	C7	82	14	E6	C7	6D	9F	E7	C7	86	36	E6	C7	5C	D0	34	C8	00	00	20	C0	00	80	6E	C0	00	00	39	C0	00	80	6F	C0	00	00	57	C0	00	00	00	00	00	00	00	00	00	00	00	00	00	00	00	00	00	00	00	00
10.606	3D DATA	true	-	-	-	-	-117633.6	-117801.0	-118590.9	-117869.0	-185153.4	-2.5	-3.7	-2.9	-3.7	-3.4	-	-	-	-	-
10.607	3D MESSAGE	48	00	8D	91	20	59	C9	8C	F8	FF	67	3D	C5	C0	E5	C7	51	14	E6	C7	44	9F	E7	C7	65	36	E6	C7	60	D0	34	C8	00	80	19	C0	00	00	56	C0	00	80	24	C0	00	00	5F	C0	00	00	5B	C0	00	00	00	00	00	00	00	00	00	00	00	00	00	00	00	00	00	00	00	00
10.607	3D DATA	true	-	-	-	-	-117633.5	-117800.6	-118590.5	-117868.8	-185153.5	-2.4	-3.3	-2.6	-3.5	-3.4	-	-	-	-	-
10.608	3D MESSAGE	48	00	8E	91	20	59	CA	8C	F8	FF	67	3D	BA	C0	E5	C7	21	14	E6	C7	26	9F	E7	C7	4B	36	E6	C7	60	D0	34	C8	00	00	14	C0	00	00	3E	C0	00	80	15	C0	00	00	52	C0	00	00	5B	C0	00	00	00	00	00	00	00	00	00	00	00	00	00	00	00	00	00	00	00	00
10.608	3D DATA	true	-	-	-	-	-117633.5	-117800.3	-118590.3	-117868.6	-185153.5	-2.3	-3.0	-2.3	-3.3	-3.4	-	-	-	-	-
10.637	3D MESSAGE	48	00	8F	91	20	59	CB	8C	F8	FF	67	3D	B9	C0	E5	C7	00	14	E6	C7	1D	9F	E7	C7	42	36	E6	C7	63	D0	34	C8	00	80	13	C0	00	80	2D	C0	00	00	11	C0	00	80	4D	C0	00	00	5E	C0	00	00	00	00	00	00	00	00	00	00	00	00	00	00	00	00	00	00	00	00
10.637	3D DATA	true	-	-	-	-	-117633.4	-117800.0	-118590.2	-117868.5	-185153.5	-2.3	-2.7	-2.3	-3.2	-3.5	-	-	-	-	-
10.637	3D MESSAGE	48	00	90	91	20	59	CC	8C	F8	FF	67	3D	CB	C0	E5	C7	FA	13	E6	C7	2F	9F	E7	C7	51	36	E6	C7	6D	D0	34	C8	00	80	1C	C0	00	80	2A	C0	00	00	1A	C0	00	00	55	C0	00	00	68	C0	00	00	00	00	00	00	00	00	00	00	00	00	00	00	00	00	00	00	00	00
10.637	3D DATA	true	-	-	-	-	-117633.6	-117800.0	-118590.4	-117868.6	-185153.7	-2.4	-2.7	-2.4	-3.3	-3.6	-	-	-	-	-
10.638	3D MESSAGE	48	00	91	91	20	59	CD	8C	F8	FF	67	3D	F0	C0	E5	C7	12	14	E6	C7	5B	9F	E7	C7	76	36	E6	C7	80	D0	34	C8	00	00	2F	C0	00	80	36	C0	00	00	30	C0	00	80	67	C0	00	00	7B	C0	00	00	00	00	00	00	00	00	00	00	00	00	00	00	00	00	00	00	00	00
10.638	3D DATA	true	-	-	-	-	-117633.9	-117800.1	-118590.7	-117868.9	-185154.0	-2.7	-2.9	-2.8	-3.6	-3.9	-	-	-	-	-
10.638	3D MESSAGE	48	00	92	91	20	59	CE	8C	F8	FF	67	3D	1F	C1	E5	C7	40	14	E6	C7	96	9F	E7	C7	A9	36	E6	C7	9A	D0	34	C8	00	80	46	C0	00	80	4D	C0	00	80	4D	C0	00	80	80	C0	00	80	8A	C0	00	00	00	00	00	00	00	00	00	00	00	00	00	00	00	00	00	00	00	00
10.638	3D DATA	true	-	-	-	-	-117634.2	-117800.5	-118591.2	-117869.3	-185154.4	-3.1	-3.2	-3.2	-4.0	-4.3	-	-	-	-	-
10.638	3D MESSAGE	48	00	93	91	20	59	CF	8C	F8	FF	67	3D	4A	C1	E5	C7	75	14	E6	C7	D0	9F	E7	C7	DA	36	E6	C7	B2	D0	34	C8	00	00	5C	C0	00	00	68	C0	00	80	6A	C0	00	C0	8C	C0	00	80	96	C0	00	00	00	00	00	00	00	00	00	00	00	00	00	00	00	00	00	00	00	00
10.638	3D DATA	true	-	-	-	-	-117634.6	-117800.9	-118591.6	-117869.7	-185154.8	-3.4	-3.6	-3.7	-4.4	-4.7	-	-	-	-	-
10.639	3D MESSAGE	48	00	94	91	20	59	D0	8C	F8	FF	67	3D	62	C1	E5	C7	9C	14	E6	C7	F8	9F	E7	C7	FB	36	E6	C7	BD	D0	34	C8	00	00	68	C0	00	80	7B	C0	00	80	7E	C0	00	00	95	C0	00	00	9C	C0	00	00	00	00	00	00	00	00	00	00	00	00	00	00	00	00	00	00	00	00
10.639	3D DATA	true	-	-	-	-	-117634.8	-117801.2	-118591.9	-117870.0	-185155.0	-3.6	-3.9	-4.0	-4.7	-4.9	-	-	-	-	-
10.671	3D MESSAGE	48	00	95	91	20	59	D1	8C	F8	FF	67	3D	5C	C1	E5	C7	A5	14	E6	C7	FE	9F	E7	C7	FD	36	E6	C7	B2	D0	34	C8	00	00	65	C0	00	00	80	C0	00	C0	80	C0	00	80	95	C0	00	80	96	C0	00	00	00	00	00	00	00	00	00	00	00	00	00	00	00	00	00	00	00	00
10.671	3D DATA	true	-	-	-	-	-117634.7	-117801.3	-118592.0	-117870.0	-185154.8	-3.6	-4.0	-4.0	-4.7	-4.7	-	-	-	-	-
10.672	3D MESSAGE	48	00	96	91	20	59	D2	8C	F8	FF	67	3D	35	C1	E5	C7	87	14	E6	C7	DF	9F	E7	C7	DC	36	E6	C7	8F	D0	34	C8	00	80	51	C0	00	00	71	C0	00	00	72	C0	00	40	8D	C0	00	00	85	C0	00	00	00	00	00	00	00	00	00	00	00	00	00	00	00	00	00	00	00	00
10.672	3D DATA	true	-	-	-	-	-117634.4	-117801.1	-118591.7	-117869.7	-185154.2	-3.3	-3.8	-3.8	-4.4	-4.2	-	-	-	-	-
10.672	3D MESSAGE	48	00	97	91	20	59	D3	8C	F8	FF	67	3D	F4	C0	E5	C7	44	14	E6	C7	9F	9F	E7	C7	9F	36	E6	C7	57	D0	34	C8	00	00	31	C0	00	80	4F	C0	00	00	52	C0	00	00	7C	C0	00	00	52	C0	00	00	00	00	00	00	00	00	00	00	00	00	00	00	00	00	00	00	00	00
10.672	3D DATA	true	-	-	-	-	-117633.9	-117800.5	-118591.2	-117869.2	-185153.4	-2.8	-3.2	-3.3	-3.9	-3.3	-	-	-	-	-
10.672	3D MESSAGE	48	00	98	91	20	59	D4	8C	F8	FF	67	3D	A7	C0	E5	C7	EC	13	E6	C7	4E	9F	E7	C7	52	36	E6	C7	14	D0	34	C8	00	80	0A	C0	00	80	23	C0	00	80	29	C0	00	80	55	C0	00	00	0F	C0	00	00	00	00	00	00	00	00	00	00	00	00	00	00	00	00	00	00	00	00
10.672	3D DATA	true	-	-	-	-	-117633.3	-117799.8	-118590.6	-117868.6	-185152.3	-2.2	-2.6	-2.6	-3.3	-2.2	-	-	-	-	-
10.673	3D MESSAGE	48	00	99	91	20	59	D5	8C	F8	FF	67	3D	62	C0	E5	C7	92	13	E6	C7	00	9F	E7	C7	0A	36	E6	C7	D6	CF	34	C8	00	00	D0	BF	00	00	ED	BF	00	80	02	C0	00	80	31	C0	00	00	A2	BF	00	00	00	00	00	00	00	00	00	00	00	00	00	00	00	00	00	00	00	00
10.673	3D DATA	true	-	-	-	-	-117632.8	-117799.1	-118590.0	-117868.1	-185151.3	-1.6	-1.9	-2.0	-2.8	-1.3	-	-	-	-	-
10.673	3D MESSAGE	48	00	9A	91	20	59	D6	8C	F8	FF	67	3D	34	C0	E5	C7	4A	13	E6	C7	C9	9E	E7	C7	D8	35	E6	C7	A8	CF	34	C8	00	00	A2	BF	00	00	A5	BF	00	00	CE	BF	00	80	18	C0	00	00	0C	BF	00	00	00	00	00	00	00	00	00	00	00	00	00	00	00	00	00	00	00	00
10.673	3D DATA	true	-	-	-	-	-117632.4	-117798.6	-118589.6	-117867.7	-185150.6	-1.3	-1.3	-1.6	-2.4	-0.5	-	-	-	-	-
10.674	3D MESSAGE	48	00	9B	91	20	59	D7	8C	F8	FF	67	3D	2A	C0	E5	C7	25	13	E6	C7	B4	9E	E7	C7	C9	35	E6	C7	94	CF	34	C8	00	00	98	BF	00	00	80	BF	00	00	B9	BF	00	00	11	C0	00	00	70	BE	00	00	00	00	00	00	00	00	00	00	00	00	00	00	00	00	00	00	00	00
10.674	3D DATA	true	-	-	-	-	-117632.3	-117798.3	-118589.4	-117867.6	-185150.3	-1.2	-1.0	-1.4	-2.3	-0.2	-	-	-	-	-
10.698	3D MESSAGE	48	00	9C	91	20	59	D8	8C	F8	FF	67	3D	42	C0	E5	C7	27	13	E6	C7	C6	9E	E7	C7	E1	35	E6	C7	9B	CF	34	C8	00	00	B0	BF	00	00	82	BF	00	00	CB	BF	00	00	1D	C0	00	00	B0	BE	00	00	00	00	00	00	00	00	00	00	00	00	00	00	00	00	00	00	00	00
10.698	3D DATA	true	-	-	-	-	-117632.5	-117798.3	-118589.5	-117867.8	-185150.4	-1.4	-1.0	-1.6	-2.5	-0.3	-	-	-	-	-
10.698	3D MESSAGE	48	00	9D	91	20	59	D9	8C	F8	FF	67	3D	77	C0	E5	C7	4C	13	E6	C7	F6	9E	E7	C7	19	36	E6	C7	B8	CF	34	C8	00	00	E5	BF	00	00	A7	BF	00	00	FB	BF	00	00	39	C0	00	00	4C	BF	00	00	00	00	00	00	00	00	00	00	00	00	00	00	00	00	00	00	00	00
10.698	3D DATA	true	-	-	-	-	-117632.9	-117798.6	-118589.9	-117868.2	-185150.9	-1.8	-1.3	-2.0	-2.9	-0.8	-	-	-	-	-
10.699	3D MESSAGE	48	00	9E	91	20	59	DA	8C	F8	FF	67	3D	B8	C0	E5	C7	89	13	E6	C7	38	9F	E7	C7	63	36	E6	C7	E2	CF	34	C8	00	00	13	C0	00	00	E4	BF	00	80	1E	C0	00	00	5E	C0	00	00	BA	BF	00	00	00	00	00	00	00	00	00	00	00	00	00	00	00	00	00	00	00	00
10.699	3D DATA	true	-	-	-	-	-117633.4	-117799.1	-118590.4	-117868.8	-185151.5	-2.3	-1.8	-2.5	-3.5	-1.5	-	-	-	-	-
10.699	3D MESSAGE	48	00	9F	91	20	59	DB	8C	F8	FF	67	3D	F2	C0	E5	C7	CC	13	E6	C7	7D	9F	E7	C7	AD	36	E6	C7	0E	D0	34	C8	00	00	30	C0	00	80	13	C0	00	00	41	C0	00	80	81	C0	00	00	09	C0	00	00	00	00	00	00	00	00	00	00	00	00	00	00	00	00	00	00	00	00
10.699	3D DATA	true	-	-	-	-	-117633.9	-117799.6	-118591.0	-117869.4	-185152.2	-2.8	-2.3	-3.0	-4.0	-2.1	-	-	-	-	-
10.700	3D MESSAGE	48	00	A0	91	20	59	DC	8C	F8	FF	67	3D	16	C1	E5	C7	04	14	E6	C7	B5	9F	E7	C7	E6	36	E6	C7	30	D0	34	C8	00	00	42	C0	00	80	2F	C0	00	00	5D	C0	00	C0	8F	C0	00	00	2B	C0	00	00	00	00	00	00	00	00	00	00	00	00	00	00	00	00	00	00	00	00
10.700	3D DATA	true	-	-	-	-	-117634.2	-117800.0	-118591.4	-117869.8	-185152.8	-3.0	-2.7	-3.5	-4.5	-2.7	-	-	-	-	-
10.729	3D MESSAGE	48	00	A1	91	20	59	DD	8C	F8	FF	67	3D	1A	C1	E5	C7	24	14	E6	C7	D8	9F	E7	C7	02	37	E6	C7	42	D0	34	C8	00	00	44	C0	00	80	3F	C0	00	80	6E	C0	00	C0	96	C0	00	00	3D	C0	00	00	00	00	00	00	00	00	00	00	00	00	00	00	00	00	00	00	00	00
10.729	3D DATA	true	-	-	-	-	-117634.2	-117800.3	-118591.7	-117870.0	-185153.0	-3.1	-3.0	-3.7	-4.7	-3.0	-	-	-	-	-
10.729	3D MESSAGE	48	00	A2	91	20	59	DE	8C	F8	FF	67	3D	FA	C0	E5	C7	26	14	E6	C7	E2	9F	E7	C7	FD	36	E6	C7	41	D0	34	C8	00	00	34	C0	00	80	40	C0	00	80	73	C0	00	80	95	C0	00	00	3C	C0	00	00	00	00	00	00	00	00	00	00	00	00	00	00	00	00	00	00	00	00
10.729	3D DATA	true	-	-	-	-	-117634.0	-117800.3	-118591.8	-117870.0	-185153.0	-2.8	-3.0	-3.8	-4.7	-2.9	-	-	-	-	-
10.730	3D MESSAGE	48	00	A3	91	20	59	DF	8C	F8	FF	67	3D	C0	C0	E5	C7	0B	14	E6	C7	D6	9F	E7	C7	D8	36	E6	C7	2F	D0	34	C8	00	00	17	C0	00	00	33	C0	00	80	6D	C0	00	40	8C	C0	00	00	2A	C0	00	00	00	00	00	00	00	00	00	00	00	00	00	00	00	00	00	00	00	00
10.730	3D DATA	true	-	-	-	-	-117633.5	-117800.1	-118591.7	-117869.7	-185152.7	-2.4	-2.8	-3.7	-4.4	-2.7	-	-	-	-	-
10.731	3D MESSAGE	48	00	A4	91	20	59	E0	8C	F8	FF	67	3D	7A	C0	E5	C7	DA	13	E6	C7	BC	9F	E7	C7	9F	36	E6	C7	13	D0	34	C8	00	00	E8	BF	00	80	1A	C0	00	80	60	C0	00	00	7C	C0	00	00	0E	C0	00	00	00	00	00	00	00	00	00	00	00	00	00	00	00	00	00	00	00	00
10.731	3D DATA	true	-	-	-	-	-117633.0	-117799.7	-118591.5	-117869.2	-185152.3	-1.8	-2.4	-3.5	-3.9	-2.2	-	-	-	-	-
10.731	3D MESSAGE	48	00	A5	91	20	59	E1	8C	E8	9A	7E	3D	39	C0	E5	C7	A2	13	E6	C7	9C	9F	E7	C7	5D	36	E6	C7	F4	CF	34	C8	00	00	A7	BF	00	00	FD	BF	00	80	50	C0	00	00	5B	C0	00	00	DE	BF	00	00	00	00	00	00	00	00	00	00	00	00	00	00	00	00	00	00	00	00
10.731	3D DATA	true	-	-	-	-	-117632.4	-117799.3	-118591.2	-117868.7	-185151.8	-1.3	-2.0	-3.3	-3.4	-1.7	-	-	-	-	-
10.731	3D MESSAGE	48	00	A6	91	20	59	E2	8C	E8	9A	7E	3D	0C	C0	E5	C7	74	13	E6	C7	80	9F	E7	C7	22	36	E6	C7	DB	CF	34	C8	00	00	74	BF	00	00	CF	BF	00	80	42	C0	00	80	3D	C0	00	00	AC	BF	00	00	00	00	00	00	00	00	00	00	00	00	00	00	00	00	00	00	00	00
10.731	3D DATA	true	-	-	-	-	-117632.1	-117798.9	-118591.0	-117868.3	-185151.4	-1.0	-1.6	-3.0	-3.0	-1.3	-	-	-	-	-
10.732	3D MESSAGE	48	00	A7	91	20	59	E3	8C	E8	9A	7E	3D	FD	BF	E5	C7	5A	13	E6	C7	70	9F	E7	C7	F9	35	E6	C7	CF	CF	34	C8	00	00	56	BF	00	00	B5	BF	00	80	3A	C0	00	00	29	C0	00	00	94	BF	00	00	00	00	00	00	00	00	00	00	00	00	00	00	00	00	00	00	00	00
10.732	3D DATA	true	-	-	-	-	-117632.0	-117798.7	-118590.9	-117867.9	-185151.2	-0.8	-1.4	-2.9	-2.6	-1.2	-	-	-	-	-
10.761	3D MESSAGE	48	00	A8	91	20	59	E4	8C	E8	9A	7E	3D	0E	C0	E5	C7	5D	13	E6	C7	6C	9F	E7	C7	EC	35	E6	C7	D3	CF	34	C8	00	00	78	BF	00	00	B8	BF	00	80	38	C0	00	80	22	C0	00	00	9C	BF	00	00	00	00	00	00	00	00	00	00	00	00	00	00	00	00	00	00	00	00
10.761	3D DATA	true	-	-	-	-	-117632.1	-117798.7	-118590.8	-117867.8	-185151.3	-1.0	-1.4	-2.9	-2.5	-1.2	-	-	-	-	-
10.761	3D MESSAGE	48	00	A9	91	20	59	E5	8C	E8	9A	7E	3D	3C	C0	E5	C7	7F	13	E6	C7	77	9F	E7	C7	FC	35	E6	C7	E7	CF	34	C8	00	00	AA	BF	00	00	DA	BF	00	00	3E	C0	00	80	2A	C0	00	00	C4	BF	00	00	00	00	00	00	00	00	00	00	00	00	00	00	00	00	00	00	00	00
10.761	3D DATA	true	-	-	-	-	-117632.5	-117799.0	-118590.9	-117868.0	-185151.6	-1.3	-1.7	-3.0	-2.7	-1.5	-	-	-	-	-
10.762	3D MESSAGE	48	00	AA	91	20	59	E6	8C	E8	9A	7E	3D	7C	C0	E5	C7	BA	13	E6	C7	8E	9F	E7	C7	27	36	E6	C7	08	D0	34	C8	00	00	EA	BF	00	80	0A	C0	00	80	49	C0	00	00	40	C0	00	00	03	C0	00	00	00	00	00	00	00	00	00	00	00	00	00	00	00	00	00	00	00	00
10.762	3D DATA	true	-	-	-	-	-117633.0	-117799.5	-118591.1	-117868.3	-185152.1	-1.8	-2.2	-3.1	-3.0	-2.0	-	-	-	-	-
10.762	3D MESSAGE	48	00	AB	91	20	59	E7	8C	E8	9A	7E	3D	C5	C0	E5	C7	08	14	E6	C7	AF	9F	E7	C7	64	36	E6	C7	30	D0	34	C8	00	80	19	C0	00	80	31	C0	00	00	5A	C0	00	80	5E	C0	00	00	2B	C0	00	00	00	00	00	00	00	00	00	00	00	00	00	00	00	00	00	00	00	00
10.762	3D DATA	true	-	-	-	-	-117633.5	-117800.1	-118591.4	-117868.8	-185152.8	-2.4	-2.8	-3.4	-3.5	-2.7	-	-	-	-	-
10.762	3D MESSAGE	48	00	AC	91	20	59	E8	8C	E8	9A	7E	3D	0E	C1	E5	C7	61	14	E6	C7	D6	9F	E7	C7	AA	36	E6	C7	5B	D0	34	C8	00	00	3E	C0	00	00	5E	C0	00	80	6D	C0	00	C0	80	C0	00	00	56	C0	00	00	00	00	00	00	00	00	00	00	00	00	00	00	00	00	00	00	00	00
10.762	3D DATA	true	-	-	-	-	-117634.1	-117800.8	-118591.7	-117869.3	-185153.4	-3.0	-3.5	-3.7	-4.0	-3.3	-	-	-	-	-
10.763	3D MESSAGE	48	00	AD	91	20	59	E9	8C	E8	9A	7E	3D	4E	C1	E5	C7	BA	14	E6	C7	01	A0	E7	C7	EE	36	E6	C7	84	D0	34	C8	00	00	5E	C0	00	40	85	C0	00	80	81	C0	00	C0	91	C0	00	00	7F	C0	00	00	00	00	00	00	00	00	00	00	00	00	00	00	00	00	00	00	00	00
10.763	3D DATA	true	-	-	-	-	-117634.6	-117801.5	-118592.0	-117869.9	-185154.1	-3.5	-4.2	-4.0	-4.6	-4.0	-	-	-	-	-
10.792	3D MESSAGE	48	00	AE	91	20	59	EA	8C	E8	9A	7E	3D	7E	C1	E5	C7	0C	15	E6	C7	2B	A0	E7	C7	25	37	E6	C7	A7	D0	34	C8	00	00	76	C0	00	C0	99	C0	00	00	8C	C0	00	80	9F	C0	00	00	91	C0	00	00	00	00	00	00	00	00	00	00	00	00	00	00	00	00	00	00	00	00
10.792	3D DATA	true	-	-	-	-	-117635.0	-117802.1	-118592.3	-117870.3	-185154.6	-3.8	-4.8	-4.4	-5.0	-4.5	-	-	-	-	-
10.793	3D MESSAGE	48	00	AF	91	20	59	EB	8C	E8	9A	7E	3D	9D	C1	E5	C7	50	15	E6	C7	51	A0	E7	C7	4B	37	E6	C7	C3	D0	34	C8	00	C0	82	C0	00	C0	AA	C0	00	80	95	C0	00	00	A9	C0	00	00	9F	C0	00	00	00	00	00	00	00	00	00	00	00	00	00	00	00	00	00	00	00	00
10.793	3D DATA	true	-	-	-	-	-117635.2	-117802.6	-118592.6	-117870.6	-185155.0	-4.1	-5.3	-4.7	-5.3	-5.0	-	-	-	-	-
10.793	3D MESSAGE	48	00	B0	91	20	59	EC	8C	E8	9A	7E	3D	A8	C1	E5	C7	80	15	E6	C7	6D	A0	E7	C7	5C	37	E6	C7	D4	D0	34	C8	00	80	85	C0	00	C0	B6	C0	00	80	9C	C0	00	40	AD	C0	00	80	A7	C0	00	00	00	00	00	00	00	00	00	00	00	00	00	00	00	00	00	00	00	00
10.793	3D DATA	true	-	-	-	-	-117635.3	-117803.0	-118592.9	-117870.7	-185155.3	-4.2	-5.7	-4.9	-5.4	-5.2	-	-	-	-	-
10.794	3D MESSAGE	48	00	B1	91	20	59	ED	8C	E8	9A	7E	3D	A0	C1	E5	C7	93	15	E6	C7	7C	A0	E7	C7	5B	37	E6	C7	DB	D0	34	C8	00	80	83	C0	00	80	BB	C0	00	40	A0	C0	00	00	AD	C0	00	00	AB	C0	00	00	00	00	00	00	00	00	00	00	00	00	00	00	00	00	00	00	00	00
10.794	3D DATA	true	-	-	-	-	-117635.2	-117803.1	-118593.0	-117870.7	-185155.4	-4.1	-5.9	-5.0	-5.4	-5.3	-	-	-	-	-
10.794	3D MESSAGE	48	00	B2	91	20	59	EE	8C	E8	9A	7E	3D	88	C1	E5	C7	87	15	E6	C7	78	A0	E7	C7	48	37	E6	C7	D6	D0	34	C8	00	00	7B	C0	00	80	B8	C0	00	40	9F	C0	00	40	A8	C0	00	80	A8	C0	00	00	00	00	00	00	00	00	00	00	00	00	00	00	00	00	00	00	00	00
10.794	3D DATA	true	-	-	-	-	-117635.1	-117803.1	-118592.9	-117870.6	-185155.3	-3.9	-5.8	-5.0	-5.3	-5.3	-	-	-	-	-
10.795	3D MESSAGE	48	00	B3	91	20	59	EF	8C	E8	9A	7E	3D	62	C1	E5	C7	5B	15	E6	C7	60	A0	E7	C7	28	37	E6	C7	C4	D0	34	C8	00	00	68	C0	00	80	AD	C0	00	40	99	C0	00	40	A0	C0	00	80	9F	C0	00	00	00	00	00	00	00	00	00	00	00	00	00	00	00	00	00	00	00	00
10.795	3D DATA	true	-	-	-	-	-117634.8	-117802.7	-118592.8	-117870.3	-185155.1	-3.6	-5.4	-4.8	-5.0	-5.0	-	-	-	-	-
10.822	3D MESSAGE	48	00	B4	91	20	59	F0	8C	E8	9A	7E	3D	36	C1	E5	C7	15	15	E6	C7	35	A0	E7	C7	FC	36	E6	C7	AA	D0	34	C8	00	00	52	C0	00	00	9C	C0	00	80	8E	C0	00	40	95	C0	00	80	92	C0	00	00	00	00	00	00	00	00	00	00	00	00	00	00	00	00	00	00	00	00
10.822	3D DATA	true	-	-	-	-	-117634.4	-117802.2	-118592.4	-117870.0	-185154.7	-3.3	-4.9	-4.5	-4.7	-4.6	-	-	-	-	-
10.823	3D MESSAGE	48	00	B5	91	20	59	F1	8C	E8	9A	7E	3D	06	C1	E5	C7	C2	14	E6	C7	FE	9F	E7	C7	CC	36	E6	C7	89	D0	34	C8	00	00	3A	C0	00	40	87	C0	00	C0	80	C0	00	40	89	C0	00	00	82	C0	00	00	00	00	00	00	00	00	00	00	00	00	00	00	00	00	00	00	00	00
10.823	3D DATA	true	-	-	-	-	-117634.0	-117801.5	-118592.0	-117869.6	-185154.1	-2.9	-4.2	-4.0	-4.3	-4.1	-	-	-	-	-
10.823	3D MESSAGE	48	00	B6	91	20	59	F2	8C	E8	9A	7E	3D	DC	C0	E5	C7	72	14	E6	C7	C6	9F	E7	C7	9B	36	E6	C7	68	D0	34	C8	00	00	25	C0	00	80	66	C0	00	80	65	C0	00	00	7A	C0	00	00	63	C0	00	00	00	00	00	00	00	00	00	00	00	00	00	00	00	00	00	00	00	00
10.823	3D DATA	true	-	-	-	-	-117633.7	-117800.9	-118591.5	-117869.2	-185153.6	-2.6	-3.6	-3.6	-3.9	-3.5	-	-	-	-	-
10.823	3D MESSAGE	48	00	B7	91	20	59	F3	8C	E8	9A	7E	3D	BA	C0	E5	C7	34	14	E6	C7	96	9F	E7	C7	73	36	E6	C7	4B	D0	34	C8	00	00	14	C0	00	80	47	C0	00	80	4D	C0	00	00	66	C0	00	00	46	C0	00	00	00	00	00	00	00	00	00	00	00	00	00	00	00	00	00	00	00	00
10.823	3D DATA	true	-	-	-	-	-117633.5	-117800.4	-118591.2	-117868.9	-185153.2	-2.3	-3.1	-3.2	-3.6	-3.1	-	-	-	-	-
10.823	3D MESSAGE	48	00	B8	91	20	59	F4	8C	E8	9A	7E	3D	A6	C0	E5	C7	13	14	E6	C7	79	9F	E7	C7	5A	36	E6	C7	38	D0	34	C8	00	00	0A	C0	00	00	37	C0	00	00	3F	C0	00	80	59	C0	00	00	33	C0	00	00	00	00	00	00	00	00	00	00	00	00	00	00	00	00	00	00	00	00
10.823	3D DATA	true	-	-	-	-	-117633.3	-117800.1	-118590.9	-117868.7	-185152.9	-2.2	-2.9	-3.0	-3.4	-2.8	-	-	-	-	-
10.824	3D MESSAGE	48	00	B9	91	20	59	F5	8C	E8	9A	7E	3D	A2	C0	E5	C7	12	14	E6	C7	75	9F	E7	C7	55	36	E6	C7	31	D0	34	C8	00	00	08	C0	00	80	36	C0	00	00	3D	C0	00	00	57	C0	00	00	2C	C0	00	00	00	00	00	00	00	00	00	00	00	00	00	00	00	00	00	00	00	00
10.824	3D DATA	true	-	-	-	-	-117633.3	-117800.1	-118590.9	-117868.7	-185152.8	-2.1	-2.9	-3.0	-3.4	-2.7	-	-	-	-	-
10.854	3D MESSAGE	48	00	BA	91	20	59	F6	8C	E8	9A	7E	3D	AF	C0	E5	C7	2B	14	E6	C7	8A	9F	E7	C7	64	36	E6	C7	35	D0	34	C8	00	80	0E	C0	00	00	43	C0	00	80	47	C0	00	80	5E	C0	00	00	30	C0	00	00	00	00	00	00	00	00	00	00	00	00	00	00	00	00	00	00	00	00
10.854	3D DATA	true	-	-	-	-	-117633.4	-117800.3	-118591.1	-117868.8	-185152.8	-2.2	-3.0	-3.1	-3.5	-2.8	-	-	-	-	-
10.855	3D MESSAGE	48	00	BB	91	20	59	F7	8C	E8	9A	7E	3D	CA	C0	E5	C7	54	14	E6	C7	B2	9F	E7	C7	85	36	E6	C7	43	D0	34	C8	00	00	1C	C0	00	80	57	C0	00	80	5B	C0	00	00	6F	C0	00	00	3E	C0	00	00	00	00	00	00	00	00	00	00	00	00	00	00	00	00	00	00	00	00
10.855	3D DATA	true	-	-	-	-	-117633.6	-117800.7	-118591.4	-117869.0	-185153.0	-2.4	-3.4	-3.4	-3.7	-3.0	-	-	-	-	-
10.857	3D MESSAGE	48	00	BC	91	20	59	F8	8C	E8	9A	7E	3D	EE	C0	E5	C7	7F	14	E6	C7	E1	9F	E7	C7	AE	36	E6	C7	55	D0	34	C8	00	00	2E	C0	00	00	6D	C0	00	00	73	C0	00	C0	81	C0	00	00	50	C0	00	00	00	00	00	00	00	00	00	00	00	00	00	00	00	00	00	00	00	00
10.857	3D DATA	true	-	-	-	-	-117633.9	-117801.0	-118591.8	-117869.4	-185153.3	-2.7	-3.7	-3.8	-4.1	-3.2	-	-	-	-	-
10.857	3D MESSAGE	48	00	BD	91	20	59	F9	8C	E8	9A	7E	3D	12	C1	E5	C7	A1	14	E6	C7	08	A0	E7	C7	D4	36	E6	C7	67	D0	34	C8	00	00	40	C0	00	00	7E	C0	00	40	83	C0	00	40	8B	C0	00	00	62	C0	00	00	00	00	00	00	00	00	00	00	00	00	00	00	00	00	00	00	00	00
10.857	3D DATA	true	-	-	-	-	-117634.1	-117801.3	-118592.1	-117869.7	-185153.6	-3.0	-4.0	-4.1	-4.4	-3.5	-	-	-	-	-
10.857	3D MESSAGE	48	00	BE	91	20	59	FA	8C	E8	9A	7E	3D	30	C1	E5	C7	B3	14	E6	C7	1E	A0	E7	C7	EE	36	E6	C7	74	D0	34	C8	00	00	4F	C0	00	80	83	C0	00	C0	88	C0	00	C0	91	C0	00	00	6F	C0	00	00	00	00	00	00	00	00	00	00	00	00	00	00	00	00	00	00	00	00
10.857	3D DATA	true	-	-	-	-	-117634.4	-117801.4	-118592.2	-117869.9	-185153.8	-3.2	-4.1	-4.3	-4.6	-3.7	-	-	-	-	-
10.858	3D MESSAGE	48	00	BF	91	20	59	FB	8C	E8	9A	7E	3D	40	C1	E5	C7	B6	14	E6	C7	1C	A0	E7	C7	F4	36	E6	C7	7B	D0	34	C8	00	00	57	C0	00	40	84	C0	00	40	88	C0	00	40	93	C0	00	00	76	C0	00	00	00	00	00	00	00	00	00	00	00	00	00	00	00	00	00	00	00	00
10.858	3D DATA	true	-	-	-	-	-117634.5	-117801.4	-118592.2	-117869.9	-185153.9	-3.4	-4.1	-4.3	-4.6	-3.8	-	-	-	-	-
10.858	3D MESSAGE	48	00	C0	91	20	59	FC	8C	E8	9A	7E	3D	42	C1	E5	C7	AC	14	E6	C7	02	A0	E7	C7	E7	36	E6	C7	7D	D0	34	C8	00	00	58	C0	00	C0	81	C0	00	C0	81	C0	00	00	90	C0	00	00	78	C0	00	00	00	00	00	00	00	00	00	00	00	00	00	00	00	00	00	00	00	00
10.858	3D DATA	true	-	-	-	-	-117634.5	-117801.3	-118592.0	-117869.8	-185154.0	-3.4	-4.1	-4.1	-4.5	-3.9	-	-	-	-	-
10.886	3D MESSAGE	48	00	C1	91	20	59	FD	8C	E8	9A	7E	3D	36	C1	E5	C7	A0	14	E6	C7	D8	9F	E7	C7	CB	36	E6	C7	7C	D0	34	C8	00	00	52	C0	00	80	7D	C0	00	80	6E	C0	00	00	89	C0	00	00	77	C0	00	00	00	00	00	00	00	00	00	00	00	00	00	00	00	00	00	00	00	00
10.886	3D DATA	true	-	-	-	-	-117634.4	-117801.2	-118591.7	-117869.6	-185153.9	-3.3	-4.0	-3.7	-4.3	-3.9	-	-	-	-	-
10.886	3D MESSAGE	48	00	C2	91	20	59	FE	8C	E8	9A	7E	3D	24	C1	E5	C7	99	14	E6	C7	AB	9F	E7	C7	A8	36	E6	C7	7E	D0	34	C8	00	00	49	C0	00	00	7A	C0	00	00	58	C0	00	40	80	C0	00	00	79	C0	00	00	00	00	00	00	00	00	00	00	00	00	00	00	00	00	00	00	00	00
10.886	3D DATA	true	-	-	-	-	-117634.3	-117801.2	-118591.3	-117869.3	-185154.0	-3.1	-3.9	-3.4	-4.0	-3.9	-	-	-	-	-
10.886	3D MESSAGE	48	00	C3	91	20	59	FF	8C	E8	9A	7E	3D	12	C1	E5	C7	9F	14	E6	C7	87	9F	E7	C7	88	36	E6	C7	84	D0	34	C8	00	00	40	C0	00	00	7D	C0	00	00	46	C0	00	80	70	C0	00	00	7F	C0	00	00	00	00	00	00	00	00	00	00	00	00	00	00	00	00	00	00	00	00
10.886	3D DATA	true	-	-	-	-	-117634.1	-117801.2	-118591.1	-117869.1	-185154.1	-3.0	-4.0	-3.1	-3.8	-4.0	-	-	-	-	-
10.887	3D MESSAGE	48	00	C4	91	20	59	00	8C	E8	9A	7E	3D	08	C1	E5	C7	B6	14	E6	C7	76	9F	E7	C7	76	36	E6	C7	92	D0	34	C8	00	00	3B	C0	00	40	84	C0	00	80	3D	C0	00	80	67	C0	00	80	86	C0	00	00	00	00	00	00	00	00	00	00	00	00	00	00	00	00	00	00	00	00
10.887	3D DATA	true	-	-	-	-	-117634.1	-117801.4	-118590.9	-117868.9	-185154.3	-2.9	-4.1	-3.0	-3.6	-4.2	-	-	-	-	-
10.887	3D MESSAGE	48	00	C5	91	20	59	01	8C	E8	9A	7E	3D	09	C1	E5	C7	DA	14	E6	C7	79	9F	E7	C7	76	36	E6	C7	A6	D0	34	C8	00	80	3B	C0	00	40	8D	C0	00	00	3F	C0	00	80	67	C0	00	80	90	C0	00	00	00	00	00	00	00	00	00	00	00	00	00	00	00	00	00	00	00	00
10.887	3D DATA	true	-	-	-	-	-117634.1	-117801.7	-118590.9	-117868.9	-185154.6	-2.9	-4.4	-3.0	-3.6	-4.5	-	-	-	-	-
10.888	3D MESSAGE	48	00	C6	91	20	59	02	8C	E8	9A	7E	3D	16	C1	E5	C7	06	15	E6	C7	8E	9F	E7	C7	88	36	E6	C7	BB	D0	34	C8	00	00	42	C0	00	40	98	C0	00	80	49	C0	00	80	70	C0	00	00	9B	C0	00	00	00	00	00	00	00	00	00	00	00	00	00	00	00	00	00	00	00	00
10.888	3D DATA	true	-	-	-	-	-117634.2	-117802.0	-118591.1	-117869.1	-185154.9	-3.0	-4.8	-3.1	-3.8	-4.8	-	-	-	-	-
10.917	3D MESSAGE	48	00	C7	91	20	59	03	8C	E8	9A	7E	3D	29	C1	E5	C7	2D	15	E6	C7	AC	9F	E7	C7	A6	36	E6	C7	CE	D0	34	C8	00	80	4B	C0	00	00	A2	C0	00	80	58	C0	00	80	7F	C0	00	80	A4	C0	00	00	00	00	00	00	00	00	00	00	00	00	00	00	00	00	00	00	00	00
10.917	3D DATA	true	-	-	-	-	-117634.3	-117802.4	-118591.3	-117869.3	-185155.2	-3.2	-5.1	-3.4	-4.0	-5.1	-	-	-	-	-
10.918	3D MESSAGE	48	00	C8	91	20	59	04	8C	E8	9A	7E	3D	3C	C1	E5	C7	44	15	E6	C7	C8	9F	E7	C7	C9	36	E6	C7	DA	D0	34	C8	00	00	55	C0	00	C0	A7	C0	00	80	66	C0	00	80	88	C0	00	80	AA	C0	00	00	00	00	00	00	00	00	00	00	00	00	00	00	00	00	00	00	00	00
10.918	3D DATA	true	-	-	-	-	-117634.5	-117802.5	-118591.6	-117869.6	-185155.4	-3.3	-5.2	-3.6	-4.3	-5.3	-	-	-	-	-
10.918	3D MESSAGE	48	00	C9	91	20	59	05	8C	E8	9A	7E	3D	45	C1	E5	C7	3F	15	E6	C7	DB	9F	E7	C7	E6	36	E6	C7	DA	D0	34	C8	00	80	59	C0	00	80	A6	C0	00	00	70	C0	00	C0	8F	C0	00	80	AA	C0	00	00	00	00	00	00	00	00	00	00	00	00	00	00	00	00	00	00	00	00
10.918	3D DATA	true	-	-	-	-	-117634.5	-117802.5	-118591.7	-117869.8	-185155.4	-3.4	-5.2	-3.8	-4.5	-5.3	-	-	-	-	-
10.919	3D MESSAGE	48	00	CA	91	20	59	06	8C	E8	9A	7E	3D	3E	C1	E5	C7	1A	15	E6	C7	E0	9F	E7	C7	F5	36	E6	C7	CC	D0	34	C8	00	00	56	C0	00	40	9D	C0	00	80	72	C0	00	80	93	C0	00	80	A3	C0	00	00	00	00	00	00	00	00	00	00	00	00	00	00	00	00	00	00	00	00
10.919	3D DATA	true	-	-	-	-	-117634.5	-117802.2	-118591.8	-117869.9	-185155.2	-3.3	-4.9	-3.8	-4.6	-5.1	-	-	-	-	-
10.919	3D MESSAGE	48	00	CB	91	20	59	07	8C	E8	9A	7E	3D	23	C1	E5	C7	D5	14	E6	C7	D6	9F	E7	C7	F2	36	E6	C7	B4	D0	34	C8	00	80	48	C0	00	00	8C	C0	00	80	6D	C0	00	C0	92	C0	00	80	97	C0	00	00	00	00	00	00	00	00	00	00	00	00	00	00	00	00	00	00	00	00
10.919	3D DATA	true	-	-	-	-	-117634.3	-117801.7	-118591.7	-117869.9	-185154.8	-3.1	-4.4	-3.7	-4.6	-4.7	-	-	-	-	-
10.919	3D MESSAGE	48	00	CC	91	20	59	08	8C	E8	9A	7E	3D	F5	C0	E5	C7	78	14	E6	C7	C1	9F	E7	C7	DC	36	E6	C7	93	D0	34	C8	00	80	31	C0	00	80	69	C0	00	00	63	C0	00	40	8D	C0	00	00	87	C0	00	00	00	00	00	00	00	00	00	00	00	00	00	00	00	00	00	00	00	00
10.919	3D DATA	true	-	-	-	-	-117633.9	-117800.9	-118591.5	-117869.7	-185154.3	-2.8	-3.6	-3.5	-4.4	-4.2	-	-	-	-	-
10.921	3D MESSAGE	48	00	CD	91	20	59	09	8C	E8	ED	47	3D	B9	C0	E5	C7	10	14	E6	C7	A4	9F	E7	C7	B8	36	E6	C7	70	D0	34	C8	00	80	13	C0	00	80	35	C0	00	80	54	C0	00	40	84	C0	00	00	6B	C0	00	00	00	00	00	00	00	00	00	00	00	00	00	00	00	00	00	00	00	00
10.921	3D DATA	true	-	-	-	-	-117633.4	-117800.1	-118591.3	-117869.4	-185153.8	-2.3	-2.8	-3.3	-4.1	-3.7	-	-	-	-	-
10.947	3D MESSAGE	48	00	CE	91	20	59	0A	8C	E8	ED	47	3D	78	C0	E5	C7	AD	13	E6	C7	82	9F	E7	C7	8D	36	E6	C7	4F	D0	34	C8	00	00	E6	BF	00	00	04	C0	00	80	43	C0	00	00	73	C0	00	00	4A	C0	00	00	00	00	00	00	00	00	00	00	00	00	00	00	00	00	00	00	00	00
10.947	3D DATA	true	-	-	-	-	-117632.9	-117799.4	-118591.0	-117869.1	-185153.2	-1.8	-2.1	-3.1	-3.8	-3.2	-	-	-	-	-
10.947	3D MESSAGE	48	00	CF	91	20	59	0B	8C	E8	ED	47	3D	37	C0	E5	C7	5C	13	E6	C7	5F	9F	E7	C7	61	36	E6	C7	34	D0	34	C8	00	00	A5	BF	00	00	B7	BF	00	00	32	C0	00	00	5D	C0	00	00	2F	C0	00	00	00	00	00	00	00	00	00	00	00	00	00	00	00	00	00	00	00	00
10.948	3D DATA	true	-	-	-	-	-117632.4	-117798.7	-118590.7	-117868.8	-185152.8	-1.3	-1.4	-2.8	-3.5	-2.7	-	-	-	-	-
10.948	3D MESSAGE	48	00	D0	91	20	59	0C	8C	E8	ED	47	3D	FC	BF	E5	C7	24	13	E6	C7	3A	9F	E7	C7	39	36	E6	C7	1E	D0	34	C8	00	00	54	BF	00	00	7E	BF	00	80	1F	C0	00	00	49	C0	00	00	19	C0	00	00	00	00	00	00	00	00	00	00	00	00	00	00	00	00	00	00	00	00
10.948	3D DATA	true	-	-	-	-	-117632.0	-117798.3	-118590.5	-117868.4	-185152.5	-0.8	-1.0	-2.5	-3.1	-2.4	-	-	-	-	-
10.948	3D MESSAGE	48	00	D1	91	20	59	0D	8C	E8	ED	47	3D	C8	BF	E5	C7	07	13	E6	C7	16	9F	E7	C7	19	36	E6	C7	0C	D0	34	C8	00	00	D8	BE	00	00	44	BF	00	80	0D	C0	00	00	39	C0	00	00	07	C0	00	00	00	00	00	00	00	00	00	00	00	00	00	00	00	00	00	00	00	00
10.948	3D DATA	true	-	-	-	-	-117631.6	-117798.1	-118590.2	-117868.2	-185152.2	-0.4	-0.8	-2.2	-2.9	-2.1	-	-	-	-	-
10.949	3D MESSAGE	48	00	D2	91	20	59	0E	8C	E8	ED	47	3D	9C	BF	E5	C7	FF	12	E6	C7	F2	9E	E7	C7	01	36	E6	C7	FE	CF	34	C8	00	00	A0	BD	00	00	34	BF	00	00	F7	BF	00	00	2D	C0	00	00	F2	BF	00	00	00	00	00	00	00	00	00	00	00	00	00	00	00	00	00	00	00	00
10.949	3D DATA	true	-	-	-	-	-117631.2	-117798.0	-118589.9	-117868.0	-185152.0	-0.1	-0.7	-1.9	-2.7	-1.9	-	-	-	-	-
10.979	3D MESSAGE	48	00	D3	91	20	59	0F	8C	E8	ED	47	3D	77	BF	E5	C7	03	13	E6	C7	D2	9E	E7	C7	F1	35	E6	C7	EE	CF	34	C8	00	00	58	3E	00	00	3C	BF	00	00	D7	BF	00	00	25	C0	00	00	D2	BF	00	00	00	00	00	00	00	00	00	00	00	00	00	00	00	00	00	00	00	00
10.979	3D DATA	true	-	-	-	-	-117630.9	-117798.0	-118589.6	-117867.9	-185151.7	0.2	-0.7	-1.7	-2.6	-1.6	-	-	-	-	-
10.979	3D MESSAGE	48	00	D4	91	20	59	10	8C	E8	ED	47	3D	5B	BF	E5	C7	0A	13	E6	C7	BB	9E	E7	C7	E9	35	E6	C7	DF	CF	34	C8	00	00	DC	3E	00	00	4A	BF	00	00	C0	BF	00	00	21	C0	00	00	B4	BF	00	00	00	00	00	00	00	00	00	00	00	00	00	00	00	00	00	00	00	00
10.979	3D DATA	true	-	-	-	-	-117630.7	-117798.1	-118589.5	-117867.8	-185151.5	0.4	-0.8	-1.5	-2.5	-1.4	-	-	-	-	-
10.980	3D MESSAGE	48	00	D5	91	20	59	11	8C	E8	ED	47	3D	4A	BF	E5	C7	0E	13	E6	C7	AE	9E	E7	C7	E9	35	E6	C7	CF	CF	34	C8	00	00	10	3F	00	00	52	BF	00	00	B3	BF	00	00	21	C0	00	00	94	BF	00	00	00	00	00	00	00	00	00	00	00	00	00	00	00	00	00	00	00	00
10.980	3D DATA	true	-	-	-	-	-117630.6	-117798.1	-118589.4	-117867.8	-185151.2	0.6	-0.8	-1.4	-2.5	-1.2	-	-	-	-	-
10.980	3D MESSAGE	48	00	D6	91	20	59	12	8C	E8	ED	47	3D	48	BF	E5	C7	0D	13	E6	C7	AE	9E	E7	C7	F1	35	E6	C7	C2	CF	34	C8	00	00	14	3F	00	00	50	BF	00	00	B3	BF	00	00	25	C0	00	00	74	BF	00	00	00	00	00	00	00	00	00	00	00	00	00	00	00	00	00	00	00	00
10.980	3D DATA	true	-	-	-	-	-117630.6	-117798.1	-118589.4	-117867.9	-185151.0	0.6	-0.8	-1.4	-2.6	-1.0	-	-	-	-	-
10.981	3D MESSAGE	48	00	D7	91	20	59	13	8C	E8	ED	47	3D	59	BF	E5	C7	08	13	E6	C7	BD	9E	E7	C7	03	36	E6	C7	BA	CF	34	C8	00	00	E4	3E	00	00	46	BF	00	00	C2	BF	00	00	2E	C0	00	00	54	BF	00	00	00	00	00	00	00	00	00	00	00	00	00	00	00	00	00	00	00	00
10.981	3D DATA	true	-	-	-	-	-117630.7	-117798.1	-118589.5	-117868.0	-185150.9	0.4	-0.8	-1.5	-2.7	-0.8	-	-	-	-	-
10.981	3D MESSAGE	48	00	D8	91	20	59	14	8C	E8	ED	47	3D	7A	BF	E5	C7	01	13	E6	C7	D7	9E	E7	C7	1E	36	E6	C7	B8	CF	34	C8	00	00	40	3E	00	00	38	BF	00	00	DC	BF	00	80	3B	C0	00	00	4C	BF	00	00	00	00	00	00	00	00	00	00	00	00	00	00	00	00	00	00	00	00
10.981	3D DATA	true	-	-	-	-	-117631.0	-117798.0	-118589.7	-117868.2	-185150.9	0.2	-0.7	-1.7	-2.9	-0.8	-	-	-	-	-
10.981	3D MESSAGE	48	00	D9	91	20	59	15	8C	E8	ED	47	3D	A5	BF	E5	C7	FB	12	E6	C7	F6	9E	E7	C7	3E	36	E6	C7	BC	CF	34	C8	00	00	18	BE	00	00	2C	BF	00	00	FB	BF	00	80	4B	C0	00	00	5C	BF	00	00	00	00	00	00	00	00	00	00	00	00	00	00	00	00	00	00	00	00
10.981	3D DATA	true	-	-	-	-	-117631.3	-117798.0	-118589.9	-117868.5	-185150.9	-0.1	-0.7	-2.0	-3.2	-0.9	-	-	-	-	-
11.012	3D MESSAGE	48	00	DA	91	20	59	16	8C	E8	ED	47	3D	CD	BF	E5	C7	F6	12	E6	C7	14	9F	E7	C7	5F	36	E6	C7	C5	CF	34	C8	00	00	EC	BE	00	00	22	BF	00	80	0C	C0	00	00	5C	C0	00	00	80	BF	00	00	00	00	00	00	00	00	00	00	00	00	00	00	00	00	00	00	00	00
11.012	3D DATA	true	-	-	-	-	-117631.6	-117797.9	-118590.2	-117868.7	-185151.1	-0.5	-0.6	-2.2	-3.4	-1.0	-	-	-	-	-
11.012	3D MESSAGE	48	00	DB	91	20	59	17	8C	E8	ED	47	3D	E5	BF	E5	C7	ED	12	E6	C7	29	9F	E7	C7	7C	36	E6	C7	CD	CF	34	C8	00	00	26	BF	00	00	10	BF	00	00	17	C0	00	80	6A	C0	00	00	90	BF	00	00	00	00	00	00	00	00	00	00	00	00	00	00	00	00	00	00	00	00
11.012	3D DATA	true	-	-	-	-	-117631.8	-117797.9	-118590.3	-117869.0	-185151.2	-0.6	-0.6	-2.4	-3.7	-1.1	-	-	-	-	-
11.012	3D MESSAGE	48	00	DC	91	20	59	18	8C	E8	ED	47	3D	DE	BF	E5	C7	DA	12	E6	C7	2C	9F	E7	C7	8C	36	E6	C7	D1	CF	34	C8	00	00	18	BF	00	00	D4	BE	00	80	18	C0	00	80	72	C0	00	00	98	BF	00	00	00	00	00	00	00	00	00	00	00	00	00	00	00	00	00	00	00	00
11.012	3D DATA	true	-	-	-	-	-117631.7	-117797.7	-118590.3	-117869.1	-185151.3	-0.6	-0.4	-2.4	-3.8	-1.2	-	-	-	-	-
11.013	3D MESSAGE	48	00	DD	91	20	59	19	8C	E8	ED	47	3D	B3	BF	E5	C7	B7	12	E6	C7	1A	9F	E7	C7	8A	36	E6	C7	CB	CF	34	C8	00	00	84	BE	00	00	10	BE	00	80	0F	C0	00	80	71	C0	00	00	8C	BF	00	00	00	00	00	00	00	00	00	00	00	00	00	00	00	00	00	00	00	00
11.013	3D DATA	true	-	-	-	-	-117631.4	-117797.4	-118590.2	-117869.1	-185151.2	-0.3	-0.1	-2.2	-3.8	-1.1	-	-	-	-	-
11.013	3D MESSAGE	48	00	DE	91	20	59	1A	8C	E8	ED	47	3D	62	BF	E5	C7	7E	12	E6	C7	F0	9E	E7	C7	70	36	E6	C7	B8	CF	34	C8	00	00	C0	3E	00	00	9C	3E	00	00	F5	BF	00	80	64	C0	00	00	4C	BF	00	00	00	00	00	00	00	00	00	00	00	00	00	00	00	00	00	00	00	00
11.013	3D DATA	true	-	-	-	-	-117630.8	-117797.0	-118589.9	-117868.9	-185150.9	0.4	0.3	-1.9	-3.6	-0.8	-	-	-	-	-
11.014	3D MESSAGE	48	00	DF	91	20	59	1B	8C	E8	ED	47	3D	F4	BE	E5	C7	2E	12	E6	C7	B4	9E	E7	C7	3F	36	E6	C7	96	CF	34	C8	00	00	9E	3F	00	00	6E	3F	00	00	B9	BF	00	00	4C	C0	00	00	88	BE	00	00	00	00	00	00	00	00	00	00	00	00	00	00	00	00	00	00	00	00
11.014	3D DATA	true	-	-	-	-	-117629.9	-117796.4	-118589.4	-117868.5	-185150.3	1.2	0.9	-1.4	-3.2	-0.3	-	-	-	-	-
11.042	3D MESSAGE	48	00	E0	91	20	59	1C	8C	E8	ED	47	3D	75	BE	E5	C7	CA	11	E6	C7	6C	9E	E7	C7	FA	35	E6	C7	68	CF	34	C8	00	80	0E	40	00	00	DB	3F	00	00	62	BF	00	80	29	C0	00	00	E8	3E	00	00	00	00	00	00	00	00	00	00	00	00	00	00	00	00	00	00	00	00
11.042	3D DATA	true	-	-	-	-	-117628.9	-117795.6	-118588.8	-117868.0	-185149.6	2.2	1.7	-0.9	-2.6	0.5	-	-	-	-	-
11.042	3D MESSAGE	48	00	E1	91	20	59	1D	8C	E8	ED	47	3D	F5	BD	E5	C7	5A	11	E6	C7	27	9E	E7	C7	AC	35	E6	C7	31	CF	34	C8	00	80	4E	40	00	80	25	40	00	00	B0	BE	00	80	02	C0	00	00	A8	3F	00	00	00	00	00	00	00	00	00	00	00	00	00	00	00	00	00	00	00	00
11.043	3D DATA	true	-	-	-	-	-117627.9	-117794.7	-118588.3	-117867.3	-185148.8	3.2	2.6	-0.3	-2.0	1.3	-	-	-	-	-
11.043	3D MESSAGE	48	00	E2	91	20	59	1E	8C	E8	ED	47	3D	85	BD	E5	C7	E8	10	E6	C7	F2	9D	E7	C7	62	35	E6	C7	FB	CE	34	C8	00	40	83	40	00	80	5E	40	00	00	90	3D	00	00	BB	BF	00	00	0A	40	00	00	00	00	00	00	00	00	00	00	00	00	00	00	00	00	00	00	00	00
11.043	3D DATA	true	-	-	-	-	-117627.0	-117793.8	-118587.9	-117866.8	-185147.9	4.1	3.5	0.1	-1.5	2.2	-	-	-	-	-
11.044	3D MESSAGE	48	00	E3	91	20	59	1F	8C	E8	ED	47	3D	2E	BD	E5	C7	81	10	E6	C7	D4	9D	E7	C7	26	35	E6	C7	CB	CE	34	C8	00	00	99	40	00	00	89	40	00	00	9C	3E	00	00	7E	BF	00	00	3A	40	00	00	00	00	00	00	00	00	00	00	00	00	00	00	00	00	00	00	00	00
11.044	3D DATA	true	-	-	-	-	-117626.4	-117793.0	-118587.7	-117866.3	-185147.2	4.8	4.3	0.3	-1.0	2.9	-	-	-	-	-
11.044	3D MESSAGE	48	00	E4	91	20	59	20	8C	E8	ED	47	3D	F7	BC	E5	C7	2E	10	E6	C7	D2	9D	E7	C7	02	35	E6	C7	AA	CE	34	C8	00	C0	A6	40	00	C0	9D	40	00	00	A4	3E	00	00	36	BF	00	00	5B	40	00	00	00	00	00	00	00	00	00	00	00	00	00	00	00	00	00	00	00	00
11.044	3D DATA	true	-	-	-	-	-117625.9	-117792.4	-118587.6	-117866.0	-185146.7	5.2	4.9	0.3	-0.7	3.4	-	-	-	-	-
11.044	3D MESSAGE	48	00	E5	91	20	59	21	8C	E8	ED	47	3D	DC	BC	E5	C7	F3	0F	E6	C7	E6	9D	E7	C7	F8	34	E6	C7	9B	CE	34	C8	00	80	AD	40	00	80	AC	40	00	00	28	3E	00	00	22	BF	00	00	6A	40	00	00	00	00	00	00	00	00	00	00	00	00	00	00	00	00	00	00	00	00
11.044	3D DATA	true	-	-	-	-	-117625.7	-117791.9	-118587.8	-117865.9	-185146.4	5.4	5.4	0.2	-0.6	3.7	-	-	-	-	-
11.045	3D MESSAGE	48	00	E6	91	20	59	22	8C	E8	ED	47	3D	D7	BC	E5	C7	CD	0F	E6	C7	04	9E	E7	C7	02	35	E6	C7	9C	CE	34	C8	00	C0	AE	40	00	00	B6	40	00	00	90	BD	00	00	36	BF	00	00	69	40	00	00	00	00	00	00	00	00	00	00	00	00	00	00	00	00	00	00	00	00
11.045	3D DATA	true	-	-	-	-	-117625.7	-117791.6	-118588.0	-117866.0	-185146.4	5.5	5.7	-0.1	-0.7	3.6	-	-	-	-	-
11.073	3D MESSAGE	48	00	E7	91	20	59	23	8C	E8	ED	47	3D	DB	BC	E5	C7	B3	0F	E6	C7	1C	9E	E7	C7	17	35	E6	C7	AA	CE	34	C8	00	C0	AD	40	00	80	BC	40	00	00	84	BE	00	00	60	BF	00	00	5B	40	00	00	00	00	00	00	00	00	00	00	00	00	00	00	00	00	00	00	00	00
11.073	3D DATA	true	-	-	-	-	-117625.7	-117791.4	-118588.2	-117866.2	-185146.7	5.4	5.9	-0.3	-0.9	3.4	-	-	-	-	-
11.073	3D MESSAGE	48	00	E8	91	20	59	24	8C	E8	ED	47	3D	DC	BC	E5	C7	99	0F	E6	C7	1C	9E	E7	C7	28	35	E6	C7	BC	CE	34	C8	00	80	AD	40	00	00	C3	40	00	00	84	BE	00	00	81	BF	00	00	49	40	00	00	00	00	00	00	00	00	00	00	00	00	00	00	00	00	00	00	00	00
11.073	3D DATA	true	-	-	-	-	-117625.7	-117791.2	-118588.2	-117866.3	-185146.9	5.4	6.1	-0.3	-1.0	3.1	-	-	-	-	-
11.074	3D MESSAGE	48	00	E9	91	20	59	25	8C	E8	ED	47	3D	CC	BC	E5	C7	6F	0F	E6	C7	F9	9D	E7	C7	29	35	E6	C7	CA	CE	34	C8	00	80	B1	40	00	80	CD	40	00	00	80	3C	00	00	82	BF	00	00	3B	40	00	00	00	00	00	00	00	00	00	00	00	00	00	00	00	00	00	00	00	00
11.074	3D DATA	true	-	-	-	-	-117625.6	-117790.9	-118587.9	-117866.3	-185147.2	5.5	6.4	0.0	-1.0	2.9	-	-	-	-	-
11.074	3D MESSAGE	48	00	EA	91	20	59	26	8C	E8	ED	47	3D	A4	BC	E5	C7	2B	0F	E6	C7	AF	9D	E7	C7	16	35	E6	C7	CD	CE	34	C8	00	80	BB	40	00	80	DE	40	00	00	18	3F	00	00	5E	BF	00	00	38	40	00	00	00	00	00	00	00	00	00	00	00	00	00	00	00	00	00	00	00	00
11.074	3D DATA	true	-	-	-	-	-117625.3	-117790.3	-118587.4	-117866.2	-185147.2	5.9	7.0	0.6	-0.9	2.9	-	-	-	-	-
11.074	3D MESSAGE	48	00	EB	91	20	59	27	8C	E8	ED	47	3D	5E	BC	E5	C7	C7	0E	E6	C7	42	9D	E7	C7	F0	34	E6	C7	C1	CE	34	C8	00	00	CD	40	00	80	F7	40	00	00	B9	3F	00	00	12	BF	00	00	44	40	00	00	00	00	00	00	00	00	00	00	00	00	00	00	00	00	00	00	00	00
11.074	3D DATA	true	-	-	-	-	-117624.7	-117789.6	-118586.5	-117865.9	-185147.0	6.4	7.7	1.4	-0.6	3.1	-	-	-	-	-
11.105	3D MESSAGE	48	00	EC	91	20	59	28	8C	E8	ED	47	3D	FE	BB	E5	C7	41	0E	E6	C7	BD	9C	E7	C7	BA	34	E6	C7	A7	CE	34	C8	00	00	E5	40	00	80	0C	41	00	00	1F	40	00	00	18	BE	00	00	5E	40	00	00	00	00	00	00	00	00	00	00	00	00	00	00	00	00	00	00	00	00
11.105	3D DATA	true	-	-	-	-	-117624.0	-117788.5	-118585.5	-117865.5	-185146.6	7.2	8.8	2.5	-0.1	3.5	-	-	-	-	-
11.106	3D MESSAGE	48	00	ED	91	20	59	29	8C	E8	ED	47	3D	85	BB	E5	C7	9F	0D	E6	C7	2E	9C	E7	C7	7F	34	E6	C7	81	CE	34	C8	00	A0	01	41	00	C0	20	41	00	80	66	40	00	00	A0	3E	00	00	82	40	00	00	00	00	00	00	00	00	00	00	00	00	00	00	00	00	00	00	00	00
11.106	3D DATA	true	-	-	-	-	-117623.0	-117787.2	-118584.4	-117865.0	-185146.0	8.1	10.0	3.6	0.3	4.1	-	-	-	-	-
11.106	3D MESSAGE	48	00	EE	91	20	59	2A	8C	E8	ED	47	3D	FC	BA	E5	C7	E7	0C	E6	C7	A4	9B	E7	C7	45	34	E6	C7	52	CE	34	C8	00	C0	12	41	00	C0	37	41	00	C0	95	40	00	00	44	3F	00	80	99	40	00	00	00	00	00	00	00	00	00	00	00	00	00	00	00	00	00	00	00	00
11.106	3D DATA	true	-	-	-	-	-117622.0	-117785.8	-118583.3	-117864.5	-185145.3	9.2	11.5	4.7	0.8	4.8	-	-	-	-	-
11.106	3D MESSAGE	48	00	EF	91	20	59	2B	8C	E8	ED	47	3D	6A	BA	E5	C7	21	0C	E6	C7	2B	9B	E7	C7	11	34	E6	C7	1E	CE	34	C8	00	00	25	41	00	80	50	41	00	00	B4	40	00	00	96	3F	00	80	B3	40	00	00	00	00	00	00	00	00	00	00	00	00	00	00	00	00	00	00	00	00
11.106	3D DATA	true	-	-	-	-	-117620.8	-117784.3	-118582.3	-117864.1	-185144.5	10.3	13.0	5.6	1.2	5.6	-	-	-	-	-
11.107	3D MESSAGE	48	00	F0	91	20	59	2C	8C	E8	ED	47	3D	D6	B9	E5	C7	54	0B	E6	C7	C9	9A	E7	C7	E5	33	E6	C7	E5	CD	34	C8	00	80	37	41	00	20	6A	41	00	80	CC	40	00	00	C2	3F	00	00	D0	40	00	00	00	00	00	00	00	00	00	00	00	00	00	00	00	00	00	00	00	00
11.107	3D DATA	true	-	-	-	-	-117619.7	-117782.7	-118581.6	-117863.8	-185143.6	11.5	14.6	6.4	1.5	6.5	-	-	-	-	-
11.107	3D MESSAGE	48	00	F1	91	20	59	2D	8C	E8	ED	47	3D	45	B9	E5	C7	89	0A	E6	C7	7F	9A	E7	C7	C0	33	E6	C7	A9	CD	34	C8	00	A0	49	41	00	C0	81	41	00	00	DF	40	00	00	E7	3F	00	00	EE	40	00	00	00	00	00	00	00	00	00	00	00	00	00	00	00	00	00	00	00	00
11.107	3D DATA	true	-	-	-	-	-117618.5	-117781.1	-118581.0	-117863.5	-185142.6	12.6	16.2	7.0	1.8	7.4	-	-	-	-	-
11.108	3D MESSAGE	48	00	F2	91	20	59	2E	8C	E8	ED	47	3D	BE	B8	E5	C7	C4	09	E6	C7	4E	9A	E7	C7	A1	33	E6	C7	68	CD	34	C8	00	80	5A	41	00	10	8E	41	00	40	EB	40	00	00	03	40	00	40	07	41	00	00	00	00	00	00	00	00	00	00	00	00	00	00	00	00	00	00	00	00
11.108	3D DATA	true	-	-	-	-	-117617.5	-117779.5	-118580.6	-117863.3	-185141.6	13.7	17.8	7.4	2.0	8.5	-	-	-	-	-
11.136	3D MESSAGE	48	00	F3	91	20	59	2F	8C	E8	ED	47	3D	42	B8	E5	C7	0B	09	E6	C7	32	9A	E7	C7	88	33	E6	C7	25	CD	34	C8	00	00	6A	41	00	A0	99	41	00	40	F2	40	00	80	0F	40	00	00	18	41	00	00	00	00	00	00	00	00	00	00	00	00	00	00	00	00	00	00	00	00
11.136	3D DATA	true	-	-	-	-	-117616.5	-117778.1	-118580.4	-117863.1	-185140.6	14.6	19.2	7.6	2.2	9.5	-	-	-	-	-
11.136	3D MESSAGE	48	00	F4	91	20	59	30	8C	E8	ED	47	3D	D2	B7	E5	C7	60	08	E6	C7	23	9A	E7	C7	74	33	E6	C7	DF	CC	34	C8	00	00	78	41	00	50	A4	41	00	00	F6	40	00	80	19	40	00	80	29	41	00	00	00	00	00	00	00	00	00	00	00	00	00	00	00	00	00	00	00	00
11.136	3D DATA	true	-	-	-	-	-117615.6	-117776.8	-118580.3	-117862.9	-185139.5	15.5	20.5	7.7	2.4	10.6	-	-	-	-	-
11.137	3D MESSAGE	48	00	F5	91	20	59	31	8C	90	FD	DD	3D	67	B7	E5	C7	BE	07	E6	C7	1A	9A	E7	C7	65	33	E6	C7	98	CC	34	C8	00	B0	82	41	00	70	AE	41	00	40	F8	40	00	00	21	40	00	40	3B	41	00	00	00	00	00	00	00	00	00	00	00	00	00	00	00	00	00	00	00	00
11.137	3D DATA	true	-	-	-	-	-117614.8	-117775.5	-118580.2	-117862.8	-185138.4	16.3	21.8	7.8	2.5	11.7	-	-	-	-	-
11.137	3D MESSAGE	48	00	F6	91	20	59	32	8C	90	FD	DD	3D	F7	B6	E5	C7	1E	07	E6	C7	09	9A	E7	C7	54	33	E6	C7	51	CC	34	C8	00	B0	89	41	00	70	B8	41	00	80	FC	40	00	80	29	40	00	00	4D	41	00	00	00	00	00	00	00	00	00	00	00	00	00	00	00	00	00	00	00	00
11.137	3D DATA	true	-	-	-	-	-117613.9	-117774.2	-118580.1	-117862.7	-185137.3	17.2	23.1	7.9	2.6	12.8	-	-	-	-	-
11.137	3D MESSAGE	48	00	F7	91	20	59	33	8C	90	FD	DD	3D	76	B6	E5	C7	6F	06	E6	C7	E3	99	E7	C7	3C	33	E6	C7	07	CC	34	C8	00	C0	91	41	00	60	C3	41	00	00	03	41	00	80	35	40	00	80	5F	41	00	00	00	00	00	00	00	00	00	00	00	00	00	00	00	00	00	00	00	00
11.137	3D DATA	true	-	-	-	-	-117612.9	-117772.9	-118579.8	-117862.5	-185136.1	18.2	24.4	8.2	2.8	14.0	-	-	-	-	-
11.138	3D MESSAGE	48	00	F8	91	20	59	34	8C	90	FD	DD	3D	D5	B5	E5	C7	A3	05	E6	C7	99	99	E7	C7	12	33	E6	C7	B6	CB	34	C8	00	D0	9B	41	00	20	D0	41	00	40	0C	41	00	80	4A	40	00	C0	73	41	00	00	00	00	00	00	00	00	00	00	00	00	00	00	00	00	00	00	00	00
11.138	3D DATA	true	-	-	-	-	-117611.7	-117771.3	-118579.2	-117862.1	-185134.8	19.5	26.0	8.8	3.2	15.2	-	-	-	-	-
11.168	3D MESSAGE	48	00	F9	91	20	59	35	8C	90	FD	DD	3D	0C	B5	E5	C7	AF	04	E6	C7	22	99	E7	C7	D0	32	E6	C7	5C	CB	34	C8	00	60	A8	41	00	60	DF	41	00	20	1B	41	00	80	6B	40	00	20	85	41	00	00	00	00	00	00	00	00	00	00	00	00	00	00	00	00	00	00	00	00
11.168	3D DATA	true	-	-	-	-	-117610.1	-117769.4	-118578.3	-117861.6	-185133.4	21.0	27.9	9.7	3.7	16.6	-	-	-	-	-
11.169	3D MESSAGE	48	00	FA	91	20	59	36	8C	90	FD	DD	3D	1A	B4	E5	C7	8D	03	E6	C7	7E	98	E7	C7	71	32	E6	C7	F4	CA	34	C8	00	80	B7	41	00	80	F1	41	00	A0	2F	41	00	80	8D	40	00	20	92	41	00	00	00	00	00	00	00	00	00	00	00	00	00	00	00	00	00	00	00	00
11.169	3D DATA	true	-	-	-	-	-117608.2	-117767.1	-118577.0	-117860.9	-185131.8	22.9	30.2	11.0	4.4	18.3	-	-	-	-	-
11.169	3D MESSAGE	48	00	FB	91	20	59	37	8C	90	FD	DD	3D	02	B3	E5	C7	40	02	E6	C7	B3	97	E7	C7	FA	31	E6	C7	7E	CA	34	C8	00	00	C9	41	00	28	03	42	00	00	49	41	00	40	AB	40	00	E0	A0	41	00	00	00	00	00	00	00	00	00	00	00	00	00	00	00	00	00	00	00	00
11.169	3D DATA	true	-	-	-	-	-117606.0	-117764.5	-118575.4	-117860.0	-185130.0	25.1	32.8	12.6	5.4	20.1	-	-	-	-	-
11.170	3D MESSAGE	48	00	FC	91	20	59	38	8C	90	FD	DD	3D	D2	B1	E5	C7	D4	00	E6	C7	CE	96	E7	C7	70	31	E6	C7	FC	C9	34	C8	00	00	DC	41	00	88	0E	42	00	A0	65	41	00	C0	CD	40	00	20	B1	41	00	00	00	00	00	00	00	00	00	00	00	00	00	00	00	00	00	00	00	00
11.171	3D DATA	true	-	-	-	-	-117603.6	-117761.7	-118573.6	-117858.9	-185127.9	27.5	35.6	14.4	6.4	22.1	-	-	-	-	-
11.171	3D MESSAGE	48	00	FD	91	20	59	39	8C	90	FD	DD	3D	96	B0	E5	C7	56	FF	E5	C7	E2	95	E7	C7	E1	30	E6	C7	74	C9	34	C8	00	C0	EF	41	00	78	1A	42	00	90	81	41	00	80	F1	40	00	20	C2	41	00	00	00	00	00	00	00	00	00	00	00	00	00	00	00	00	00	00	00	00
11.171	3D DATA	true	-	-	-	-	-117601.2	-117758.7	-118571.8	-117857.8	-185125.8	30.0	38.6	16.2	7.5	24.3	-	-	-	-	-
11.171	3D MESSAGE	48	00	FE	91	20	59	3A	8C	90	FD	DD	3D	58	AF	E5	C7	D4	FD	E5	C7	FE	94	E7	C7	56	30	E6	C7	E7	C8	34	C8	00	D0	01	42	00	88	26	42	00	D0	8F	41	00	20	0A	41	00	C0	D3	41	00	00	00	00	00	00	00	00	00	00	00	00	00	00	00	00	00	00	00	00
11.172	3D DATA	true	-	-	-	-	-117598.7	-117755.7	-118570.0	-117856.7	-185123.6	32.5	41.6	18.0	8.6	26.5	-	-	-	-	-
11.172	3D MESSAGE	48	00	FF	91	20	59	3B	8C	90	FD	DD	3D	1C	AE	E5	C7	54	FC	E5	C7	2D	94	E7	C7	D9	2F	E6	C7	5B	C8	34	C8	00	B0	0B	42	00	88	32	42	00	E0	9C	41	00	C0	19	41	00	40	E5	41	00	00	00	00	00	00	00	00	00	00	00	00	00	00	00	00	00	00	00	00
11.172	3D DATA	true	-	-	-	-	-117596.2	-117752.7	-118568.4	-117855.7	-185121.4	34.9	44.6	19.6	9.6	28.7	-	-	-	-	-
11.200	3D MESSAGE	48	00	00	91	20	59	3C	8C	90	FD	DD	3D	E2	AC	E5	C7	D6	FA	E5	C7	6F	93	E7	C7	6B	2F	E6	C7	CD	C7	34	C8	00	80	15	42	00	78	3E	42	00	C0	A8	41	00	80	27	41	00	00	F7	41	00	00	00	00	00	00	00	00	00	00	00	00	00	00	00	00	00	00	00	00
11.200	3D DATA	true	-	-	-	-	-117593.8	-117749.7	-118566.9	-117854.8	-185119.2	37.4	47.6	21.1	10.5	30.9	-	-	-	-	-
11.201	3D MESSAGE	48	00	01	91	20	59	3D	8C	90	FD	DD	3D	9E	AB	E5	C7	54	F9	E5	C7	BF	92	E7	C7	0A	2F	E6	C7	3B	C7	34	C8	00	A0	1F	42	00	88	4A	42	00	C0	B3	41	00	A0	33	41	00	A0	04	42	00	00	00	00	00	00	00	00	00	00	00	00	00	00	00	00	00	00	00	00
11.201	3D DATA	true	-	-	-	-	-117591.2	-117746.7	-118565.5	-117854.1	-185116.9	39.9	50.6	22.5	11.2	33.2	-	-	-	-	-
11.201	3D MESSAGE	48	00	02	91	20	59	3E	8C	90	FD	DD	3D	46	AA	E5	C7	C2	F7	E5	C7	0F	92	E7	C7	AC	2E	E6	C7	9F	C6	34	C8	00	60	2A	42	00	18	57	42	00	C0	BE	41	00	60	3F	41	00	60	0E	42	00	00	00	00	00	00	00	00	00	00	00	00	00	00	00	00	00	00	00	00
11.201	3D DATA	true	-	-	-	-	-117588.5	-117743.5	-118564.1	-117853.3	-185114.5	42.6	53.8	23.8	12.0	35.6	-	-	-	-	-
11.202	3D MESSAGE	48	00	03	91	20	59	3F	8C	90	FD	DD	3D	CE	A8	E5	C7	10	F6	E5	C7	50	91	E7	C7	46	2E	E6	C7	F4	C5	34	C8	00	20	36	42	00	A8	64	42	00	B0	CA	41	00	20	4C	41	00	10	19	42	00	00	00	00	00	00	00	00	00	00	00	00	00	00	00	00	00	00	00	00
11.202	3D DATA	true	-	-	-	-	-117585.6	-117740.1	-118562.6	-117852.5	-185111.8	45.5	57.2	25.3	12.8	38.3	-	-	-	-	-
11.202	3D MESSAGE	48	00	04	91	20	59	40	8C	90	FD	DD	3D	29	A7	E5	C7	33	F4	E5	C7	78	90	E7	C7	D0	2D	E6	C7	36	C5	34	C8	00	48	43	42	00	90	73	42	00	30	D8	41	00	E0	5A	41	00	F0	24	42	00	00	00	00	00	00	00	00	00	00	00	00	00	00	00	00	00	00	00	00
11.202	3D DATA	true	-	-	-	-	-117582.3	-117736.4	-118560.9	-117851.6	-185108.8	48.8	60.9	27.0	13.7	41.2	-	-	-	-	-
11.202	3D MESSAGE	48	00	05	91	20	59	41	8C	90	FD	DD	3D	53	A5	E5	C7	22	F2	E5	C7	7E	8F	E7	C7	42	2D	E6	C7	62	C4	34	C8	00	F8	51	42	00	0C	82	42	00	D0	E7	41	00	A0	6C	41	00	30	32	42	00	00	00	00	00	00	00	00	00	00	00	00	00	00	00	00	00	00	00	00
11.202	3D DATA	true	-	-	-	-	-117578.6	-117732.3	-118559.0	-117850.5	-185105.5	52.5	65.0	29.0	14.8	44.5	-	-	-	-	-
11.231	3D MESSAGE	48	00	06	91	20	59	42	8C	90	FD	DD	3D	46	A3	E5	C7	D9	EF	E5	C7	61	8E	E7	C7	98	2C	E6	C7	78	C3	34	C8	00	60	62	42	00	30	8B	42	00	A0	F9	41	00	F0	80	41	00	D0	40	42	00	00	00	00	00	00	00	00	00	00	00	00	00	00	00	00	00	00	00	00
11.231	3D DATA	true	-	-	-	-	-117574.5	-117727.7	-118556.8	-117849.2	-185101.9	56.6	69.6	31.2	16.1	48.2	-	-	-	-	-
11.231	3D MESSAGE	48	00	07	91	20	59	43	8C	90	FD	DD	3D	04	A1	E5	C7	5C	ED	E5	C7	23	8D	E7	C7	D5	2B	E6	C7	78	C2	34	C8	00	70	74	42	00	24	95	42	00	C0	06	42	00	20	8D	41	00	D0	50	42	00	00	00	00	00	00	00	00	00	00	00	00	00	00	00	00	00	00	00	00
11.231	3D DATA	true	-	-	-	-	-117570.0	-117722.7	-118554.3	-117847.7	-185097.9	61.1	74.6	33.7	17.6	52.2	-	-	-	-	-
11.232	3D MESSAGE	48	00	08	91	20	59	44	8C	90	FD	DD	3D	8E	9E	E5	C7	AF	EA	E5	C7	C9	8B	E7	C7	FA	2A	E6	C7	65	C1	34	C8	00	10	84	42	00	D8	9F	42	00	90	11	42	00	D0	9A	41	00	00	62	42	00	00	00	00	00	00	00	00	00	00	00	00	00	00	00	00	00	00	00	00
11.232	3D DATA	true	-	-	-	-	-117565.1	-117717.4	-118551.6	-117846.0	-185093.6	66.0	79.9	36.4	19.4	56.5	-	-	-	-	-
11.232	3D MESSAGE	48	00	09	91	20	59	45	8C	90	FD	DD	3D	EA	9B	E5	C7	DC	E7	E5	C7	57	8A	E7	C7	0C	2A	E6	C7	40	C0	34	C8	00	A0	8E	42	00	24	AB	42	00	20	1D	42	00	B0	A9	41	00	50	74	42	00	00	00	00	00	00	00	00	00	00	00	00	00	00	00	00	00	00	00	00
11.232	3D DATA	true	-	-	-	-	-117559.8	-117711.7	-118548.7	-117844.1	-185089.0	71.3	85.6	39.3	21.2	61.1	-	-	-	-	-
11.232	3D MESSAGE	48	00	0A	91	20	59	46	8C	90	FD	DD	3D	1C	99	E5	C7	EC	E4	E5	C7	CF	88	E7	C7	0E	29	E6	C7	09	BF	34	C8	00	D8	99	42	00	E4	B6	42	00	60	29	42	00	90	B9	41	00	E0	83	42	00	00	00	00	00	00	00	00	00	00	00	00	00	00	00	00	00	00	00	00
11.232	3D DATA	true	-	-	-	-	-117554.2	-117705.8	-118545.6	-117842.1	-185084.1	76.9	91.4	42.3	23.2	65.9	-	-	-	-	-
11.232	3D MESSAGE	48	00	0B	91	20	59	47	8C	90	FD	DD	3D	2D	96	E5	C7	EB	E1	E5	C7	32	87	E7	C7	05	28	E6	C7	C2	BD	34	C8	00	94	A5	42	00	E8	C2	42	00	48	36	42	00	20	CA	41	00	18	8E	42	00	00	00	00	00	00	00	00	00	00	00	00	00	00	00	00	00	00	00	00
11.232	3D DATA	true	-	-	-	-	-117548.4	-117699.8	-118542.4	-117840.0	-185079.0	82.8	97.5	45.6	25.3	71.0	-	-	-	-	-
11.261	3D MESSAGE	48	00	0C	91	20	59	48	8C	90	FD	DD	3D	24	93	E5	C7	E3	DE	E5	C7	81	85	E7	C7	F2	26	E6	C7	6C	BC	34	C8	00	B8	B1	42	00	08	CF	42	00	D0	43	42	00	50	DB	41	00	C8	98	42	00	00	00	00	00	00	00	00	00	00	00	00	00	00	00	00	00	00	00	00
11.261	3D DATA	true	-	-	-	-	-117542.3	-117693.8	-118539.0	-117837.9	-185073.7	88.9	103.5	49.0	27.4	76.4	-	-	-	-	-
11.261	3D MESSAGE	48	00	0D	91	20	59	49	8C	90	FD	DD	3D	08	90	E5	C7	DD	DB	E5	C7	C0	83	E7	C7	D7	25	E6	C7	08	BB	34	C8	00	28	BE	42	00	20	DB	42	00	D8	51	42	00	00	ED	41	00	E8	A3	42	00	00	00	00	00	00	00	00	00	00	00	00	00	00	00	00	00	00	00	00
11.262	3D DATA	true	-	-	-	-	-117536.1	-117687.7	-118535.5	-117835.7	-185068.1	95.1	109.6	52.5	29.6	82.0	-	-	-	-	-
11.262	3D MESSAGE	48	00	0E	91	20	59	4A	8C	90	FD	DD	3D	E2	8C	E5	C7	E0	D8	E5	C7	F3	81	E7	C7	B8	24	E6	C7	9B	B9	34	C8	00	C0	CA	42	00	14	E7	42	00	40	60	42	00	F0	FE	41	00	50	AF	42	00	00	00	00	00	00	00	00	00	00	00	00	00	00	00	00	00	00	00	00
11.262	3D DATA	true	-	-	-	-	-117529.8	-117681.8	-118531.9	-117833.4	-185062.4	101.4	115.5	56.1	31.9	87.7	-	-	-	-	-
11.262	3D MESSAGE	48	00	0F	91	20	59	4B	8C	90	FD	DD	3D	B7	89	E5	C7	EC	D5	E5	C7	1E	80	E7	C7	97	23	E6	C7	24	B8	34	C8	00	6C	D7	42	00	E4	F2	42	00	E8	6E	42	00	80	08	42	00	08	BB	42	00	00	00	00	00	00	00	00	00	00	00	00	00	00	00	00	00	00	00	00
11.262	3D DATA	true	-	-	-	-	-117523.4	-117675.8	-118528.2	-117831.2	-185056.6	107.7	121.4	59.7	34.1	93.5	-	-	-	-	-
11.262	3D MESSAGE	4E	00	10	91	30	59	4C	8D	00	00	3C	21	08	98	90	FD	DD	3D	8C	86	E5	C7	01	D3	E5	C7	43	7E	E7	C7	78	22	E6	C7	A6	B6	34	C8	00	18	E4	42	00	90	FE	42	00	C0	7D	42	00	78	11	42	00	F8	C6	42	00	00	00	00	00	00	00	00	00	00	00	00	00	00	00	00	00	00	00	00
11.262	3D DATA	true	-	0	8508	38920	-117517.1	-117670.0	-118524.5	-117828.9	-185050.6	114.0	127.3	63.4	36.4	99.5	-	-	-	-	-
11.263	3D MESSAGE	4E	00	11	91	30	59	4D	8D	00	00	68	27	9E	92	90	FD	DD	3D	64	83	E5	C7	1B	D0	E5	C7	61	7C	E7	C7	5A	21	E6	C7	1F	B5	34	C8	00	B8	F0	42	00	14	05	43	00	68	86	42	00	68	1A	42	00	30	D3	42	00	00	00	00	00	00	00	00	00	00	00	00	00	00	00	00	00	00	00	00
11.263	3D DATA	true	-	0	10088	37534	-117510.8	-117664.2	-118520.8	-117826.7	-185044.5	120.4	133.1	67.2	38.6	105.6	-	-	-	-	-
11.292	3D MESSAGE	4E	00	12	91	30	59	4E	8D	00	00	7D	2D	7E	8D	90	FD	DD	3D	3D	80	E5	C7	35	CD	E5	C7	73	7A	E7	C7	3C	20	E6	C7	8B	B3	34	C8	00	54	FD	42	00	E0	0A	43	00	20	8E	42	00	58	23	42	00	D0	DF	42	00	00	00	00	00	00	00	00	00	00	00	00	00	00	00	00	00	00	00	00
11.292	3D DATA	true	-	0	11645	36222	-117504.5	-117658.4	-118516.9	-117824.5	-185038.2	126.7	138.9	71.1	40.8	111.9	-	-	-	-	-
11.293	3D MESSAGE	4E	00	13	91	30	59	4F	8D	00	00	80	33	9C	88	90	FD	DD	3D	11	7D	E5	C7	4D	CA	E5	C7	6E	78	E7	C7	1A	1F	E6	C7	E5	B1	34	C8	00	02	05	43	00	B0	10	43	00	34	96	42	00	68	2C	42	00	00	ED	42	00	00	00	00	00	00	00	00	00	00	00	00	00	00	00	00	00	00	00	00
11.293	3D DATA	true	-	0	13184	34972	-117498.1	-117652.6	-118512.9	-117822.2	-185031.6	133.0	144.7	75.1	43.1	118.5	-	-	-	-	-
11.293	3D MESSAGE	4E	00	14	91	30	59	50	8D	00	00	7D	39	DD	83	90	FD	DD	3D	D9	79	E5	C7	60	C7	E5	C7	45	76	E7	C7	ED	1D	E6	C7	26	B0	34	C8	00	72	0B	43	00	8A	16	43	00	D8	9E	42	00	D0	35	42	00	F8	FA	42	00	00	00	00	00	00	00	00	00	00	00	00	00	00	00	00	00	00	00	00
11.293	3D DATA	true	-	0	14717	33757	-117491.7	-117646.8	-118508.5	-117819.9	-185024.6	139.4	150.5	79.4	45.5	125.5	-	-	-	-	-
11.293	3D MESSAGE	4E	00	15	91	30	59	51	8D	00	00	87	3F	31	7F	90	FD	DD	3D	8B	76	E5	C7	71	C4	E5	C7	EF	73	E7	C7	AC	1C	E6	C7	47	AE	34	C8	00	0E	12	43	00	68	1C	43	00	30	A8	42	00	D8	3F	42	00	F8	04	43	00	00	00	00	00	00	00	00	00	00	00	00	00	00	00	00	00	00	00	00
11.293	3D DATA	true	-	0	16263	32561	-117485.1	-117640.9	-118503.9	-117817.3	-185017.1	146.1	156.4	84.1	48.0	133.0	-	-	-	-	-
11.294	3D MESSAGE	4E	00	16	91	30	59	52	8D	00	00	B0	45	8D	7A	90	FD	DD	3D	1D	73	E5	C7	83	C1	E5	C7	62	71	E7	C7	4F	1B	E6	C7	44	AC	34	C8	00	EA	18	43	00	44	22	43	00	64	B2	42	00	C0	4A	42	00	04	0D	43	00	00	00	00	00	00	00	00	00	00	00	00	00	00	00	00	00	00	00	00
11.294	3D DATA	true	-	0	17840	31373	-117478.2	-117635.0	-118498.8	-117814.6	-185009.1	152.9	162.3	89.2	50.7	141.0	-	-	-	-	-
11.294	3D MESSAGE	4E	00	17	91	30	59	53	8D	00	00	06	4C	F5	75	90	FD	DD	3D	88	6F	E5	C7	9D	BE	E5	C7	9F	6E	E7	C7	D1	19	E6	C7	1E	AA	34	C8	00	14	20	43	00	10	28	43	00	70	BD	42	00	B0	56	42	00	9C	15	43	00	00	00	00	00	00	00	00	00	00	00	00	00	00	00	00	00	00	00	00
11.294	3D DATA	true	-	0	19462	30197	-117471.1	-117629.2	-118493.2	-117811.6	-185000.5	160.1	168.1	94.7	53.7	149.6	-	-	-	-	-
11.295	3D MESSAGE	4E	00	18	91	30	59	54	8D	00	00	90	52	73	71	90	FD	DD	3D	CD	6B	E5	C7	CB	BB	E5	C7	A8	6B	E7	C7	30	18	E6	C7	D8	A7	34	C8	00	8A	27	43	00	B4	2D	43	00	4C	C9	42	00	B8	63	42	00	B4	1E	43	00	00	00	00	00	00	00	00	00	00	00	00	00	00	00	00	00	00	00	00
11.295	3D DATA	true	-	0	21136	29043	-117463.6	-117623.6	-118487.3	-117808.4	-184991.4	167.5	173.7	100.6	56.9	158.7	-	-	-	-	-
11.324	3D MESSAGE	4E	00	19	91	30	59	55	8D	00	00	41	59	19	6D	90	FD	DD	3D	F2	67	E5	C7	1C	B9	E5	C7	8D	68	E7	C7	70	16	E6	C7	7A	A5	34	C8	00	40	2F	43	00	12	33	43	00	B8	D5	42	00	B8	71	42	00	2C	28	43	00	00	00	00	00	00	00	00	00	00	00	00	00	00	00	00	00	00	00	00
11.324	3D DATA	true	-	0	22849	27929	-117455.9	-117618.2	-118481.1	-117804.9	-184981.9	175.2	179.1	106.9	60.4	168.2	-	-	-	-	-
11.325	3D MESSAGE	4E	00	1A	91	30	59	56	8D	39	01	FE	5F	FB	68	90	FD	DD	3D	06	64	E5	C7	A1	B6	E5	C7	5D	65	E7	C7	97	14	E6	C7	0F	A3	34	C8	00	18	37	43	00	08	38	43	00	78	E2	42	00	40	80	42	00	D8	31	43	00	00	00	00	00	00	00	00	00	00	00	00	00	00	00	00	00	00	00	00
11.325	3D DATA	true	-	313	24574	26875	-117448.0	-117613.3	-118474.7	-117801.2	-184972.2	183.1	184.0	113.2	64.1	177.8	-	-	-	-	-
11.326	3D MESSAGE	52	00	1B	91	32	59	57	8D	00	00	00	08	08	04	9C	66	2A	65	90	FD	DD	3D	18	60	E5	C7	6F	B4	E5	C7	2C	62	E7	C7	AC	12	E6	C7	A0	A0	34	C8	00	F4	3E	43	00	6C	3C	43	00	3C	EF	42	00	EC	87	42	00	94	3B	43	00	00	00	00	00	00	00	00	00	00	00	00	00	00	00	00	00	00	00	00
11.326	3D DATA	true	-	1032	26268	25898	-117440.2	-117608.9	-118468.3	-117797.3	-184962.5	191.0	188.4	119.6	68.0	187.6	-	-	-	-	-
11.326	3D MESSAGE	4E	00	1C	91	30	59	58	8D	32	08	F4	6C	B3	61	90	FD	DD	3D	40	5C	E5	C7	9B	B2	E5	C7	0D	5F	E7	C7	B6	10	E6	C7	38	9E	34	C8	00	A4	46	43	00	14	40	43	00	B8	FB	42	00	C4	8F	42	00	34	45	43	00	00	00	00	00	00	00	00	00	00	00	00	00	00	00	00	00	00	00	00
11.326	3D DATA	true	-	2098	27892	25011	-117432.5	-117605.2	-118462.1	-117793.4	-184952.9	198.6	192.1	125.9	71.9	197.2	-	-	-	-	-
11.326	3D MESSAGE	4E	00	1D	91	30	59	59	8D	74	0D	E6	72	9E	5E	E8	21	2E	40	8E	58	E5	C7	36	B1	E5	C7	06	5C	E7	C7	BA	0E	E6	C7	DC	9B	34	C8	00	08	4E	43	00	DE	42	43	00	EA	03	43	00	B4	97	42	00	A4	4E	43	00	00	00	00	00	00	00	00	00	00	00	00	00	00	00	00	00	00	00	00
11.326	3D DATA	true	-	3444	29414	24222	-117425.1	-117602.4	-118456.0	-117789.5	-184943.4	206.0	194.9	131.9	75.9	206.6	-	-	-	-	-
11.327	3D MESSAGE	4E	00	1E	91	30	59	5A	8D	89	13	5A	78	E8	5B	E8	21	2E	40	0E	55	E5	C7	4A	B0	E5	C7	1A	59	E7	C7	B9	0C	E6	C7	8F	99	34	C8	00	08	55	43	00	B6	44	43	00	C2	09	43	00	B8	9F	42	00	D8	57	43	00	00	00	00	00	00	00	00	00	00	00	00	00	00	00	00	00	00	00	00
11.327	3D DATA	true	-	5001	30810	23528	-117418.1	-117600.6	-118450.2	-117785.4	-184934.2	213.0	196.7	137.8	79.9	215.8	-	-	-	-	-
11.357	3D MESSAGE	4E	00	1F	91	30	59	5B	8D	2D	1A	47	7D	85	59	E8	21	2E	40	C9	51	E5	C7	D8	AF	E5	C7	3C	56	E7	C7	AE	0A	E6	C7	50	97	34	C8	00	92	5B	43	00	9A	45	43	00	7E	0F	43	00	E4	A7	42	00	D4	60	43	00	00	00	00	00	00	00	00	00	00	00	00	00	00	00	00	00	00	00	00
11.357	3D DATA	true	-	6701	32071	22917	-117411.6	-117599.7	-118444.5	-117781.4	-184925.2	219.6	197.6	143.5	83.9	224.8	-	-	-	-	-
11.358	3D MESSAGE	52	00	20	91	32	59	5C	8D	00	00	00	88	22	21	B5	81	68	57	E8	21	2E	40	BD	4E	E5	C7	DA	AF	E5	C7	5E	53	E7	C7	96	08	E6	C7	1B	95	34	C8	00	AA	61	43	00	96	45	43	00	3A	15	43	00	44	B0	42	00	A8	69	43	00	00	00	00	00	00	00	00	00	00	00	00	00	00	00	00	00	00	00	00
11.358	3D DATA	true	-	8482	33205	22376	-117405.5	-117599.7	-118438.7	-117777.2	-184916.4	225.7	197.6	149.2	88.1	233.7	-	-	-	-	-
11.358	3D MESSAGE	4E	00	21	91	30	59	5D	8D	3C	28	BA	85	7D	55	E8	21	2E	40	E8	4B	E5	C7	46	B0	E5	C7	6B	50	E7	C7	68	06	E6	C7	EE	92	34	C8	00	54	67	43	00	BE	44	43	00	20	1B	43	00	FC	B8	42	00	5C	72	43	00	00	00	00	00	00	00	00	00	00	00	00	00	00	00	00	00	00	00	00
11.358	3D DATA	true	-	10300	34234	21885	-117399.8	-117600.5	-118432.8	-117772.8	-184907.7	231.3	196.7	155.1	92.5	242.4	-	-	-	-	-
11.358	3D MESSAGE	4E	00	22	91	30	59	5E	8D	59	2F	72	89	BA	53	E8	21	2E	40	47	49	E5	C7	10	B1	E5	C7	5B	4D	E7	C7	24	04	E6	C7	C4	90	34	C8	00	96	6C	43	00	2A	43	43	00	40	21	43	00	0C	C2	42	00	04	7B	43	00	00	00	00	00	00	00	00	00	00	00	00	00	00	00	00	00	00	00	00
11.358	3D DATA	true	-	12121	35186	21434	-117394.6	-117602.1	-118426.7	-117768.3	-184899.1	236.6	195.2	161.2	97.0	251.0	-	-	-	-	-
11.359	3D MESSAGE	4E	00	23	91	30	59	5F	8D	64	36	F2	8C	15	52	E8	21	2E	40	D8	46	E5	C7	2F	B2	E5	C7	2B	4A	E7	C7	C8	01	E6	C7	9C	8E	34	C8	00	74	71	43	00	EC	40	43	00	A0	27	43	00	7C	CB	42	00	D2	81	43	00	00	00	00	00	00	00	00	00	00	00	00	00	00	00	00	00	00	00	00
11.359	3D DATA	true	-	13924	36082	21013	-117389.7	-117604.4	-118420.3	-117763.6	-184890.4	241.5	192.9	167.6	101.7	259.6	-	-	-	-	-
11.359	3D MESSAGE	4E	00	24	91	30	59	60	8D	4F	3D	49	90	8E	50	E8	21	2E	40	9A	44	E5	C7	9B	B3	E5	C7	E4	46	E7	C7	58	FF	E5	C7	78	8C	34	C8	00	F0	75	43	00	14	3E	43	00	2E	2E	43	00	3C	D5	42	00	1A	86	43	00	00	00	00	00	00	00	00	00	00	00	00	00	00	00	00	00	00	00	00
11.359	3D DATA	true	-	15695	36937	20622	-117385.2	-117607.2	-118413.8	-117758.7	-184881.9	245.9	190.1	174.2	106.6	268.2	-	-	-	-	-
11.361	3D MESSAGE	4E	00	25	91	30	59	61	8D	0E	44	79	93	26	4F	E8	21	2E	40	90	42	E5	C7	4E	B5	E5	C7	96	43	E7	C7	D3	FC	E5	C7	5B	8A	34	C8	00	04	7A	43	00	AE	3A	43	00	CA	34	43	00	50	DF	42	00	54	8A	43	00	00	00	00	00	00	00	00	00	00	00	00	00	00	00	00	00	00	00	00
11.361	3D DATA	true	-	17422	37753	20262	-117381.1	-117610.6	-118407.2	-117753.6	-184873.4	250.0	186.7	180.8	111.7	276.7	-	-	-	-	-
11.387	3D MESSAGE	4E	00	26	91	30	59	62	8D	9B	4A	7D	96	DE	4D	E8	21	2E	40	BC	40	E5	C7	43	B7	E5	C7	52	40	E7	C7	3C	FA	E5	C7	4B	88	34	C8	00	AC	7D	43	00	C4	36	43	00	52	3B	43	00	AC	E9	42	00	74	8E	43	00	00	00	00	00	00	00	00	00	00	00	00	00	00	00	00	00	00	00	00
11.387	3D DATA	true	-	19099	38525	19934	-117377.5	-117614.5	-118400.6	-117748.5	-184865.2	253.7	182.8	187.3	116.8	284.9	-	-	-	-	-
11.388	3D MESSAGE	4E	00	27	91	30	59	63	8D	F3	50	50	99	B8	4C	E8	21	2E	40	1F	3F	E5	C7	74	B9	E5	C7	26	3D	E7	C7	8E	F7	E5	C7	4E	86	34	C8	00	73	80	43	00	62	32	43	00	AA	41	43	00	64	F4	42	00	6E	92	43	00	00	00	00	00	00	00	00	00	00	00	00	00	00	00	00	00	00	00	00
11.388	3D DATA	true	-	20723	39248	19640	-117374.2	-117618.9	-118394.3	-117743.1	-184857.2	256.9	178.4	193.7	122.2	292.9	-	-	-	-	-
11.388	3D MESSAGE	4E	00	28	91	30	59	64	8D	16	57	F0	9B	B2	4B	E8	21	2E	40	BD	3D	E5	C7	D9	BB	E5	C7	1A	3A	E7	C7	C6	F4	E5	C7	6D	84	34	C8	00	D5	81	43	00	98	2D	43	00	C2	47	43	00	84	FF	42	00	30	96	43	00	00	00	00	00	00	00	00	00	00	00	00	00	00	00	00	00	00	00	00
11.388	3D DATA	true	-	22294	39920	19378	-117371.5	-117623.7	-118388.2	-117737.5	-184849.7	259.7	173.6	199.8	127.8	300.4	-	-	-	-	-
11.389	3D MESSAGE	4E	00	29	91	30	59	65	8D	0C	5D	5B	9E	C7	4A	E8	21	2E	40	96	3C	E5	C7	6E	BE	E5	C7	35	37	E7	C7	DE	F1	E5	C7	AF	82	34	C8	00	FC	82	43	00	6E	28	43	00	8C	4D	43	00	92	05	43	00	AC	99	43	00	00	00	00	00	00	00	00	00	00	00	00	00	00	00	00	00	00	00	00
11.389	3D DATA	true	-	23820	40539	19143	-117369.2	-117628.9	-118382.4	-117731.7	-184842.7	262.0	168.4	205.5	133.6	307.3	-	-	-	-	-
11.389	3D MESSAGE	4E	00	2A	91	30	59	66	8D	DC	62	98	A0	F5	49	E8	21	2E	40	AF	3B	E5	C7	2C	C1	E5	C7	79	34	E7	C7	D6	EE	E5	C7	1C	81	34	C8	00	E3	83	43	00	F2	22	43	00	04	53	43	00	A2	0B	43	00	D2	9C	43	00	00	00	00	00	00	00	00	00	00	00	00	00	00	00	00	00	00	00	00
11.389	3D DATA	true	-	25308	41112	18933	-117367.4	-117634.3	-118376.9	-117725.7	-184836.4	263.8	162.9	211.0	139.6	313.6	-	-	-	-	-
11.418	3D MESSAGE	4E	00	2B	91	30	59	67	8D	92	68	AC	A2	39	49	E8	21	2E	40	0C	3B	E5	C7	11	C4	E5	C7	E9	31	E7	C7	AC	EB	E5	C7	BC	7F	34	C8	00	86	84	43	00	28	1D	43	00	24	58	43	00	F6	11	43	00	92	9F	43	00	00	00	00	00	00	00	00	00	00	00	00	00	00	00	00	00	00	00	00
11.418	3D DATA	true	-	26770	41644	18745	-117366.1	-117640.1	-118371.8	-117719.3	-184830.9	265.0	157.2	216.1	146.0	319.1	-	-	-	-	-
11.418	3D MESSAGE	4E	00	2C	91	30	59	68	8D	34	6E	A0	A4	95	48	E8	21	2E	40	B3	3A	E5	C7	17	C7	E5	C7	88	2F	E7	C7	64	E8	E5	C7	92	7E	34	C8	00	DF	84	43	00	1C	17	43	00	E6	5C	43	00	86	18	43	00	E6	A1	43	00	00	00	00	00	00	00	00	00	00	00	00	00	00	00	00	00	00	00	00
11.418	3D DATA	true	-	28212	42144	18581	-117365.4	-117646.2	-118367.1	-117712.8	-184826.3	265.7	151.1	220.9	152.5	323.8	-	-	-	-	-
11.419	3D MESSAGE	52	00	2D	91	32	59	69	8D	00	00	00	A8	CA	73	7A	A6	06	48	E8	21	2E	40	A7	3A	E5	C7	34	CA	E5	C7	57	2D	E7	C7	00	E5	E5	C7	9D	7D	34	C8	00	EB	84	43	00	E2	10	43	00	48	61	43	00	4E	1F	43	00	D0	A3	43	00	00	00	00	00	00	00	00	00	00	00	00	00	00	00	00	00	00	00	00
11.419	3D DATA	true	-	29642	42618	18438	-117365.3	-117652.4	-118362.7	-117706.0	-184822.5	265.8	144.9	225.3	159.3	327.6	-	-	-	-	-
11.419	3D MESSAGE	4E	00	2E	91	30	59	6A	8D	57	79	41	A8	8A	47	E8	21	2E	40	E8	3A	E5	C7	5B	CD	E5	C7	58	2B	E7	C7	80	E1	E5	C7	DC	7C	34	C8	00	AA	84	43	00	94	0A	43	00	46	65	43	00	4E	26	43	00	52	A5	43	00	00	00	00	00	00	00	00	00	00	00	00	00	00	00	00	00	00	00	00
11.419	3D DATA	true	-	31063	43073	18314	-117365.8	-117658.7	-118358.7	-117699.0	-184819.4	265.3	138.6	229.3	166.3	330.6	-	-	-	-	-
11.419	3D MESSAGE	4E	00	2F	91	30	59	6B	8D	DC	7E	FA	A9	1D	47	E8	21	2E	40	72	3B	E5	C7	7B	D0	E5	C7	87	29	E7	C7	E1	DD	E5	C7	47	7C	34	C8	00	20	84	43	00	54	04	43	00	E8	68	43	00	8C	2D	43	00	7C	A6	43	00	00	00	00	00	00	00	00	00	00	00	00	00	00	00	00	00	00	00	00
11.419	3D DATA	true	-	32476	43514	18205	-117366.9	-117665.0	-118355.1	-117691.8	-184817.1	264.2	132.3	232.9	173.5	333.0	-	-	-	-	-
11.420	3D MESSAGE	4E	00	30	91	30	59	6C	8D	5A	84	A9	AB	B9	46	E8	21	2E	40	3D	3C	E5	C7	81	D3	E5	C7	E0	27	E7	C7	1A	DA	E5	C7	D7	7B	34	C8	00	55	83	43	00	90	FC	42	00	36	6C	43	00	1A	35	43	00	5C	A7	43	00	00	00	00	00	00	00	00	00	00	00	00	00	00	00	00	00	00	00	00
11.420	3D DATA	true	-	33882	43945	18105	-117368.5	-117671.0	-118351.8	-117684.2	-184815.4	262.7	126.3	236.2	181.1	334.7	-	-	-	-	-
11.421	3D MESSAGE	4E	00	31	91	30	59	6D	8D	CF	89	53	AD	56	46	E8	21	2E	40	42	3D	E5	C7	62	D6	E5	C7	5D	26	E7	C7	26	D6	E5	C7	87	7B	34	C8	00	50	82	43	00	0C	F1	42	00	3C	6F	43	00	02	3D	43	00	FC	A7	43	00	00	00	00	00	00	00	00	00	00	00	00	00	00	00	00	00	00	00	00
11.421	3D DATA	true	-	35279	44371	18006	-117370.5	-117676.8	-118348.7	-117676.3	-184814.1	260.6	120.5	239.2	189.0	336.0	-	-	-	-	-
11.449	3D MESSAGE	4E	00	32	91	30	59	6E	8D	38	8F	FA	AE	F0	45	E8	21	2E	40	7C	3E	E5	C7	15	D9	E5	C7	FE	24	E7	C7	02	D2	E5	C7	52	7B	34	C8	00	16	81	43	00	40	E6	42	00	FA	71	43	00	4A	45	43	00	66	A8	43	00	00	00	00	00	00	00	00	00	00	00	00	00	00	00	00	00	00	00	00
11.449	3D DATA	true	-	36664	44794	17904	-117373.0	-117682.2	-118346.0	-117668.0	-184813.3	258.2	115.1	242.0	197.3	336.8	-	-	-	-	-
11.450	3D MESSAGE	4E	00	33	91	30	59	6F	8D	92	94	A0	B0	82	45	E8	21	2E	40	EC	3F	E5	C7	9F	DB	E5	C7	C8	23	E7	C7	B5	CD	E5	C7	3A	7B	34	C8	00	4C	7F	43	00	18	DC	42	00	66	74	43	00	E4	4D	43	00	96	A8	43	00	00	00	00	00	00	00	00	00	00	00	00	00	00	00	00	00	00	00	00
11.450	3D DATA	true	-	38034	45216	17794	-117375.8	-117687.2	-118343.6	-117659.4	-184812.9	255.3	110.0	244.4	205.9	337.2	-	-	-	-	-
11.450	3D MESSAGE	4E	00	34	91	30	59	70	8D	DB	99	45	B2	0B	45	E8	21	2E	40	94	41	E5	C7	0A	DE	E5	C7	C4	22	E7	C7	48	C9	E5	C7	44	7B	34	C8	00	FC	7B	43	00	6C	D2	42	00	6E	76	43	00	BE	56	43	00	82	A8	43	00	00	00	00	00	00	00	00	00	00	00	00	00	00	00	00	00	00	00	00
11.450	3D DATA	true	-	39387	45637	17675	-117379.2	-117692.1	-118341.5	-117650.6	-184813.1	252.0	105.2	246.4	214.7	337.0	-	-	-	-	-
11.450	3D MESSAGE	4E	00	35	91	30	59	71	8D	14	9F	EB	B3	91	44	E8	21	2E	40	7B	43	E5	C7	60	E0	E5	C7	FC	21	E7	C7	CE	C4	E5	C7	77	7B	34	C8	00	2E	78	43	00	14	C9	42	00	FE	77	43	00	B2	5F	43	00	1C	A8	43	00	00	00	00	00	00	00	00	00	00	00	00	00	00	00	00	00	00	00	00
11.450	3D DATA	true	-	40724	46059	17553	-117383.0	-117696.8	-118340.0	-117641.6	-184813.9	248.2	100.5	248.0	223.7	336.2	-	-	-	-	-
11.451	3D MESSAGE	4E	00	36	91	30	59	72	8D	40	A4	93	B5	1B	44	E8	21	2E	40	A6	45	E5	C7	AA	E2	E5	C7	7B	21	E7	C7	53	C0	E5	C7	D8	7B	34	C8	00	D8	73	43	00	EC	BF	42	00	00	79	43	00	A8	68	43	00	5A	A7	43	00	00	00	00	00	00	00	00	00	00	00	00	00	00	00	00	00	00	00	00
11.451	3D DATA	true	-	42048	46483	17435	-117387.3	-117701.3	-118339.0	-117632.6	-184815.4	243.8	96.0	249.0	232.7	334.7	-	-	-	-	-
11.451	3D MESSAGE	4E	00	37	91	30	59	73	8D	61	A9	3F	B7	B6	43	E8	21	2E	40	14	48	E5	C7	EA	E4	E5	C7	44	21	E7	C7	E4	BB	E5	C7	6A	7C	34	C8	00	FC	6E	43	00	EC	B6	42	00	6E	79	43	00	86	71	43	00	36	A6	43	00	00	00	00	00	00	00	00	00	00	00	00	00	00	00	00	00	00	00	00
11.452	3D DATA	true	-	43361	46911	17334	-117392.2	-117705.8	-118338.5	-117623.8	-184817.7	239.0	91.5	249.4	241.5	332.4	-	-	-	-	-
11.478	3D MESSAGE	4E	00	38	91	30	59	74	8D	7B	AE	F2	B8	6A	43	E8	21	2E	40	C4	4A	E5	C7	1E	E7	E5	C7	58	21	E7	C7	88	B7	E5	C7	2C	7D	34	C8	00	9C	69	43	00	1C	AE	42	00	46	79	43	00	3E	7A	43	00	B2	A4	43	00	00	00	00	00	00	00	00	00	00	00	00	00	00	00	00	00	00	00	00
11.478	3D DATA	true	-	44667	47346	17258	-117397.5	-117710.2	-118338.7	-117615.1	-184820.7	233.6	87.1	249.3	250.2	329.4	-	-	-	-	-
11.479	3D MESSAGE	4E	00	39	91	30	59	75	8D	92	B3	B0	BA	36	43	E8	21	2E	40	AD	4D	E5	C7	40	E9	E5	C7	B2	21	E7	C7	40	B3	E5	C7	1A	7E	34	C8	00	CA	63	43	00	94	A5	42	00	92	78	43	00	67	81	43	00	D6	A2	43	00	00	00	00	00	00	00	00	00	00	00	00	00	00	00	00	00	00	00	00
11.479	3D DATA	true	-	45970	47792	17206	-117403.4	-117714.5	-118339.4	-117606.5	-184824.4	227.8	82.8	248.6	258.8	325.7	-	-	-	-	-
11.479	3D MESSAGE	4E	00	3A	91	30	59	76	8D	AA	B8	7B	BC	17	43	E8	21	2E	40	CB	50	E5	C7	4A	EB	E5	C7	51	22	E7	C7	0B	AF	E5	C7	33	7F	34	C8	00	8E	5D	43	00	6C	9D	42	00	54	77	43	00	9C	85	43	00	A4	A0	43	00	00	00	00	00	00	00	00	00	00	00	00	00	00	00	00	00	00	00	00
11.479	3D DATA	true	-	47274	48251	17175	-117409.6	-117718.6	-118340.6	-117598.1	-184828.8	221.6	78.7	247.3	267.2	321.3	-	-	-	-	-
11.479	3D MESSAGE	4E	00	3B	91	30	59	77	8D	C7	BD	59	BE	08	43	E8	21	2E	40	1A	54	E5	C7	3C	ED	E5	C7	33	23	E7	C7	EC	AA	E5	C7	73	80	34	C8	00	F0	56	43	00	A4	95	42	00	90	75	43	00	BB	89	43	00	24	9E	43	00	00	00	00	00	00	00	00	00	00	00	00	00	00	00	00	00	00	00	00
11.479	3D DATA	true	-	48583	48729	17160	-117416.2	-117722.5	-118342.4	-117589.8	-184833.8	214.9	74.8	245.6	275.5	316.3	-	-	-	-	-
11.480	3D MESSAGE	4E	00	3C	91	30	59	78	8D	F0	C2	4D	C0	05	43	E8	21	2E	40	98	57	E5	C7	17	EF	E5	C7	5A	24	E7	C7	E8	A6	E5	C7	DB	81	34	C8	00	F4	4F	43	00	38	8E	42	00	42	73	43	00	BF	8D	43	00	54	9B	43	00	00	00	00	00	00	00	00	00	00	00	00	00	00	00	00	00	00	00	00
11.480	3D DATA	true	-	49904	49229	17157	-117423.2	-117726.2	-118344.7	-117581.8	-184839.4	208.0	71.1	243.3	283.5	310.7	-	-	-	-	-
11.481	3D MESSAGE	4E	00	3D	91	30	59	79	8D	2B	C8	5C	C2	0E	43	E8	21	2E	40	45	5B	E5	C7	E3	F0	E5	C7	CB	25	E7	C7	09	A3	E5	C7	71	83	34	C8	00	9A	48	43	00	08	87	42	00	60	70	43	00	9E	91	43	00	28	98	43	00	00	00	00	00	00	00	00	00	00	00	00	00	00	00	00	00	00	00	00
11.481	3D DATA	true	-	51243	49756	17166	-117430.5	-117729.8	-118347.6	-117574.1	-184845.8	200.6	67.5	240.4	291.2	304.3	-	-	-	-	-
11.512	3D MESSAGE	4E	00	3E	91	30	59	7A	8D	82	CD	8A	C4	25	43	E8	21	2E	40	1F	5F	E5	C7	A9	F2	E5	C7	8C	27	E7	C7	5C	9F	E5	C7	3A	85	34	C8	00	E6	40	43	00	E0	7F	42	00	DE	6C	43	00	4B	95	43	00	96	94	43	00	00	00	00	00	00	00	00	00	00	00	00	00	00	00	00	00	00	00	00
11.512	3D DATA	true	-	52610	50314	17189	-117438.2	-117733.3	-118351.1	-117566.7	-184852.9	192.9	64.0	236.9	298.6	297.2	-	-	-	-	-
11.512	3D MESSAGE	4E	00	3F	91	30	59	7B	8D	01	D3	DC	C6	4A	43	E8	21	2E	40	20	63	E5	C7	6D	F4	E5	C7	A0	29	E7	C7	F4	9B	E5	C7	3C	87	34	C8	00	E4	38	43	00	C0	71	42	00	B6	68	43	00	B3	98	43	00	92	90	43	00	00	00	00	00	00	00	00	00	00	00	00	00	00	00	00	00	00	00	00
11.512	3D DATA	true	-	54017	50908	17226	-117446.2	-117736.9	-118355.2	-117559.9	-184860.9	184.9	60.4	232.7	305.4	289.1	-	-	-	-	-
11.512	3D MESSAGE	4E	00	40	91	30	59	7C	8D	B5	D8	55	C9	85	43	E8	21	2E	40	3F	67	E5	C7	32	F6	E5	C7	06	2C	E7	C7	E3	98	E5	C7	7A	89	34	C8	00	A6	30	43	00	98	63	42	00	EA	63	43	00	C4	9B	43	00	16	8C	43	00	00	00	00	00	00	00	00	00	00	00	00	00	00	00	00	00	00	00	00
11.512	3D DATA	true	-	55477	51541	17285	-117454.5	-117740.4	-118360.0	-117553.8	-184869.9	176.6	56.9	227.9	311.5	280.2	-	-	-	-	-
11.513	3D MESSAGE	4E	00	41	91	30	59	7D	8D	AB	DE	F9	CB	E2	43	E8	21	2E	40	6C	6B	E5	C7	F2	F7	E5	C7	B9	2E	E7	C7	39	96	E5	C7	F0	8B	34	C8	00	4C	28	43	00	98	55	42	00	84	5E	43	00	6E	9E	43	00	2A	87	43	00	00	00	00	00	00	00	00	00	00	00	00	00	00	00	00	00	00	00	00
11.513	3D DATA	true	-	57003	52217	17378	-117462.8	-117743.9	-118365.4	-117548.4	-184879.8	168.3	53.4	222.5	316.9	270.3	-	-	-	-	-
11.513	3D MESSAGE	4E	00	42	91	30	59	7E	8D	EF	E4	C8	CE	84	44	E8	21	2E	40	96	6F	E5	C7	A2	F9	E5	C7	AF	31	E7	C7	05	94	E5	C7	95	8E	34	C8	00	F8	1F	43	00	18	48	42	00	98	58	43	00	A2	A0	43	00	E0	81	43	00	00	00	00	00	00	00	00	00	00	00	00	00	00	00	00	00	00	00	00
11.513	3D DATA	true	-	58607	52936	17540	-117471.2	-117747.3	-118371.4	-117544.0	-184890.3	160.0	50.0	216.6	321.3	259.8	-	-	-	-	-
11.513	3D MESSAGE	4E	00	43	91	30	59	7F	8D	8A	EB	C1	D1	BD	45	E8	21	2E	40	AD	73	E5	C7	36	FB	E5	C7	DB	34	E7	C7	50	92	E5	C7	5A	91	34	C8	00	CA	17	43	00	78	3B	42	00	40	52	43	00	57	A2	43	00	AC	78	43	00	00	00	00	00	00	00	00	00	00	00	00	00	00	00	00	00	00	00	00
11.513	3D DATA	true	-	60298	53697	17853	-117479.4	-117750.4	-118377.7	-117540.6	-184901.4	151.8	46.9	210.2	324.7	248.7	-	-	-	-	-
11.542	3D MESSAGE	4E	00	44	91	30	59	80	8D	81	F2	E0	D4	FD	47	E8	21	2E	40	A4	77	E5	C7	A2	FC	E5	C7	31	38	E7	C7	23	91	E5	C7	2E	94	34	C8	00	DC	0F	43	00	18	30	42	00	94	4B	43	00	84	A3	43	00	5C	6D	43	00	00	00	00	00	00	00	00	00	00	00	00	00	00	00	00	00	00	00	00
11.542	3D DATA	true	-	62081	54496	18429	-117487.3	-117753.3	-118384.4	-117538.3	-184912.7	143.9	44.0	203.6	327.0	237.4	-	-	-	-	-
11.543	3D MESSAGE	4E	00	45	91	30	59	81	8D	D4	F9	1D	D8	94	4A	80	66	FF	3E	73	7B	E5	C7	E0	FD	E5	C7	A6	3B	E7	C7	84	90	E5	C7	02	97	34	C8	00	3E	08	43	00	28	26	42	00	AA	44	43	00	23	A4	43	00	0C	62	43	00	00	00	00	00	00	00	00	00	00	00	00	00	00	00	00	00	00	00	00
11.543	3D DATA	true	-	63956	55325	19092	-117494.9	-117755.8	-118391.3	-117537.0	-184924.0	136.2	41.5	196.7	328.3	226.0	-	-	-	-	-
11.543	3D MESSAGE	4E	00	46	91	30	59	82	8D	FE	FF	71	DB	99	4C	80	66	FF	3E	18	7F	E5	C7	F2	FE	E5	C7	32	3F	E7	C7	7A	90	E5	C7	CC	99	34	C8	00	F4	00	43	00	98	1D	42	00	92	3D	43	00	2D	A4	43	00	E4	56	43	00	00	00	00	00	00	00	00	00	00	00	00	00	00	00	00	00	00	00	00
11.543	3D DATA	true	-	65534	56177	19609	-117502.2	-117757.9	-118398.4	-117537.0	-184935.2	129.0	39.4	189.6	328.4	214.9	-	-	-	-	-
11.543	3D MESSAGE	4E	00	47	91	30	59	83	8D	FE	FF	9D	DE	5F	4E	80	66	FF	3E	99	82	E5	C7	E0	FF	E5	C7	D4	42	E7	C7	10	91	E5	C7	8A	9C	34	C8	00	E4	F3	42	00	28	16	42	00	4E	36	43	00	97	A3	43	00	EC	4B	43	00	00	00	00	00	00	00	00	00	00	00	00	00	00	00	00	00	00	00	00
11.543	3D DATA	true	-	65534	56989	20063	-117509.2	-117759.8	-118405.7	-117538.1	-184946.2	121.9	37.5	182.3	327.2	203.9	-	-	-	-	-
11.544	3D MESSAGE	4E	00	48	91	30	59	84	8D	FE	FF	44	E1	4E	50	80	66	FF	3E	FC	85	E5	C7	B7	00	E6	C7	8C	46	E7	C7	54	92	E5	C7	3D	9F	34	C8	00	58	E6	42	00	70	0F	42	00	DE	2E	43	00	53	A2	43	00	20	41	43	00	00	00	00	00	00	00	00	00	00	00	00	00	00	00	00	00	00	00	00
11.544	3D DATA	true	-	65534	57668	20558	-117516.0	-117761.4	-118413.1	-117540.7	-184957.0	115.2	35.9	174.9	324.6	193.1	-	-	-	-	-
11.544	3D MESSAGE	4E	00	49	91	30	59	85	8D	FE	FF	9C	E3	A8	52	80	66	FF	3E	4B	89	E5	C7	88	01	E6	C7	5F	4A	E7	C7	53	94	E5	C7	EA	A1	34	C8	00	1C	D9	42	00	E8	08	42	00	38	27	43	00	54	A0	43	00	6C	36	43	00	00	00	00	00	00	00	00	00	00	00	00	00	00	00	00	00	00	00	00
11.544	3D DATA	true	-	65534	58268	21160	-117522.6	-117763.1	-118420.7	-117544.6	-184967.7	108.6	34.2	167.2	320.7	182.4	-	-	-	-	-
11.574	3D MESSAGE	4E	00	4A	91	30	59	86	8D	FE	FF	BF	E5	8F	55	80	66	FF	3E	8E	8C	E5	C7	5D	02	E6	C7	51	4E	E7	C7	1A	97	E5	C7	96	A4	34	C8	00	10	CC	42	00	40	02	42	00	54	1F	43	00	8D	9D	43	00	BC	2B	43	00	00	00	00	00	00	00	00	00	00	00	00	00	00	00	00	00	00	00	00
11.574	3D DATA	true	-	65534	58815	21903	-117529.1	-117764.7	-118428.6	-117550.2	-184978.3	102.0	32.6	159.3	315.1	171.7	-	-	-	-	-
11.574	3D MESSAGE	4E	00	4B	91	30	59	87	8D	FE	FF	BB	E7	FA	58	80	66	FF	3E	C8	8F	E5	C7	3A	03	E6	C7	62	52	E7	C7	AF	9A	E5	C7	43	A7	34	C8	00	28	BF	42	00	B0	F6	41	00	32	17	43	00	F8	99	43	00	08	21	43	00	00	00	00	00	00	00	00	00	00	00	00	00	00	00	00	00	00	00	00
11.574	3D DATA	true	-	65534	59323	22778	-117535.6	-117766.5	-118436.8	-117557.4	-184989.0	95.6	30.8	151.2	307.9	161.0	-	-	-	-	-
11.575	3D MESSAGE	4E	00	4C	91	30	59	88	8D	FE	FF	99	E9	D8	5C	80	66	FF	3E	F7	92	E5	C7	1B	04	E6	C7	8E	56	E7	C7	0A	9F	E5	C7	EC	A9	34	C8	00	6C	B2	42	00	A0	E8	41	00	DA	0E	43	00	9D	95	43	00	64	16	43	00	00	00	00	00	00	00	00	00	00	00	00	00	00	00	00	00	00	00	00
11.575	3D DATA	true	-	65534	59801	23768	-117541.9	-117768.2	-118445.1	-117566.1	-184999.7	89.2	29.1	142.9	299.2	150.4	-	-	-	-	-
11.575	3D MESSAGE	4E	00	4D	91	30	59	89	8D	FE	FF	5A	EB	2B	61	80	66	FF	3E	15	96	E5	C7	FC	04	E6	C7	CE	5A	E7	C7	1E	A4	E5	C7	8C	AC	34	C8	00	F4	A5	42	00	90	DA	41	00	5A	06	43	00	89	90	43	00	E4	0B	43	00	00	00	00	00	00	00	00	00	00	00	00	00	00	00	00	00	00	00	00
11.575	3D DATA	true	-	65534	60250	24875	-117548.2	-117770.0	-118453.6	-117576.2	-185010.2	83.0	27.3	134.4	289.1	139.9	-	-	-	-	-
11.575	3D MESSAGE	4E	00	4E	91	30	59	8A	8D	FE	FF	FF	EC	FB	65	80	66	FF	3E	1B	99	E5	C7	D6	05	E6	C7	17	5F	E7	C7	D3	A9	E5	C7	1B	AF	34	C8	00	DC	99	42	00	F0	CC	41	00	90	FB	42	00	D4	8A	43	00	A8	01	43	00	00	00	00	00	00	00	00	00	00	00	00	00	00	00	00	00	00	00	00
11.575	3D DATA	true	-	65534	60671	26107	-117554.2	-117771.7	-118462.2	-117587.6	-185020.4	76.9	25.6	125.8	277.7	129.7	-	-	-	-	-
11.576	3D MESSAGE	4E	00	4F	91	30	59	8B	8D	FE	FF	86	EE	4A	6B	80	66	FF	3E	00	9C	E5	C7	A8	06	E6	C7	5E	63	E7	C7	0B	B0	E5	C7	91	B1	34	C8	00	48	8E	42	00	D0	BF	41	00	74	EA	42	00	9C	84	43	00	A0	EF	42	00	00	00	00	00	00	00	00	00	00	00	00	00	00	00	00	00	00	00	00
11.576	3D DATA	true	-	65534	61062	27466	-117560.0	-117773.3	-118470.7	-117600.1	-185030.3	71.1	24.0	117.2	265.2	119.8	-	-	-	-	-
11.577	3D MESSAGE	4E	00	50	91	30	59	8C	8D	FE	FF	EC	EF	1A	71	80	66	FF	3E	C1	9E	E5	C7	76	07	E6	C7	9A	67	E7	C7	AA	B6	E5	C7	EC	B3	34	C8	00	44	83	42	00	F0	B2	41	00	84	D9	42	00	FA	7B	43	00	C8	DC	42	00	00	00	00	00	00	00	00	00	00	00	00	00	00	00	00	00	00	00	00
11.577	3D DATA	true	-	65534	61420	28954	-117565.5	-117774.9	-118479.2	-117613.3	-185039.7	65.6	22.4	108.8	252.0	110.4	-	-	-	-	-
11.604	3D MESSAGE	4E	00	51	91	30	59	8D	8D	FE	FF	2E	F1	6D	77	80	66	FF	3E	5A	A1	E5	C7	46	08	E6	C7	C6	6B	E7	C7	91	BD	E5	C7	28	B6	34	C8	00	C0	71	42	00	F0	A5	41	00	D4	C8	42	00	2C	6E	43	00	E8	CA	42	00	00	00	00	00	00	00	00	00	00	00	00	00	00	00	00	00	00	00	00
11.604	3D DATA	true	-	65534	61742	30573	-117570.7	-117776.5	-118487.5	-117627.1	-185048.6	60.4	20.7	100.4	238.2	101.5	-	-	-	-	-
11.605	3D MESSAGE	4E	00	52	91	30	59	8E	8D	FE	FF	48	F2	4B	7E	80	66	FF	3E	CC	A3	E5	C7	22	09	E6	C7	D9	6F	E7	C7	A6	C4	E5	C7	48	B8	34	C8	00	30	5E	42	00	30	98	41	00	88	B8	42	00	02	60	43	00	E8	B9	42	00	00	00	00	00	00	00	00	00	00	00	00	00	00	00	00	00	00	00	00
11.605	3D DATA	true	-	65534	62024	32331	-117575.6	-117778.3	-118495.7	-117641.3	-185057.1	55.5	19.0	92.3	224.0	93.0	-	-	-	-	-
11.606	3D MESSAGE	4E	00	53	91	30	59	8F	8D	FE	FF	39	F3	B8	85	80	66	FF	3E	18	A6	E5	C7	0B	0A	E6	C7	D0	73	E7	C7	D0	CB	E5	C7	4B	BA	34	C8	00	D0	4B	42	00	A0	89	41	00	AC	A8	42	00	AE	51	43	00	D0	A9	42	00	00	00	00	00	00	00	00	00	00	00	00	00	00	00	00	00	00	00	00
11.606	3D DATA	true	-	65534	62265	34232	-117580.2	-117780.1	-118503.6	-117655.6	-185065.2	51.0	17.2	84.3	209.7	84.9	-	-	-	-	-
11.606	3D MESSAGE	4E	00	54	91	30	59	90	8D	FE	FF	00	F4	B7	8D	80	66	FF	3E	40	A8	E5	C7	02	0B	E6	C7	A2	77	E7	C7	F5	D2	E5	C7	30	BC	34	C8	00	90	3A	42	00	60	74	41	00	64	99	42	00	64	43	43	00	A8	9A	42	00	00	00	00	00	00	00	00	00	00	00	00	00	00	00	00	00	00	00	00
11.606	3D DATA	true	-	65534	62464	36279	-117584.5	-117782.0	-118511.3	-117669.9	-185072.8	46.6	15.3	76.7	195.4	77.3	-	-	-	-	-
11.606	3D MESSAGE	4E	00	55	91	30	59	91	8D	FE	FF	9C	F4	3E	96	80	66	FF	3E	45	AA	E5	C7	00	0C	E6	C7	44	7B	E7	C7	FD	D9	E5	C7	F6	BD	34	C8	00	68	2A	42	00	A0	54	41	00	DC	8A	42	00	54	35	43	00	78	8C	42	00	00	00	00	00	00	00	00	00	00	00	00	00	00	00	00	00	00	00	00
11.606	3D DATA	true	-	65534	62620	38462	-117588.5	-117784.0	-118518.5	-117684.0	-185079.8	42.6	13.3	69.4	181.3	70.2	-	-	-	-	-
11.607	3D MESSAGE	4E	00	56	91	30	59	92	8D	FE	FF	0E	F5	3F	9F	80	66	FF	3E	25	AC	E5	C7	FC	0C	E6	C7	AC	7E	E7	C7	D4	E0	E5	C7	98	BF	34	C8	00	68	1B	42	00	20	35	41	00	78	7A	42	00	A6	27	43	00	D0	7E	42	00	00	00	00	00	00	00	00	00	00	00	00	00	00	00	00	00	00	00	00
11.607	3D DATA	true	-	65534	62734	40767	-117592.3	-117786.0	-118525.3	-117697.7	-185086.4	38.9	11.3	62.6	167.6	63.7	-	-	-	-	-
11.637	3D MESSAGE	52	00	57	91	32	59	93	8D	00	00	00	88	FE	FF	5B	F5	A0	A8	80	66	FF	3E	E1	AD	E5	C7	EC	0D	E6	C7	CD	81	E7	C7	68	E7	E5	C7	17	C1	34	C8	00	88	0D	42	00	20	17	41	00	70	61	42	00	7E	1A	43	00	E0	66	42	00	00	00	00	00	00	00	00	00	00	00	00	00	00	00	00	00	00	00	00
11.637	3D DATA	true	-	65534	62811	43168	-117595.8	-117787.8	-118531.6	-117710.8	-185092.4	35.4	9.4	56.4	154.5	57.7	-	-	-	-	-
11.638	3D MESSAGE	4E	00	58	91	30	59	94	8D	FE	FF	84	F5	43	B2	80	66	FF	3E	78	AF	E5	C7	C6	0E	E6	C7	A0	84	E7	C7	AD	ED	E5	C7	70	C2	34	C8	00	D0	00	42	00	C0	F7	40	00	D8	4A	42	00	F4	0D	43	00	50	51	42	00	00	00	00	00	00	00	00	00	00	00	00	00	00	00	00	00	00	00	00
11.638	3D DATA	true	-	65534	62852	45635	-117598.9	-117789.5	-118537.2	-117723.4	-185097.8	32.2	7.7	50.7	142.0	52.3	-	-	-	-	-
11.638	3D MESSAGE	48	00	59	91	20	59	95	8C	80	66	FF	3E	E9	B0	E5	C7	86	0F	E6	C7	21	87	E7	C7	99	F3	E5	C7	A6	C3	34	C8	00	90	EA	41	00	C0	C7	40	00	D0	36	42	00	1C	02	43	00	F0	3D	42	00	00	00	00	00	00	00	00	00	00	00	00	00	00	00	00	00	00	00	00
11.638	3D DATA	true	-	-	-	-	-117601.8	-117791.0	-118542.3	-117735.2	-185102.6	29.3	6.2	45.7	130.1	47.5	-	-	-	-	-
11.638	3D MESSAGE	48	00	5A	91	20	59	96	8C	80	66	FF	3E	34	B2	E5	C7	24	10	E6	C7	52	89	E7	C7	24	F9	E5	C7	BA	C4	34	C8	00	E0	D5	41	00	40	A0	40	00	48	25	42	00	0C	EE	42	00	B0	2C	42	00	00	00	00	00	00	00	00	00	00	00	00	00	00	00	00	00	00	00	00
11.638	3D DATA	true	-	-	-	-	-117604.4	-117792.3	-118546.6	-117746.3	-185106.9	26.7	5.0	41.3	119.0	43.2	-	-	-	-	-
11.639	3D MESSAGE	48	00	5B	91	20	59	97	8C	80	66	FF	3E	5A	B3	E5	C7	A0	10	E6	C7	3B	8B	E7	C7	48	FE	E5	C7	B2	C5	34	C8	00	80	C3	41	00	40	81	40	00	00	16	42	00	7C	D9	42	00	30	1D	42	00	00	00	00	00	00	00	00	00	00	00	00	00	00	00	00	00	00	00	00
11.639	3D DATA	true	-	-	-	-	-117606.7	-117793.2	-118550.5	-117756.6	-185110.8	24.4	4.0	37.5	108.7	39.3	-	-	-	-	-
11.639	3D MESSAGE	48	00	5C	91	20	59	98	8C	80	66	FF	3E	5B	B4	E5	C7	F8	10	E6	C7	E4	8C	E7	C7	02	03	E6	C7	8F	C6	34	C8	00	70	B3	41	00	80	56	40	00	B8	08	42	00	94	C6	42	00	60	0F	42	00	00	00	00	00	00	00	00	00	00	00	00	00	00	00	00	00	00	00	00
11.639	3D DATA	true	-	-	-	-	-117608.7	-117793.9	-118553.8	-117766.0	-185114.2	22.4	3.4	34.2	99.3	35.8	-	-	-	-	-
11.668	3D MESSAGE	48	00	5D	91	20	59	99	8C	80	66	FF	3E	3A	B5	E5	C7	2C	11	E6	C7	59	8E	E7	C7	50	07	E6	C7	56	C7	34	C8	00	80	A5	41	00	80	3C	40	00	20	FA	41	00	5C	B5	42	00	F0	02	42	00	00	00	00	00	00	00	00	00	00	00	00	00	00	00	00	00	00	00	00
11.668	3D DATA	true	-	-	-	-	-117610.5	-117794.3	-118556.7	-117774.6	-185117.3	20.7	2.9	31.3	90.7	32.7	-	-	-	-	-
11.669	3D MESSAGE	48	00	5E	91	20	59	9A	8C	80	66	FF	3E	FD	B5	E5	C7	40	11	E6	C7	A3	8F	E7	C7	36	0B	E6	C7	09	C8	34	C8	00	50	99	41	00	80	32	40	00	80	E5	41	00	C4	A5	42	00	80	EF	41	00	00	00	00	00	00	00	00	00	00	00	00	00	00	00	00	00	00	00	00
11.669	3D DATA	true	-	-	-	-	-117612.0	-117794.5	-118559.3	-117782.4	-185120.1	19.2	2.8	28.7	82.9	29.9	-	-	-	-	-
11.669	3D MESSAGE	48	00	5F	91	20	59	9B	8C	80	66	FF	3E	A7	B6	E5	C7	3B	11	E6	C7	CA	90	E7	C7	B9	0E	E6	C7	AA	C8	34	C8	00	B0	8E	41	00	00	35	40	00	10	D3	41	00	B8	97	42	00	60	DB	41	00	00	00	00	00	00	00	00	00	00	00	00	00	00	00	00	00	00	00	00
11.669	3D DATA	true	-	-	-	-	-117613.3	-117794.5	-118561.6	-117789.4	-185122.7	17.8	2.8	26.4	75.9	27.4	-	-	-	-	-
11.670	3D MESSAGE	48	00	60	91	20	59	9C	8C	80	66	FF	3E	3E	B7	E5	C7	28	11	E6	C7	D4	91	E7	C7	E7	11	E6	C7	3D	C9	34	C8	00	40	85	41	00	80	3E	40	00	70	C2	41	00	00	8B	42	00	00	C9	41	00	00	00	00	00	00	00	00	00	00	00	00	00	00	00	00	00	00	00	00
11.670	3D DATA	true	-	-	-	-	-117614.5	-117794.3	-118563.7	-117795.8	-185125.0	16.7	3.0	24.3	69.5	25.1	-	-	-	-	-
11.670	3D MESSAGE	48	00	61	91	20	59	9D	8C	80	66	FF	3E	C8	B7	E5	C7	15	11	E6	C7	CA	92	E7	C7	D0	14	E6	C7	C3	C9	34	C8	00	40	79	41	00	00	48	40	00	10	B3	41	00	B8	7E	42	00	40	B8	41	00	00	00	00	00	00	00	00	00	00	00	00	00	00	00	00	00	00	00	00
11.670	3D DATA	true	-	-	-	-	-117615.6	-117794.2	-118565.6	-117801.6	-185127.0	15.6	3.1	22.4	63.7	23.0	-	-	-	-	-
11.670	3D MESSAGE	48	00	62	91	20	59	9E	8C	80	66	FF	3E	4D	B8	E5	C7	0E	11	E6	C7	B0	93	E7	C7	81	17	E6	C7	40	CA	34	C8	00	A0	68	41	00	80	4B	40	00	B0	A4	41	00	30	69	42	00	A0	A8	41	00	00	00	00	00	00	00	00	00	00	00	00	00	00	00	00	00	00	00	00
11.670	3D DATA	true	-	-	-	-	-117616.6	-117794.1	-118567.4	-117807.0	-185129.0	14.5	3.2	20.6	58.3	21.1	-	-	-	-	-
11.671	3D MESSAGE	48	00	63	91	20	59	9F	8C	80	66	FF	3E	D2	B8	E5	C7	1F	11	E6	C7	8C	94	E7	C7	07	1A	E6	C7	B9	CA	34	C8	00	00	58	41	00	00	43	40	00	F0	96	41	00	00	55	42	00	80	99	41	00	00	00	00	00	00	00	00	00	00	00	00	00	00	00	00	00	00	00	00
11.671	3D DATA	true	-	-	-	-	-117617.6	-117794.2	-118569.1	-117812.1	-185130.9	13.5	3.0	18.9	53.2	19.2	-	-	-	-	-
11.701	3D MESSAGE	48	00	64	91	20	59	A0	8C	80	66	FF	3E	5A	B9	E5	C7	4F	11	E6	C7	63	95	E7	C7	6A	1C	E6	C7	30	CB	34	C8	00	00	47	41	00	00	2B	40	00	80	89	41	00	E8	41	42	00	A0	8A	41	00	00	00	00	00	00	00	00	00	00	00	00	00	00	00	00	00	00	00	00
11.701	3D DATA	true	-	-	-	-	-117618.7	-117794.6	-118570.8	-117816.8	-185132.8	12.4	2.7	17.2	48.5	17.3	-	-	-	-	-
11.702	3D MESSAGE	4C	00	65	91	22	59	A1	8C	02	10	04	08	80	66	FF	3E	E7	B9	E5	C7	A0	11	E6	C7	37	96	E7	C7	AB	1E	E6	C7	A6	CB	34	C8	00	60	35	41	00	80	02	40	00	80	78	41	00	E0	2F	42	00	C0	77	41	00	00	00	00	00	00	00	00	00	00	00	00	00	00	00	00	00	00	00	00
11.702	3D DATA	true	-	-	-	-	-117619.8	-117795.2	-118572.4	-117821.3	-185134.6	11.3	2.0	15.5	44.0	15.5	-	-	-	-	Flick West -> East
11.702	3D MESSAGE	4A	00	66	91	21	59	A2	8C	08	2B	80	66	FF	3E	77	BA	E5	C7	0C	12	E6	C7	06	97	E7	C7	CA	20	E6	C7	1C	CC	34	C8	00	00	00	00	00	00	00	00	00	00	00	00	00	00	00	00	00	00	00	00	00	00	00	00	00	00	00	00	00	00	00	00	00	00	00	00	00	00	00	00
11.702	3D DATA	true	43	-	-	-	-117620.9	-117796.1	-118574.0	-117825.6	-185136.4	0.0	0.0	0.0	0.0	0.0	-	-	-	-	-
11.702	3D MESSAGE	48	00	67	91	20	59	A3	8C	80	66	FF	3E	04	BB	E5	C7	89	12	E6	C7	CE	97	E7	C7	C2	22	E6	C7	8E	CC	34	C8	00	00	8D	BF	00	00	7A	BF	00	00	C8	BF	00	00	7C	C0	00	00	E4	BF	00	00	00	00	00	00	00	00	00	00	00	00	00	00	00	00	00	00	00	00
11.702	3D DATA	true	-	-	-	-	-117622.0	-117797.1	-118575.6	-117829.5	-185138.2	-1.1	-1.0	-1.6	-3.9	-1.8	-	-	-	-	-
11.703	3D MESSAGE	48	00	68	91	20	59	A4	8C	80	66	FF	3E	85	BB	E5	C7	04	13	E6	C7	87	98	E7	C7	8C	24	E6	C7	F5	CC	34	C8	00	00	07	C0	00	00	F8	BF	00	80	40	C0	00	80	F0	C0	00	00	59	C0	00	00	00	00	00	00	00	00	00	00	00	00	00	00	00	00	00	00	00	00
11.703	3D DATA	true	-	-	-	-	-117623.0	-117798.0	-118577.1	-117833.1	-185139.8	-2.1	-1.9	-3.0	-7.5	-3.4	-	-	-	-	-
11.703	3D MESSAGE	48	00	69	91	20	59	A5	8C	80	66	FF	3E	F1	BB	E5	C7	6B	13	E6	C7	2A	99	E7	C7	22	26	E6	C7	4A	CD	34	C8	00	00	3D	C0	00	80	2F	C0	00	00	89	C0	00	00	2B	C1	00	00	97	C0	00	00	00	00	00	00	00	00	00	00	00	00	00	00	00	00	00	00	00	00
11.703	3D DATA	true	-	-	-	-	-117623.9	-117798.8	-118578.3	-117836.3	-185141.2	-3.0	-2.7	-4.3	-10.7	-4.7	-	-	-	-	-
11.730	3D MESSAGE	48	00	6A	91	20	59	A6	8C	80	66	FF	3E	41	BC	E5	C7	B0	13	E6	C7	B2	99	E7	C7	82	27	E6	C7	88	CD	34	C8	00	00	65	C0	00	00	52	C0	00	00	AB	C0	00	00	57	C1	00	00	B6	C0	00	00	00	00	00	00	00	00	00	00	00	00	00	00	00	00	00	00	00	00
11.730	3D DATA	true	-	-	-	-	-117624.5	-117799.4	-118579.4	-117839.0	-185142.1	-3.6	-3.3	-5.3	-13.4	-5.7	-	-	-	-	-
11.731	3D MESSAGE	48	00	6B	91	20	59	A7	8C	80	66	FF	3E	74	BC	E5	C7	CE	13	E6	C7	1E	9A	E7	C7	AB	28	E6	C7	AF	CD	34	C8	00	80	7E	C0	00	00	61	C0	00	00	C6	C0	00	20	7C	C1	00	80	C9	C0	00	00	00	00	00	00	00	00	00	00	00	00	00	00	00	00	00	00	00	00
11.731	3D DATA	true	-	-	-	-	-117624.9	-117799.6	-118580.2	-117841.3	-185142.7	-4.0	-3.5	-6.2	-15.8	-6.3	-	-	-	-	-
11.731	3D MESSAGE	4C	00	6C	91	22	59	A8	8C	00	00	00	00	80	66	FF	3E	90	BC	E5	C7	C6	13	E6	C7	70	9A	E7	C7	A1	29	E6	C7	C1	CD	34	C8	00	40	86	C0	00	00	5D	C0	00	80	DA	C0	00	70	8D	C1	00	80	D2	C0	00	00	00	00	00	00	00	00	00	00	00	00	00	00	00	00	00	00	00	00
11.731	3D DATA	true	-	-	-	-	-117625.1	-117799.5	-118580.9	-117843.3	-185143.0	-4.2	-3.5	-6.8	-17.7	-6.6	-	-	-	-	-
11.731	3D MESSAGE	48	00	6D	91	20	59	A9	8C	10	81	98	3F	A1	BC	E5	C7	A6	13	E6	C7	B0	9A	E7	C7	6D	2A	E6	C7	C8	CD	34	C8	00	80	8A	C0	00	00	4D	C0	00	80	EA	C0	00	30	9A	C1	00	00	D6	C0	00	00	00	00	00	00	00	00	00	00	00	00	00	00	00	00	00	00	00	00
11.731	3D DATA	true	-	-	-	-	-117625.3	-117799.3	-118581.4	-117844.9	-185143.1	-4.3	-3.2	-7.3	-19.3	-6.7	-	-	-	-	-
11.732	3D MESSAGE	48	00	6E	91	20	59	AA	8C	10	81	98	3F	B4	BC	E5	C7	7D	13	E6	C7	E8	9A	E7	C7	1B	2B	E6	C7	CE	CD	34	C8	00	40	8F	C0	00	80	38	C0	00	80	F8	C0	00	10	A5	C1	00	00	D9	C0	00	00	00	00	00	00	00	00	00	00	00	00	00	00	00	00	00	00	00	00
11.732	3D DATA	true	-	-	-	-	-117625.4	-117799.0	-118581.8	-117846.2	-185143.2	-4.5	-2.9	-7.8	-20.6	-6.8	-	-	-	-	-
11.732	3D MESSAGE	48	00	6F	91	20	59	AB	8C	10	81	98	3F	D5	BC	E5	C7	5E	13	E6	C7	1F	9B	E7	C7	B8	2B	E6	C7	DD	CD	34	C8	00	80	97	C0	00	00	29	C0	00	20	03	C1	00	E0	AE	C1	00	80	E0	C0	00	00	00	00	00	00	00	00	00	00	00	00	00	00	00	00	00	00	00	00
11.732	3D DATA	true	-	-	-	-	-117625.7	-117798.7	-118582.2	-117847.4	-185143.5	-4.7	-2.6	-8.2	-21.9	-7.0	-	-	-	-	-
11.761	3D MESSAGE	48	00	70	91	20	59	AC	8C	10	81	98	3F	0C	BD	E5	C7	53	13	E6	C7	5E	9B	E7	C7	50	2C	E6	C7	FA	CD	34	C8	00	40	A5	C0	00	80	23	C0	00	00	0B	C1	00	60	B8	C1	00	00	EF	C0	00	00	00	00	00	00	00	00	00	00	00	00	00	00	00	00	00	00	00	00
11.761	3D DATA	true	-	-	-	-	-117626.1	-117798.6	-118582.7	-117848.6	-185143.9	-5.2	-2.6	-8.7	-23.0	-7.5	-	-	-	-	-
11.761	3D MESSAGE	48	00	71	91	20	59	AD	8C	10	81	98	3F	59	BD	E5	C7	5F	13	E6	C7	A9	9B	E7	C7	EB	2C	E6	C7	26	CE	34	C8	00	80	B8	C0	00	80	29	C0	00	60	14	C1	00	10	C2	C1	00	80	02	C1	00	00	00	00	00	00	00	00	00	00	00	00	00	00	00	00	00	00	00	00
11.761	3D DATA	true	-	-	-	-	-117626.7	-117798.7	-118583.3	-117849.8	-185144.6	-5.8	-2.6	-9.3	-24.3	-8.2	-	-	-	-	-
11.762	3D MESSAGE	48	00	72	91	20	59	AE	8C	10	81	98	3F	B6	BD	E5	C7	7F	13	E6	C7	FE	9B	E7	C7	8C	2D	E6	C7	5A	CE	34	C8	00	C0	CF	C0	00	80	39	C0	00	00	1F	C1	00	20	CC	C1	00	80	0F	C1	00	00	00	00	00	00	00	00	00	00	00	00	00	00	00	00	00	00	00	00
11.762	3D DATA	true	-	-	-	-	-117627.4	-117799.0	-118584.0	-117851.1	-185145.4	-6.5	-2.9	-9.9	-25.5	-9.0	-	-	-	-	-
11.762	3D MESSAGE	48	00	73	91	20	59	AF	8C	10	81	98	3F	1A	BE	E5	C7	AB	13	E6	C7	58	9C	E7	C7	32	2E	E6	C7	91	CE	34	C8	00	C0	E8	C0	00	80	4F	C0	00	40	2A	C1	00	80	D6	C1	00	40	1D	C1	00	00	00	00	00	00	00	00	00	00	00	00	00	00	00	00	00	00	00	00
11.762	3D DATA	true	-	-	-	-	-117628.2	-117799.3	-118584.7	-117852.4	-185146.3	-7.3	-3.2	-10.6	-26.8	-9.8	-	-	-	-	-
11.762	3D MESSAGE	48	00	74	91	20	59	B0	8C	10	81	98	3F	7E	BE	E5	C7	DB	13	E6	C7	B1	9C	E7	C7	DA	2E	E6	C7	C4	CE	34	C8	00	E0	00	C1	00	80	67	C0	00	60	35	C1	00	00	E1	C1	00	00	2A	C1	00	00	00	00	00	00	00	00	00	00	00	00	00	00	00	00	00	00	00	00
11.762	3D DATA	true	-	-	-	-	-117629.0	-117799.7	-118585.4	-117853.7	-185147.1	-8.1	-3.6	-11.3	-28.1	-10.6	-	-	-	-	-
11.763	3D MESSAGE	48	00	75	91	20	59	B1	8C	10	81	98	3F	DA	BE	E5	C7	0B	14	E6	C7	06	9D	E7	C7	7C	2F	E6	C7	EF	CE	34	C8	00	60	0C	C1	00	80	7F	C0	00	00	40	C1	00	20	EB	C1	00	C0	34	C1	00	00	00	00	00	00	00	00	00	00	00	00	00	00	00	00	00	00	00	00
11.763	3D DATA	true	-	-	-	-	-117629.7	-117800.1	-118586.0	-117855.0	-185147.7	-8.8	-4.0	-12.0	-29.4	-11.3	-	-	-	-	-
11.794	3D MESSAGE	48	00	76	91	20	59	B2	8C	10	81	98	3F	2E	BF	E5	C7	3A	14	E6	C7	55	9D	E7	C7	16	30	E6	C7	15	CF	34	C8	00	E0	16	C1	00	80	8B	C0	00	E0	49	C1	00	C0	F4	C1	00	40	3E	C1	00	00	00	00	00	00	00	00	00	00	00	00	00	00	00	00	00	00	00	00
11.794	3D DATA	true	-	-	-	-	-117630.4	-117800.5	-118586.7	-117856.2	-185148.3	-9.4	-4.4	-12.6	-30.6	-11.9	-	-	-	-	-
11.794	3D MESSAGE	48	00	77	91	20	59	B3	8C	10	81	98	3F	7C	BF	E5	C7	6C	14	E6	C7	9E	9D	E7	C7	A4	30	E6	C7	39	CF	34	C8	00	A0	20	C1	00	00	98	C0	00	00	53	C1	00	A0	FD	C1	00	40	47	C1	00	00	00	00	00	00	00	00	00	00	00	00	00	00	00	00	00	00	00	00
11.794	3D DATA	true	-	-	-	-	-117631.0	-117800.8	-118587.2	-117857.3	-185148.9	-10.0	-4.8	-13.2	-31.7	-12.5	-	-	-	-	-
11.795	3D MESSAGE	48	00	78	91	20	59	B4	8C	10	81	98	3F	C4	BF	E5	C7	A3	14	E6	C7	E6	9D	E7	C7	28	31	E6	C7	63	CF	34	C8	00	A0	29	C1	00	C0	A5	C0	00	00	5C	C1	00	F0	02	C2	00	C0	51	C1	00	00	00	00	00	00	00	00	00	00	00	00	00	00	00	00	00	00	00	00
11.795	3D DATA	true	-	-	-	-	-117631.5	-117801.3	-118587.8	-117858.3	-185149.5	-10.6	-5.2	-13.8	-32.7	-13.1	-	-	-	-	-
11.796	3D MESSAGE	48	00	79	91	20	59	B5	8C	10	81	98	3F	0C	C0	E5	C7	E1	14	E6	C7	2F	9E	E7	C7	A8	31	E6	C7	96	CF	34	C8	00	A0	32	C1	00	40	B5	C0	00	20	65	C1	00	F0	06	C2	00	80	5E	C1	00	00	00	00	00	00	00	00	00	00	00	00	00	00	00	00	00	00	00	00
11.796	3D DATA	true	-	-	-	-	-117632.1	-117801.8	-118588.4	-117859.3	-185150.3	-11.2	-5.7	-14.3	-33.7	-13.9	-	-	-	-	-
11.796	3D MESSAGE	48	00	7A	91	20	59	B6	8C	10	81	98	3F	54	C0	E5	C7	27	15	E6	C7	7C	9E	E7	C7	25	32	E6	C7	D4	CF	34	C8	00	A0	3B	C1	00	C0	C6	C0	00	C0	6E	C1	00	D8	0A	C2	00	00	6E	C1	00	00	00	00	00	00	00	00	00	00	00	00	00	00	00	00	00	00	00	00
11.796	3D DATA	true	-	-	-	-	-117632.7	-117802.3	-118589.0	-117860.3	-185151.3	-11.7	-6.2	-14.9	-34.7	-14.9	-	-	-	-	-
11.797	3D MESSAGE	48	00	7B	91	20	59	B7	8C	10	81	98	3F	9A	C0	E5	C7	70	15	E6	C7	CE	9E	E7	C7	A5	32	E6	C7	1A	D0	34	C8	00	60	44	C1	00	00	D9	C0	00	00	79	C1	00	D8	0E	C2	00	80	7F	C1	00	00	00	00	00	00	00	00	00	00	00	00	00	00	00	00	00	00	00	00
11.797	3D DATA	true	-	-	-	-	-117633.2	-117802.9	-118589.6	-117861.3	-185152.4	-12.3	-6.8	-15.6	-35.7	-16.0	-	-	-	-	-
11.797	3D MESSAGE	48	00	7C	91	20	59	B8	8C	10	81	98	3F	DC	C0	E5	C7	BA	15	E6	C7	22	9F	E7	C7	27	33	E6	C7	60	D0	34	C8	00	A0	4C	C1	00	80	EB	C0	00	C0	81	C1	00	E8	12	C2	00	80	88	C1	00	00	00	00	00	00	00	00	00	00	00	00	00	00	00	00	00	00	00	00
11.797	3D DATA	true	-	-	-	-	-117633.7	-117803.5	-118590.3	-117862.3	-185153.5	-12.8	-7.4	-16.2	-36.7	-17.1	-	-	-	-	-
11.797	3D MESSAGE	4A	00	7D	91	21	59	B9	8C	10	2B	10	81	98	3F	16	C1	E5	C7	FF	15	E6	C7	73	9F	E7	C7	AB	33	E6	C7	A0	D0	34	C8	00	E0	53	C1	00	C0	FC	C0	00	D0	86	C1	00	00	00	00	00	80	90	C1	00	00	00	00	00	00	00	00	00	00	00	00	00	00	00	00	00	00	00	00
11.797	3D DATA	true	43	-	-	-	-117634.2	-117804.0	-118590.9	-117863.3	-185154.5	-13.2	-7.9	-16.9	0.0	-18.1	-	-	-	-	-
11.827	3D MESSAGE	4A	00	7E	91	21	59	BA	8C	10	2B	10	81	98	3F	44	C1	E5	C7	3B	16	E6	C7	BE	9F	E7	C7	2A	34	E6	C7	D2	D0	34	C8	00	A0	59	C1	00	E0	05	C1	00	00	00	00	00	00	7E	BF	00	00	00	00	00	00	00	00	00	00	00	00	00	00	00	00	00	00	00	00	00	00	00	00
11.827	3D DATA	true	43	-	-	-	-117634.5	-117804.5	-118591.5	-117864.3	-185155.3	-13.6	-8.4	0.0	-1.0	0.0	-	-	-	-	-
11.827	3D MESSAGE	48	00	7F	91	20	59	BB	8C	10	81	98	3F	64	C1	E5	C7	6C	16	E6	C7	FE	9F	E7	C7	A1	34	E6	C7	F3	D0	34	C8	00	A0	5D	C1	00	00	0C	C1	00	00	00	BF	00	00	F6	BF	00	00	04	BF	00	00	00	00	00	00	00	00	00	00	00	00	00	00	00	00	00	00	00	00
11.827	3D DATA	true	-	-	-	-	-117634.8	-117804.8	-118592.0	-117865.3	-185155.8	-13.9	-8.8	-0.5	-1.9	-0.5	-	-	-	-	-
11.827	3D MESSAGE	48	00	80	91	20	59	BC	8C	10	81	98	3F	73	C1	E5	C7	8E	16	E6	C7	2E	A0	E7	C7	0A	35	E6	C7	04	D1	34	C8	00	80	5F	C1	00	40	10	C1	00	00	60	BF	00	80	2F	C0	00	00	48	BF	00	00	00	00	00	00	00	00	00	00	00	00	00	00	00	00	00	00	00	00
11.827	3D DATA	true	-	-	-	-	-117634.9	-117805.1	-118592.4	-117866.1	-185156.1	-14.0	-9.0	-0.9	-2.7	-0.8	-	-	-	-	-
11.828	3D MESSAGE	4A	00	81	91	21	59	BD	8C	10	2B	10	81	98	3F	75	C1	E5	C7	9D	16	E6	C7	4E	A0	E7	C7	62	35	E6	C7	05	D1	34	C8	00	00	00	00	00	20	12	C1	00	00	90	BF	00	80	5B	C0	00	00	4C	BF	00	00	00	00	00	00	00	00	00	00	00	00	00	00	00	00	00	00	00	00
11.828	3D DATA	true	43	-	-	-	-117634.9	-117805.2	-118592.6	-117866.8	-185156.1	0.0	-9.1	-1.1	-3.4	-0.8	-	-	-	-	-
11.828	3D MESSAGE	48	00	82	91	20	59	BE	8C	10	81	98	3F	6E	C1	E5	C7	98	16	E6	C7	5B	A0	E7	C7	A7	35	E6	C7	FA	D0	34	C8	00	00	60	3D	00	80	11	C1	00	00	9D	BF	00	00	7E	C0	00	00	20	BF	00	00	00	00	00	00	00	00	00	00	00	00	00	00	00	00	00	00	00	00
11.828	3D DATA	true	-	-	-	-	-117634.9	-117805.2	-118592.7	-117867.3	-185155.9	0.1	-9.1	-1.2	-4.0	-0.6	-	-	-	-	-
11.856	3D MESSAGE	48	00	83	91	20	59	BF	8C	10	81	98	3F	62	C1	E5	C7	7A	16	E6	C7	55	A0	E7	C7	D7	35	E6	C7	E4	D0	34	C8	00	00	18	3E	00	C0	0D	C1	00	00	97	BF	00	00	8B	C0	00	00	90	BE	00	00	00	00	00	00	00	00	00	00	00	00	00	00	00	00	00	00	00	00
11.856	3D DATA	true	-	-	-	-	-117634.8	-117805.0	-118592.7	-117867.7	-185155.6	0.1	-8.9	-1.2	-4.3	-0.3	-	-	-	-	-
11.857	3D MESSAGE	48	00	84	91	20	59	C0	8C	10	81	98	3F	56	C1	E5	C7	42	16	E6	C7	3D	A0	E7	C7	EF	35	E6	C7	C7	D0	34	C8	00	00	78	3E	00	C0	06	C1	00	00	7E	BF	00	00	91	C0	00	00	30	3E	00	00	00	00	00	00	00	00	00	00	00	00	00	00	00	00	00	00	00	00
11.857	3D DATA	true	-	-	-	-	-117634.7	-117804.5	-118592.5	-117867.9	-185155.1	0.2	-8.4	-1.0	-4.5	0.2	-	-	-	-	-
11.857	3D MESSAGE	48	00	85	91	20	59	C1	8C	10	81	98	3F	4B	C1	E5	C7	F2	15	E6	C7	16	A0	E7	C7	F1	35	E6	C7	A2	D0	34	C8	00	00	A8	3E	00	80	F9	C0	00	00	30	BF	00	80	91	C0	00	00	40	3F	00	00	00	00	00	00	00	00	00	00	00	00	00	00	00	00	00	00	00	00
11.857	3D DATA	true	-	-	-	-	-117634.6	-117803.9	-118592.2	-117867.9	-185154.5	0.3	-7.8	-0.7	-4.5	0.8	-	-	-	-	-
11.857	3D MESSAGE	48	00	86	91	20	59	C2	8C	10	81	98	3F	42	C1	E5	C7	90	15	E6	C7	E4	9F	E7	C7	DE	35	E6	C7	79	D0	34	C8	00	00	CC	3E	00	00	E1	C0	00	00	98	BE	00	C0	8C	C0	00	00	B2	3F	00	00	00	00	00	00	00	00	00	00	00	00	00	00	00	00	00	00	00	00
11.857	3D DATA	true	-	-	-	-	-117634.5	-117803.1	-118591.8	-117867.7	-185153.9	0.4	-7.0	-0.3	-4.4	1.4	-	-	-	-	-
11.858	3D MESSAGE	48	00	87	91	20	59	C3	8C	10	81	98	3F	36	C1	E5	C7	26	15	E6	C7	AE	9F	E7	C7	BB	35	E6	C7	4E	D0	34	C8	00	00	FC	3E	00	80	C6	C0	00	00	00	3E	00	00	84	C0	00	00	04	40	00	00	00	00	00	00	00	00	00	00	00	00	00	00	00	00	00	00	00	00
11.858	3D DATA	true	-	-	-	-	-117634.4	-117802.3	-118591.4	-117867.5	-185153.2	0.5	-6.2	0.1	-4.1	2.1	-	-	-	-	-
11.858	3D MESSAGE	48	00	88	91	20	59	C4	8C	10	81	98	3F	26	C1	E5	C7	BF	14	E6	C7	76	9F	E7	C7	90	35	E6	C7	27	D0	34	C8	00	00	1E	3F	00	C0	AC	C0	00	00	10	3F	00	80	72	C0	00	00	2B	40	00	00	00	00	00	00	00	00	00	00	00	00	00	00	00	00	00	00	00	00
11.858	3D DATA	true	-	-	-	-	-117634.3	-117801.5	-118590.9	-117867.1	-185152.6	0.6	-5.4	0.6	-3.8	2.7	-	-	-	-	-
11.889	3D MESSAGE	48	00	89	91	20	59	C5	8C	10	81	98	3F	0D	C1	E5	C7	66	14	E6	C7	41	9F	E7	C7	64	35	E6	C7	07	D0	34	C8	00	00	50	3F	00	80	96	C0	00	00	7A	3F	00	80	5C	C0	00	00	4B	40	00	00	00	00	00	00	00	00	00	00	00	00	00	00	00	00	00	00	00	00
11.889	3D DATA	true	-	-	-	-	-117634.1	-117800.8	-118590.5	-117866.8	-185152.1	0.8	-4.7	1.0	-3.4	3.2	-	-	-	-	-
11.890	3D MESSAGE	48	00	8A	91	20	59	C6	8C	10	81	98	3F	EC	C0	E5	C7	24	14	E6	C7	12	9F	E7	C7	40	35	E6	C7	F2	CF	34	C8	00	00	89	3F	00	00	86	C0	00	00	AC	3F	00	80	4A	C0	00	00	60	40	00	00	00	00	00	00	00	00	00	00	00	00	00	00	00	00	00	00	00	00
11.890	3D DATA	true	-	-	-	-	-117633.8	-117800.3	-118590.1	-117866.5	-185151.8	1.1	-4.2	1.3	-3.2	3.5	-	-	-	-	-
11.890	3D MESSAGE	48	00	8B	91	20	59	C7	8C	10	81	98	3F	C6	C0	E5	C7	FC	13	E6	C7	EA	9E	E7	C7	26	35	E6	C7	E8	CF	34	C8	00	00	AF	3F	00	00	78	C0	00	00	D4	3F	00	80	3D	C0	00	00	6A	40	00	00	00	00	00	00	00	00	00	00	00	00	00	00	00	00	00	00	00	00
11.890	3D DATA	true	-	-	-	-	-117633.5	-117800.0	-118589.8	-117866.3	-185151.6	1.4	-3.9	1.7	-3.0	3.7	-	-	-	-	-
11.892	3D MESSAGE	48	00	8C	91	20	59	C8	8C	10	81	98	3F	9E	C0	E5	C7	ED	13	E6	C7	C8	9E	E7	C7	17	35	E6	C7	E6	CF	34	C8	00	00	D7	3F	00	80	70	C0	00	00	F6	3F	00	00	36	C0	00	00	6C	40	00	00	00	00	00	00	00	00	00	00	00	00	00	00	00	00	00	00	00	00
11.892	3D DATA	true	-	-	-	-	-117633.2	-117799.9	-118589.6	-117866.2	-185151.6	1.7	-3.8	1.9	-2.8	3.7	-	-	-	-	-
11.892	3D MESSAGE	48	00	8D	91	20	59	C9	8C	10	81	98	3F	7A	C0	E5	C7	F3	13	E6	C7	AE	9E	E7	C7	0D	35	E6	C7	E8	CF	34	C8	00	00	FB	3F	00	80	73	C0	00	00	08	40	00	00	31	C0	00	00	6A	40	00	00	00	00	00	00	00	00	00	00	00	00	00	00	00	00	00	00	00	00
11.892	3D DATA	true	-	-	-	-	-117633.0	-117799.9	-118589.4	-117866.1	-185151.6	2.0	-3.8	2.1	-2.8	3.7	-	-	-	-	-
11.892	3D MESSAGE	48	00	8E	91	20	59	CA	8C	10	81	98	3F	60	C0	E5	C7	08	14	E6	C7	9F	9E	E7	C7	03	35	E6	C7	EA	CF	34	C8	00	80	0A	40	00	00	7E	C0	00	80	0F	40	00	00	2C	C0	00	00	68	40	00	00	00	00	00	00	00	00	00	00	00	00	00	00	00	00	00	00	00	00
11.892	3D DATA	true	-	-	-	-	-117632.8	-117800.1	-118589.2	-117866.0	-185151.7	2.2	-4.0	2.2	-2.7	3.6	-	-	-	-	-
11.893	3D MESSAGE	48	00	8F	91	20	59	CB	8C	10	81	98	3F	50	C0	E5	C7	28	14	E6	C7	9D	9E	E7	C7	F8	34	E6	C7	EA	CF	34	C8	00	80	12	40	00	00	87	C0	00	80	10	40	00	80	26	C0	00	00	68	40	00	00	00	00	00	00	00	00	00	00	00	00	00	00	00	00	00	00	00	00
11.893	3D DATA	true	-	-	-	-	-117632.6	-117800.3	-118589.2	-117865.9	-185151.7	2.3	-4.2	2.3	-2.6	3.6	-	-	-	-	-
11.917	3D MESSAGE	48	00	90	91	20	59	CC	8C	10	81	98	3F	4C	C0	E5	C7	50	14	E6	C7	A9	9E	E7	C7	EC	34	E6	C7	EA	CF	34	C8	00	80	14	40	00	00	91	C0	00	80	0A	40	00	80	20	C0	00	00	68	40	00	00	00	00	00	00	00	00	00	00	00	00	00	00	00	00	00	00	00	00
11.917	3D DATA	true	-	-	-	-	-117632.6	-117800.6	-118589.3	-117865.8	-185151.7	2.3	-4.5	2.2	-2.5	3.6	-	-	-	-	-
11.917	3D MESSAGE	48	00	91	91	20	59	CD	8C	10	81	98	3F	53	C0	E5	C7	7F	14	E6	C7	C2	9E	E7	C7	E4	34	E6	C7	EC	CF	34	C8	00	00	11	40	00	C0	9C	C0	00	00	FC	3F	00	80	1C	C0	00	00	66	40	00	00	00	00	00	00	00	00	00	00	00	00	00	00	00	00	00	00	00	00
11.917	3D DATA	true	-	-	-	-	-117632.6	-117801.0	-118589.5	-117865.8	-185151.7	2.3	-4.9	2.0	-2.4	3.6	-	-	-	-	-
11.918	3D MESSAGE	48	00	92	91	20	59	CE	8C	10	81	98	3F	63	C0	E5	C7	B1	14	E6	C7	E4	9E	E7	C7	E8	34	E6	C7	F3	CF	34	C8	00	00	09	40	00	40	A9	C0	00	00	DA	3F	00	80	1E	C0	00	00	5F	40	00	00	00	00	00	00	00	00	00	00	00	00	00	00	00	00	00	00	00	00
11.918	3D DATA	true	-	-	-	-	-117632.8	-117801.4	-118589.8	-117865.8	-185151.8	2.1	-5.3	1.7	-2.5	3.5	-	-	-	-	-
11.918	3D MESSAGE	48	00	93	91	20	59	CF	8C	10	81	98	3F	79	C0	E5	C7	E4	14	E6	C7	0A	9F	E7	C7	FA	34	E6	C7	02	D0	34	C8	00	00	FC	3F	00	00	B6	C0	00	00	B4	3F	00	80	27	C0	00	00	50	40	00	00	00	00	00	00	00	00	00	00	00	00	00	00	00	00	00	00	00	00
11.918	3D DATA	true	-	-	-	-	-117632.9	-117801.8	-118590.1	-117866.0	-185152.0	2.0	-5.7	1.4	-2.6	3.2	-	-	-	-	-
11.918	3D MESSAGE	48	00	94	91	20	59	D0	8C	10	81	98	3F	96	C0	E5	C7	14	15	E6	C7	30	9F	E7	C7	1E	35	E6	C7	18	D0	34	C8	00	00	DF	3F	00	00	C2	C0	00	00	8E	3F	00	80	39	C0	00	00	3A	40	00	00	00	00	00	00	00	00	00	00	00	00	00	00	00	00	00	00	00	00
11.919	3D DATA	true	-	-	-	-	-117633.2	-117802.2	-118590.4	-117866.2	-185152.4	1.7	-6.1	1.1	-2.9	2.9	-	-	-	-	-
11.949	3D MESSAGE	48	00	95	91	20	59	D1	8C	B4	03	87	3D	B6	C0	E5	C7	3D	15	E6	C7	4F	9F	E7	C7	4E	35	E6	C7	34	D0	34	C8	00	00	BF	3F	00	40	CC	C0	00	00	5E	3F	00	80	51	C0	00	00	1E	40	00	00	00	00	00	00	00	00	00	00	00	00	00	00	00	00	00	00	00	00
11.949	3D DATA	true	-	-	-	-	-117633.4	-117802.5	-118590.6	-117866.6	-185152.8	1.5	-6.4	0.9	-3.3	2.5	-	-	-	-	-
11.950	3D MESSAGE	48	00	96	91	20	59	D2	8C	B4	03	87	3D	D8	C0	E5	C7	5A	15	E6	C7	68	9F	E7	C7	85	35	E6	C7	52	D0	34	C8	00	00	9D	3F	00	80	D3	C0	00	00	2C	3F	00	00	6D	C0	00	00	00	40	00	00	00	00	00	00	00	00	00	00	00	00	00	00	00	00	00	00	00	00
11.950	3D DATA	true	-	-	-	-	-117633.7	-117802.7	-118590.8	-117867.0	-185153.3	1.2	-6.6	0.7	-3.7	2.0	-	-	-	-	-
11.951	3D MESSAGE	48	00	97	91	20	59	D3	8C	B4	03	87	3D	FC	C0	E5	C7	6D	15	E6	C7	7C	9F	E7	C7	BC	35	E6	C7	70	D0	34	C8	00	00	72	3F	00	40	D8	C0	00	00	04	3F	00	40	84	C0	00	00	C4	3F	00	00	00	00	00	00	00	00	00	00	00	00	00	00	00	00	00	00	00	00
11.951	3D DATA	true	-	-	-	-	-117634.0	-117802.9	-118591.0	-117867.5	-185153.8	0.9	-6.8	0.5	-4.1	1.5	-	-	-	-	-
11.951	3D MESSAGE	48	00	98	91	20	59	D4	8C	B4	03	87	3D	1F	C1	E5	C7	76	15	E6	C7	8D	9F	E7	C7	EA	35	E6	C7	8B	D0	34	C8	00	00	2C	3F	00	80	DA	C0	00	00	C4	3E	00	C0	8F	C0	00	00	8E	3F	00	00	00	00	00	00	00	00	00	00	00	00	00	00	00	00	00	00	00	00
11.951	3D DATA	true	-	-	-	-	-117634.2	-117802.9	-118591.1	-117867.8	-185154.2	0.7	-6.8	0.4	-4.5	1.1	-	-	-	-	-
11.952	3D MESSAGE	48	00	99	91	20	59	D5	8C	B4	03	87	3D	3E	C1	E5	C7	75	15	E6	C7	9D	9F	E7	C7	0D	36	E6	C7	A0	D0	34	C8	00	00	DC	3E	00	40	DA	C0	00	00	84	3E	00	80	98	C0	00	00	48	3F	00	00	00	00	00	00	00	00	00	00	00	00	00	00	00	00	00	00	00	00
11.952	3D DATA	true	-	-	-	-	-117634.5	-117802.9	-118591.2	-117868.1	-185154.5	0.4	-6.8	0.3	-4.8	0.8	-	-	-	-	-
11.953	3D MESSAGE	48	00	9A	91	20	59	D6	8C	B4	03	87	3D	54	C1	E5	C7	6B	15	E6	C7	AA	9F	E7	C7	22	36	E6	C7	B0	D0	34	C8	00	00	84	3E	00	C0	D7	C0	00	00	20	3E	00	C0	9D	C0	00	00	08	3F	00	00	00	00	00	00	00	00	00	00	00	00	00	00	00	00	00	00	00	00
11.953	3D DATA	true	-	-	-	-	-117634.7	-117802.8	-118591.3	-117868.3	-185154.8	0.3	-6.7	0.2	-4.9	0.5	-	-	-	-	-
11.953	3D MESSAGE	48	00	9B	91	20	59	D7	8C	B4	03	87	3D	5F	C1	E5	C7	56	15	E6	C7	B0	9F	E7	C7	2C	36	E6	C7	B8	D0	34	C8	00	00	30	3E	00	80	D2	C0	00	00	E0	3D	00	40	A0	C0	00	00	D0	3E	00	00	00	00	00	00	00	00	00	00	00	00	00	00	00	00	00	00	00	00
11.954	3D DATA	true	-	-	-	-	-117634.7	-117802.7	-118591.4	-117868.3	-185154.9	0.2	-6.6	0.1	-5.0	0.4	-	-	-	-	-
11.982	3D MESSAGE	48	00	9C	91	20	59	D8	8C	B4	03	87	3D	5E	C1	E5	C7	35	15	E6	C7	AC	9F	E7	C7	2A	36	E6	C7	B7	D0	34	C8	00	00	38	3E	00	40	CA	C0	00	00	10	3E	00	C0	9F	C0	00	00	D8	3E	00	00	00	00	00	00	00	00	00	00	00	00	00	00	00	00	00	00	00	00
11.982	3D DATA	true	-	-	-	-	-117634.7	-117802.4	-118591.3	-117868.3	-185154.9	0.2	-6.3	0.1	-5.0	0.4	-	-	-	-	-
11.983	3D MESSAGE	48	00	9D	91	20	59	D9	8C	B4	03	87	3D	50	C1	E5	C7	0A	15	E6	C7	9D	9F	E7	C7	22	36	E6	C7	B0	D0	34	C8	00	00	94	3E	00	80	BF	C0	00	00	84	3E	00	C0	9D	C0	00	00	08	3F	00	00	00	00	00	00	00	00	00	00	00	00	00	00	00	00	00	00	00	00
11.983	3D DATA	true	-	-	-	-	-117634.6	-117802.1	-118591.2	-117868.3	-185154.8	0.3	-6.0	0.3	-4.9	0.5	-	-	-	-	-
11.983	3D MESSAGE	48	00	9E	91	20	59	DA	8C	B4	03	87	3D	3E	C1	E5	C7	DB	14	E6	C7	8A	9F	E7	C7	18	36	E6	C7	A4	D0	34	C8	00	00	DC	3E	00	C0	B3	C0	00	00	D0	3E	00	40	9B	C0	00	00	38	3F	00	00	00	00	00	00	00	00	00	00	00	00	00	00	00	00	00	00	00	00
11.983	3D DATA	true	-	-	-	-	-117634.5	-117801.7	-118591.1	-117868.2	-185154.6	0.4	-5.6	0.4	-4.9	0.7	-	-	-	-	-
11.984	3D MESSAGE	48	00	9F	91	20	59	DB	8C	B4	03	87	3D	2B	C1	E5	C7	B2	14	E6	C7	7B	9F	E7	C7	12	36	E6	C7	97	D0	34	C8	00	00	14	3F	00	80	A9	C0	00	00	06	3F	00	C0	99	C0	00	00	6C	3F	00	00	00	00	00	00	00	00	00	00	00	00	00	00	00	00	00	00	00	00
11.984	3D DATA	true	-	-	-	-	-117634.3	-117801.4	-118591.0	-117868.1	-185154.4	0.6	-5.3	0.5	-4.8	0.9	-	-	-	-	-
11.984	3D MESSAGE	48	00	A0	91	20	59	DC	8C	B4	03	87	3D	20	C1	E5	C7	99	14	E6	C7	7A	9F	E7	C7	15	36	E6	C7	8F	D0	34	C8	00	00	2A	3F	00	40	A3	C0	00	00	08	3F	00	80	9A	C0	00	00	86	3F	00	00	00	00	00	00	00	00	00	00	00	00	00	00	00	00	00	00	00	00
11.984	3D DATA	true	-	-	-	-	-117634.2	-117801.2	-118591.0	-117868.2	-185154.2	0.7	-5.1	0.5	-4.8	1.0	-	-	-	-	-
11.985	3D MESSAGE	48	00	A1	91	20	59	DD	8C	B4	03	87	3D	1F	C1	E5	C7	94	14	E6	C7	8F	9F	E7	C7	23	36	E6	C7	8D	D0	34	C8	00	00	2C	3F	00	00	A2	C0	00	00	BC	3E	00	00	9E	C0	00	00	8A	3F	00	00	00	00	00	00	00	00	00	00	00	00	00	00	00	00	00	00	00	00
11.986	3D DATA	true	-	-	-	-	-117634.2	-117801.2	-118591.1	-117868.3	-185154.2	0.7	-5.1	0.4	-4.9	1.1	-	-	-	-	-
11.986	3D MESSAGE	48	00	A2	91	20	59	DE	8C	B4	03	87	3D	28	C1	E5	C7	A3	14	E6	C7	B8	9F	E7	C7	3A	36	E6	C7	92	D0	34	C8	00	00	1A	3F	00	C0	A5	C0	00	00	40	3D	00	C0	A3	C0	00	00	80	3F	00	00	00	00	00	00	00	00	00	00	00	00	00	00	00	00	00	00	00	00
11.986	3D DATA	true	-	-	-	-	-117634.3	-117801.3	-118591.4	-117868.5	-185154.3	0.6	-5.2	0.0	-5.1	1.0	-	-	-	-	-
12.011	3D MESSAGE	48	00	A3	91	20	59	DF	8C	B4	03	87	3D	3A	C1	E5	C7	BF	14	E6	C7	EF	9F	E7	C7	58	36	E6	C7	9E	D0	34	C8	00	00	EC	3E	00	C0	AC	C0	00	00	C4	BE	00	40	AB	C0	00	00	50	3F	00	00	00	00	00	00	00	00	00	00	00	00	00	00	00	00	00	00	00	00
12.011	3D DATA	true	-	-	-	-	-117634.5	-117801.5	-118591.9	-117868.7	-185154.5	0.5	-5.4	-0.4	-5.4	0.8	-	-	-	-	-
12.012	3D MESSAGE	48	00	A4	91	20	59	E0	8C	B4	03	87	3D	4D	C1	E5	C7	DD	14	E6	C7	28	A0	E7	C7	78	36	E6	C7	AB	D0	34	C8	00	00	A0	3E	00	00	00	00	00	00	54	BF	00	40	B3	C0	00	00	1C	3F	00	00	00	00	00	00	00	00	00	00	00	00	00	00	00	00	00	00	00	00
12.012	3D DATA	true	-	-	-	-	-117634.6	-117801.7	-118592.3	-117868.9	-185154.7	0.3	0.0	-0.8	-5.6	0.6	-	-	-	-	-
12.012	3D MESSAGE	48	00	A5	91	20	59	E1	8C	B4	03	87	3D	61	C1	E5	C7	F6	14	E6	C7	5A	A0	E7	C7	97	36	E6	C7	BA	D0	34	C8	00	00	20	3E	00	00	48	BE	00	00	9C	BF	00	00	BB	C0	00	00	C0	3E	00	00	00	00	00	00	00	00	00	00	00	00	00	00	00	00	00	00	00	00
12.012	3D DATA	true	-	-	-	-	-117634.8	-117801.9	-118592.7	-117869.2	-185154.9	0.2	-0.2	-1.2	-5.8	0.4	-	-	-	-	-
12.012	3D MESSAGE	48	00	A6	91	20	59	E2	8C	B4	03	87	3D	74	C1	E5	C7	08	15	E6	C7	7F	A0	E7	C7	B4	36	E6	C7	C8	D0	34	C8	00	00	00	3C	00	00	AC	BE	00	00	C1	BF	00	40	C2	C0	00	00	20	3E	00	00	00	00	00	00	00	00	00	00	00	00	00	00	00	00	00	00	00	00
12.012	3D DATA	true	-	-	-	-	-117634.9	-117802.1	-118593.0	-117869.4	-185155.1	0.0	-0.3	-1.5	-6.1	0.2	-	-	-	-	-
12.013	3D MESSAGE	48	00	A7	91	20	59	E3	8C	B4	03	87	3D	85	C1	E5	C7	17	15	E6	C7	9A	A0	E7	C7	D1	36	E6	C7	D8	D0	34	C8	00	00	00	BE	00	00	E8	BE	00	00	DC	BF	00	80	C9	C0	00	00	C0	BD	00	00	00	00	00	00	00	00	00	00	00	00	00	00	00	00	00	00	00	00
12.013	3D DATA	true	-	-	-	-	-117635.0	-117802.2	-118593.2	-117869.6	-185155.4	-0.1	-0.5	-1.7	-6.3	-0.1	-	-	-	-	-
12.042	3D MESSAGE	48	00	A8	91	20	59	E4	8C	B4	03	87	3D	98	C1	E5	C7	2C	15	E6	C7	AF	A0	E7	C7	EF	36	E6	C7	EB	D0	34	C8	00	00	8C	BE	00	00	1E	BF	00	00	F1	BF	00	00	D1	C0	00	00	C8	BE	00	00	00	00	00	00	00	00	00	00	00	00	00	00	00	00	00	00	00	00
12.042	3D DATA	true	-	-	-	-	-117635.2	-117802.3	-118593.4	-117869.9	-185155.7	-0.3	-0.6	-1.9	-6.5	-0.4	-	-	-	-	-
12.043	3D MESSAGE	48	00	A9	91	20	59	E5	8C	B4	03	87	3D	AD	C1	E5	C7	4E	15	E6	C7	C4	A0	E7	C7	0F	37	E6	C7	02	D1	34	C8	00	00	E0	BE	00	00	62	BF	00	00	03	C0	00	00	D9	C0	00	00	40	BF	00	00	00	00	00	00	00	00	00	00	00	00	00	00	00	00	00	00	00	00
12.043	3D DATA	true	-	-	-	-	-117635.4	-117802.6	-118593.5	-117870.1	-185156.0	-0.4	-0.9	-2.0	-6.8	-0.8	-	-	-	-	-
12.043	3D MESSAGE	48	00	AA	91	20	59	E6	8C	B4	03	87	3D	C0	C1	E5	C7	7E	15	E6	C7	DC	A0	E7	C7	2F	37	E6	C7	1C	D1	34	C8	00	00	16	BF	00	00	A1	BF	00	00	0F	C0	00	00	E1	C0	00	00	94	BF	00	00	00	00	00	00	00	00	00	00	00	00	00	00	00	00	00	00	00	00
12.043	3D DATA	true	-	-	-	-	-117635.5	-117803.0	-118593.7	-117870.4	-185156.4	-0.6	-1.3	-2.2	-7.0	-1.2	-	-	-	-	-
12.043	3D MESSAGE	48	00	AB	91	20	59	E7	8C	B4	03	87	3D	D1	C1	E5	C7	BA	15	E6	C7	F4	A0	E7	C7	4C	37	E6	C7	38	D1	34	C8	00	00	38	BF	00	00	DD	BF	00	00	1B	C0	00	40	E8	C0	00	00	CC	BF	00	00	00	00	00	00	00	00	00	00	00	00	00	00	00	00	00	00	00	00
12.043	3D DATA	true	-	-	-	-	-117635.6	-117803.5	-118593.9	-117870.6	-185156.9	-0.7	-1.7	-2.4	-7.3	-1.6	-	-	-	-	-
12.044	3D MESSAGE	48	00	AC	91	20	59	E8	8C	B4	03	87	3D	DB	C1	E5	C7	F9	15	E6	C7	09	A1	E7	C7	60	37	E6	C7	52	D1	34	C8	00	00	4C	BF	00	00	0E	C0	00	80	25	C0	00	00	00	00	00	00	00	C0	00	00	00	00	00	00	00	00	00	00	00	00	00	00	00	00	00	00	00	00
12.044	3D DATA	true	-	-	-	-	-117635.7	-117803.9	-118594.1	-117870.8	-185157.3	-0.8	-2.2	-2.6	0.0	-2.0	-	-	-	-	-
12.045	3D MESSAGE	48	00	AD	91	20	59	E9	8C	B4	03	87	3D	DE	C1	E5	C7	30	16	E6	C7	14	A1	E7	C7	69	37	E6	C7	68	D1	34	C8	00	00	52	BF	00	80	29	C0	00	00	2B	C0	00	00	90	BD	00	00	16	C0	00	00	00	00	00	00	00	00	00	00	00	00	00	00	00	00	00	00	00	00
12.045	3D DATA	true	-	-	-	-	-117635.7	-117804.4	-118594.2	-117870.8	-185157.6	-0.8	-2.6	-2.7	-0.1	-2.3	-	-	-	-	-
12.046	3D MESSAGE	48	00	AE	91	20	59	EA	8C	B4	03	87	3D	DA	C1	E5	C7	57	16	E6	C7	10	A1	E7	C7	67	37	E6	C7	77	D1	34	C8	00	00	4A	BF	00	00	3D	C0	00	00	29	C0	00	00	60	BD	00	00	25	C0	00	00	00	00	00	00	00	00	00	00	00	00	00	00	00	00	00	00	00	00
12.046	3D DATA	true	-	-	-	-	-117635.7	-117804.7	-118594.1	-117870.8	-185157.9	-0.8	-3.0	-2.6	-0.1	-2.6	-	-	-	-	-
12.077	3D MESSAGE	48	00	AF	91	20	59	EB	8C	B4	03	87	3D	D0	C1	E5	C7	6C	16	E6	C7	FD	A0	E7	C7	5D	37	E6	C7	80	D1	34	C8	00	00	36	BF	00	80	47	C0	00	80	1F	C0	00	00	C0	3C	00	00	2E	C0	00	00	00	00	00	00	00	00	00	00	00	00	00	00	00	00	00	00	00	00
12.077	3D DATA	true	-	-	-	-	-117635.6	-117804.8	-118594.0	-117870.7	-185158.0	-0.7	-3.1	-2.5	0.0	-2.7	-	-	-	-	-
12.078	3D MESSAGE	48	00	B0	91	20	59	EC	8C	B4	03	87	3D	C3	C1	E5	C7	6C	16	E6	C7	DD	A0	E7	C7	51	37	E6	C7	80	D1	34	C8	00	00	1C	BF	00	80	47	C0	00	80	0F	C0	00	00	F0	3D	00	00	2E	C0	00	00	00	00	00	00	00	00	00	00	00	00	00	00	00	00	00	00	00	00
12.078	3D DATA	true	-	-	-	-	-117635.5	-117804.8	-118593.7	-117870.6	-185158.0	-0.6	-3.1	-2.2	0.1	-2.7	-	-	-	-	-
12.078	3D MESSAGE	48	00	B1	91	20	59	ED	8C	B4	03	87	3D	B2	C1	E5	C7	5A	16	E6	C7	B4	A0	E7	C7	45	37	E6	C7	77	D1	34	C8	00	00	F4	BE	00	80	3E	C0	00	00	F6	BF	00	00	58	3E	00	00	25	C0	00	00	00	00	00	00	00	00	00	00	00	00	00	00	00	00	00	00	00	00
12.078	3D DATA	true	-	-	-	-	-117635.4	-117804.7	-118593.4	-117870.5	-185157.9	-0.5	-3.0	-1.9	0.2	-2.6	-	-	-	-	-
12.078	3D MESSAGE	48	00	B2	91	20	59	EE	8C	B4	03	87	3D	9E	C1	E5	C7	38	16	E6	C7	84	A0	E7	C7	3A	37	E6	C7	62	D1	34	C8	00	00	A4	BE	00	80	2D	C0	00	00	C6	BF	00	00	98	3E	00	00	10	C0	00	00	00	00	00	00	00	00	00	00	00	00	00	00	00	00	00	00	00	00
12.078	3D DATA	true	-	-	-	-	-117635.2	-117804.4	-118593.0	-117870.5	-185157.5	-0.3	-2.7	-1.5	0.3	-2.2	-	-	-	-	-
12.079	3D MESSAGE	48	00	B3	91	20	59	EF	8C	B4	03	87	3D	84	C1	E5	C7	08	16	E6	C7	50	A0	E7	C7	30	37	E6	C7	3F	D1	34	C8	00	00	F0	BD	00	80	15	C0	00	00	92	BF	00	00	C0	3E	00	00	DA	BF	00	00	00	00	00	00	00	00	00	00	00	00	00	00	00	00	00	00	00	00
12.079	3D DATA	true	-	-	-	-	-117635.0	-117804.1	-118592.6	-117870.4	-185157.0	-0.1	-2.3	-1.1	0.4	-1.7	-	-	-	-	-
12.079	3D MESSAGE	48	00	B4	91	20	59	F0	8C	B4	03	87	3D	66	C1	E5	C7	CF	15	E6	C7	1A	A0	E7	C7	22	37	E6	C7	10	D1	34	C8	00	00	F0	3D	00	00	F2	BF	00	00	38	BF	00	00	F8	3E	00	00	78	BF	00	00	00	00	00	00	00	00	00	00	00	00	00	00	00	00	00	00	00	00
12.079	3D DATA	true	-	-	-	-	-117634.8	-117803.6	-118592.2	-117870.3	-185156.2	0.1	-1.9	-0.7	0.5	-1.0	-	-	-	-	-
12.104	3D MESSAGE	48	00	B5	91	20	59	F1	8C	B4	03	87	3D	46	C1	E5	C7	93	15	E6	C7	EA	9F	E7	C7	12	37	E6	C7	DB	D0	34	C8	00	00	BC	3E	00	00	B6	BF	00	00	B0	BE	00	00	1C	3F	00	00	10	BE	00	00	00	00	00	00	00	00	00	00	00	00	00	00	00	00	00	00	00	00
12.104	3D DATA	true	-	-	-	-	-117634.5	-117803.1	-118591.8	-117870.1	-185155.4	0.4	-1.4	-0.3	0.6	-0.1	-	-	-	-	-
12.105	3D MESSAGE	48	00	B6	91	20	59	F2	8C	B4	03	87	3D	2B	C1	E5	C7	5D	15	E6	C7	C4	9F	E7	C7	01	37	E6	C7	A7	D0	34	C8	00	00	14	3F	00	00	80	BF	00	00	40	BD	00	00	3E	3F	00	00	2C	3F	00	00	00	00	00	00	00	00	00	00	00	00	00	00	00	00	00	00	00	00
12.105	3D DATA	true	-	-	-	-	-117634.3	-117802.7	-118591.5	-117870.0	-185154.6	0.6	-1.0	-0.0	0.7	0.7	-	-	-	-	-
12.106	3D MESSAGE	48	00	B7	91	20	59	F3	8C	B4	03	87	3D	19	C1	E5	C7	36	15	E6	C7	B1	9F	E7	C7	F4	36	E6	C7	7E	D0	34	C8	00	00	38	3F	00	00	32	BF	00	00	D0	3D	00	00	58	3F	00	00	A8	3F	00	00	00	00	00	00	00	00	00	00	00	00	00	00	00	00	00	00	00	00
12.106	3D DATA	true	-	-	-	-	-117634.2	-117802.4	-118591.4	-117869.9	-185154.0	0.7	-0.7	0.1	0.8	1.3	-	-	-	-	-
12.106	3D MESSAGE	48	00	B8	91	20	59	F4	8C	B4	03	87	3D	17	C1	E5	C7	25	15	E6	C7	B9	9F	E7	C7	F2	36	E6	C7	6A	D0	34	C8	00	00	3C	3F	00	00	10	BF	00	00	20	3D	00	00	5C	3F	00	00	D0	3F	00	00	00	00	00	00	00	00	00	00	00	00	00	00	00	00	00	00	00	00
12.106	3D DATA	true	-	-	-	-	-117634.2	-117802.3	-118591.4	-117869.9	-185153.7	0.7	-0.6	0.0	0.9	1.6	-	-	-	-	-
12.107	3D MESSAGE	48	00	B9	91	20	59	F5	8C	B4	03	87	3D	27	C1	E5	C7	2C	15	E6	C7	DC	9F	E7	C7	00	37	E6	C7	6E	D0	34	C8	00	00	1C	3F	00	00	1E	BF	00	00	70	BE	00	00	40	3F	00	00	C8	3F	00	00	00	00	00	00	00	00	00	00	00	00	00	00	00	00	00	00	00	00
12.107	3D DATA	true	-	-	-	-	-117634.3	-117802.3	-118591.7	-117870.0	-185153.7	0.6	-0.6	-0.2	0.8	1.6	-	-	-	-	-
12.107	3D MESSAGE	48	00	BA	91	20	59	F6	8C	B4	03	87	3D	4A	C1	E5	C7	4A	15	E6	C7	16	A0	E7	C7	20	37	E6	C7	8A	D0	34	C8	00	00	AC	3E	00	00	5A	BF	00	00	30	BF	00	00	00	3F	00	00	90	3F	00	00	00	00	00	00	00	00	00	00	00	00	00	00	00	00	00	00	00	00
12.107	3D DATA	true	-	-	-	-	-117634.6	-117802.6	-118592.2	-117870.2	-185154.2	0.3	-0.9	-0.7	0.5	1.1	-	-	-	-	-
12.138	3D MESSAGE	48	00	BB	91	20	59	F7	8C	B4	03	87	3D	7B	C1	E5	C7	77	15	E6	C7	5E	A0	E7	C7	4C	37	E6	C7	B9	D0	34	C8	00	00	40	BD	00	00	9A	BF	00	00	A0	BF	00	00	20	3E	00	00	C8	3E	00	00	00	00	00	00	00	00	00	00	00	00	00	00	00	00	00	00	00	00
12.138	3D DATA	true	-	-	-	-	-117635.0	-117802.9	-118592.7	-117870.6	-185154.9	-0.0	-1.2	-1.2	0.2	0.4	-	-	-	-	-
12.138	3D MESSAGE	48	00	BC	91	20	59	F8	8C	B4	03	87	3D	B5	C1	E5	C7	A9	15	E6	C7	AA	A0	E7	C7	81	37	E6	C7	F0	D0	34	C8	00	00	00	BF	00	00	CC	BF	00	00	EC	BF	00	00	84	BE	00	00	F0	BE	00	00	00	00	00	00	00	00	00	00	00	00	00	00	00	00	00	00	00	00
12.138	3D DATA	true	-	-	-	-	-117635.4	-117803.3	-118593.3	-117871.0	-185155.8	-0.5	-1.6	-1.8	-0.3	-0.5	-	-	-	-	-
12.139	3D MESSAGE	48	00	BD	91	20	59	F9	8C	E0	C4	65	3D	F2	C1	E5	C7	DA	15	E6	C7	EE	A0	E7	C7	B7	37	E6	C7	28	D1	34	C8	00	00	7A	BF	00	00	FD	BF	00	00	18	C0	00	00	2E	BF	00	00	AC	BF	00	00	00	00	00	00	00	00	00	00	00	00	00	00	00	00	00	00	00	00
12.139	3D DATA	true	-	-	-	-	-117635.9	-117803.7	-118593.9	-117871.4	-185156.6	-1.0	-2.0	-2.4	-0.7	-1.3	-	-	-	-	-
12.139	3D MESSAGE	48	00	BE	91	20	59	FA	8C	E0	C4	65	3D	2A	C2	E5	C7	04	16	E6	C7	22	A1	E7	C7	E9	37	E6	C7	59	D1	34	C8	00	00	B5	BF	00	80	13	C0	00	00	32	C0	00	00	89	BF	00	00	07	C0	00	00	00	00	00	00	00	00	00	00	00	00	00	00	00	00	00	00	00	00
12.139	3D DATA	true	-	-	-	-	-117636.3	-117804.0	-118594.3	-117871.8	-185157.4	-1.4	-2.3	-2.8	-1.1	-2.1	-	-	-	-	-
12.140	3D MESSAGE	48	00	BF	91	20	59	FB	8C	E0	C4	65	3D	5A	C2	E5	C7	28	16	E6	C7	40	A1	E7	C7	13	38	E6	C7	7F	D1	34	C8	00	00	E5	BF	00	80	25	C0	00	00	41	C0	00	00	B3	BF	00	00	2D	C0	00	00	00	00	00	00	00	00	00	00	00	00	00	00	00	00	00	00	00	00
12.140	3D DATA	true	-	-	-	-	-117636.7	-117804.3	-118594.5	-117872.1	-185158.0	-1.8	-2.6	-3.0	-1.4	-2.7	-	-	-	-	-
12.141	3D MESSAGE	48	00	C0	91	20	59	FC	8C	E0	C4	65	3D	7E	C2	E5	C7	44	16	E6	C7	48	A1	E7	C7	34	38	E6	C7	99	D1	34	C8	00	80	04	C0	00	80	33	C0	00	00	45	C0	00	00	D4	BF	00	00	47	C0	00	00	00	00	00	00	00	00	00	00	00	00	00	00	00	00	00	00	00	00
12.141	3D DATA	true	-	-	-	-	-117637.0	-117804.5	-118594.6	-117872.4	-185158.4	-2.1	-2.8	-3.1	-1.7	-3.1	-	-	-	-	-
12.141	3D MESSAGE	48	00	C1	91	20	59	FD	8C	E0	C4	65	3D	92	C2	E5	C7	5A	16	E6	C7	3E	A1	E7	C7	48	38	E6	C7	A8	D1	34	C8	00	80	0E	C0	00	80	3E	C0	00	00	40	C0	00	00	E8	BF	00	00	56	C0	00	00	00	00	00	00	00	00	00	00	00	00	00	00	00	00	00	00	00	00
12.141	3D DATA	true	-	-	-	-	-117637.1	-117804.7	-118594.5	-117872.6	-185158.6	-2.2	-3.0	-3.0	-1.8	-3.3	-	-	-	-	-
12.166	3D MESSAGE	48	00	C2	91	20	59	FE	8C	E0	C4	65	3D	98	C2	E5	C7	68	16	E6	C7	25	A1	E7	C7	4F	38	E6	C7	AD	D1	34	C8	00	80	11	C0	00	80	45	C0	00	80	33	C0	00	00	EF	BF	00	00	5B	C0	00	00	00	00	00	00	00	00	00	00	00	00	00	00	00	00	00	00	00	00
12.166	3D DATA	true	-	-	-	-	-117637.2	-117804.8	-118594.3	-117872.6	-185158.7	-2.3	-3.1	-2.8	-1.9	-3.4	-	-	-	-	-
12.167	3D MESSAGE	48	00	C3	91	20	59	FF	8C	E0	C4	65	3D	8E	C2	E5	C7	6D	16	E6	C7	04	A1	E7	C7	45	38	E6	C7	AA	D1	34	C8	00	80	0C	C0	00	00	48	C0	00	00	23	C0	00	00	E5	BF	00	00	58	C0	00	00	00	00	00	00	00	00	00	00	00	00	00	00	00	00	00	00	00	00
12.167	3D DATA	true	-	-	-	-	-117637.1	-117804.9	-118594.0	-117872.5	-185158.7	-2.2	-3.1	-2.5	-1.8	-3.4	-	-	-	-	-
12.167	3D MESSAGE	48	00	C4	91	20	59	00	8C	E0	C4	65	3D	78	C2	E5	C7	68	16	E6	C7	DF	A0	E7	C7	29	38	E6	C7	A2	D1	34	C8	00	80	01	C0	00	80	45	C0	00	80	10	C0	00	00	C9	BF	00	00	50	C0	00	00	00	00	00	00	00	00	00	00	00	00	00	00	00	00	00	00	00	00
12.167	3D DATA	true	-	-	-	-	-117636.9	-117804.8	-118593.7	-117872.3	-185158.5	-2.0	-3.1	-2.3	-1.6	-3.2	-	-	-	-	-
12.167	3D MESSAGE	48	00	C5	91	20	59	01	8C	E0	C4	65	3D	57	C2	E5	C7	57	16	E6	C7	BA	A0	E7	C7	FB	37	E6	C7	96	D1	34	C8	00	00	E2	BF	00	00	3D	C0	00	00	FC	BF	00	00	9B	BF	00	00	44	C0	00	00	00	00	00	00	00	00	00	00	00	00	00	00	00	00	00	00	00	00
12.167	3D DATA	true	-	-	-	-	-117636.7	-117804.7	-118593.5	-117872.0	-185158.3	-1.8	-3.0	-2.0	-1.2	-3.1	-	-	-	-	-
12.168	3D MESSAGE	48	00	C6	91	20	59	02	8C	E0	C4	65	3D	2F	C2	E5	C7	3C	16	E6	C7	96	A0	E7	C7	C0	37	E6	C7	85	D1	34	C8	00	00	BA	BF	00	80	2F	C0	00	00	D8	BF	00	00	40	BF	00	00	33	C0	00	00	00	00	00	00	00	00	00	00	00	00	00	00	00	00	00	00	00	00
12.168	3D DATA	true	-	-	-	-	-117636.4	-117804.5	-118593.2	-117871.5	-185158.1	-1.5	-2.7	-1.7	-0.8	-2.8	-	-	-	-	-
12.197	3D MESSAGE	48	00	C7	91	20	59	03	8C	E0	C4	65	3D	05	C2	E5	C7	17	16	E6	C7	73	A0	E7	C7	7F	37	E6	C7	6F	D1	34	C8	00	00	90	BF	00	00	1D	C0	00	00	B5	BF	00	00	78	BE	00	00	1D	C0	00	00	00	00	00	00	00	00	00	00	00	00	00	00	00	00	00	00	00	00
12.197	3D DATA	true	-	-	-	-	-117636.0	-117804.2	-118592.9	-117871.0	-185157.7	-1.1	-2.5	-1.4	-0.2	-2.5	-	-	-	-	-
12.198	3D MESSAGE	48	00	C8	91	20	59	04	8C	E0	C4	65	3D	DE	C1	E5	C7	EB	15	E6	C7	50	A0	E7	C7	43	37	E6	C7	55	D1	34	C8	00	00	52	BF	00	00	07	C0	00	00	92	BF	00	00	68	3E	00	00	03	C0	00	00	00	00	00	00	00	00	00	00	00	00	00	00	00	00	00	00	00	00
12.198	3D DATA	true	-	-	-	-	-117635.7	-117803.8	-118592.6	-117870.5	-185157.3	-0.8	-2.1	-1.1	0.2	-2.0	-	-	-	-	-
12.198	3D MESSAGE	48	00	C9	91	20	59	05	8C	E0	C4	65	3D	BE	C1	E5	C7	BD	15	E6	C7	2F	A0	E7	C7	17	37	E6	C7	36	D1	34	C8	00	00	12	BF	00	00	E0	BF	00	00	62	BF	00	00	12	3F	00	00	C8	BF	00	00	00	00	00	00	00	00	00	00	00	00	00	00	00	00	00	00	00	00
12.198	3D DATA	true	-	-	-	-	-117635.5	-117803.5	-118592.4	-117870.2	-185156.8	-0.6	-1.8	-0.9	0.6	-1.6	-	-	-	-	-
12.198	3D MESSAGE	48	00	CA	91	20	59	06	8C	E0	C4	65	3D	AB	C1	E5	C7	92	15	E6	C7	10	A0	E7	C7	02	37	E6	C7	15	D1	34	C8	00	00	D8	BE	00	00	B5	BF	00	00	24	BF	00	00	3C	3F	00	00	86	BF	00	00	00	00	00	00	00	00	00	00	00	00	00	00	00	00	00	00	00	00
12.198	3D DATA	true	-	-	-	-	-117635.3	-117803.1	-118592.1	-117870.0	-185156.3	-0.4	-1.4	-0.6	0.7	-1.0	-	-	-	-	-
12.198	3D MESSAGE	48	00	CB	91	20	59	07	8C	E0	C4	65	3D	A4	C1	E5	C7	6E	15	E6	C7	F5	9F	E7	C7	07	37	E6	C7	F4	D0	34	C8	00	00	BC	BE	00	00	91	BF	00	00	DC	BE	00	00	32	3F	00	00	08	BF	00	00	00	00	00	00	00	00	00	00	00	00	00	00	00	00	00	00	00	00
12.198	3D DATA	true	-	-	-	-	-117635.3	-117802.9	-118591.9	-117870.1	-185155.8	-0.4	-1.1	-0.4	0.7	-0.5	-	-	-	-	-
12.199	3D MESSAGE	48	00	CC	91	20	59	08	8C	E0	C4	65	3D	A8	C1	E5	C7	54	15	E6	C7	DF	9F	E7	C7	21	37	E6	C7	D5	D0	34	C8	00	00	CC	BE	00	00	6E	BF	00	00	84	BE	00	00	FC	3E	00	00	40	BD	00	00	00	00	00	00	00	00	00	00	00	00	00	00	00	00	00	00	00	00
12.199	3D DATA	true	-	-	-	-	-117635.3	-117802.7	-118591.7	-117870.3	-185155.3	-0.4	-0.9	-0.3	0.5	-0.0	-	-	-	-	-
12.232	3D MESSAGE	48	00	CD	91	20	59	09	8C	E0	C4	65	3D	B1	C1	E5	C7	44	15	E6	C7	CD	9F	E7	C7	44	37	E6	C7	B7	D0	34	C8	00	00	F0	BE	00	00	4E	BF	00	00	F0	BD	00	00	60	3E	00	00	D8	3E	00	00	00	00	00	00	00	00	00	00	00	00	00	00	00	00	00	00	00	00
12.232	3D DATA	true	-	-	-	-	-117635.4	-117802.5	-118591.6	-117870.5	-185154.9	-0.5	-0.8	-0.1	0.2	0.4	-	-	-	-	-
12.232	3D MESSAGE	48	00	CE	91	20	59	0A	8C	E0	C4	65	3D	BA	C1	E5	C7	3F	15	E6	C7	BF	9F	E7	C7	63	37	E6	C7	9D	D0	34	C8	00	00	0A	BF	00	00	44	BF	00	00	00	BC	00	00	C0	BC	00	00	54	3F	00	00	00	00	00	00	00	00	00	00	00	00	00	00	00	00	00	00	00	00
12.232	3D DATA	true	-	-	-	-	-117635.5	-117802.5	-118591.5	-117870.8	-185154.5	-0.5	-0.8	-0.0	-0.0	0.8	-	-	-	-	-
12.233	3D MESSAGE	48	00	CF	91	20	59	0B	8C	E0	C4	65	3D	BE	C1	E5	C7	43	15	E6	C7	B3	9F	E7	C7	73	37	E6	C7	86	D0	34	C8	00	00	12	BF	00	00	4C	BF	00	00	B0	3D	00	00	18	BE	00	00	98	3F	00	00	00	00	00	00	00	00	00	00	00	00	00	00	00	00	00	00	00	00
12.233	3D DATA	true	-	-	-	-	-117635.5	-117802.5	-118591.4	-117870.9	-185154.1	-0.6	-0.8	0.1	-0.1	1.2	-	-	-	-	-
12.233	3D MESSAGE	48	00	D0	91	20	59	0C	8C	E0	C4	65	3D	BC	C1	E5	C7	4F	15	E6	C7	AB	9F	E7	C7	6F	37	E6	C7	74	D0	34	C8	00	00	0E	BF	00	00	64	BF	00	00	18	3E	00	00	F0	BD	00	00	BC	3F	00	00	00	00	00	00	00	00	00	00	00	00	00	00	00	00	00	00	00	00
12.233	3D DATA	true	-	-	-	-	-117635.5	-117802.6	-118591.3	-117870.9	-185153.8	-0.6	-0.9	0.1	-0.1	1.5	-	-	-	-	-
12.233	3D MESSAGE	48	00	D1	91	20	59	0D	8C	E0	C4	65	3D	B5	C1	E5	C7	66	15	E6	C7	AA	9F	E7	C7	5A	37	E6	C7	6B	D0	34	C8	00	00	00	BF	00	00	89	BF	00	00	20	3E	00	00	40	3D	00	00	CE	3F	00	00	00	00	00	00	00	00	00	00	00	00	00	00	00	00	00	00	00	00
12.233	3D DATA	true	-	-	-	-	-117635.4	-117802.8	-118591.3	-117870.7	-185153.7	-0.5	-1.1	0.2	0.0	1.6	-	-	-	-	-
12.234	3D MESSAGE	48	00	D2	91	20	59	0E	8C	E0	C4	65	3D	AC	C1	E5	C7	87	15	E6	C7	B4	9F	E7	C7	3D	37	E6	C7	6E	D0	34	C8	00	00	DC	BE	00	00	AA	BF	00	00	A0	3D	00	00	8C	3E	00	00	C8	3F	00	00	00	00	00	00	00	00	00	00	00	00	00	00	00	00	00	00	00	00
12.234	3D DATA	true	-	-	-	-	-117635.3	-117803.1	-118591.4	-117870.5	-185153.7	-0.4	-1.3	0.1	0.3	1.6	-	-	-	-	-
12.234	3D MESSAGE	48	00	D3	91	20	59	0F	8C	E0	C4	65	3D	A7	C1	E5	C7	B5	15	E6	C7	CF	9F	E7	C7	25	37	E6	C7	81	D0	34	C8	00	00	C8	BE	00	00	D8	BF	00	00	08	BE	00	00	EC	3E	00	00	A2	3F	00	00	00	00	00	00	00	00	00	00	00	00	00	00	00	00	00	00	00	00
12.234	3D DATA	true	-	-	-	-	-117635.3	-117803.4	-118591.6	-117870.3	-185154.0	-0.4	-1.7	-0.1	0.5	1.3	-	-	-	-	-
12.263	3D MESSAGE	48	00	D4	91	20	59	10	8C	E0	C4	65	3D	A9	C1	E5	C7	EF	15	E6	C7	FB	9F	E7	C7	1D	37	E6	C7	A6	D0	34	C8	00	00	D0	BE	00	00	09	C0	00	00	F4	BE	00	00	06	3F	00	00	30	3F	00	00	00	00	00	00	00	00	00	00	00	00	00	00	00	00	00	00	00	00
12.263	3D DATA	true	-	-	-	-	-117635.3	-117803.9	-118592.0	-117870.2	-185154.6	-0.4	-2.1	-0.5	0.5	0.7	-	-	-	-	-
12.263	3D MESSAGE	48	00	D5	91	20	59	11	8C	E0	C4	65	3D	B5	C1	E5	C7	30	16	E6	C7	34	A0	E7	C7	2A	37	E6	C7	DC	D0	34	C8	00	00	00	BF	00	80	29	C0	00	00	6C	BF	00	00	D8	3E	00	00	20	BE	00	00	00	00	00	00	00	00	00	00	00	00	00	00	00	00	00	00	00	00
12.263	3D DATA	true	-	-	-	-	-117635.4	-117804.4	-118592.4	-117870.3	-185155.4	-0.5	-2.6	-0.9	0.4	-0.2	-	-	-	-	-
12.264	3D MESSAGE	48	00	D6	91	20	59	12	8C	E0	C4	65	3D	CB	C1	E5	C7	71	16	E6	C7	71	A0	E7	C7	49	37	E6	C7	1E	D1	34	C8	00	00	2C	BF	00	00	4A	C0	00	00	B3	BF	00	00	38	3E	00	00	98	BF	00	00	00	00	00	00	00	00	00	00	00	00	00	00	00	00	00	00	00	00
12.264	3D DATA	true	-	-	-	-	-117635.6	-117804.9	-118592.9	-117870.6	-185156.5	-0.7	-3.2	-1.4	0.2	-1.2	-	-	-	-	-
12.264	3D MESSAGE	48	00	D7	91	20	59	13	8C	E0	C4	65	3D	EA	C1	E5	C7	A8	16	E6	C7	A8	A0	E7	C7	74	37	E6	C7	60	D1	34	C8	00	00	6A	BF	00	80	65	C0	00	00	EA	BF	00	00	20	BE	00	00	0E	C0	00	00	00	00	00	00	00	00	00	00	00	00	00	00	00	00	00	00	00	00
12.264	3D DATA	true	-	-	-	-	-117635.8	-117805.3	-118593.3	-117870.9	-185157.5	-0.9	-3.6	-1.8	-0.2	-2.2	-	-	-	-	-
12.265	3D MESSAGE	48	00	D8	91	20	59	14	8C	E0	C4	65	3D	0A	C2	E5	C7	CD	16	E6	C7	CE	A0	E7	C7	9E	37	E6	C7	9B	D1	34	C8	00	00	95	BF	00	00	78	C0	00	00	08	C0	00	00	F8	BE	00	00	49	C0	00	00	00	00	00	00	00	00	00	00	00	00	00	00	00	00	00	00	00	00
12.265	3D DATA	true	-	-	-	-	-117636.1	-117805.6	-118593.6	-117871.2	-185158.4	-1.2	-3.9	-2.1	-0.5	-3.1	-	-	-	-	-
12.266	3D MESSAGE	48	00	D9	91	20	59	15	8C	E0	C4	65	3D	27	C2	E5	C7	DD	16	E6	C7	DC	A0	E7	C7	BE	37	E6	C7	C5	D1	34	C8	00	00	B2	BF	00	00	80	C0	00	00	0F	C0	00	00	3C	BF	00	00	73	C0	00	00	00	00	00	00	00	00	00	00	00	00	00	00	00	00	00	00	00	00
12.266	3D DATA	true	-	-	-	-	-117636.3	-117805.7	-118593.7	-117871.5	-185159.1	-1.4	-4.0	-2.2	-0.7	-3.8	-	-	-	-	-
12.266	3D MESSAGE	48	00	DA	91	20	59	16	8C	E0	C4	65	3D	3B	C2	E5	C7	D6	16	E6	C7	D0	A0	E7	C7	CD	37	E6	C7	D7	D1	34	C8	00	00	C6	BF	00	80	7C	C0	00	00	09	C0	00	00	5A	BF	00	80	82	C0	00	00	00	00	00	00	00	00	00	00	00	00	00	00	00	00	00	00	00	00
12.266	3D DATA	true	-	-	-	-	-117636.5	-117805.7	-118593.6	-117871.6	-185159.4	-1.5	-3.9	-2.1	-0.9	-4.1	-	-	-	-	-
12.293	3D MESSAGE	48	00	DB	91	20	59	17	8C	E0	C4	65	3D	42	C2	E5	C7	BB	16	E6	C7	B0	A0	E7	C7	C6	37	E6	C7	D1	D1	34	C8	00	00	CD	BF	00	00	6F	C0	00	00	F2	BF	00	00	4C	BF	00	00	7F	C0	00	00	00	00	00	00	00	00	00	00	00	00	00	00	00	00	00	00	00	00
12.293	3D DATA	true	-	-	-	-	-117636.5	-117805.5	-118593.4	-117871.5	-185159.3	-1.6	-3.7	-1.9	-0.8	-4.0	-	-	-	-	-
12.294	3D MESSAGE	48	00	DC	91	20	59	18	8C	E0	C4	65	3D	39	C2	E5	C7	91	16	E6	C7	82	A0	E7	C7	AC	37	E6	C7	B4	D1	34	C8	00	00	C4	BF	00	00	5A	C0	00	00	C4	BF	00	00	18	BF	00	00	62	C0	00	00	00	00	00	00	00	00	00	00	00	00	00	00	00	00	00	00	00	00
12.294	3D DATA	true	-	-	-	-	-117636.4	-117805.1	-118593.0	-117871.3	-185158.8	-1.5	-3.4	-1.5	-0.6	-3.5	-	-	-	-	-
12.294	3D MESSAGE	48	00	DD	91	20	59	19	8C	E0	C4	65	3D	22	C2	E5	C7	5E	16	E6	C7	4C	A0	E7	C7	7F	37	E6	C7	86	D1	34	C8	00	00	AD	BF	00	80	40	C0	00	00	8E	BF	00	00	78	BE	00	00	34	C0	00	00	00	00	00	00	00	00	00	00	00	00	00	00	00	00	00	00	00	00
12.294	3D DATA	true	-	-	-	-	-117636.3	-117804.7	-118592.6	-117871.0	-185158.1	-1.4	-3.0	-1.1	-0.2	-2.8	-	-	-	-	-
12.294	3D MESSAGE	48	00	DE	91	20	59	1A	8C	E0	C4	65	3D	FD	C1	E5	C7	24	16	E6	C7	14	A0	E7	C7	44	37	E6	C7	4F	D1	34	C8	00	00	88	BF	00	80	23	C0	00	00	2C	BF	00	00	60	3E	00	00	FA	BF	00	00	00	00	00	00	00	00	00	00	00	00	00	00	00	00	00	00	00	00
12.295	3D DATA	true	-	-	-	-	-117636.0	-117804.3	-118592.2	-117870.5	-185157.2	-1.1	-2.6	-0.7	0.2	-2.0	-	-	-	-	-
12.295	3D MESSAGE	48	00	DF	91	20	59	1B	8C	E0	C4	65	3D	CE	C1	E5	C7	E6	15	E6	C7	DE	9F	E7	C7	01	37	E6	C7	15	D1	34	C8	00	00	32	BF	00	80	04	C0	00	00	80	BE	00	00	3E	3F	00	00	86	BF	00	00	00	00	00	00	00	00	00	00	00	00	00	00	00	00	00	00	00	00
12.296	3D DATA	true	-	-	-	-	-117635.6	-117803.8	-118591.7	-117870.0	-185156.3	-0.7	-2.1	-0.2	0.7	-1.0	-	-	-	-	-
12.296	3D MESSAGE	48	00	E0	91	20	59	1C	8C	E0	C4	65	3D	9A	C1	E5	C7	A5	15	E6	C7	AE	9F	E7	C7	BC	36	E6	C7	DF	D0	34	C8	00	00	94	BE	00	00	C8	BF	00	00	00	3E	00	00	A4	3F	00	00	50	BE	00	00	00	00	00	00	00	00	00	00	00	00	00	00	00	00	00	00	00	00
12.296	3D DATA	true	-	-	-	-	-117635.2	-117803.3	-118591.4	-117869.5	-185155.5	-0.3	-1.6	0.1	1.3	-0.2	-	-	-	-	-
12.324	3D MESSAGE	48	00	E1	91	20	59	1D	8C	E0	C4	65	3D	65	C1	E5	C7	66	15	E6	C7	84	9F	E7	C7	7E	36	E6	C7	B2	D0	34	C8	00	00	00	3E	00	00	89	BF	00	00	E8	3E	00	00	E2	3F	00	00	00	3F	00	00	00	00	00	00	00	00	00	00	00	00	00	00	00	00	00	00	00	00
12.324	3D DATA	true	-	-	-	-	-117634.8	-117802.8	-118591.0	-117869.0	-185154.8	0.1	-1.1	0.5	1.8	0.5	-	-	-	-	-
12.324	3D MESSAGE	48	00	E2	91	20	59	1E	8C	E0	C4	65	3D	33	C1	E5	C7	2E	15	E6	C7	64	9F	E7	C7	4E	36	E6	C7	90	D0	34	C8	00	00	04	3F	00	00	22	BF	00	00	34	3F	00	00	09	40	00	00	84	3F	00	00	00	00	00	00	00	00	00	00	00	00	00	00	00	00	00	00	00	00
12.324	3D DATA	true	-	-	-	-	-117634.4	-117802.4	-118590.8	-117868.6	-185154.2	0.5	-0.6	0.7	2.1	1.0	-	-	-	-	-
12.325	3D MESSAGE	48	00	E3	91	20	59	1F	8C	E0	C4	65	3D	08	C1	E5	C7	04	15	E6	C7	50	9F	E7	C7	34	36	E6	C7	7B	D0	34	C8	00	00	5A	3F	00	00	9C	BE	00	00	5C	3F	00	00	16	40	00	00	AE	3F	00	00	00	00	00	00	00	00	00	00	00	00	00	00	00	00	00	00	00	00
12.325	3D DATA	true	-	-	-	-	-117634.1	-117802.0	-118590.6	-117868.4	-185153.9	0.9	-0.3	0.9	2.3	1.4	-	-	-	-	-
12.325	3D MESSAGE	48	00	E4	91	20	59	20	8C	E0	C4	65	3D	E8	C0	E5	C7	EB	14	E6	C7	4C	9F	E7	C7	34	36	E6	C7	73	D0	34	C8	00	00	8D	3F	00	00	E0	BD	00	00	64	3F	00	00	16	40	00	00	BE	3F	00	00	00	00	00	00	00	00	00	00	00	00	00	00	00	00	00	00	00	00
12.325	3D DATA	true	-	-	-	-	-117633.8	-117801.8	-118590.6	-117868.4	-185153.8	1.1	-0.1	0.9	2.3	1.5	-	-	-	-	-
12.326	3D MESSAGE	48	00	E5	91	20	59	21	8C	28	F1	46	3D	D8	C0	E5	C7	E3	14	E6	C7	58	9F	E7	C7	4A	36	E6	C7	76	D0	34	C8	00	00	9D	3F	00	00	40	BD	00	00	4C	3F	00	00	0B	40	00	00	B8	3F	00	00	00	00	00	00	00	00	00	00	00	00	00	00	00	00	00	00	00	00
12.326	3D DATA	true	-	-	-	-	-117633.7	-117801.8	-118590.7	-117868.6	-185153.8	1.2	-0.0	0.8	2.2	1.4	-	-	-	-	-
12.326	3D MESSAGE	48	00	E6	91	20	59	22	8C	28	F1	46	3D	D5	C0	E5	C7	E8	14	E6	C7	73	9F	E7	C7	74	36	E6	C7	81	D0	34	C8	00	00	A0	3F	00	00	B0	BD	00	00	16	3F	00	00	EC	3F	00	00	A2	3F	00	00	00	00	00	00	00	00	00	00	00	00	00	00	00	00	00	00	00	00
12.326	3D DATA	true	-	-	-	-	-117633.7	-117801.8	-118590.9	-117868.9	-185154.0	1.2	-0.1	0.6	1.8	1.3	-	-	-	-	-
12.355	3D MESSAGE	48	00	E7	91	20	59	23	8C	28	F1	46	3D	DF	C0	E5	C7	F4	14	E6	C7	98	9F	E7	C7	A8	36	E6	C7	91	D0	34	C8	00	00	96	3F	00	00	38	BE	00	00	98	3E	00	00	B8	3F	00	00	82	3F	00	00	00	00	00	00	00	00	00	00	00	00	00	00	00	00	00	00	00	00
12.355	3D DATA	true	-	-	-	-	-117633.7	-117801.9	-118591.2	-117869.3	-185154.3	1.2	-0.2	0.3	1.4	1.0	-	-	-	-	-
12.356	3D MESSAGE	48	00	E8	91	20	59	24	8C	28	F1	46	3D	F1	C0	E5	C7	FE	14	E6	C7	C2	9F	E7	C7	DC	36	E6	C7	A2	D0	34	C8	00	00	84	3F	00	00	84	BE	00	00	00	BD	00	00	84	3F	00	00	40	3F	00	00	00	00	00	00	00	00	00	00	00	00	00	00	00	00	00	00	00	00
12.356	3D DATA	true	-	-	-	-	-117633.9	-117802.0	-118591.5	-117869.7	-185154.5	1.0	-0.3	-0.0	1.0	0.8	-	-	-	-	-
12.356	3D MESSAGE	48	00	E9	91	20	59	25	8C	28	F1	46	3D	05	C1	E5	C7	02	15	E6	C7	E9	9F	E7	C7	0A	37	E6	C7	B0	D0	34	C8	00	00	60	3F	00	00	94	BE	00	00	AC	BE	00	00	2C	3F	00	00	08	3F	00	00	00	00	00	00	00	00	00	00	00	00	00	00	00	00	00	00	00	00
12.356	3D DATA	true	-	-	-	-	-117634.0	-117802.0	-118591.8	-117870.1	-185154.8	0.9	-0.3	-0.3	0.7	0.5	-	-	-	-	-
12.356	3D MESSAGE	48	00	EA	91	20	59	26	8C	28	F1	46	3D	16	C1	E5	C7	FF	14	E6	C7	05	A0	E7	C7	2A	37	E6	C7	B8	D0	34	C8	00	00	3E	3F	00	00	88	BE	00	00	0E	BF	00	00	D8	3E	00	00	D0	3E	00	00	00	00	00	00	00	00	00	00	00	00	00	00	00	00	00	00	00	00
12.356	3D DATA	true	-	-	-	-	-117634.2	-117802.0	-118592.0	-117870.3	-185154.9	0.7	-0.3	-0.6	0.4	0.4	-	-	-	-	-
12.356	3D MESSAGE	48	00	EB	91	20	59	27	8C	28	F1	46	3D	23	C1	E5	C7	F7	14	E6	C7	11	A0	E7	C7	3B	37	E6	C7	BA	D0	34	C8	00	00	24	3F	00	00	50	BE	00	00	26	BF	00	00	94	3E	00	00	C0	3E	00	00	00	00	00	00	00	00	00	00	00	00	00	00	00	00	00	00	00	00
12.356	3D DATA	true	-	-	-	-	-117634.3	-117801.9	-118592.1	-117870.5	-185154.9	0.6	-0.2	-0.6	0.3	0.4	-	-	-	-	-
12.357	3D MESSAGE	48	00	EC	91	20	59	28	8C	28	F1	46	3D	28	C1	E5	C7	F0	14	E6	C7	09	A0	E7	C7	3C	37	E6	C7	B4	D0	34	C8	00	00	1A	3F	00	00	18	BE	00	00	16	BF	00	00	90	3E	00	00	F0	3E	00	00	00	00	00	00	00	00	00	00	00	00	00	00	00	00	00	00	00	00
12.357	3D DATA	true	-	-	-	-	-117634.3	-117801.9	-118592.1	-117870.5	-185154.8	0.6	-0.1	-0.6	0.3	0.5	-	-	-	-	-
12.385	3D MESSAGE	48	00	ED	91	20	59	29	8C	28	F1	46	3D	2A	C1	E5	C7	EE	14	E6	C7	EE	9F	E7	C7	32	37	E6	C7	AB	D0	34	C8	00	00	16	3F	00	00	08	BE	00	00	C0	BE	00	00	B8	3E	00	00	1C	3F	00	00	00	00	00	00	00	00	00	00	00	00	00	00	00	00	00	00	00	00
12.385	3D DATA	true	-	-	-	-	-117634.3	-117801.9	-118591.9	-117870.4	-185154.7	0.6	-0.1	-0.4	0.4	0.6	-	-	-	-	-
12.385	3D MESSAGE	48	00	EE	91	20	59	2A	8C	28	F1	46	3D	2C	C1	E5	C7	F6	14	E6	C7	C5	9F	E7	C7	21	37	E6	C7	A2	D0	34	C8	00	00	12	3F	00	00	48	BE	00	00	60	BD	00	00	FC	3E	00	00	40	3F	00	00	00	00	00	00	00	00	00	00	00	00	00	00	00	00	00	00	00	00
12.386	3D DATA	true	-	-	-	-	-117634.3	-117801.9	-118591.5	-117870.3	-185154.5	0.6	-0.2	-0.1	0.5	0.8	-	-	-	-	-
12.386	3D MESSAGE	48	00	EF	91	20	59	2B	8C	28	F1	46	3D	33	C1	E5	C7	0C	15	E6	C7	9A	9F	E7	C7	13	37	E6	C7	9D	D0	34	C8	00	00	04	3F	00	00	BC	BE	00	00	90	3E	00	00	1A	3F	00	00	54	3F	00	00	00	00	00	00	00	00	00	00	00	00	00	00	00	00	00	00	00	00
12.386	3D DATA	true	-	-	-	-	-117634.4	-117802.1	-118591.2	-117870.1	-185154.5	0.5	-0.4	0.3	0.6	0.8	-	-	-	-	-
12.386	3D MESSAGE	48	00	F0	91	20	59	2C	8C	28	F1	46	3D	44	C1	E5	C7	34	15	E6	C7	78	9F	E7	C7	0E	37	E6	C7	A2	D0	34	C8	00	00	C4	3E	00	00	2E	BF	00	00	0C	3F	00	00	24	3F	00	00	40	3F	00	00	00	00	00	00	00	00	00	00	00	00	00	00	00	00	00	00	00	00
12.386	3D DATA	true	-	-	-	-	-117634.5	-117802.4	-118590.9	-117870.1	-185154.5	0.4	-0.7	0.5	0.6	0.8	-	-	-	-	-
12.387	3D MESSAGE	48	00	F1	91	20	59	2D	8C	28	F1	46	3D	64	C1	E5	C7	6B	15	E6	C7	6E	9F	E7	C7	1A	37	E6	C7	B3	D0	34	C8	00	00	08	3E	00	00	8E	BF	00	00	20	3F	00	00	0C	3F	00	00	F8	3E	00	00	00	00	00	00	00	00	00	00	00	00	00	00	00	00	00	00	00	00
12.387	3D DATA	true	-	-	-	-	-117634.8	-117802.8	-118590.9	-117870.2	-185154.8	0.1	-1.1	0.6	0.5	0.5	-	-	-	-	-
12.387	3D MESSAGE	48	00	F2	91	20	59	2E	8C	28	F1	46	3D	92	C1	E5	C7	B2	15	E6	C7	84	9F	E7	C7	3A	37	E6	C7	D1	D0	34	C8	00	00	68	BE	00	00	D5	BF	00	00	E8	3E	00	00	98	3E	00	00	80	3C	00	00	00	00	00	00	00	00	00	00	00	00	00	00	00	00	00	00	00	00
12.387	3D DATA	true	-	-	-	-	-117635.1	-117803.4	-118591.0	-117870.5	-185155.3	-0.2	-1.7	0.5	0.3	0.0	-	-	-	-	-
12.418	3D MESSAGE	48	00	F3	91	20	59	2F	8C	28	F1	46	3D	D2	C1	E5	C7	05	16	E6	C7	BD	9F	E7	C7	70	37	E6	C7	FB	D0	34	C8	00	00	3A	BF	00	00	14	C0	00	00	00	3C	00	00	00	BE	00	00	24	BF	00	00	00	00	00	00	00	00	00	00	00	00	00	00	00	00	00	00	00	00
12.418	3D DATA	true	-	-	-	-	-117635.6	-117804.0	-118591.5	-117870.9	-185155.9	-0.7	-2.3	0.0	-0.1	-0.6	-	-	-	-	-
12.418	3D MESSAGE	48	00	F4	91	20	59	30	8C	28	F1	46	3D	1E	C2	E5	C7	5E	16	E6	C7	16	A0	E7	C7	B9	37	E6	C7	2F	D1	34	C8	00	00	A9	BF	00	80	40	C0	00	00	30	BF	00	00	32	BF	00	00	BA	BF	00	00	00	00	00	00	00	00	00	00	00	00	00	00	00	00	00	00	00	00
12.418	3D DATA	true	-	-	-	-	-117636.2	-117804.7	-118592.2	-117871.4	-185156.7	-1.3	-3.0	-0.7	-0.7	-1.5	-	-	-	-	-
12.419	3D MESSAGE	48	00	F5	91	20	59	31	8C	28	F1	46	3D	6F	C2	E5	C7	B6	16	E6	C7	85	A0	E7	C7	0C	38	E6	C7	66	D1	34	C8	00	00	FA	BF	00	80	6C	C0	00	00	C7	BF	00	00	AC	BF	00	00	14	C0	00	00	00	00	00	00	00	00	00	00	00	00	00	00	00	00	00	00	00	00
12.419	3D DATA	true	-	-	-	-	-117636.9	-117805.4	-118593.0	-117872.1	-185157.6	-2.0	-3.7	-1.6	-1.3	-2.3	-	-	-	-	-
12.420	3D MESSAGE	48	00	F6	91	20	59	32	8C	28	F1	46	3D	BB	C2	E5	C7	02	17	E6	C7	F9	A0	E7	C7	5E	38	E6	C7	9A	D1	34	C8	00	00	23	C0	00	40	89	C0	00	80	1D	C0	00	00	FE	BF	00	00	48	C0	00	00	00	00	00	00	00	00	00	00	00	00	00	00	00	00	00	00	00	00
12.420	3D DATA	true	-	-	-	-	-117637.5	-117806.0	-118593.9	-117872.7	-185158.4	-2.5	-4.3	-2.5	-2.0	-3.1	-	-	-	-	-
12.420	3D MESSAGE	48	00	F7	91	20	59	33	8C	28	F1	46	3D	F5	C2	E5	C7	35	17	E6	C7	60	A1	E7	C7	A3	38	E6	C7	C1	D1	34	C8	00	00	40	C0	00	00	96	C0	00	00	51	C0	00	80	21	C0	00	00	6F	C0	00	00	00	00	00	00	00	00	00	00	00	00	00	00	00	00	00	00	00	00
12.420	3D DATA	true	-	-	-	-	-117637.9	-117806.4	-118594.8	-117873.3	-185159.0	-3.0	-4.7	-3.3	-2.5	-3.7	-	-	-	-	-
12.421	3D MESSAGE	48	00	F8	91	20	59	34	8C	28	F1	46	3D	15	C3	E5	C7	46	17	E6	C7	A8	A1	E7	C7	D0	38	E6	C7	D4	D1	34	C8	00	00	50	C0	00	40	9A	C0	00	00	75	C0	00	00	38	C0	00	00	81	C0	00	00	00	00	00	00	00	00	00	00	00	00	00	00	00	00	00	00	00	00
12.421	3D DATA	true	-	-	-	-	-117638.2	-117806.5	-118595.3	-117873.6	-185159.3	-3.2	-4.8	-3.8	-2.9	-4.0	-	-	-	-	-
12.421	3D MESSAGE	48	00	F9	91	20	59	35	8C	28	F1	46	3D	14	C3	E5	C7	30	17	E6	C7	C5	A1	E7	C7	DD	38	E6	C7	CE	D1	34	C8	00	80	4F	C0	00	C0	94	C0	00	C0	81	C0	00	80	3E	C0	00	00	7C	C0	00	00	00	00	00	00	00	00	00	00	00	00	00	00	00	00	00	00	00	00
12.421	3D DATA	true	-	-	-	-	-117638.2	-117806.4	-118595.5	-117873.7	-185159.2	-3.2	-4.6	-4.1	-3.0	-3.9	-	-	-	-	-
12.448	3D MESSAGE	48	00	FA	91	20	59	36	8C	28	F1	46	3D	F5	C2	E5	C7	F4	16	E6	C7	B3	A1	E7	C7	C7	38	E6	C7	AF	D1	34	C8	00	00	40	C0	00	C0	85	C0	00	80	7A	C0	00	80	33	C0	00	00	5D	C0	00	00	00	00	00	00	00	00	00	00	00	00	00	00	00	00	00	00	00	00
12.448	3D DATA	true	-	-	-	-	-117637.9	-117805.9	-118595.4	-117873.6	-185158.7	-3.0	-4.2	-3.9	-2.8	-3.5	-	-	-	-	-
12.449	3D MESSAGE	48	00	FB	91	20	59	37	8C	28	F1	46	3D	BD	C2	E5	C7	9B	16	E6	C7	76	A1	E7	C7	8F	38	E6	C7	7A	D1	34	C8	00	00	24	C0	00	00	5F	C0	00	00	5C	C0	00	80	17	C0	00	00	28	C0	00	00	00	00	00	00	00	00	00	00	00	00	00	00	00	00	00	00	00	00
12.449	3D DATA	true	-	-	-	-	-117637.5	-117805.2	-118594.9	-117873.1	-185157.9	-2.6	-3.5	-3.4	-2.4	-2.6	-	-	-	-	-
12.449	3D MESSAGE	48	00	FC	91	20	59	38	8C	28	F1	46	3D	77	C2	E5	C7	32	16	E6	C7	1A	A1	E7	C7	3E	38	E6	C7	3A	D1	34	C8	00	00	01	C0	00	80	2A	C0	00	00	2E	C0	00	00	DE	BF	00	00	D0	BF	00	00	00	00	00	00	00	00	00	00	00	00	00	00	00	00	00	00	00	00
12.449	3D DATA	true	-	-	-	-	-117636.9	-117804.4	-118594.2	-117872.5	-185156.9	-2.0	-2.7	-2.7	-1.7	-1.6	-	-	-	-	-
12.450	3D MESSAGE	48	00	FD	91	20	59	39	8C	28	F1	46	3D	2D	C2	E5	C7	C8	15	E6	C7	AF	A0	E7	C7	DE	37	E6	C7	F8	D0	34	C8	00	00	B8	BF	00	00	EB	BF	00	00	F1	BF	00	00	7C	BF	00	00	18	BF	00	00	00	00	00	00	00	00	00	00	00	00	00	00	00	00	00	00	00	00
12.450	3D DATA	true	-	-	-	-	-117636.4	-117803.6	-118593.4	-117871.7	-185155.9	-1.4	-1.8	-1.9	-1.0	-0.6	-	-	-	-	-
12.450	3D MESSAGE	48	00	FE	91	20	59	3A	8C	28	F1	46	3D	E9	C1	E5	C7	6C	15	E6	C7	46	A0	E7	C7	7A	37	E6	C7	C1	D0	34	C8	00	00	68	BF	00	00	8F	BF	00	00	88	BF	00	00	50	BE	00	00	88	3E	00	00	00	00	00	00	00	00	00	00	00	00	00	00	00	00	00	00	00	00
12.450	3D DATA	true	-	-	-	-	-117635.8	-117802.8	-118592.5	-117871.0	-185155.0	-0.9	-1.1	-1.1	-0.2	0.3	-	-	-	-	-
12.451	3D MESSAGE	48	00	FF	91	20	59	3B	8C	28	F1	46	3D	B0	C1	E5	C7	28	15	E6	C7	EE	9F	E7	C7	21	37	E6	C7	99	D0	34	C8	00	00	EC	BE	00	00	16	BF	00	00	C0	BE	00	00	FC	3E	00	00	64	3F	00	00	00	00	00	00	00	00	00	00	00	00	00	00	00	00	00	00	00	00
12.451	3D DATA	true	-	-	-	-	-117635.4	-117802.3	-118591.9	-117870.3	-185154.4	-0.5	-0.6	-0.4	0.5	0.9	-	-	-	-	-
12.481	3D MESSAGE	48	00	00	91	20	59	3C	8C	28	F1	46	3D	84	C1	E5	C7	02	15	E6	C7	B4	9F	E7	C7	DB	36	E6	C7	84	D0	34	C8	00	00	F0	BD	00	00	94	BE	00	00	A0	3D	00	00	85	3F	00	00	9C	3F	00	00	00	00	00	00	00	00	00	00	00	00	00	00	00	00	00	00	00	00
12.481	3D DATA	true	-	-	-	-	-117635.0	-117802.0	-118591.4	-117869.7	-185154.1	-0.1	-0.3	0.1	1.0	1.2	-	-	-	-	-
12.481	3D MESSAGE	48	00	01	91	20	59	3D	8C	28	F1	46	3D	66	C1	E5	C7	FC	14	E6	C7	9A	9F	E7	C7	B2	36	E6	C7	7D	D0	34	C8	00	00	F0	3D	00	00	78	BE	00	00	90	3E	00	00	AE	3F	00	00	AA	3F	00	00	00	00	00	00	00	00	00	00	00	00	00	00	00	00	00	00	00	00
12.481	3D DATA	true	-	-	-	-	-117634.8	-117802.0	-118591.2	-117869.4	-185154.0	0.1	-0.2	0.3	1.4	1.3	-	-	-	-	-
12.482	3D MESSAGE	48	00	02	91	20	59	3E	8C	28	F1	46	3D	58	C1	E5	C7	0E	15	E6	C7	9D	9F	E7	C7	A9	36	E6	C7	81	D0	34	C8	00	00	68	3E	00	00	C4	BE	00	00	84	3E	00	00	B7	3F	00	00	A2	3F	00	00	00	00	00	00	00	00	00	00	00	00	00	00	00	00	00	00	00	00
12.482	3D DATA	true	-	-	-	-	-117634.7	-117802.1	-118591.2	-117869.3	-185154.0	0.2	-0.4	0.3	1.4	1.3	-	-	-	-	-
12.482	3D MESSAGE	48	00	03	91	20	59	3F	8C	28	F1	46	3D	5C	C1	E5	C7	31	15	E6	C7	B8	9F	E7	C7	C1	36	E6	C7	89	D0	34	C8	00	00	48	3E	00	00	28	BF	00	00	40	3D	00	00	9F	3F	00	00	92	3F	00	00	00	00	00	00	00	00	00	00	00	00	00	00	00	00	00	00	00	00
12.482	3D DATA	true	-	-	-	-	-117634.7	-117802.4	-118591.4	-117869.5	-185154.1	0.2	-0.7	0.0	1.2	1.1	-	-	-	-	-
12.482	3D MESSAGE	48	00	04	91	20	59	40	8C	28	F1	46	3D	71	C1	E5	C7	5B	15	E6	C7	DE	9F	E7	C7	F3	36	E6	C7	91	D0	34	C8	00	00	00	3D	00	00	7C	BF	00	00	80	BE	00	00	5A	3F	00	00	82	3F	00	00	00	00	00	00	00	00	00	00	00	00	00	00	00	00	00	00	00	00
12.482	3D DATA	true	-	-	-	-	-117634.9	-117802.7	-118591.7	-117869.9	-185154.3	0.0	-1.0	-0.2	0.9	1.0	-	-	-	-	-
12.482	3D MESSAGE	48	00	05	91	20	59	41	8C	28	F1	46	3D	95	C1	E5	C7	7F	15	E6	C7	05	A0	E7	C7	33	37	E6	C7	94	D0	34	C8	00	00	80	BE	00	00	A2	BF	00	00	0E	BF	00	00	B4	3E	00	00	78	3F	00	00	00	00	00	00	00	00	00	00	00	00	00	00	00	00	00	00	00	00
12.482	3D DATA	true	-	-	-	-	-117635.2	-117803.0	-118592.0	-117870.4	-185154.3	-0.2	-1.3	-0.6	0.4	1.0	-	-	-	-	-
12.511	3D MESSAGE	48	00	06	91	20	59	42	8C	28	F1	46	3D	C2	C1	E5	C7	93	15	E6	C7	20	A0	E7	C7	73	37	E6	C7	91	D0	34	C8	00	00	1A	BF	00	00	B6	BF	00	00	44	BF	00	00	18	BE	00	00	82	3F	00	00	00	00	00	00	00	00	00	00	00	00	00	00	00	00	00	00	00	00
12.511	3D DATA	true	-	-	-	-	-117635.5	-117803.1	-118592.2	-117870.9	-185154.3	-0.6	-1.4	-0.8	-0.1	1.0	-	-	-	-	-
12.512	3D MESSAGE	48	00	07	91	20	59	43	8C	28	F1	46	3D	EF	C1	E5	C7	8F	15	E6	C7	28	A0	E7	C7	A2	37	E6	C7	87	D0	34	C8	00	00	74	BF	00	00	B2	BF	00	00	54	BF	00	00	04	BF	00	00	96	3F	00	00	00	00	00	00	00	00	00	00	00	00	00	00	00	00	00	00	00	00
12.512	3D DATA	true	-	-	-	-	-117635.9	-117803.1	-118592.3	-117871.3	-185154.1	-1.0	-1.4	-0.8	-0.5	1.2	-	-	-	-	-
12.512	3D MESSAGE	48	00	08	91	20	59	44	8C	28	F1	46	3D	12	C2	E5	C7	71	15	E6	C7	1B	A0	E7	C7	B5	37	E6	C7	75	D0	34	C8	00	00	9D	BF	00	00	94	BF	00	00	3A	BF	00	00	2A	BF	00	00	BA	3F	00	00	00	00	00	00	00	00	00	00	00	00	00	00	00	00	00	00	00	00
12.512	3D DATA	true	-	-	-	-	-117636.1	-117802.9	-118592.2	-117871.4	-185153.8	-1.2	-1.2	-0.7	-0.7	1.5	-	-	-	-	-
12.512	3D MESSAGE	48	00	09	91	20	59	45	8C	28	F1	46	3D	23	C2	E5	C7	3C	15	E6	C7	FA	9F	E7	C7	A4	37	E6	C7	5E	D0	34	C8	00	00	AE	BF	00	00	3E	BF	00	00	F0	BE	00	00	08	BF	00	00	E8	3F	00	00	00	00	00	00	00	00	00	00	00	00	00	00	00	00	00	00	00	00
12.512	3D DATA	true	-	-	-	-	-117636.3	-117802.5	-118592.0	-117871.3	-185153.5	-1.4	-0.7	-0.5	-0.5	1.8	-	-	-	-	-
12.512	3D MESSAGE	48	00	0A	91	20	59	46	8C	28	F1	46	3D	22	C2	E5	C7	F8	14	E6	C7	CD	9F	E7	C7	75	37	E6	C7	44	D0	34	C8	00	00	AD	BF	00	00	58	BE	00	00	F0	BD	00	00	28	BE	00	00	0E	40	00	00	00	00	00	00	00	00	00	00	00	00	00	00	00	00	00	00	00	00
12.512	3D DATA	true	-	-	-	-	-117636.3	-117801.9	-118591.6	-117870.9	-185153.1	-1.4	-0.2	-0.1	-0.2	2.2	-	-	-	-	-
12.513	3D MESSAGE	48	00	0B	91	20	59	47	8C	28	F1	46	3D	13	C2	E5	C7	B4	14	E6	C7	A0	9F	E7	C7	33	37	E6	C7	2E	D0	34	C8	00	00	9E	BF	00	00	A4	3E	00	00	70	3E	00	00	B4	3E	00	00	24	40	00	00	00	00	00	00	00	00	00	00	00	00	00	00	00	00	00	00	00	00
12.513	3D DATA	true	-	-	-	-	-117636.1	-117801.4	-118591.2	-117870.4	-185152.7	-1.2	0.3	0.2	0.4	2.6	-	-	-	-	-
12.542	3D MESSAGE	48	00	0C	91	20	59	48	8C	28	F1	46	3D	01	C2	E5	C7	7E	14	E6	C7	7E	9F	E7	C7	EF	36	E6	C7	1F	D0	34	C8	00	00	8C	BF	00	00	3E	3F	00	00	00	3F	00	00	62	3F	00	00	33	40	00	00	00	00	00	00	00	00	00	00	00	00	00	00	00	00	00	00	00	00
12.542	3D DATA	true	-	-	-	-	-117636.0	-117801.0	-118591.0	-117869.9	-185152.5	-1.1	0.7	0.5	0.9	2.8	-	-	-	-	-
12.543	3D MESSAGE	48	00	0D	91	20	59	49	8C	28	EF	59	3D	F6	C1	E5	C7	5E	14	E6	C7	6E	9F	E7	C7	BA	36	E6	C7	1E	D0	34	C8	00	00	81	BF	00	00	7E	3F	00	00	20	3F	00	00	A6	3F	00	00	34	40	00	00	00	00	00	00	00	00	00	00	00	00	00	00	00	00	00	00	00	00
12.543	3D DATA	true	-	-	-	-	-117635.9	-117800.7	-118590.9	-117869.5	-185152.5	-1.0	1.0	0.6	1.3	2.8	-	-	-	-	-
12.543	3D MESSAGE	48	00	0E	91	20	59	4A	8C	28	EF	59	3D	F8	C1	E5	C7	5C	14	E6	C7	73	9F	E7	C7	A2	36	E6	C7	2B	D0	34	C8	00	00	83	BF	00	00	81	3F	00	00	16	3F	00	00	BE	3F	00	00	27	40	00	00	00	00	00	00	00	00	00	00	00	00	00	00	00	00	00	00	00	00
12.543	3D DATA	true	-	-	-	-	-117635.9	-117800.7	-118590.9	-117869.3	-185152.7	-1.0	1.0	0.6	1.5	2.6	-	-	-	-	-
12.543	3D MESSAGE	48	00	0F	91	20	59	4B	8C	28	EF	59	3D	0A	C2	E5	C7	74	14	E6	C7	8A	9F	E7	C7	AB	36	E6	C7	46	D0	34	C8	00	00	95	BF	00	00	52	3F	00	00	D0	3E	00	00	B5	3F	00	00	0C	40	00	00	00	00	00	00	00	00	00	00	00	00	00	00	00	00	00	00	00	00
12.543	3D DATA	true	-	-	-	-	-117636.1	-117800.9	-118591.1	-117869.3	-185153.1	-1.2	0.8	0.4	1.4	2.2	-	-	-	-	-
12.543	3D MESSAGE	48	00	10	91	20	59	4C	8C	28	EF	59	3D	25	C2	E5	C7	A0	14	E6	C7	AC	9F	E7	C7	D2	36	E6	C7	66	D0	34	C8	00	00	B0	BF	00	00	F4	3E	00	00	10	3E	00	00	8E	3F	00	00	D8	3F	00	00	00	00	00	00	00	00	00	00	00	00	00	00	00	00	00	00	00	00
12.543	3D DATA	true	-	-	-	-	-117636.3	-117801.2	-118591.3	-117869.6	-185153.6	-1.4	0.5	0.1	1.1	1.7	-	-	-	-	-
12.544	3D MESSAGE	48	00	11	91	20	59	4D	8C	28	EF	59	3D	41	C2	E5	C7	D3	14	E6	C7	CE	9F	E7	C7	0B	37	E6	C7	87	D0	34	C8	00	00	CC	BF	00	00	A0	3D	00	00	00	BE	00	00	2A	3F	00	00	96	3F	00	00	00	00	00	00	00	00	00	00	00	00	00	00	00	00	00	00	00	00
12.544	3D DATA	true	-	-	-	-	-117636.5	-117801.6	-118591.6	-117870.1	-185154.1	-1.6	0.1	-0.1	0.7	1.2	-	-	-	-	-
12.573	3D MESSAGE	48	00	12	91	20	59	4E	8C	28	EF	59	3D	54	C2	E5	C7	00	15	E6	C7	E8	9F	E7	C7	47	37	E6	C7	9E	D0	34	C8	00	00	DF	BF	00	00	8C	BE	00	00	A8	BE	00	00	48	3E	00	00	50	3F	00	00	00	00	00	00	00	00	00	00	00	00	00	00	00	00	00	00	00	00
12.573	3D DATA	true	-	-	-	-	-117636.7	-117802.0	-118591.8	-117870.6	-185154.5	-1.7	-0.3	-0.3	0.2	0.8	-	-	-	-	-
12.573	3D MESSAGE	48	00	13	91	20	59	4F	8C	28	EF	59	3D	57	C2	E5	C7	1C	15	E6	C7	F3	9F	E7	C7	78	37	E6	C7	A5	D0	34	C8	00	00	E2	BF	00	00	FC	BE	00	00	D4	BE	00	00	40	BE	00	00	34	3F	00	00	00	00	00	00	00	00	00	00	00	00	00	00	00	00	00	00	00	00
12.573	3D DATA	true	-	-	-	-	-117636.7	-117802.2	-118591.9	-117870.9	-185154.6	-1.8	-0.5	-0.4	-0.2	0.7	-	-	-	-	-
12.574	3D MESSAGE	48	00	14	91	20	59	50	8C	28	EF	59	3D	46	C2	E5	C7	1C	15	E6	C7	ED	9F	E7	C7	90	37	E6	C7	98	D0	34	C8	00	00	D1	BF	00	00	FC	BE	00	00	BC	BE	00	00	C0	BE	00	00	68	3F	00	00	00	00	00	00	00	00	00	00	00	00	00	00	00	00	00	00	00	00
12.574	3D DATA	true	-	-	-	-	-117636.5	-117802.2	-118591.9	-117871.1	-185154.4	-1.6	-0.5	-0.4	-0.4	0.9	-	-	-	-	-
12.574	3D MESSAGE	48	00	15	91	20	59	51	8C	28	EF	59	3D	22	C2	E5	C7	FE	14	E6	C7	D5	9F	E7	C7	8A	37	E6	C7	78	D0	34	C8	00	00	AD	BF	00	00	84	BE	00	00	38	BE	00	00	A8	BE	00	00	B4	3F	00	00	00	00	00	00	00	00	00	00	00	00	00	00	00	00	00	00	00	00
12.574	3D DATA	true	-	-	-	-	-117636.3	-117802.0	-118591.7	-117871.1	-185153.9	-1.4	-0.3	-0.2	-0.3	1.4	-	-	-	-	-
12.575	3D MESSAGE	48	00	16	91	20	59	52	8C	28	EF	59	3D	EF	C1	E5	C7	C0	14	E6	C7	AE	9F	E7	C7	67	37	E6	C7	49	D0	34	C8	00	00	74	BF	00	00	68	3E	00	00	00	3E	00	00	60	BD	00	00	09	40	00	00	00	00	00	00	00	00	00	00	00	00	00	00	00	00	00	00	00	00
12.575	3D DATA	true	-	-	-	-	-117635.9	-117801.5	-118591.4	-117870.8	-185153.1	-1.0	0.2	0.1	-0.1	2.1	-	-	-	-	-
12.575	3D MESSAGE	48	00	17	91	20	59	53	8C	28	EF	59	3D	B2	C1	E5	C7	6A	14	E6	C7	7E	9F	E7	C7	2F	37	E6	C7	0F	D0	34	C8	00	00	F4	BE	00	00	66	3F	00	00	00	3F	00	00	C4	3E	00	00	43	40	00	00	00	00	00	00	00	00	00	00	00	00	00	00	00	00	00	00	00	00
12.575	3D DATA	true	-	-	-	-	-117635.4	-117800.8	-118591.0	-117870.4	-185152.2	-0.5	0.9	0.5	0.4	3.0	-	-	-	-	-
12.576	3D MESSAGE	48	00	18	91	20	59	54	8C	28	EF	59	3D	74	C1	E5	C7	0C	14	E6	C7	4F	9F	E7	C7	EE	36	E6	C7	D5	CF	34	C8	00	00	00	3C	00	00	D1	3F	00	00	5E	3F	00	00	64	3F	00	00	7D	40	00	00	00	00	00	00	00	00	00	00	00	00	00	00	00	00	00	00	00	00
12.576	3D DATA	true	-	-	-	-	-117634.9	-117800.1	-118590.6	-117869.9	-185151.3	0.0	1.6	0.9	0.9	4.0	-	-	-	-	-
12.603	3D MESSAGE	48	00	19	91	20	59	55	8C	28	EF	59	3D	3E	C1	E5	C7	B6	13	E6	C7	2A	9F	E7	C7	B0	36	E6	C7	A2	CF	34	C8	00	00	DC	3E	00	80	13	40	00	00	94	3F	00	00	B0	3F	00	00	98	40	00	00	00	00	00	00	00	00	00	00	00	00	00	00	00	00	00	00	00	00
12.603	3D DATA	true	-	-	-	-	-117634.5	-117799.4	-118590.3	-117869.4	-185150.5	0.4	2.3	1.2	1.4	4.8	-	-	-	-	-
12.603	3D MESSAGE	48	00	1A	91	20	59	56	8C	28	EF	59	3D	18	C1	E5	C7	7B	13	E6	C7	1A	9F	E7	C7	80	36	E6	C7	7E	CF	34	C8	00	00	3A	3F	00	00	31	40	00	00	A4	3F	00	00	E0	3F	00	00	AA	40	00	00	00	00	00	00	00	00	00	00	00	00	00	00	00	00	00	00	00	00
12.603	3D DATA	true	-	-	-	-	-117634.2	-117799.0	-118590.2	-117869.0	-185150.0	0.7	2.8	1.3	1.8	5.3	-	-	-	-	-
12.604	3D MESSAGE	48	00	1B	91	20	59	57	8C	28	EF	59	3D	09	C1	E5	C7	69	13	E6	C7	23	9F	E7	C7	63	36	E6	C7	6E	CF	34	C8	00	00	58	3F	00	00	3A	40	00	00	9B	3F	00	00	FD	3F	00	00	B2	40	00	00	00	00	00	00	00	00	00	00	00	00	00	00	00	00	00	00	00	00
12.604	3D DATA	true	-	-	-	-	-117634.1	-117798.8	-118590.3	-117868.8	-185149.7	0.8	2.9	1.2	2.0	5.6	-	-	-	-	-
12.604	3D MESSAGE	48	00	1C	91	20	59	58	8C	28	EF	59	3D	12	C1	E5	C7	85	13	E6	C7	46	9F	E7	C7	5D	36	E6	C7	73	CF	34	C8	00	00	46	3F	00	00	2C	40	00	00	70	3F	00	80	01	40	00	80	AF	40	00	00	00	00	00	00	00	00	00	00	00	00	00	00	00	00	00	00	00	00
12.604	3D DATA	true	-	-	-	-	-117634.1	-117799.0	-118590.5	-117868.7	-185149.8	0.8	2.7	0.9	2.0	5.5	-	-	-	-	-
12.605	3D MESSAGE	48	00	1D	91	20	59	59	8C	28	EF	59	3D	33	C1	E5	C7	CC	13	E6	C7	7D	9F	E7	C7	6B	36	E6	C7	8D	CF	34	C8	00	00	04	3F	00	80	08	40	00	00	02	3F	00	00	F5	3F	00	80	A2	40	00	00	00	00	00	00	00	00	00	00	00	00	00	00	00	00	00	00	00	00
12.605	3D DATA	true	-	-	-	-	-117634.4	-117799.6	-118591.0	-117868.8	-185150.2	0.5	2.1	0.5	1.9	5.1	-	-	-	-	-
12.605	3D MESSAGE	48	00	1E	91	20	59	5A	8C	28	EF	59	3D	68	C1	E5	C7	33	14	E6	C7	BF	9F	E7	C7	8A	36	E6	C7	B7	CF	34	C8	00	00	D0	3D	00	00	AA	3F	00	00	00	BC	00	00	D6	3F	00	80	8D	40	00	00	00	00	00	00	00	00	00	00	00	00	00	00	00	00	00	00	00	00
12.605	3D DATA	true	-	-	-	-	-117634.8	-117800.4	-118591.5	-117869.1	-185150.9	0.1	1.3	-0.0	1.7	4.4	-	-	-	-	-
12.635	3D MESSAGE	48	00	1F	91	20	59	5B	8C	28	EF	59	3D	A9	C1	E5	C7	A8	14	E6	C7	02	A0	E7	C7	B5	36	E6	C7	EE	CF	34	C8	00	00	D0	BE	00	00	D4	3E	00	00	08	BF	00	00	AB	3F	00	00	64	40	00	00	00	00	00	00	00	00	00	00	00	00	00	00	00	00	00	00	00	00
12.635	3D DATA	true	-	-	-	-	-117635.3	-117801.3	-118592.0	-117869.4	-185151.7	-0.4	0.4	-0.5	1.3	3.6	-	-	-	-	-
12.636	3D MESSAGE	48	00	20	91	20	59	5C	8C	28	EF	59	3D	EE	C1	E5	C7	1C	15	E6	C7	3C	A0	E7	C7	EA	36	E6	C7	2C	D0	34	C8	00	00	72	BF	00	00	FC	BE	00	00	7C	BF	00	00	6C	3F	00	00	26	40	00	00	00	00	00	00	00	00	00	00	00	00	00	00	00	00	00	00	00	00
12.636	3D DATA	true	-	-	-	-	-117635.9	-117802.2	-118592.5	-117869.8	-185152.7	-0.9	-0.5	-1.0	0.9	2.6	-	-	-	-	-
12.636	3D MESSAGE	48	00	21	91	20	59	5D	8C	28	EF	59	3D	2F	C2	E5	C7	7C	15	E6	C7	69	A0	E7	C7	23	37	E6	C7	6C	D0	34	C8	00	00	BA	BF	00	00	9F	BF	00	00	AB	BF	00	00	F4	3E	00	00	CC	3F	00	00	00	00	00	00	00	00	00	00	00	00	00	00	00	00	00	00	00	00
12.636	3D DATA	true	-	-	-	-	-117636.4	-117803.0	-118592.8	-117870.3	-185153.7	-1.5	-1.2	-1.3	0.5	1.6	-	-	-	-	-
12.637	3D MESSAGE	48	00	22	91	20	59	5E	8C	28	EF	59	3D	63	C2	E5	C7	C0	15	E6	C7	85	A0	E7	C7	5A	37	E6	C7	A7	D0	34	C8	00	00	EE	BF	00	00	E3	BF	00	00	C7	BF	00	00	40	3D	00	00	2C	3F	00	00	00	00	00	00	00	00	00	00	00	00	00	00	00	00	00	00	00	00
12.637	3D DATA	true	-	-	-	-	-117636.8	-117803.5	-118593.0	-117870.7	-185154.6	-1.9	-1.8	-1.6	0.0	0.7	-	-	-	-	-
12.637	3D MESSAGE	48	00	23	91	20	59	5F	8C	28	EF	59	3D	86	C2	E5	C7	E0	15	E6	C7	90	A0	E7	C7	8C	37	E6	C7	DA	D0	34	C8	00	80	08	C0	00	80	01	C0	00	00	D2	BF	00	00	B0	BE	00	00	00	BE	00	00	00	00	00	00	00	00	00	00	00	00	00	00	00	00	00	00	00	00
12.637	3D DATA	true	-	-	-	-	-117637.0	-117803.8	-118593.1	-117871.1	-185155.4	-2.1	-2.0	-1.6	-0.3	-0.1	-	-	-	-	-
12.638	3D MESSAGE	48	00	24	91	20	59	60	8C	28	EF	59	3D	91	C2	E5	C7	DE	15	E6	C7	8A	A0	E7	C7	B0	37	E6	C7	FE	D0	34	C8	00	00	0E	C0	00	80	00	C0	00	00	CC	BF	00	00	20	BF	00	00	30	BF	00	00	00	00	00	00	00	00	00	00	00	00	00	00	00	00	00	00	00	00
12.638	3D DATA	true	-	-	-	-	-117637.1	-117803.7	-118593.1	-117871.4	-185156.0	-2.2	-2.0	-1.6	-0.6	-0.7	-	-	-	-	-
12.669	3D MESSAGE	48	00	25	91	20	59	61	8C	28	EF	59	3D	82	C2	E5	C7	BC	15	E6	C7	71	A0	E7	C7	C6	37	E6	C7	10	D1	34	C8	00	80	06	C0	00	00	DF	BF	00	00	B3	BF	00	00	4C	BF	00	00	78	BF	00	00	00	00	00	00	00	00	00	00	00	00	00	00	00	00	00	00	00	00
12.669	3D DATA	true	-	-	-	-	-117637.0	-117803.5	-118592.9	-117871.5	-185156.2	-2.1	-1.7	-1.4	-0.8	-1.0	-	-	-	-	-
12.670	3D MESSAGE	48	00	26	91	20	59	62	8C	28	EF	59	3D	59	C2	E5	C7	82	15	E6	C7	49	A0	E7	C7	CB	37	E6	C7	0F	D1	34	C8	00	00	E4	BF	00	00	A5	BF	00	00	8B	BF	00	00	56	BF	00	00	74	BF	00	00	00	00	00	00	00	00	00	00	00	00	00	00	00	00	00	00	00	00
12.670	3D DATA	true	-	-	-	-	-117636.7	-117803.0	-118592.6	-117871.6	-185156.2	-1.8	-1.3	-1.1	-0.8	-1.0	-	-	-	-	-
12.670	3D MESSAGE	48	00	27	91	20	59	63	8C	28	EF	59	3D	1A	C2	E5	C7	3C	15	E6	C7	15	A0	E7	C7	C2	37	E6	C7	FC	D0	34	C8	00	00	A5	BF	00	00	3E	BF	00	00	2E	BF	00	00	44	BF	00	00	28	BF	00	00	00	00	00	00	00	00	00	00	00	00	00	00	00	00	00	00	00	00
12.670	3D DATA	true	-	-	-	-	-117636.2	-117802.5	-118592.2	-117871.5	-185155.9	-1.3	-0.7	-0.7	-0.8	-0.7	-	-	-	-	-
12.671	3D MESSAGE	48	00	28	91	20	59	64	8C	28	EF	59	3D	CD	C1	E5	C7	F4	14	E6	C7	DC	9F	E7	C7	AF	37	E6	C7	DC	D0	34	C8	00	00	30	BF	00	00	38	BE	00	00	70	BE	00	00	1E	BF	00	00	20	BE	00	00	00	00	00	00	00	00	00	00	00	00	00	00	00	00	00	00	00	00
12.671	3D DATA	true	-	-	-	-	-117635.6	-117801.9	-118591.7	-117871.4	-185155.4	-0.7	-0.2	-0.2	-0.6	-0.2	-	-	-	-	-
12.671	3D MESSAGE	48	00	29	91	20	59	65	8C	28	EF	59	3D	7B	C1	E5	C7	B7	14	E6	C7	AA	9F	E7	C7	97	37	E6	C7	B6	D0	34	C8	00	00	40	BD	00	00	98	3E	00	00	20	3E	00	00	DC	BE	00	00	E0	3E	00	00	00	00	00	00	00	00	00	00	00	00	00	00	00	00	00	00	00	00
12.671	3D DATA	true	-	-	-	-	-117635.0	-117801.4	-118591.3	-117871.2	-185154.8	-0.0	0.3	0.2	-0.4	0.4	-	-	-	-	-
12.671	3D MESSAGE	48	00	2A	91	20	59	66	8C	28	EF	59	3D	30	C1	E5	C7	8B	14	E6	C7	85	9F	E7	C7	7F	37	E6	C7	90	D0	34	C8	00	00	0A	3F	00	00	24	3F	00	00	E4	3E	00	00	78	BE	00	00	84	3F	00	00	00	00	00	00	00	00	00	00	00	00	00	00	00	00	00	00	00	00
12.671	3D DATA	true	-	-	-	-	-117634.4	-117801.1	-118591.0	-117871.0	-185154.2	0.5	0.6	0.4	-0.2	1.0	-	-	-	-	-
12.672	3D MESSAGE	48	00	2B	91	20	59	67	8C	28	EF	59	3D	F8	C0	E5	C7	76	14	E6	C7	77	9F	E7	C7	6B	37	E6	C7	72	D0	34	C8	00	00	7A	3F	00	00	4E	3F	00	00	0E	3F	00	00	B0	BD	00	00	C0	3F	00	00	00	00	00	00	00	00	00	00	00	00	00	00	00	00	00	00	00	00
12.672	3D DATA	true	-	-	-	-	-117633.9	-117800.9	-118590.9	-117870.8	-185153.8	1.0	0.8	0.6	-0.1	1.5	-	-	-	-	-
12.698	3D MESSAGE	48	00	2C	91	20	59	68	8C	28	EF	59	3D	DA	C0	E5	C7	7C	14	E6	C7	84	9F	E7	C7	5E	37	E6	C7	5F	D0	34	C8	00	00	9B	3F	00	00	42	3F	00	00	E8	3E	00	00	80	3C	00	00	E6	3F	00	00	00	00	00	00	00	00	00	00	00	00	00	00	00	00	00	00	00	00
12.698	3D DATA	true	-	-	-	-	-117633.7	-117801.0	-118591.0	-117870.7	-185153.5	1.2	0.8	0.5	0.0	1.8	-	-	-	-	-
12.698	3D MESSAGE	48	00	2D	91	20	59	69	8C	28	EF	59	3D	DD	C0	E5	C7	9A	14	E6	C7	AE	9F	E7	C7	5B	37	E6	C7	5C	D0	34	C8	00	00	98	3F	00	00	06	3F	00	00	00	3E	00	00	20	3D	00	00	EC	3F	00	00	00	00	00	00	00	00	00	00	00	00	00	00	00	00	00	00	00	00
12.698	3D DATA	true	-	-	-	-	-117633.7	-117801.2	-118591.4	-117870.7	-185153.4	1.2	0.5	0.1	0.0	1.8	-	-	-	-	-
12.699	3D MESSAGE	48	00	2E	91	20	59	6A	8C	28	EF	59	3D	02	C1	E5	C7	CE	14	E6	C7	F2	9F	E7	C7	66	37	E6	C7	6A	D0	34	C8	00	00	66	3F	00	00	F0	3D	00	00	D0	BE	00	00	40	BD	00	00	D0	3F	00	00	00	00	00	00	00	00	00	00	00	00	00	00	00	00	00	00	00	00
12.699	3D DATA	true	-	-	-	-	-117634.0	-117801.6	-118591.9	-117870.8	-185153.7	0.9	0.1	-0.4	-0.0	1.6	-	-	-	-	-
12.699	3D MESSAGE	48	00	2F	91	20	59	6B	8C	28	EF	59	3D	45	C1	E5	C7	14	15	E6	C7	48	A0	E7	C7	80	37	E6	C7	86	D0	34	C8	00	00	C0	3E	00	00	DC	BE	00	00	8A	BF	00	00	80	BE	00	00	98	3F	00	00	00	00	00	00	00	00	00	00	00	00	00	00	00	00	00	00	00	00
12.699	3D DATA	true	-	-	-	-	-117634.5	-117802.2	-118592.6	-117871.0	-185154.1	0.4	-0.4	-1.1	-0.2	1.2	-	-	-	-	-
12.700	3D MESSAGE	48	00	30	91	20	59	6C	8C	28	EF	59	3D	9F	C1	E5	C7	66	15	E6	C7	A8	A0	E7	C7	A8	37	E6	C7	AD	D0	34	C8	00	00	A8	BE	00	00	89	BF	00	00	EA	BF	00	00	10	BF	00	00	14	3F	00	00	00	00	00	00	00	00	00	00	00	00	00	00	00	00	00	00	00	00
12.700	3D DATA	true	-	-	-	-	-117635.2	-117802.8	-118593.3	-117871.3	-185154.7	-0.3	-1.1	-1.8	-0.6	0.6	-	-	-	-	-
12.701	3D MESSAGE	48	00	31	91	20	59	6D	8C	28	EF	59	3D	04	C2	E5	C7	BA	15	E6	C7	04	A1	E7	C7	D8	37	E6	C7	D9	D0	34	C8	00	00	8F	BF	00	00	DD	BF	00	00	23	C0	00	00	70	BF	00	00	E0	BD	00	00	00	00	00	00	00	00	00	00	00	00	00	00	00	00	00	00	00	00
12.701	3D DATA	true	-	-	-	-	-117636.0	-117803.5	-118594.0	-117871.7	-185155.4	-1.1	-1.7	-2.5	-0.9	-0.1	-	-	-	-	-
12.730	3D MESSAGE	48	00	32	91	20	59	6E	8C	28	EF	59	3D	64	C2	E5	C7	0A	16	E6	C7	4E	A1	E7	C7	05	38	E6	C7	03	D1	34	C8	00	00	EF	BF	00	80	16	C0	00	00	48	C0	00	00	A5	BF	00	00	44	BF	00	00	00	00	00	00	00	00	00	00	00	00	00	00	00	00	00	00	00	00
12.730	3D DATA	true	-	-	-	-	-117636.8	-117804.1	-118594.6	-117872.0	-185156.0	-1.9	-2.4	-3.1	-1.3	-0.8	-	-	-	-	-
12.731	3D MESSAGE	48	00	33	91	20	59	6F	8C	28	EF	59	3D	B5	C2	E5	C7	4B	16	E6	C7	7C	A1	E7	C7	28	38	E6	C7	23	D1	34	C8	00	00	20	C0	00	00	37	C0	00	00	5F	C0	00	00	C8	BF	00	00	A2	BF	00	00	00	00	00	00	00	00	00	00	00	00	00	00	00	00	00	00	00	00
12.731	3D DATA	true	-	-	-	-	-117637.4	-117804.6	-118595.0	-117872.3	-185156.5	-2.5	-2.9	-3.5	-1.6	-1.3	-	-	-	-	-
12.731	3D MESSAGE	48	00	34	91	20	59	70	8C	28	EF	59	3D	EA	C2	E5	C7	79	16	E6	C7	87	A1	E7	C7	3A	38	E6	C7	35	D1	34	C8	00	80	3A	C0	00	00	4E	C0	00	80	64	C0	00	00	DA	BF	00	00	C6	BF	00	00	00	00	00	00	00	00	00	00	00	00	00	00	00	00	00	00	00	00
12.731	3D DATA	true	-	-	-	-	-117637.8	-117804.9	-118595.1	-117872.5	-185156.8	-2.9	-3.2	-3.6	-1.7	-1.5	-	-	-	-	-
12.731	3D MESSAGE	48	00	35	91	20	59	71	8C	50	44	81	3D	FE	C2	E5	C7	90	16	E6	C7	70	A1	E7	C7	37	38	E6	C7	36	D1	34	C8	00	80	44	C0	00	80	59	C0	00	00	59	C0	00	00	D7	BF	00	00	C8	BF	00	00	00	00	00	00	00	00	00	00	00	00	00	00	00	00	00	00	00	00
12.731	3D DATA	true	-	-	-	-	-117638.0	-117805.1	-118594.9	-117872.4	-185156.8	-3.1	-3.4	-3.4	-1.7	-1.6	-	-	-	-	-
12.732	3D MESSAGE	48	00	36	91	20	59	72	8C	50	44	81	3D	F5	C2	E5	C7	92	16	E6	C7	40	A1	E7	C7	24	38	E6	C7	28	D1	34	C8	00	00	40	C0	00	80	5A	C0	00	00	41	C0	00	00	C4	BF	00	00	AC	BF	00	00	00	00	00	00	00	00	00	00	00	00	00	00	00	00	00	00	00	00
12.732	3D DATA	true	-	-	-	-	-117637.9	-117805.1	-118594.5	-117872.3	-185156.6	-3.0	-3.4	-3.0	-1.5	-1.3	-	-	-	-	-
12.732	3D MESSAGE	48	00	37	91	20	59	73	8C	50	44	81	3D	D9	C2	E5	C7	86	16	E6	C7	07	A1	E7	C7	0A	38	E6	C7	12	D1	34	C8	00	00	32	C0	00	80	54	C0	00	80	24	C0	00	00	AA	BF	00	00	80	BF	00	00	00	00	00	00	00	00	00	00	00	00	00	00	00	00	00	00	00	00
12.732	3D DATA	true	-	-	-	-	-117637.7	-117805.0	-118594.1	-117872.1	-185156.3	-2.8	-3.3	-2.6	-1.3	-1.0	-	-	-	-	-
12.761	3D MESSAGE	48	00	38	91	20	59	74	8C	50	44	81	3D	B7	C2	E5	C7	75	16	E6	C7	D6	A0	E7	C7	F1	37	E6	C7	F9	D0	34	C8	00	00	21	C0	00	00	4C	C0	00	00	0C	C0	00	00	91	BF	00	00	1C	BF	00	00	00	00	00	00	00	00	00	00	00	00	00	00	00	00	00	00	00	00
12.761	3D DATA	true	-	-	-	-	-117637.4	-117804.9	-118593.7	-117871.9	-185155.9	-2.5	-3.2	-2.2	-1.1	-0.6	-	-	-	-	-
12.762	3D MESSAGE	48	00	39	91	20	59	75	8C	50	44	81	3D	9D	C2	E5	C7	66	16	E6	C7	B9	A0	E7	C7	E3	37	E6	C7	E6	D0	34	C8	00	00	14	C0	00	80	44	C0	00	00	FB	BF	00	00	83	BF	00	00	A0	BE	00	00	00	00	00	00	00	00	00	00	00	00	00	00	00	00	00	00	00	00
12.762	3D DATA	true	-	-	-	-	-117637.2	-117804.8	-118593.4	-117871.8	-185155.6	-2.3	-3.1	-2.0	-1.0	-0.3	-	-	-	-	-
12.762	3D MESSAGE	48	00	3A	91	20	59	76	8C	50	44	81	3D	94	C2	E5	C7	5E	16	E6	C7	B8	A0	E7	C7	E3	37	E6	C7	DD	D0	34	C8	00	80	0F	C0	00	80	40	C0	00	00	FA	BF	00	00	83	BF	00	00	30	BE	00	00	00	00	00	00	00	00	00	00	00	00	00	00	00	00	00	00	00	00
12.762	3D DATA	true	-	-	-	-	-117637.2	-117804.7	-118593.4	-117871.8	-185155.5	-2.2	-3.0	-2.0	-1.0	-0.2	-	-	-	-	-
12.763	3D MESSAGE	48	00	3B	91	20	59	77	8C	50	44	81	3D	A1	C2	E5	C7	63	16	E6	C7	D1	A0	E7	C7	F0	37	E6	C7	DF	D0	34	C8	00	00	16	C0	00	00	43	C0	00	80	09	C0	00	00	90	BF	00	00	50	BE	00	00	00	00	00	00	00	00	00	00	00	00	00	00	00	00	00	00	00	00
12.763	3D DATA	true	-	-	-	-	-117637.3	-117804.8	-118593.6	-117871.9	-185155.5	-2.3	-3.0	-2.1	-1.1	-0.2	-	-	-	-	-
12.763	3D MESSAGE	48	00	3C	91	20	59	78	8C	50	44	81	3D	C0	C2	E5	C7	72	16	E6	C7	FA	A0	E7	C7	04	38	E6	C7	EC	D0	34	C8	00	80	25	C0	00	80	4A	C0	00	00	1E	C0	00	00	A4	BF	00	00	D0	BE	00	00	00	00	00	00	00	00	00	00	00	00	00	00	00	00	00	00	00	00
12.763	3D DATA	true	-	-	-	-	-117637.5	-117804.9	-118594.0	-117872.0	-185155.7	-2.6	-3.2	-2.5	-1.3	-0.4	-	-	-	-	-
12.764	3D MESSAGE	48	00	3D	91	20	59	79	8C	50	44	81	3D	E7	C2	E5	C7	8A	16	E6	C7	24	A1	E7	C7	18	38	E6	C7	00	D1	34	C8	00	00	39	C0	00	80	56	C0	00	00	33	C0	00	00	B8	BF	00	00	38	BF	00	00	00	00	00	00	00	00	00	00	00	00	00	00	00	00	00	00	00	00
12.764	3D DATA	true	-	-	-	-	-117637.8	-117805.1	-118594.3	-117872.2	-185156.0	-2.9	-3.4	-2.8	-1.4	-0.7	-	-	-	-	-
12.792	3D MESSAGE	48	00	3E	91	20	59	7A	8C	50	44	81	3D	0D	C3	E5	C7	A4	16	E6	C7	44	A1	E7	C7	26	38	E6	C7	17	D1	34	C8	00	00	4C	C0	00	80	63	C0	00	00	43	C0	00	00	C6	BF	00	00	8A	BF	00	00	00	00	00	00	00	00	00	00	00	00	00	00	00	00	00	00	00	00
12.792	3D DATA	true	-	-	-	-	-117638.1	-117805.3	-118594.5	-117872.3	-185156.4	-3.2	-3.6	-3.0	-1.5	-1.1	-	-	-	-	-
12.793	3D MESSAGE	48	00	3F	91	20	59	7B	8C	50	44	81	3D	28	C3	E5	C7	BC	16	E6	C7	50	A1	E7	C7	27	38	E6	C7	2F	D1	34	C8	00	80	59	C0	00	80	6F	C0	00	00	49	C0	00	00	C7	BF	00	00	BA	BF	00	00	00	00	00	00	00	00	00	00	00	00	00	00	00	00	00	00	00	00
12.793	3D DATA	true	-	-	-	-	-117638.3	-117805.5	-118594.6	-117872.3	-185156.7	-3.4	-3.7	-3.1	-1.6	-1.5	-	-	-	-	-
12.793	3D MESSAGE	48	00	40	91	20	59	7C	8C	50	44	81	3D	34	C3	E5	C7	CC	16	E6	C7	4A	A1	E7	C7	1B	38	E6	C7	46	D1	34	C8	00	80	5F	C0	00	80	77	C0	00	00	46	C0	00	00	BB	BF	00	00	E8	BF	00	00	00	00	00	00	00	00	00	00	00	00	00	00	00	00	00	00	00	00
12.793	3D DATA	true	-	-	-	-	-117638.4	-117805.6	-118594.6	-117872.2	-185157.1	-3.5	-3.9	-3.1	-1.5	-1.8	-	-	-	-	-
12.793	3D MESSAGE	48	00	41	91	20	59	7D	8C	50	44	81	3D	2E	C3	E5	C7	D1	16	E6	C7	36	A1	E7	C7	04	38	E6	C7	5A	D1	34	C8	00	80	5C	C0	00	00	7A	C0	00	00	3C	C0	00	00	A4	BF	00	00	08	C0	00	00	00	00	00	00	00	00	00	00	00	00	00	00	00	00	00	00	00	00
12.793	3D DATA	true	-	-	-	-	-117638.4	-117805.6	-118594.4	-117872.0	-185157.4	-3.4	-3.9	-2.9	-1.3	-2.1	-	-	-	-	-
12.793	3D MESSAGE	48	00	42	91	20	59	7E	8C	50	44	81	3D	1A	C3	E5	C7	CB	16	E6	C7	1C	A1	E7	C7	E4	37	E6	C7	69	D1	34	C8	00	80	52	C0	00	00	77	C0	00	00	2F	C0	00	00	84	BF	00	00	17	C0	00	00	00	00	00	00	00	00	00	00	00	00	00	00	00	00	00	00	00	00
12.793	3D DATA	true	-	-	-	-	-117638.2	-117805.6	-118594.2	-117871.8	-185157.6	-3.3	-3.9	-2.7	-1.0	-2.4	-	-	-	-	-
12.794	3D MESSAGE	48	00	43	91	20	59	7F	8C	50	44	81	3D	F9	C2	E5	C7	B7	16	E6	C7	05	A1	E7	C7	BF	37	E6	C7	71	D1	34	C8	00	00	42	C0	00	00	6D	C0	00	80	23	C0	00	00	3E	BF	00	00	1F	C0	00	00	00	00	00	00	00	00	00	00	00	00	00	00	00	00	00	00	00	00
12.794	3D DATA	true	-	-	-	-	-117637.9	-117805.4	-118594.0	-117871.5	-185157.8	-3.0	-3.7	-2.6	-0.7	-2.5	-	-	-	-	-
12.824	3D MESSAGE	48	00	44	91	20	59	80	8C	50	44	81	3D	CE	C2	E5	C7	98	16	E6	C7	F3	A0	E7	C7	96	37	E6	C7	6E	D1	34	C8	00	80	2C	C0	00	80	5D	C0	00	80	1A	C0	00	00	D8	BE	00	00	1C	C0	00	00	00	00	00	00	00	00	00	00	00	00	00	00	00	00	00	00	00	00
12.824	3D DATA	true	-	-	-	-	-117637.6	-117805.2	-118593.9	-117871.2	-185157.7	-2.7	-3.5	-2.4	-0.4	-2.4	-	-	-	-	-
12.825	3D MESSAGE	48	00	45	91	20	59	81	8C	50	44	81	3D	9D	C2	E5	C7	70	16	E6	C7	E9	A0	E7	C7	6C	37	E6	C7	60	D1	34	C8	00	00	14	C0	00	80	49	C0	00	80	15	C0	00	00	C0	BD	00	00	0E	C0	00	00	00	00	00	00	00	00	00	00	00	00	00	00	00	00	00	00	00	00
12.825	3D DATA	true	-	-	-	-	-117637.2	-117804.9	-118593.8	-117870.8	-185157.5	-2.3	-3.1	-2.3	-0.1	-2.2	-	-	-	-	-
12.825	3D MESSAGE	48	00	46	91	20	59	82	8C	50	44	81	3D	67	C2	E5	C7	44	16	E6	C7	E3	A0	E7	C7	45	37	E6	C7	48	D1	34	C8	00	00	F2	BF	00	80	33	C0	00	80	12	C0	00	00	58	3E	00	00	EC	BF	00	00	00	00	00	00	00	00	00	00	00	00	00	00	00	00	00	00	00	00
12.825	3D DATA	true	-	-	-	-	-117636.8	-117804.5	-118593.8	-117870.5	-185157.1	-1.9	-2.8	-2.3	0.2	-1.8	-	-	-	-	-
12.826	3D MESSAGE	48	00	47	91	20	59	83	8C	50	44	81	3D	31	C2	E5	C7	19	16	E6	C7	E2	A0	E7	C7	26	37	E6	C7	28	D1	34	C8	00	00	BC	BF	00	00	1E	C0	00	00	12	C0	00	00	E8	3E	00	00	AC	BF	00	00	00	00	00	00	00	00	00	00	00	00	00	00	00	00	00	00	00	00
12.826	3D DATA	true	-	-	-	-	-117636.4	-117804.2	-118593.8	-117870.3	-185156.6	-1.5	-2.5	-2.3	0.5	-1.3	-	-	-	-	-
12.826	3D MESSAGE	48	00	48	91	20	59	84	8C	50	44	81	3D	04	C2	E5	C7	F7	15	E6	C7	E5	A0	E7	C7	15	37	E6	C7	0A	D1	34	C8	00	00	8F	BF	00	00	0D	C0	00	80	13	C0	00	00	16	3F	00	00	60	BF	00	00	00	00	00	00	00	00	00	00	00	00	00	00	00	00	00	00	00	00
12.826	3D DATA	true	-	-	-	-	-117636.0	-117803.9	-118593.8	-117870.2	-185156.2	-1.1	-2.2	-2.3	0.6	-0.9	-	-	-	-	-
12.826	3D MESSAGE	48	00	49	91	20	59	85	8C	50	44	81	3D	E8	C1	E5	C7	E4	15	E6	C7	EE	A0	E7	C7	1A	37	E6	C7	F4	D0	34	C8	00	00	66	BF	00	80	03	C0	00	00	18	C0	00	00	0C	3F	00	00	08	BF	00	00	00	00	00	00	00	00	00	00	00	00	00	00	00	00	00	00	00	00
12.826	3D DATA	true	-	-	-	-	-117635.8	-117803.8	-118593.9	-117870.2	-185155.8	-0.9	-2.1	-2.4	0.5	-0.5	-	-	-	-	-
12.827	3D MESSAGE	48	00	4A	91	20	59	86	8C	50	44	81	3D	E4	C1	E5	C7	E2	15	E6	C7	02	A1	E7	C7	39	37	E6	C7	EC	D0	34	C8	00	00	5E	BF	00	80	02	C0	00	00	22	C0	00	00	9C	3E	00	00	D0	BE	00	00	00	00	00	00	00	00	00	00	00	00	00	00	00	00	00	00	00	00
12.827	3D DATA	true	-	-	-	-	-117635.8	-117803.8	-118594.0	-117870.4	-185155.7	-0.9	-2.0	-2.5	0.3	-0.4	-	-	-	-	-
12.856	3D MESSAGE	48	00	4B	91	20	59	87	8C	50	44	81	3D	FC	C1	E5	C7	F3	15	E6	C7	20	A1	E7	C7	70	37	E6	C7	F5	D0	34	C8	00	00	87	BF	00	00	0B	C0	00	00	31	C0	00	00	00	BE	00	00	0C	BF	00	00	00	00	00	00	00	00	00	00	00	00	00	00	00	00	00	00	00	00
12.856	3D DATA	true	-	-	-	-	-117636.0	-117803.9	-118594.2	-117870.9	-185155.8	-1.1	-2.2	-2.8	-0.1	-0.5	-	-	-	-	-
12.857	3D MESSAGE	48	00	4C	91	20	59	88	8C	50	44	81	3D	2A	C2	E5	C7	0D	16	E6	C7	46	A1	E7	C7	B7	37	E6	C7	09	D1	34	C8	00	00	B5	BF	00	00	18	C0	00	00	44	C0	00	00	2E	BF	00	00	5C	BF	00	00	00	00	00	00	00	00	00	00	00	00	00	00	00	00	00	00	00	00
12.857	3D DATA	true	-	-	-	-	-117636.3	-117804.1	-118594.5	-117871.4	-185156.1	-1.4	-2.4	-3.1	-0.7	-0.9	-	-	-	-	-
12.857	3D MESSAGE	48	00	4D	91	20	59	89	8C	50	44	81	3D	64	C2	E5	C7	27	16	E6	C7	6A	A1	E7	C7	00	38	E6	C7	20	D1	34	C8	00	00	EF	BF	00	00	25	C0	00	00	56	C0	00	00	A0	BF	00	00	9C	BF	00	00	00	00	00	00	00	00	00	00	00	00	00	00	00	00	00	00	00	00
12.857	3D DATA	true	-	-	-	-	-117636.8	-117804.3	-118594.8	-117872.0	-185156.5	-1.9	-2.6	-3.3	-1.2	-1.2	-	-	-	-	-
12.857	3D MESSAGE	48	00	4E	91	20	59	8A	8C	50	44	81	3D	98	C2	E5	C7	33	16	E6	C7	81	A1	E7	C7	3A	38	E6	C7	30	D1	34	C8	00	80	11	C0	00	00	2B	C0	00	80	61	C0	00	00	DA	BF	00	00	BC	BF	00	00	00	00	00	00	00	00	00	00	00	00	00	00	00	00	00	00	00	00
12.857	3D DATA	true	-	-	-	-	-117637.2	-117804.4	-118595.0	-117872.5	-185156.8	-2.3	-2.7	-3.5	-1.7	-1.5	-	-	-	-	-
12.857	3D MESSAGE	48	00	4F	91	20	59	8B	8C	50	44	81	3D	B9	C2	E5	C7	2A	16	E6	C7	82	A1	E7	C7	58	38	E6	C7	2F	D1	34	C8	00	00	22	C0	00	80	26	C0	00	00	62	C0	00	00	F8	BF	00	00	BA	BF	00	00	00	00	00	00	00	00	00	00	00	00	00	00	00	00	00	00	00	00
12.857	3D DATA	true	-	-	-	-	-117637.4	-117804.3	-118595.0	-117872.7	-185156.7	-2.5	-2.6	-3.5	-1.9	-1.5	-	-	-	-	-
12.858	3D MESSAGE	48	00	50	91	20	59	8C	8C	50	44	81	3D	BE	C2	E5	C7	06	16	E6	C7	68	A1	E7	C7	57	38	E6	C7	19	D1	34	C8	00	80	24	C0	00	80	14	C0	00	00	55	C0	00	00	F7	BF	00	00	8E	BF	00	00	00	00	00	00	00	00	00	00	00	00	00	00	00	00	00	00	00	00
12.858	3D DATA	true	-	-	-	-	-117637.5	-117804.0	-118594.8	-117872.7	-185156.4	-2.6	-2.3	-3.3	-1.9	-1.1	-	-	-	-	-
12.885	3D MESSAGE	48	00	51	91	20	59	8D	8C	50	44	81	3D	A5	C2	E5	C7	CB	15	E6	C7	35	A1	E7	C7	38	38	E6	C7	F1	D0	34	C8	00	00	18	C0	00	00	EE	BF	00	80	3B	C0	00	00	D8	BF	00	00	F8	BE	00	00	00	00	00	00	00	00	00	00	00	00	00	00	00	00	00	00	00	00
12.885	3D DATA	true	-	-	-	-	-117637.3	-117803.6	-118594.4	-117872.4	-185155.8	-2.4	-1.9	-2.9	-1.7	-0.5	-	-	-	-	-
12.886	3D MESSAGE	48	00	52	91	20	59	8E	8C	50	44	81	3D	75	C2	E5	C7	84	15	E6	C7	EF	A0	E7	C7	05	38	E6	C7	BF	D0	34	C8	00	00	00	C0	00	00	A7	BF	00	80	18	C0	00	00	A5	BF	00	00	98	3E	00	00	00	00	00	00	00	00	00	00	00	00	00	00	00	00	00	00	00	00
12.886	3D DATA	true	-	-	-	-	-117636.9	-117803.0	-118593.9	-117872.0	-185155.0	-2.0	-1.3	-2.4	-1.3	0.3	-	-	-	-	-
12.886	3D MESSAGE	48	00	53	91	20	59	8F	8C	50	44	81	3D	3A	C2	E5	C7	3B	15	E6	C7	A2	A0	E7	C7	CC	37	E6	C7	8E	D0	34	C8	00	00	C5	BF	00	00	3C	BF	00	00	E4	BF	00	00	58	BF	00	00	88	3F	00	00	00	00	00	00	00	00	00	00	00	00	00	00	00	00	00	00	00	00
12.886	3D DATA	true	-	-	-	-	-117636.5	-117802.5	-118593.3	-117871.6	-185154.2	-1.5	-0.7	-1.8	-0.8	1.1	-	-	-	-	-
12.886	3D MESSAGE	48	00	54	91	20	59	90	8C	50	44	81	3D	FF	C1	E5	C7	FE	14	E6	C7	58	A0	E7	C7	9A	37	E6	C7	67	D0	34	C8	00	00	8A	BF	00	00	84	BE	00	00	9A	BF	00	00	E8	BE	00	00	D6	3F	00	00	00	00	00	00	00	00	00	00	00	00	00	00	00	00	00	00	00	00
12.886	3D DATA	true	-	-	-	-	-117636.0	-117802.0	-118592.7	-117871.2	-185153.6	-1.1	-0.3	-1.2	-0.5	1.7	-	-	-	-	-
12.886	3D MESSAGE	48	00	55	91	20	59	91	8C	50	44	81	3D	CF	C1	E5	C7	D6	14	E6	C7	1B	A0	E7	C7	77	37	E6	C7	51	D0	34	C8	00	00	34	BF	00	00	60	3D	00	00	3A	BF	00	00	38	BE	00	00	01	40	00	00	00	00	00	00	00	00	00	00	00	00	00	00	00	00	00	00	00	00
12.886	3D DATA	true	-	-	-	-	-117635.6	-117801.7	-118592.2	-117870.9	-185153.3	-0.7	0.1	-0.7	-0.2	2.0	-	-	-	-	-
12.887	3D MESSAGE	48	00	56	91	20	59	92	8C	50	44	81	3D	AD	C1	E5	C7	C3	14	E6	C7	EF	9F	E7	C7	66	37	E6	C7	4C	D0	34	C8	00	00	E0	BE	00	00	50	3E	00	00	C4	BE	00	00	40	BD	00	00	06	40	00	00	00	00	00	00	00	00	00	00	00	00	00	00	00	00	00	00	00	00
12.887	3D DATA	true	-	-	-	-	-117635.4	-117801.5	-118591.9	-117870.8	-185153.2	-0.4	0.2	-0.4	-0.0	2.1	-	-	-	-	-
12.916	3D MESSAGE	48	00	57	91	20	59	93	8C	50	44	81	3D	9B	C1	E5	C7	C6	14	E6	C7	D7	9F	E7	C7	69	37	E6	C7	57	D0	34	C8	00	00	98	BE	00	00	38	3E	00	00	48	BE	00	00	90	BD	00	00	F6	3F	00	00	00	00	00	00	00	00	00	00	00	00	00	00	00	00	00	00	00	00
12.916	3D DATA	true	-	-	-	-	-117635.2	-117801.5	-118591.7	-117870.8	-185153.4	-0.3	0.2	-0.2	-0.1	1.9	-	-	-	-	-
12.917	3D MESSAGE	48	00	58	91	20	59	94	8C	50	44	81	3D	98	C1	E5	C7	DB	14	E6	C7	D6	9F	E7	C7	7D	37	E6	C7	6C	D0	34	C8	00	00	8C	BE	00	00	80	3C	00	00	40	BE	00	00	68	BE	00	00	CC	3F	00	00	00	00	00	00	00	00	00	00	00	00	00	00	00	00	00	00	00	00
12.917	3D DATA	true	-	-	-	-	-117635.2	-117801.7	-118591.7	-117871.0	-185153.7	-0.3	0.0	-0.2	-0.2	1.6	-	-	-	-	-
12.917	3D MESSAGE	48	00	59	91	20	59	95	8C	50	44	81	3D	A1	C1	E5	C7	FC	14	E6	C7	EA	9F	E7	C7	A0	37	E6	C7	87	D0	34	C8	00	00	B0	BE	00	00	78	BE	00	00	B0	BE	00	00	00	BF	00	00	96	3F	00	00	00	00	00	00	00	00	00	00	00	00	00	00	00	00	00	00	00	00
12.917	3D DATA	true	-	-	-	-	-117635.3	-117802.0	-118591.8	-117871.2	-185154.1	-0.3	-0.2	-0.3	-0.5	1.2	-	-	-	-	-
12.917	3D MESSAGE	48	00	5A	91	20	59	96	8C	50	44	81	3D	B6	C1	E5	C7	27	15	E6	C7	14	A0	E7	C7	D2	37	E6	C7	A6	D0	34	C8	00	00	02	BF	00	00	14	BF	00	00	2C	BF	00	00	64	BF	00	00	30	3F	00	00	00	00	00	00	00	00	00	00	00	00	00	00	00	00	00	00	00	00
12.917	3D DATA	true	-	-	-	-	-117635.4	-117802.3	-118592.2	-117871.6	-185154.6	-0.5	-0.6	-0.7	-0.9	0.7	-	-	-	-	-
12.917	3D MESSAGE	48	00	5B	91	20	59	97	8C	50	44	81	3D	D5	C1	E5	C7	58	15	E6	C7	4E	A0	E7	C7	0C	38	E6	C7	C8	D0	34	C8	00	00	40	BF	00	00	76	BF	00	00	90	BF	00	00	AC	BF	00	00	20	3E	00	00	00	00	00	00	00	00	00	00	00	00	00	00	00	00	00	00	00	00
12.917	3D DATA	true	-	-	-	-	-117635.7	-117802.7	-118592.6	-117872.1	-185155.1	-0.8	-1.0	-1.1	-1.3	0.2	-	-	-	-	-
12.918	3D MESSAGE	48	00	5C	91	20	59	98	8C	50	44	81	3D	F9	C1	E5	C7	8C	15	E6	C7	8E	A0	E7	C7	47	38	E6	C7	EA	D0	34	C8	00	00	84	BF	00	00	AF	BF	00	00	D0	BF	00	00	E7	BF	00	00	C0	BE	00	00	00	00	00	00	00	00	00	00	00	00	00	00	00	00	00	00	00	00
12.918	3D DATA	true	-	-	-	-	-117635.9	-117803.1	-118593.1	-117872.6	-185155.7	-1.0	-1.4	-1.6	-1.8	-0.4	-	-	-	-	-
12.949	3D MESSAGE	48	00	5D	91	20	59	99	8C	48	2E	50	3D	1D	C2	E5	C7	C2	15	E6	C7	CB	A0	E7	C7	79	38	E6	C7	0D	D1	34	C8	00	00	A8	BF	00	00	E5	BF	00	80	06	C0	00	80	0C	C0	00	00	6C	BF	00	00	00	00	00	00	00	00	00	00	00	00	00	00	00	00	00	00	00	00
12.949	3D DATA	true	-	-	-	-	-117636.2	-117803.5	-118593.6	-117872.9	-185156.2	-1.3	-1.8	-2.1	-2.2	-0.9	-	-	-	-	-
12.950	3D MESSAGE	48	00	5E	91	20	59	9A	8C	48	2E	50	3D	39	C2	E5	C7	F4	15	E6	C7	F9	A0	E7	C7	96	38	E6	C7	2C	D1	34	C8	00	00	C4	BF	00	80	0B	C0	00	80	1D	C0	00	00	1B	C0	00	00	B4	BF	00	00	00	00	00	00	00	00	00	00	00	00	00	00	00	00	00	00	00	00
12.950	3D DATA	true	-	-	-	-	-117636.4	-117803.9	-118593.9	-117873.2	-185156.7	-1.5	-2.2	-2.5	-2.4	-1.4	-	-	-	-	-
12.950	3D MESSAGE	48	00	5F	91	20	59	9B	8C	48	2E	50	3D	48	C2	E5	C7	1E	16	E6	C7	0E	A1	E7	C7	96	38	E6	C7	44	D1	34	C8	00	00	D3	BF	00	80	20	C0	00	00	28	C0	00	00	1B	C0	00	00	E4	BF	00	00	00	00	00	00	00	00	00	00	00	00	00	00	00	00	00	00	00	00
12.950	3D DATA	true	-	-	-	-	-117636.6	-117804.2	-118594.1	-117873.2	-185157.1	-1.6	-2.5	-2.6	-2.4	-1.8	-	-	-	-	-
12.951	3D MESSAGE	48	00	60	91	20	59	9C	8C	48	2E	50	3D	42	C2	E5	C7	38	16	E6	C7	06	A1	E7	C7	75	38	E6	C7	52	D1	34	C8	00	00	CD	BF	00	80	2D	C0	00	00	24	C0	00	80	0A	C0	00	00	00	C0	00	00	00	00	00	00	00	00	00	00	00	00	00	00	00	00	00	00	00	00
12.951	3D DATA	true	-	-	-	-	-117636.5	-117804.4	-118594.0	-117872.9	-185157.3	-1.6	-2.7	-2.6	-2.2	-2.0	-	-	-	-	-
12.951	3D MESSAGE	48	00	61	91	20	59	9D	8C	48	2E	50	3D	29	C2	E5	C7	40	16	E6	C7	E1	A0	E7	C7	36	38	E6	C7	50	D1	34	C8	00	00	B4	BF	00	80	31	C0	00	80	11	C0	00	00	D6	BF	00	00	FC	BF	00	00	00	00	00	00	00	00	00	00	00	00	00	00	00	00	00	00	00	00
12.951	3D DATA	true	-	-	-	-	-117636.3	-117804.5	-118593.8	-117872.4	-185157.2	-1.4	-2.8	-2.3	-1.7	-2.0	-	-	-	-	-
12.952	3D MESSAGE	48	00	62	91	20	59	9E	8C	48	2E	50	3D	00	C2	E5	C7	32	16	E6	C7	A8	A0	E7	C7	E1	37	E6	C7	41	D1	34	C8	00	00	8B	BF	00	80	2A	C0	00	00	EA	BF	00	00	81	BF	00	00	DE	BF	00	00	00	00	00	00	00	00	00	00	00	00	00	00	00	00	00	00	00	00
12.952	3D DATA	true	-	-	-	-	-117636.0	-117804.4	-118593.3	-117871.8	-185157.0	-1.1	-2.7	-1.8	-1.0	-1.7	-	-	-	-	-
12.952	3D MESSAGE	48	00	63	91	20	59	9F	8C	48	2E	50	3D	CF	C1	E5	C7	10	16	E6	C7	65	A0	E7	C7	87	37	E6	C7	26	D1	34	C8	00	00	34	BF	00	80	19	C0	00	00	A7	BF	00	00	9C	BE	00	00	A8	BF	00	00	00	00	00	00	00	00	00	00	00	00	00	00	00	00	00	00	00	00
12.952	3D DATA	true	-	-	-	-	-117635.6	-117804.1	-118592.8	-117871.1	-185156.6	-0.7	-2.4	-1.3	-0.3	-1.3	-	-	-	-	-
12.982	3D MESSAGE	48	00	64	91	20	59	A0	8C	48	2E	50	3D	A2	C1	E5	C7	E2	15	E6	C7	26	A0	E7	C7	37	37	E6	C7	04	D1	34	C8	00	00	B4	BE	00	80	02	C0	00	00	50	BF	00	00	A4	3E	00	00	48	BF	00	00	00	00	00	00	00	00	00	00	00	00	00	00	00	00	00	00	00	00
12.982	3D DATA	true	-	-	-	-	-117635.3	-117803.8	-118592.3	-117870.4	-185156.1	-0.4	-2.0	-0.8	0.3	-0.8	-	-	-	-	-
12.983	3D MESSAGE	48	00	65	91	20	59	A1	8C	48	2E	50	3D	85	C1	E5	C7	AE	15	E6	C7	F8	9F	E7	C7	FD	36	E6	C7	E2	D0	34	C8	00	00	00	BE	00	00	D1	BF	00	00	E8	BE	00	00	46	3F	00	00	80	BE	00	00	00	00	00	00	00	00	00	00	00	00	00	00	00	00	00	00	00	00
12.983	3D DATA	true	-	-	-	-	-117635.0	-117803.4	-118591.9	-117870.0	-185155.5	-0.1	-1.6	-0.5	0.8	-0.2	-	-	-	-	-
12.984	3D MESSAGE	48	00	66	91	20	59	A2	8C	48	2E	50	3D	7E	C1	E5	C7	80	15	E6	C7	E2	9F	E7	C7	E0	36	E6	C7	C8	D0	34	C8	00	00	90	BD	00	00	A3	BF	00	00	90	BE	00	00	80	3F	00	00	20	3E	00	00	00	00	00	00	00	00	00	00	00	00	00	00	00	00	00	00	00	00
12.984	3D DATA	true	-	-	-	-	-117635.0	-117803.0	-118591.8	-117869.8	-185155.1	-0.1	-1.3	-0.3	1.0	0.2	-	-	-	-	-
12.984	3D MESSAGE	48	00	67	91	20	59	A3	8C	48	2E	50	3D	8F	C1	E5	C7	61	15	E6	C7	EA	9F	E7	C7	DF	36	E6	C7	BA	D0	34	C8	00	00	50	BE	00	00	84	BF	00	00	B0	BE	00	00	81	3F	00	00	C0	3E	00	00	00	00	00	00	00	00	00	00	00	00	00	00	00	00	00	00	00	00
12.984	3D DATA	true	-	-	-	-	-117635.1	-117802.8	-118591.8	-117869.7	-185154.9	-0.2	-1.0	-0.3	1.0	0.4	-	-	-	-	-
12.985	3D MESSAGE	48	00	68	91	20	59	A4	8C	48	2E	50	3D	B0	C1	E5	C7	50	15	E6	C7	09	A0	E7	C7	F5	36	E6	C7	B9	D0	34	C8	00	00	EC	BE	00	00	66	BF	00	00	16	BF	00	00	56	3F	00	00	C8	3E	00	00	00	00	00	00	00	00	00	00	00	00	00	00	00	00	00	00	00	00
12.985	3D DATA	true	-	-	-	-	-117635.4	-117802.6	-118592.1	-117869.9	-185154.9	-0.5	-0.9	-0.6	0.8	0.4	-	-	-	-	-
12.986	3D MESSAGE	48	00	69	91	20	59	A5	8C	48	2E	50	3D	D5	C1	E5	C7	4C	15	E6	C7	37	A0	E7	C7	16	37	E6	C7	C0	D0	34	C8	00	00	40	BF	00	00	5E	BF	00	00	72	BF	00	00	14	3F	00	00	90	3E	00	00	00	00	00	00	00	00	00	00	00	00	00	00	00	00	00	00	00	00
12.986	3D DATA	true	-	-	-	-	-117635.7	-117802.6	-118592.4	-117870.2	-185155.0	-0.8	-0.9	-0.9	0.6	0.3	-	-	-	-	-
12.986	3D MESSAGE	48	00	6A	91	20	59	A6	8C	48	2E	50	3D	F0	C1	E5	C7	48	15	E6	C7	65	A0	E7	C7	36	37	E6	C7	C9	D0	34	C8	00	00	76	BF	00	00	56	BF	00	00	A7	BF	00	00	A8	3E	00	00	10	3E	00	00	00	00	00	00	00	00	00	00	00	00	00	00	00	00	00	00	00	00
12.986	3D DATA	true	-	-	-	-	-117635.9	-117802.6	-118592.8	-117870.4	-185155.1	-1.0	-0.8	-1.3	0.3	0.1	-	-	-	-	-
12.986	3D MESSAGE	48	00	6B	91	20	59	A7	8C	48	2E	50	3D	F4	C1	E5	C7	3A	15	E6	C7	85	A0	E7	C7	4A	37	E6	C7	C9	D0	34	C8	00	00	7E	BF	00	00	3A	BF	00	00	C7	BF	00	00	30	3E	00	00	10	3E	00	00	00	00	00	00	00	00	00	00	00	00	00	00	00	00	00	00	00	00
12.986	3D DATA	true	-	-	-	-	-117635.9	-117802.5	-118593.0	-117870.6	-185155.1	-1.0	-0.7	-1.6	0.2	0.1	-	-	-	-	-
13.012	3D MESSAGE	48	00	6C	91	20	59	A8	8C	48	2E	50	3D	DF	C1	E5	C7	1C	15	E6	C7	8C	A0	E7	C7	4A	37	E6	C7	BA	D0	34	C8	00	00	54	BF	00	00	FC	BE	00	00	CE	BF	00	00	30	3E	00	00	C0	3E	00	00	00	00	00	00	00	00	00	00	00	00	00	00	00	00	00	00	00	00
13.012	3D DATA	true	-	-	-	-	-117635.7	-117802.2	-118593.1	-117870.6	-185154.9	-0.8	-0.5	-1.6	0.2	0.4	-	-	-	-	-
13.014	3D MESSAGE	48	00	6D	91	20	59	A9	8C	48	2E	50	3D	B4	C1	E5	C7	ED	14	E6	C7	79	A0	E7	C7	36	37	E6	C7	99	D0	34	C8	00	00	FC	BE	00	00	00	BE	00	00	BB	BF	00	00	A8	3E	00	00	64	3F	00	00	00	00	00	00	00	00	00	00	00	00	00	00	00	00	00	00	00	00
13.014	3D DATA	true	-	-	-	-	-117635.4	-117801.9	-118592.9	-117870.4	-185154.4	-0.5	-0.1	-1.5	0.3	0.9	-	-	-	-	-
13.015	3D MESSAGE	48	00	6E	91	20	59	AA	8C	48	2E	50	3D	7E	C1	E5	C7	B5	14	E6	C7	4E	A0	E7	C7	12	37	E6	C7	68	D0	34	C8	00	00	90	BD	00	00	A0	3E	00	00	90	BF	00	00	1C	3F	00	00	D4	3F	00	00	00	00	00	00	00	00	00	00	00	00	00	00	00	00	00	00	00	00
13.015	3D DATA	true	-	-	-	-	-117635.0	-117801.4	-118592.6	-117870.1	-185153.6	-0.1	0.3	-1.1	0.6	1.7	-	-	-	-	-
13.015	3D MESSAGE	48	00	6F	91	20	59	AB	8C	48	2E	50	3D	50	C1	E5	C7	81	14	E6	C7	18	A0	E7	C7	E6	36	E6	C7	2F	D0	34	C8	00	00	94	3E	00	00	38	3F	00	00	34	BF	00	00	74	3F	00	00	23	40	00	00	00	00	00	00	00	00	00	00	00	00	00	00	00	00	00	00	00	00
13.015	3D DATA	true	-	-	-	-	-117634.6	-117801.0	-118592.2	-117869.8	-185152.7	0.3	0.7	-0.7	1.0	2.5	-	-	-	-	-
13.016	3D MESSAGE	48	00	70	91	20	59	AC	8C	48	2E	50	3D	33	C1	E5	C7	60	14	E6	C7	E3	9F	E7	C7	C0	36	E6	C7	FA	CF	34	C8	00	00	04	3F	00	00	7A	3F	00	00	94	BE	00	00	A0	3F	00	00	58	40	00	00	00	00	00	00	00	00	00	00	00	00	00	00	00	00	00	00	00	00
13.016	3D DATA	true	-	-	-	-	-117634.4	-117800.8	-118591.8	-117869.5	-185151.9	0.5	1.0	-0.3	1.2	3.4	-	-	-	-	-
13.044	3D MESSAGE	48	00	71	91	20	59	AD	8C	48	2E	50	3D	30	C1	E5	C7	5E	14	E6	C7	BD	9F	E7	C7	A8	36	E6	C7	D4	CF	34	C8	00	00	0A	3F	00	00	7E	3F	00	00	00	3C	00	00	B8	3F	00	00	7E	40	00	00	00	00	00	00	00	00	00	00	00	00	00	00	00	00	00	00	00	00
13.044	3D DATA	true	-	-	-	-	-117634.4	-117800.7	-118591.5	-117869.3	-185151.3	0.5	1.0	0.0	1.4	4.0	-	-	-	-	-
13.045	3D MESSAGE	48	00	72	91	20	59	AE	8C	48	2E	50	3D	42	C1	E5	C7	7D	14	E6	C7	AE	9F	E7	C7	A4	36	E6	C7	C0	CF	34	C8	00	00	CC	3E	00	00	40	3F	00	00	00	3E	00	00	BC	3F	00	00	89	40	00	00	00	00	00	00	00	00	00	00	00	00	00	00	00	00	00	00	00	00
13.045	3D DATA	true	-	-	-	-	-117634.5	-117801.0	-118591.4	-117869.3	-185151.0	0.4	0.8	0.1	1.5	4.3	-	-	-	-	-
13.046	3D MESSAGE	48	00	73	91	20	59	AF	8C	48	2E	50	3D	61	C1	E5	C7	B8	14	E6	C7	B6	9F	E7	C7	B6	36	E6	C7	C0	CF	34	C8	00	00	20	3E	00	00	94	3E	00	00	80	3D	00	00	AA	3F	00	00	89	40	00	00	00	00	00	00	00	00	00	00	00	00	00	00	00	00	00	00	00	00
13.046	3D DATA	true	-	-	-	-	-117634.8	-117801.4	-118591.4	-117869.4	-185151.0	0.2	0.3	0.1	1.3	4.3	-	-	-	-	-
13.047	3D MESSAGE	48	00	74	91	20	59	B0	8C	48	2E	50	3D	81	C1	E5	C7	03	15	E6	C7	D3	9F	E7	C7	D9	36	E6	C7	CF	CF	34	C8	00	00	C0	BD	00	00	98	BE	00	00	28	BE	00	00	87	3F	00	80	81	40	00	00	00	00	00	00	00	00	00	00	00	00	00	00	00	00	00	00	00	00
13.047	3D DATA	true	-	-	-	-	-117635.0	-117802.0	-118591.6	-117869.7	-185151.2	-0.1	-0.3	-0.2	1.1	4.0	-	-	-	-	-
13.048	3D MESSAGE	48	00	75	91	20	59	B1	8C	48	2E	50	3D	99	C1	E5	C7	4E	15	E6	C7	FC	9F	E7	C7	04	37	E6	C7	E6	CF	34	C8	00	00	90	BE	00	00	62	BF	00	00	F8	BE	00	00	38	3F	00	00	6C	40	00	00	00	00	00	00	00	00	00	00	00	00	00	00	00	00	00	00	00	00
13.048	3D DATA	true	-	-	-	-	-117635.2	-117802.6	-118592.0	-117870.0	-185151.6	-0.3	-0.9	-0.5	0.7	3.7	-	-	-	-	-
13.053	3D MESSAGE	48	00	76	91	20	59	B2	8C	48	2E	50	3D	A3	C1	E5	C7	8D	15	E6	C7	28	A0	E7	C7	2F	37	E6	C7	00	D0	34	C8	00	00	B8	BE	00	00	B0	BF	00	00	54	BF	00	00	C4	3E	00	00	52	40	00	00	00	00	00	00	00	00	00	00	00	00	00	00	00	00	00	00	00	00
13.053	3D DATA	true	-	-	-	-	-117635.3	-117803.1	-118592.3	-117870.4	-185152.0	-0.4	-1.4	-0.8	0.4	3.3	-	-	-	-	-
13.055	3D MESSAGE	48	00	77	91	20	59	B3	8C	48	2E	50	3D	A2	C1	E5	C7	B9	15	E6	C7	51	A0	E7	C7	53	37	E6	C7	16	D0	34	C8	00	00	B4	BE	00	00	DC	BF	00	00	93	BF	00	00	D0	3D	00	00	3C	40	00	00	00	00	00	00	00	00	00	00	00	00	00	00	00	00	00	00	00	00
13.055	3D DATA	true	-	-	-	-	-117635.3	-117803.4	-118592.6	-117870.6	-185152.3	-0.4	-1.7	-1.1	0.1	2.9	-	-	-	-	-
13.055	3D MESSAGE	48	00	78	91	20	59	B4	8C	48	2E	50	3D	9A	C1	E5	C7	D1	15	E6	C7	6F	A0	E7	C7	6B	37	E6	C7	29	D0	34	C8	00	00	94	BE	00	00	F4	BF	00	00	B1	BF	00	00	B0	BD	00	00	29	40	00	00	00	00	00	00	00	00	00	00	00	00	00	00	00	00	00	00	00	00
13.055	3D DATA	true	-	-	-	-	-117635.2	-117803.6	-118592.9	-117870.8	-185152.6	-0.3	-1.9	-1.4	-0.1	2.6	-	-	-	-	-
13.076	3D MESSAGE	48	00	79	91	20	59	B5	8C	48	2E	50	3D	8E	C1	E5	C7	D8	15	E6	C7	7E	A0	E7	C7	77	37	E6	C7	38	D0	34	C8	00	00	48	BE	00	00	FB	BF	00	00	C0	BF	00	00	38	BE	00	00	1A	40	00	00	00	00	00	00	00	00	00	00	00	00	00	00	00	00	00	00	00	00
13.076	3D DATA	true	-	-	-	-	-117635.1	-117803.7	-118593.0	-117870.9	-185152.9	-0.2	-2.0	-1.5	-0.2	2.4	-	-	-	-	-
13.077	3D MESSAGE	48	00	7A	91	20	59	B6	8C	48	2E	50	3D	82	C1	E5	C7	D3	15	E6	C7	7D	A0	E7	C7	77	37	E6	C7	43	D0	34	C8	00	00	D0	BD	00	00	F6	BF	00	00	BF	BF	00	00	38	BE	00	00	0F	40	00	00	00	00	00	00	00	00	00	00	00	00	00	00	00	00	00	00	00	00
13.077	3D DATA	true	-	-	-	-	-117635.0	-117803.6	-118593.0	-117870.9	-185153.0	-0.1	-1.9	-1.5	-0.2	2.2	-	-	-	-	-
13.077	3D MESSAGE	48	00	7B	91	20	59	B7	8C	48	2E	50	3D	76	C1	E5	C7	C6	15	E6	C7	6B	A0	E7	C7	6B	37	E6	C7	4A	D0	34	C8	00	00	00	BC	00	00	E9	BF	00	00	AD	BF	00	00	B0	BD	00	00	08	40	00	00	00	00	00	00	00	00	00	00	00	00	00	00	00	00	00	00	00	00
13.077	3D DATA	true	-	-	-	-	-117634.9	-117803.5	-118592.8	-117870.8	-185153.2	-0.0	-1.8	-1.4	-0.1	2.1	-	-	-	-	-
13.078	3D MESSAGE	48	00	7C	91	20	59	B8	8C	48	2E	50	3D	65	C1	E5	C7	B0	15	E6	C7	49	A0	E7	C7	53	37	E6	C7	4C	D0	34	C8	00	00	00	3E	00	00	D3	BF	00	00	8B	BF	00	00	D0	3D	00	00	06	40	00	00	00	00	00	00	00	00	00	00	00	00	00	00	00	00	00	00	00	00
13.078	3D DATA	true	-	-	-	-	-117634.8	-117803.4	-118592.6	-117870.6	-185153.2	0.1	-1.6	-1.1	0.1	2.1	-	-	-	-	-
13.078	3D MESSAGE	48	00	7D	91	20	59	B9	8C	48	2E	50	3D	4D	C1	E5	C7	90	15	E6	C7	19	A0	E7	C7	2F	37	E6	C7	48	D0	34	C8	00	00	A0	3E	00	00	B3	BF	00	00	36	BF	00	00	C4	3E	00	00	0A	40	00	00	00	00	00	00	00	00	00	00	00	00	00	00	00	00	00	00	00	00
13.078	3D DATA	true	-	-	-	-	-117634.6	-117803.1	-118592.2	-117870.4	-185153.1	0.3	-1.4	-0.7	0.4	2.2	-	-	-	-	-
