Aurea 3.0.04
VersionInfo: 3D Customer String, - empty -
VersionInfo: 3D FW Version, 3.0.04 ID4400r3973
VersionInfo: 3D Library Loader, 1.11
VersionInfo: 3D Parameter ID, 0
VersionInfo: 3D Platform, MGC3140 (48 pins, multi-TX)

TIME (s)	3D DATA	Running	fTx	Pos x	Pos y	Pos z	CIC S	CIC W	CIC N	CIC E	CIC C	SD S	SD W	SD N	SD E	SD C	Touch	Tap	DblTap	AirWheel	Gesture
TIME (s)	3D MESSAGE	Byte 1	Byte 2	...

TIME (s)	2D DATA	TxFreq	TxVolt	AVG	MsgType	Values
TIME (s)	2D MESSAGE	MsgID	Payload

0.032	3D MESSAGE	48	00	49	91	20	59	F0	8C	FC	59	8D	3C	5F	16	97	C7	EF	A6	9E	C7	C7	56	99	C7	41	5A	A2	C7	B3	21	BC	C7	5F	16	97	C7	EF	A6	9E	C7	C7	56	99	C7	41	5A	A2	C7	B3	21	BC	C7	00	00	00	00	00	00	00	00	00	00	00	00	00	00	00	00	00	00	00	00
0.032	3D DATA	true	-	-	-	-	-77356.7	-81229.9	-78509.6	-83124.5	-96323.4	-77356.7	-81229.9	-78509.6	-83124.5	-96323.4	-	-	-	-	-
0.033	3D MESSAGE	48	00	4A	91	20	59	F1	8C	FC	59	8D	3C	80	16	97	C7	F9	A6	9E	C7	DA	56	99	C7	6A	5A	A2	C7	EA	21	BC	C7	80	16	97	C7	F9	A6	9E	C7	DA	56	99	C7	6A	5A	A2	C7	EA	21	BC	C7	00	00	00	00	00	00	00	00	00	00	00	00	00	00	00	00	00	00	00	00
0.033	3D DATA	true	-	-	-	-	-77357.0	-81229.9	-78509.7	-83124.8	-96323.8	-77357.0	-81229.9	-78509.7	-83124.8	-96323.8	-	-	-	-	-
0.033	3D MESSAGE	48	00	4B	91	20	59	F2	8C	FC	59	8D	3C	93	16	97	C7	00	A7	9E	C7	E4	56	99	C7	8D	5A	A2	C7	16	22	BC	C7	93	16	97	C7	00	A7	9E	C7	E4	56	99	C7	8D	5A	A2	C7	16	22	BC	C7	00	00	00	00	00	00	00	00	00	00	00	00	00	00	00	00	00	00	00	00
0.033	3D DATA	true	-	-	-	-	-77357.1	-81230.0	-78509.8	-83125.1	-96324.2	-77357.1	-81230.0	-78509.8	-83125.1	-96324.2	-	-	-	-	-
0.033	3D MESSAGE	48	00	4C	91	20	59	F3	8C	FC	59	8D	3C	98	16	97	C7	06	A7	9E	C7	E7	56	99	C7	A7	5A	A2	C7	33	22	BC	C7	98	16	97	C7	06	A7	9E	C7	E7	56	99	C7	A7	5A	A2	C7	33	22	BC	C7	00	00	00	00	00	00	00	00	00	00	00	00	00	00	00	00	00	00	00	00
0.033	3D DATA	true	-	-	-	-	-77357.2	-81230.0	-78509.8	-83125.3	-96324.4	-77357.2	-81230.0	-78509.8	-83125.3	-96324.4	-	-	-	-	-
0.034	3D MESSAGE	48	00	4D	91	20	59	F4	8C	FC	59	8D	3C	91	16	97	C7	0C	A7	9E	C7	E2	56	99	C7	B6	5A	A2	C7	3E	22	BC	C7	91	16	97	C7	0C	A7	9E	C7	E2	56	99	C7	B6	5A	A2	C7	3E	22	BC	C7	00	00	00	00	00	00	00	00	00	00	00	00	00	00	00	00	00	00	00	00
0.034	3D DATA	true	-	-	-	-	-77357.1	-81230.1	-78509.8	-83125.4	-96324.5	-77357.1	-81230.1	-78509.8	-83125.4	-96324.5	-	-	-	-	-
0.034	3D MESSAGE	48	00	4E	91	20	59	F5	8C	FC	59	8D	3C	84	16	97	C7	12	A7	9E	C7	D6	56	99	C7	B9	5A	A2	C7	3A	22	BC	C7	84	16	97	C7	12	A7	9E	C7	D6	56	99	C7	B9	5A	A2	C7	3A	22	BC	C7	00	00	00	00	00	00	00	00	00	00	00	00	00	00	00	00	00	00	00	00
0.034	3D DATA	true	-	-	-	-	-77357.0	-81230.1	-78509.7	-83125.4	-96324.5	-77357.0	-81230.1	-78509.7	-83125.4	-96324.5	-	-	-	-	-
0.034	3D MESSAGE	48	00	4F	91	20	59	F6	8C	FC	59	8D	3C	76	16	97	C7	1A	A7	9E	C7	C6	56	99	C7	B3	5A	A2	C7	2D	22	BC	C7	76	16	97	C7	1A	A7	9E	C7	C6	56	99	C7	B3	5A	A2	C7	2D	22	BC	C7	00	00	00	00	00	00	00	00	00	00	00	00	00	00	00	00	00	00	00	00
0.034	3D DATA	true	-	-	-	-	-77356.9	-81230.2	-78509.5	-83125.4	-96324.4	-77356.9	-81230.2	-78509.5	-83125.4	-96324.4	-	-	-	-	-
0.034	3D MESSAGE	48	00	50	91	20	59	F7	8C	FC	59	8D	3C	6C	16	97	C7	23	A7	9E	C7	B4	56	99	C7	A7	5A	A2	C7	1E	22	BC	C7	6C	16	97	C7	23	A7	9E	C7	B4	56	99	C7	A7	5A	A2	C7	1E	22	BC	C7	00	00	00	00	00	00	00	00	00	00	00	00	00	00	00	00	00	00	00	00
0.034	3D DATA	true	-	-	-	-	-77356.8	-81230.3	-78509.4	-83125.3	-96324.2	-77356.8	-81230.3	-78509.4	-83125.3	-96324.2	-	-	-	-	-
0.034	3D MESSAGE	48	00	51	91	20	59	F8	8C	FC	59	8D	3C	6D	16	97	C7	2D	A7	9E	C7	A2	56	99	C7	9A	5A	A2	C7	14	22	BC	C7	6D	16	97	C7	2D	A7	9E	C7	A2	56	99	C7	9A	5A	A2	C7	14	22	BC	C7	00	00	00	00	00	00	00	00	00	00	00	00	00	00	00	00	00	00	00	00
0.034	3D DATA	true	-	-	-	-	-77356.9	-81230.4	-78509.3	-83125.2	-96324.2	-77356.9	-81230.4	-78509.3	-83125.2	-96324.2	-	-	-	-	-
0.035	3D MESSAGE	48	00	52	91	20	59	F9	8C	FC	59	8D	3C	78	16	97	C7	38	A7	9E	C7	91	56	99	C7	90	5A	A2	C7	16	22	BC	C7	78	16	97	C7	38	A7	9E	C7	91	56	99	C7	90	5A	A2	C7	16	22	BC	C7	00	00	00	00	00	00	00	00	00	00	00	00	00	00	00	00	00	00	00	00
0.035	3D DATA	true	-	-	-	-	-77356.9	-81230.4	-78509.1	-83125.1	-96324.2	-77356.9	-81230.4	-78509.1	-83125.1	-96324.2	-	-	-	-	-
0.050	3D MESSAGE	48	00	53	91	20	59	FA	8C	FC	59	8D	3C	8A	16	97	C7	42	A7	9E	C7	84	56	99	C7	8E	5A	A2	C7	24	22	BC	C7	8A	16	97	C7	42	A7	9E	C7	84	56	99	C7	8E	5A	A2	C7	24	22	BC	C7	00	00	00	00	00	00	00	00	00	00	00	00	00	00	00	00	00	00	00	00
0.050	3D DATA	true	-	-	-	-	-77357.1	-81230.5	-78509.0	-83125.1	-96324.3	-77357.1	-81230.5	-78509.0	-83125.1	-96324.3	-	-	-	-	-
0.051	3D MESSAGE	48	00	54	91	20	59	FB	8C	FC	59	8D	3C	A2	16	97	C7	4A	A7	9E	C7	79	56	99	C7	93	5A	A2	C7	3C	22	BC	C7	A2	16	97	C7	4A	A7	9E	C7	79	56	99	C7	93	5A	A2	C7	3C	22	BC	C7	00	00	00	00	00	00	00	00	00	00	00	00	00	00	00	00	00	00	00	00
0.051	3D DATA	true	-	-	-	-	-77357.3	-81230.6	-78508.9	-83125.1	-96324.5	-77357.3	-81230.6	-78508.9	-83125.1	-96324.5	-	-	-	-	-
0.051	3D MESSAGE	48	00	55	91	20	59	FC	8C	FC	59	8D	3C	BA	16	97	C7	4D	A7	9E	C7	70	56	99	C7	A0	5A	A2	C7	55	22	BC	C7	BA	16	97	C7	4D	A7	9E	C7	70	56	99	C7	A0	5A	A2	C7	55	22	BC	C7	00	00	00	00	00	00	00	00	00	00	00	00	00	00	00	00	00	00	00	00
0.051	3D DATA	true	-	-	-	-	-77357.5	-81230.6	-78508.9	-83125.2	-96324.7	-77357.5	-81230.6	-78508.9	-83125.2	-96324.7	-	-	-	-	-
0.078	3D MESSAGE	48	00	56	91	20	59	FD	8C	FC	59	8D	3C	CD	16	97	C7	48	A7	9E	C7	67	56	99	C7	B1	5A	A2	C7	6A	22	BC	C7	CD	16	97	C7	48	A7	9E	C7	67	56	99	C7	B1	5A	A2	C7	6A	22	BC	C7	00	00	00	00	00	00	00	00	00	00	00	00	00	00	00	00	00	00	00	00
0.079	3D DATA	true	-	-	-	-	-77357.6	-81230.6	-78508.8	-83125.4	-96324.8	-77357.6	-81230.6	-78508.8	-83125.4	-96324.8	-	-	-	-	-
0.079	3D MESSAGE	48	00	57	91	20	59	FE	8C	FC	59	8D	3C	D9	16	97	C7	3A	A7	9E	C7	60	56	99	C7	C2	5A	A2	C7	72	22	BC	C7	D9	16	97	C7	3A	A7	9E	C7	60	56	99	C7	C2	5A	A2	C7	72	22	BC	C7	00	00	00	00	00	00	00	00	00	00	00	00	00	00	00	00	00	00	00	00
0.079	3D DATA	true	-	-	-	-	-77357.7	-81230.5	-78508.8	-83125.5	-96324.9	-77357.7	-81230.5	-78508.8	-83125.5	-96324.9	-	-	-	-	-
0.079	3D MESSAGE	48	00	58	91	20	59	FF	8C	FC	59	8D	3C	DD	16	97	C7	22	A7	9E	C7	5A	56	99	C7	CF	5A	A2	C7	6C	22	BC	C7	DD	16	97	C7	22	A7	9E	C7	5A	56	99	C7	CF	5A	A2	C7	6C	22	BC	C7	00	00	00	00	00	00	00	00	00	00	00	00	00	00	00	00	00	00	00	00
0.079	3D DATA	true	-	-	-	-	-77357.7	-81230.3	-78508.7	-83125.6	-96324.8	-77357.7	-81230.3	-78508.7	-83125.6	-96324.8	-	-	-	-	-
0.080	3D MESSAGE	48	00	59	91	20	59	00	8C	FC	59	8D	3C	D9	16	97	C7	03	A7	9E	C7	57	56	99	C7	D4	5A	A2	C7	5A	22	BC	C7	D9	16	97	C7	03	A7	9E	C7	57	56	99	C7	D4	5A	A2	C7	5A	22	BC	C7	00	00	00	00	00	00	00	00	00	00	00	00	00	00	00	00	00	00	00	00
0.080	3D DATA	true	-	-	-	-	-77357.7	-81230.0	-78508.7	-83125.7	-96324.7	-77357.7	-81230.0	-78508.7	-83125.7	-96324.7	-	-	-	-	-
0.080	3D MESSAGE	48	00	5A	91	20	59	01	8C	FC	59	8D	3C	CE	16	97	C7	E1	A6	9E	C7	59	56	99	C7	D2	5A	A2	C7	41	22	BC	C7	CE	16	97	C7	E1	A6	9E	C7	59	56	99	C7	D2	5A	A2	C7	41	22	BC	C7	00	00	00	00	00	00	00	00	00	00	00	00	00	00	00	00	00	00	00	00
0.080	3D DATA	true	-	-	-	-	-77357.6	-81229.8	-78508.7	-83125.6	-96324.5	-77357.6	-81229.8	-78508.7	-83125.6	-96324.5	-	-	-	-	-
0.080	3D MESSAGE	48	00	5B	91	20	59	02	8C	FC	59	8D	3C	C0	16	97	C7	C0	A6	9E	C7	61	56	99	C7	C9	5A	A2	C7	28	22	BC	C7	C0	16	97	C7	C0	A6	9E	C7	61	56	99	C7	C9	5A	A2	C7	28	22	BC	C7	00	00	00	00	00	00	00	00	00	00	00	00	00	00	00	00	00	00	00	00
0.080	3D DATA	true	-	-	-	-	-77357.5	-81229.5	-78508.8	-83125.6	-96324.3	-77357.5	-81229.5	-78508.8	-83125.6	-96324.3	-	-	-	-	-
0.109	3D MESSAGE	48	00	5C	91	20	59	03	8C	FC	59	8D	3C	B1	16	97	C7	A6	A6	9E	C7	6E	56	99	C7	BC	5A	A2	C7	17	22	BC	C7	B1	16	97	C7	A6	A6	9E	C7	6E	56	99	C7	BC	5A	A2	C7	17	22	BC	C7	00	00	00	00	00	00	00	00	00	00	00	00	00	00	00	00	00	00	00	00
0.109	3D DATA	true	-	-	-	-	-77357.4	-81229.3	-78508.9	-83125.5	-96324.2	-77357.4	-81229.3	-78508.9	-83125.5	-96324.2	-	-	-	-	-
0.110	3D MESSAGE	48	00	5D	91	20	59	04	8C	FC	59	8D	3C	A4	16	97	C7	98	A6	9E	C7	7D	56	99	C7	B0	5A	A2	C7	0F	22	BC	C7	A4	16	97	C7	98	A6	9E	C7	7D	56	99	C7	B0	5A	A2	C7	0F	22	BC	C7	00	00	00	00	00	00	00	00	00	00	00	00	00	00	00	00	00	00	00	00
0.110	3D DATA	true	-	-	-	-	-77357.3	-81229.2	-78509.0	-83125.4	-96324.1	-77357.3	-81229.2	-78509.0	-83125.4	-96324.1	-	-	-	-	-
0.110	3D MESSAGE	48	00	5E	91	20	59	05	8C	FC	59	8D	3C	9C	16	97	C7	97	A6	9E	C7	8A	56	99	C7	A6	5A	A2	C7	0F	22	BC	C7	9C	16	97	C7	97	A6	9E	C7	8A	56	99	C7	A6	5A	A2	C7	0F	22	BC	C7	00	00	00	00	00	00	00	00	00	00	00	00	00	00	00	00	00	00	00	00
0.110	3D DATA	true	-	-	-	-	-77357.2	-81229.2	-78509.1	-83125.3	-96324.1	-77357.2	-81229.2	-78509.1	-83125.3	-96324.1	-	-	-	-	-
0.110	3D MESSAGE	48	00	5F	91	20	59	06	8C	FC	59	8D	3C	99	16	97	C7	A2	A6	9E	C7	92	56	99	C7	9E	5A	A2	C7	12	22	BC	C7	99	16	97	C7	A2	A6	9E	C7	92	56	99	C7	9E	5A	A2	C7	12	22	BC	C7	00	00	00	00	00	00	00	00	00	00	00	00	00	00	00	00	00	00	00	00
0.110	3D DATA	true	-	-	-	-	-77357.2	-81229.3	-78509.1	-83125.2	-96324.1	-77357.2	-81229.3	-78509.1	-83125.2	-96324.1	-	-	-	-	-
0.111	3D MESSAGE	48	00	60	91	20	59	07	8C	FC	59	8D	3C	9A	16	97	C7	B7	A6	9E	C7	91	56	99	C7	98	5A	A2	C7	12	22	BC	C7	9A	16	97	C7	B7	A6	9E	C7	91	56	99	C7	98	5A	A2	C7	12	22	BC	C7	00	00	00	00	00	00	00	00	00	00	00	00	00	00	00	00	00	00	00	00
0.111	3D DATA	true	-	-	-	-	-77357.2	-81229.4	-78509.1	-83125.2	-96324.1	-77357.2	-81229.4	-78509.1	-83125.2	-96324.1	-	-	-	-	-
0.111	3D MESSAGE	48	00	61	91	20	59	08	8C	FC	59	8D	3C	9F	16	97	C7	D0	A6	9E	C7	88	56	99	C7	91	5A	A2	C7	0A	22	BC	C7	9F	16	97	C7	D0	A6	9E	C7	88	56	99	C7	91	5A	A2	C7	0A	22	BC	C7	00	00	00	00	00	00	00	00	00	00	00	00	00	00	00	00	00	00	00	00
0.111	3D DATA	true	-	-	-	-	-77357.2	-81229.6	-78509.1	-83125.1	-96324.1	-77357.2	-81229.6	-78509.1	-83125.1	-96324.1	-	-	-	-	-
0.142	3D MESSAGE	48	00	62	91	20	59	09	8C	FC	59	8D	3C	A5	16	97	C7	E7	A6	9E	C7	79	56	99	C7	86	5A	A2	C7	FB	21	BC	C7	A5	16	97	C7	E7	A6	9E	C7	79	56	99	C7	86	5A	A2	C7	FB	21	BC	C7	00	00	00	00	00	00	00	00	00	00	00	00	00	00	00	00	00	00	00	00
0.142	3D DATA	true	-	-	-	-	-77357.3	-81229.8	-78508.9	-83125.0	-96324.0	-77357.3	-81229.8	-78508.9	-83125.0	-96324.0	-	-	-	-	-
0.142	3D MESSAGE	48	00	63	91	20	59	0A	8C	FC	59	8D	3C	A8	16	97	C7	F7	A6	9E	C7	67	56	99	C7	77	5A	A2	C7	E5	21	BC	C7	A8	16	97	C7	F7	A6	9E	C7	67	56	99	C7	77	5A	A2	C7	E5	21	BC	C7	00	00	00	00	00	00	00	00	00	00	00	00	00	00	00	00	00	00	00	00
0.143	3D DATA	true	-	-	-	-	-77357.3	-81229.9	-78508.8	-83124.9	-96323.8	-77357.3	-81229.9	-78508.8	-83124.9	-96323.8	-	-	-	-	-
0.143	3D MESSAGE	48	00	64	91	20	59	0B	8C	FC	59	8D	3C	A6	16	97	C7	FE	A6	9E	C7	54	56	99	C7	65	5A	A2	C7	CD	21	BC	C7	A6	16	97	C7	FE	A6	9E	C7	54	56	99	C7	65	5A	A2	C7	CD	21	BC	C7	00	00	00	00	00	00	00	00	00	00	00	00	00	00	00	00	00	00	00	00
0.143	3D DATA	true	-	-	-	-	-77357.3	-81230.0	-78508.7	-83124.8	-96323.6	-77357.3	-81230.0	-78508.7	-83124.8	-96323.6	-	-	-	-	-
0.143	3D MESSAGE	48	00	65	91	20	59	0C	8C	B5	F5	86	3C	9C	16	97	C7	FA	A6	9E	C7	44	56	99	C7	53	5A	A2	C7	B6	21	BC	C7	9C	16	97	C7	FA	A6	9E	C7	44	56	99	C7	53	5A	A2	C7	B6	21	BC	C7	00	00	00	00	00	00	00	00	00	00	00	00	00	00	00	00	00	00	00	00
0.143	3D DATA	true	-	-	-	-	-77357.2	-81230.0	-78508.5	-83124.6	-96323.4	-77357.2	-81230.0	-78508.5	-83124.6	-96323.4	-	-	-	-	-
0.143	3D MESSAGE	48	00	66	91	20	59	0D	8C	B5	F5	86	3C	8A	16	97	C7	EF	A6	9E	C7	34	56	99	C7	43	5A	A2	C7	A2	21	BC	C7	8A	16	97	C7	EF	A6	9E	C7	34	56	99	C7	43	5A	A2	C7	A2	21	BC	C7	00	00	00	00	00	00	00	00	00	00	00	00	00	00	00	00	00	00	00	00
0.143	3D DATA	true	-	-	-	-	-77357.1	-81229.9	-78508.4	-83124.5	-96323.3	-77357.1	-81229.9	-78508.4	-83124.5	-96323.3	-	-	-	-	-
0.144	3D MESSAGE	48	00	67	91	20	59	0E	8C	B5	F5	86	3C	70	16	97	C7	DE	A6	9E	C7	25	56	99	C7	39	5A	A2	C7	8C	21	BC	C7	70	16	97	C7	DE	A6	9E	C7	25	56	99	C7	39	5A	A2	C7	8C	21	BC	C7	00	00	00	00	00	00	00	00	00	00	00	00	00	00	00	00	00	00	00	00
0.144	3D DATA	true	-	-	-	-	-77356.9	-81229.7	-78508.3	-83124.4	-96323.1	-77356.9	-81229.7	-78508.3	-83124.4	-96323.1	-	-	-	-	-
0.171	3D MESSAGE	48	00	68	91	20	59	0F	8C	B5	F5	86	3C	4E	16	97	C7	CA	A6	9E	C7	16	56	99	C7	34	5A	A2	C7	72	21	BC	C7	4E	16	97	C7	CA	A6	9E	C7	16	56	99	C7	34	5A	A2	C7	72	21	BC	C7	00	00	00	00	00	00	00	00	00	00	00	00	00	00	00	00	00	00	00	00
0.171	3D DATA	true	-	-	-	-	-77356.6	-81229.6	-78508.2	-83124.4	-96322.9	-77356.6	-81229.6	-78508.2	-83124.4	-96322.9	-	-	-	-	-
0.171	3D MESSAGE	48	00	69	91	20	59	10	8C	B5	F5	86	3C	26	16	97	C7	B7	A6	9E	C7	06	56	99	C7	32	5A	A2	C7	4F	21	BC	C7	26	16	97	C7	B7	A6	9E	C7	06	56	99	C7	32	5A	A2	C7	4F	21	BC	C7	00	00	00	00	00	00	00	00	00	00	00	00	00	00	00	00	00	00	00	00
0.171	3D DATA	true	-	-	-	-	-77356.3	-81229.4	-78508.0	-83124.4	-96322.6	-77356.3	-81229.4	-78508.0	-83124.4	-96322.6	-	-	-	-	-
0.172	3D MESSAGE	48	00	6A	91	20	59	11	8C	B5	F5	86	3C	FD	15	97	C7	A6	A6	9E	C7	F7	55	99	C7	33	5A	A2	C7	24	21	BC	C7	FD	15	97	C7	A6	A6	9E	C7	F7	55	99	C7	33	5A	A2	C7	24	21	BC	C7	00	00	00	00	00	00	00	00	00	00	00	00	00	00	00	00	00	00	00	00
0.172	3D DATA	true	-	-	-	-	-77356.0	-81229.3	-78507.9	-83124.4	-96322.3	-77356.0	-81229.3	-78507.9	-83124.4	-96322.3	-	-	-	-	-
0.172	3D MESSAGE	48	00	6B	91	20	59	12	8C	B5	F5	86	3C	D5	15	97	C7	96	A6	9E	C7	EA	55	99	C7	32	5A	A2	C7	F3	20	BC	C7	D5	15	97	C7	96	A6	9E	C7	EA	55	99	C7	32	5A	A2	C7	F3	20	BC	C7	00	00	00	00	00	00	00	00	00	00	00	00	00	00	00	00	00	00	00	00
0.172	3D DATA	true	-	-	-	-	-77355.7	-81229.2	-78507.8	-83124.4	-96321.9	-77355.7	-81229.2	-78507.8	-83124.4	-96321.9	-	-	-	-	-
0.172	3D MESSAGE	48	00	6C	91	20	59	13	8C	B5	F5	86	3C	B2	15	97	C7	87	A6	9E	C7	E0	55	99	C7	30	5A	A2	C7	C6	20	BC	C7	B2	15	97	C7	87	A6	9E	C7	E0	55	99	C7	30	5A	A2	C7	C6	20	BC	C7	00	00	00	00	00	00	00	00	00	00	00	00	00	00	00	00	00	00	00	00
0.172	3D DATA	true	-	-	-	-	-77355.4	-81229.1	-78507.8	-83124.4	-96321.5	-77355.4	-81229.1	-78507.8	-83124.4	-96321.5	-	-	-	-	-
0.173	3D MESSAGE	48	00	6D	91	20	59	14	8C	B5	F5	86	3C	95	15	97	C7	78	A6	9E	C7	D9	55	99	C7	2A	5A	A2	C7	A5	20	BC	C7	95	15	97	C7	78	A6	9E	C7	D9	55	99	C7	2A	5A	A2	C7	A5	20	BC	C7	00	00	00	00	00	00	00	00	00	00	00	00	00	00	00	00	00	00	00	00
0.173	3D DATA	true	-	-	-	-	-77355.2	-81228.9	-78507.7	-83124.3	-96321.3	-77355.2	-81228.9	-78507.7	-83124.3	-96321.3	-	-	-	-	-
0.204	3D MESSAGE	48	00	6E	91	20	59	15	8C	B5	F5	86	3C	81	15	97	C7	6A	A6	9E	C7	D6	55	99	C7	23	5A	A2	C7	99	20	BC	C7	81	15	97	C7	6A	A6	9E	C7	D6	55	99	C7	23	5A	A2	C7	99	20	BC	C7	00	00	00	00	00	00	00	00	00	00	00	00	00	00	00	00	00	00	00	00
0.204	3D DATA	true	-	-	-	-	-77355.0	-81228.8	-78507.7	-83124.3	-96321.2	-77355.0	-81228.8	-78507.7	-83124.3	-96321.2	-	-	-	-	-
0.204	3D MESSAGE	48	00	6F	91	20	59	16	8C	B5	F5	86	3C	78	15	97	C7	5F	A6	9E	C7	D6	55	99	C7	1F	5A	A2	C7	A4	20	BC	C7	78	15	97	C7	5F	A6	9E	C7	D6	55	99	C7	1F	5A	A2	C7	A4	20	BC	C7	00	00	00	00	00	00	00	00	00	00	00	00	00	00	00	00	00	00	00	00
0.204	3D DATA	true	-	-	-	-	-77354.9	-81228.7	-78507.7	-83124.2	-96321.3	-77354.9	-81228.7	-78507.7	-83124.2	-96321.3	-	-	-	-	-
0.204	3D MESSAGE	48	00	70	91	20	59	17	8C	B5	F5	86	3C	7B	15	97	C7	59	A6	9E	C7	DA	55	99	C7	20	5A	A2	C7	C6	20	BC	C7	7B	15	97	C7	59	A6	9E	C7	DA	55	99	C7	20	5A	A2	C7	C6	20	BC	C7	00	00	00	00	00	00	00	00	00	00	00	00	00	00	00	00	00	00	00	00
0.204	3D DATA	true	-	-	-	-	-77355.0	-81228.7	-78507.7	-83124.2	-96321.5	-77355.0	-81228.7	-78507.7	-83124.2	-96321.5	-	-	-	-	-
0.205	3D MESSAGE	48	00	71	91	20	59	18	8C	B5	F5	86	3C	89	15	97	C7	5A	A6	9E	C7	E1	55	99	C7	27	5A	A2	C7	F4	20	BC	C7	89	15	97	C7	5A	A6	9E	C7	E1	55	99	C7	27	5A	A2	C7	F4	20	BC	C7	00	00	00	00	00	00	00	00	00	00	00	00	00	00	00	00	00	00	00	00
0.205	3D DATA	true	-	-	-	-	-77355.1	-81228.7	-78507.8	-83124.3	-96321.9	-77355.1	-81228.7	-78507.8	-83124.3	-96321.9	-	-	-	-	-
0.205	3D MESSAGE	48	00	72	91	20	59	19	8C	B5	F5	86	3C	A3	15	97	C7	62	A6	9E	C7	ED	55	99	C7	35	5A	A2	C7	28	21	BC	C7	A3	15	97	C7	62	A6	9E	C7	ED	55	99	C7	35	5A	A2	C7	28	21	BC	C7	00	00	00	00	00	00	00	00	00	00	00	00	00	00	00	00	00	00	00	00
0.205	3D DATA	true	-	-	-	-	-77355.3	-81228.8	-78507.9	-83124.4	-96322.3	-77355.3	-81228.8	-78507.9	-83124.4	-96322.3	-	-	-	-	-
0.206	3D MESSAGE	48	00	73	91	20	59	1A	8C	B5	F5	86	3C	C4	15	97	C7	72	A6	9E	C7	FE	55	99	C7	46	5A	A2	C7	54	21	BC	C7	C4	15	97	C7	72	A6	9E	C7	FE	55	99	C7	46	5A	A2	C7	54	21	BC	C7	00	00	00	00	00	00	00	00	00	00	00	00	00	00	00	00	00	00	00	00
0.206	3D DATA	true	-	-	-	-	-77355.5	-81228.9	-78508.0	-83124.5	-96322.7	-77355.5	-81228.9	-78508.0	-83124.5	-96322.7	-	-	-	-	-
0.206	3D MESSAGE	48	00	74	91	20	59	1B	8C	B5	F5	86	3C	E8	15	97	C7	84	A6	9E	C7	14	56	99	C7	54	5A	A2	C7	70	21	BC	C7	E8	15	97	C7	84	A6	9E	C7	14	56	99	C7	54	5A	A2	C7	70	21	BC	C7	00	00	00	00	00	00	00	00	00	00	00	00	00	00	00	00	00	00	00	00
0.206	3D DATA	true	-	-	-	-	-77355.8	-81229.0	-78508.2	-83124.7	-96322.9	-77355.8	-81229.0	-78508.2	-83124.7	-96322.9	-	-	-	-	-
0.236	3D MESSAGE	48	00	75	91	20	59	1C	8C	B5	F5	86	3C	0A	16	97	C7	93	A6	9E	C7	2C	56	99	C7	5A	5A	A2	C7	77	21	BC	C7	0A	16	97	C7	93	A6	9E	C7	2C	56	99	C7	5A	5A	A2	C7	77	21	BC	C7	00	00	00	00	00	00	00	00	00	00	00	00	00	00	00	00	00	00	00	00
0.245	3D DATA	true	-	-	-	-	-77356.1	-81229.1	-78508.3	-83124.7	-96322.9	-77356.1	-81229.1	-78508.3	-83124.7	-96322.9	-	-	-	-	-
0.246	3D MESSAGE	48	00	76	91	20	59	1D	8C	B5	F5	86	3C	25	16	97	C7	99	A6	9E	C7	44	56	99	C7	56	5A	A2	C7	6A	21	BC	C7	25	16	97	C7	99	A6	9E	C7	44	56	99	C7	56	5A	A2	C7	6A	21	BC	C7	00	00	00	00	00	00	00	00	00	00	00	00	00	00	00	00	00	00	00	00
0.246	3D DATA	true	-	-	-	-	-77356.3	-81229.2	-78508.5	-83124.7	-96322.8	-77356.3	-81229.2	-78508.5	-83124.7	-96322.8	-	-	-	-	-
0.246	3D MESSAGE	48	00	77	91	20	59	1E	8C	B5	F5	86	3C	34	16	97	C7	93	A6	9E	C7	58	56	99	C7	48	5A	A2	C7	4C	21	BC	C7	34	16	97	C7	93	A6	9E	C7	58	56	99	C7	48	5A	A2	C7	4C	21	BC	C7	00	00	00	00	00	00	00	00	00	00	00	00	00	00	00	00	00	00	00	00
0.246	3D DATA	true	-	-	-	-	-77356.4	-81229.1	-78508.7	-83124.6	-96322.6	-77356.4	-81229.1	-78508.7	-83124.6	-96322.6	-	-	-	-	-
0.247	3D MESSAGE	48	00	78	91	20	59	1F	8C	B5	F5	86	3C	35	16	97	C7	7F	A6	9E	C7	63	56	99	C7	30	5A	A2	C7	24	21	BC	C7	35	16	97	C7	7F	A6	9E	C7	63	56	99	C7	30	5A	A2	C7	24	21	BC	C7	00	00	00	00	00	00	00	00	00	00	00	00	00	00	00	00	00	00	00	00
0.247	3D DATA	true	-	-	-	-	-77356.4	-81229.0	-78508.8	-83124.4	-96322.3	-77356.4	-81229.0	-78508.8	-83124.4	-96322.3	-	-	-	-	-
0.247	3D MESSAGE	48	00	79	91	20	59	20	8C	B5	F5	86	3C	2A	16	97	C7	60	A6	9E	C7	65	56	99	C7	15	5A	A2	C7	F8	20	BC	C7	2A	16	97	C7	60	A6	9E	C7	65	56	99	C7	15	5A	A2	C7	F8	20	BC	C7	00	00	00	00	00	00	00	00	00	00	00	00	00	00	00	00	00	00	00	00
0.247	3D DATA	true	-	-	-	-	-77356.3	-81228.8	-78508.8	-83124.2	-96321.9	-77356.3	-81228.8	-78508.8	-83124.2	-96321.9	-	-	-	-	-
0.247	3D MESSAGE	48	00	7A	91	20	59	21	8C	B5	F5	86	3C	15	16	97	C7	3E	A6	9E	C7	5E	56	99	C7	FE	59	A2	C7	D0	20	BC	C7	15	16	97	C7	3E	A6	9E	C7	5E	56	99	C7	FE	59	A2	C7	D0	20	BC	C7	00	00	00	00	00	00	00	00	00	00	00	00	00	00	00	00	00	00	00	00
0.247	3D DATA	true	-	-	-	-	-77356.2	-81228.5	-78508.7	-83124.0	-96321.6	-77356.2	-81228.5	-78508.7	-83124.0	-96321.6	-	-	-	-	-
0.247	3D MESSAGE	48	00	7B	91	20	59	22	8C	B5	F5	86	3C	FC	15	97	C7	20	A6	9E	C7	50	56	99	C7	EF	59	A2	C7	B0	20	BC	C7	FC	15	97	C7	20	A6	9E	C7	50	56	99	C7	EF	59	A2	C7	B0	20	BC	C7	00	00	00	00	00	00	00	00	00	00	00	00	00	00	00	00	00	00	00	00
0.247	3D DATA	true	-	-	-	-	-77356.0	-81228.2	-78508.6	-83123.9	-96321.4	-77356.0	-81228.2	-78508.6	-83123.9	-96321.4	-	-	-	-	-
0.248	3D MESSAGE	48	00	7C	91	20	59	23	8C	B5	F5	86	3C	E4	15	97	C7	0F	A6	9E	C7	3E	56	99	C7	EB	59	A2	C7	9C	20	BC	C7	E4	15	97	C7	0F	A6	9E	C7	3E	56	99	C7	EB	59	A2	C7	9C	20	BC	C7	00	00	00	00	00	00	00	00	00	00	00	00	00	00	00	00	00	00	00	00
0.248	3D DATA	true	-	-	-	-	-77355.8	-81228.1	-78508.5	-83123.8	-96321.2	-77355.8	-81228.1	-78508.5	-83123.8	-96321.2	-	-	-	-	-
0.268	3D MESSAGE	48	00	7D	91	20	59	24	8C	B5	F5	86	3C	D2	15	97	C7	0F	A6	9E	C7	2B	56	99	C7	F2	59	A2	C7	94	20	BC	C7	D2	15	97	C7	0F	A6	9E	C7	2B	56	99	C7	F2	59	A2	C7	94	20	BC	C7	00	00	00	00	00	00	00	00	00	00	00	00	00	00	00	00	00	00	00	00
0.269	3D DATA	true	-	-	-	-	-77355.6	-81228.1	-78508.3	-83123.9	-96321.2	-77355.6	-81228.1	-78508.3	-83123.9	-96321.2	-	-	-	-	-
0.269	3D MESSAGE	48	00	7E	91	20	59	25	8C	B5	F5	86	3C	CB	15	97	C7	1F	A6	9E	C7	1B	56	99	C7	03	5A	A2	C7	97	20	BC	C7	CB	15	97	C7	1F	A6	9E	C7	1B	56	99	C7	03	5A	A2	C7	97	20	BC	C7	00	00	00	00	00	00	00	00	00	00	00	00	00	00	00	00	00	00	00	00
0.269	3D DATA	true	-	-	-	-	-77355.6	-81228.2	-78508.2	-83124.0	-96321.2	-77355.6	-81228.2	-78508.2	-83124.0	-96321.2	-	-	-	-	-
0.269	3D MESSAGE	48	00	7F	91	20	59	26	8C	B5	F5	86	3C	D1	15	97	C7	3C	A6	9E	C7	0E	56	99	C7	18	5A	A2	C7	A4	20	BC	C7	D1	15	97	C7	3C	A6	9E	C7	0E	56	99	C7	18	5A	A2	C7	A4	20	BC	C7	00	00	00	00	00	00	00	00	00	00	00	00	00	00	00	00	00	00	00	00
0.269	3D DATA	true	-	-	-	-	-77355.6	-81228.5	-78508.1	-83124.2	-96321.3	-77355.6	-81228.5	-78508.1	-83124.2	-96321.3	-	-	-	-	-
0.270	3D MESSAGE	48	00	80	91	20	59	27	8C	B5	F5	86	3C	E4	15	97	C7	5C	A6	9E	C7	04	56	99	C7	2C	5A	A2	C7	B6	20	BC	C7	E4	15	97	C7	5C	A6	9E	C7	04	56	99	C7	2C	5A	A2	C7	B6	20	BC	C7	00	00	00	00	00	00	00	00	00	00	00	00	00	00	00	00	00	00	00	00
0.270	3D DATA	true	-	-	-	-	-77355.8	-81228.7	-78508.0	-83124.3	-96321.4	-77355.8	-81228.7	-78508.0	-83124.3	-96321.4	-	-	-	-	-
0.270	3D MESSAGE	48	00	81	91	20	59	28	8C	B5	F5	86	3C	03	16	97	C7	7A	A6	9E	C7	FC	55	99	C7	3C	5A	A2	C7	CB	20	BC	C7	03	16	97	C7	7A	A6	9E	C7	FC	55	99	C7	3C	5A	A2	C7	CB	20	BC	C7	00	00	00	00	00	00	00	00	00	00	00	00	00	00	00	00	00	00	00	00
0.270	3D DATA	true	-	-	-	-	-77356.0	-81229.0	-78508.0	-83124.5	-96321.6	-77356.0	-81229.0	-78508.0	-83124.5	-96321.6	-	-	-	-	-
0.299	3D MESSAGE	48	00	82	91	20	59	29	8C	B5	F5	86	3C	28	16	97	C7	8F	A6	9E	C7	F6	55	99	C7	45	5A	A2	C7	E1	20	BC	C7	28	16	97	C7	8F	A6	9E	C7	F6	55	99	C7	45	5A	A2	C7	E1	20	BC	C7	00	00	00	00	00	00	00	00	00	00	00	00	00	00	00	00	00	00	00	00
0.299	3D DATA	true	-	-	-	-	-77356.3	-81229.1	-78507.9	-83124.5	-96321.8	-77356.3	-81229.1	-78507.9	-83124.5	-96321.8	-	-	-	-	-
0.300	3D MESSAGE	48	00	83	91	20	59	2A	8C	B5	F5	86	3C	4C	16	97	C7	99	A6	9E	C7	F3	55	99	C7	46	5A	A2	C7	F4	20	BC	C7	4C	16	97	C7	99	A6	9E	C7	F3	55	99	C7	46	5A	A2	C7	F4	20	BC	C7	00	00	00	00	00	00	00	00	00	00	00	00	00	00	00	00	00	00	00	00
0.300	3D DATA	true	-	-	-	-	-77356.6	-81229.2	-78507.9	-83124.5	-96321.9	-77356.6	-81229.2	-78507.9	-83124.5	-96321.9	-	-	-	-	-
0.300	3D MESSAGE	48	00	84	91	20	59	2B	8C	B5	F5	86	3C	6C	16	97	C7	9C	A6	9E	C7	F4	55	99	C7	40	5A	A2	C7	05	21	BC	C7	6C	16	97	C7	9C	A6	9E	C7	F4	55	99	C7	40	5A	A2	C7	05	21	BC	C7	00	00	00	00	00	00	00	00	00	00	00	00	00	00	00	00	00	00	00	00
0.300	3D DATA	true	-	-	-	-	-77356.8	-81229.2	-78507.9	-83124.5	-96322.0	-77356.8	-81229.2	-78507.9	-83124.5	-96322.0	-	-	-	-	-
0.301	3D MESSAGE	48	00	85	91	20	59	2C	8C	B5	F5	86	3C	80	16	97	C7	9A	A6	9E	C7	FC	55	99	C7	34	5A	A2	C7	12	21	BC	C7	80	16	97	C7	9A	A6	9E	C7	FC	55	99	C7	34	5A	A2	C7	12	21	BC	C7	00	00	00	00	00	00	00	00	00	00	00	00	00	00	00	00	00	00	00	00
0.301	3D DATA	true	-	-	-	-	-77357.0	-81229.2	-78508.0	-83124.4	-96322.1	-77357.0	-81229.2	-78508.0	-83124.4	-96322.1	-	-	-	-	-
0.301	3D MESSAGE	48	00	86	91	20	59	2D	8C	B5	F5	86	3C	86	16	97	C7	9B	A6	9E	C7	0B	56	99	C7	23	5A	A2	C7	1B	21	BC	C7	86	16	97	C7	9B	A6	9E	C7	0B	56	99	C7	23	5A	A2	C7	1B	21	BC	C7	00	00	00	00	00	00	00	00	00	00	00	00	00	00	00	00	00	00	00	00
0.301	3D DATA	true	-	-	-	-	-77357.0	-81229.2	-78508.1	-83124.3	-96322.2	-77357.0	-81229.2	-78508.1	-83124.3	-96322.2	-	-	-	-	-
0.301	3D MESSAGE	48	00	87	91	20	59	2E	8C	B5	F5	86	3C	7E	16	97	C7	A0	A6	9E	C7	20	56	99	C7	0F	5A	A2	C7	1F	21	BC	C7	7E	16	97	C7	A0	A6	9E	C7	20	56	99	C7	0F	5A	A2	C7	1F	21	BC	C7	00	00	00	00	00	00	00	00	00	00	00	00	00	00	00	00	00	00	00	00
0.302	3D DATA	true	-	-	-	-	-77357.0	-81229.2	-78508.2	-83124.1	-96322.2	-77357.0	-81229.2	-78508.2	-83124.1	-96322.2	-	-	-	-	-
0.330	3D MESSAGE	48	00	88	91	20	59	2F	8C	B5	F5	86	3C	68	16	97	C7	A8	A6	9E	C7	38	56	99	C7	FB	59	A2	C7	1C	21	BC	C7	68	16	97	C7	A8	A6	9E	C7	38	56	99	C7	FB	59	A2	C7	1C	21	BC	C7	00	00	00	00	00	00	00	00	00	00	00	00	00	00	00	00	00	00	00	00
0.330	3D DATA	true	-	-	-	-	-77356.8	-81229.3	-78508.4	-83124.0	-96322.2	-77356.8	-81229.3	-78508.4	-83124.0	-96322.2	-	-	-	-	-
0.331	3D MESSAGE	48	00	89	91	20	59	30	8C	B5	F5	86	3C	49	16	97	C7	AE	A6	9E	C7	4E	56	99	C7	E8	59	A2	C7	10	21	BC	C7	49	16	97	C7	AE	A6	9E	C7	4E	56	99	C7	E8	59	A2	C7	10	21	BC	C7	00	00	00	00	00	00	00	00	00	00	00	00	00	00	00	00	00	00	00	00
0.331	3D DATA	true	-	-	-	-	-77356.6	-81229.4	-78508.6	-83123.8	-96322.1	-77356.6	-81229.4	-78508.6	-83123.8	-96322.1	-	-	-	-	-
0.331	3D MESSAGE	48	00	8A	91	20	59	31	8C	B5	F5	86	3C	25	16	97	C7	AF	A6	9E	C7	5D	56	99	C7	D8	59	A2	C7	FC	20	BC	C7	25	16	97	C7	AF	A6	9E	C7	5D	56	99	C7	D8	59	A2	C7	FC	20	BC	C7	00	00	00	00	00	00	00	00	00	00	00	00	00	00	00	00	00	00	00	00
0.331	3D DATA	true	-	-	-	-	-77356.3	-81229.4	-78508.7	-83123.7	-96322.0	-77356.3	-81229.4	-78508.7	-83123.7	-96322.0	-	-	-	-	-
0.331	3D MESSAGE	48	00	8B	91	20	59	32	8C	B5	F5	86	3C	00	16	97	C7	A8	A6	9E	C7	64	56	99	C7	CC	59	A2	C7	E2	20	BC	C7	00	16	97	C7	A8	A6	9E	C7	64	56	99	C7	CC	59	A2	C7	E2	20	BC	C7	00	00	00	00	00	00	00	00	00	00	00	00	00	00	00	00	00	00	00	00
0.331	3D DATA	true	-	-	-	-	-77356.0	-81229.3	-78508.8	-83123.6	-96321.8	-77356.0	-81229.3	-78508.8	-83123.6	-96321.8	-	-	-	-	-
0.332	3D MESSAGE	48	00	8C	91	20	59	33	8C	B5	F5	86	3C	DE	15	97	C7	96	A6	9E	C7	62	56	99	C7	C5	59	A2	C7	C3	20	BC	C7	DE	15	97	C7	96	A6	9E	C7	62	56	99	C7	C5	59	A2	C7	C3	20	BC	C7	00	00	00	00	00	00	00	00	00	00	00	00	00	00	00	00	00	00	00	00
0.332	3D DATA	true	-	-	-	-	-77355.7	-81229.2	-78508.8	-83123.5	-96321.5	-77355.7	-81229.2	-78508.8	-83123.5	-96321.5	-	-	-	-	-
0.332	3D MESSAGE	48	00	8D	91	20	59	34	8C	56	5B	93	3C	C4	15	97	C7	7E	A6	9E	C7	58	56	99	C7	C4	59	A2	C7	A6	20	BC	C7	C4	15	97	C7	7E	A6	9E	C7	58	56	99	C7	C4	59	A2	C7	A6	20	BC	C7	00	00	00	00	00	00	00	00	00	00	00	00	00	00	00	00	00	00	00	00
0.332	3D DATA	true	-	-	-	-	-77355.5	-81229.0	-78508.7	-83123.5	-96321.3	-77355.5	-81229.0	-78508.7	-83123.5	-96321.3	-	-	-	-	-
0.332	3D MESSAGE	48	00	8E	91	20	59	35	8C	56	5B	93	3C	B3	15	97	C7	62	A6	9E	C7	4A	56	99	C7	C8	59	A2	C7	90	20	BC	C7	B3	15	97	C7	62	A6	9E	C7	4A	56	99	C7	C8	59	A2	C7	90	20	BC	C7	00	00	00	00	00	00	00	00	00	00	00	00	00	00	00	00	00	00	00	00
0.332	3D DATA	true	-	-	-	-	-77355.4	-81228.8	-78508.6	-83123.6	-96321.1	-77355.4	-81228.8	-78508.6	-83123.6	-96321.1	-	-	-	-	-
0.361	3D MESSAGE	48	00	8F	91	20	59	36	8C	56	5B	93	3C	AC	15	97	C7	44	A6	9E	C7	3A	56	99	C7	D0	59	A2	C7	84	20	BC	C7	AC	15	97	C7	44	A6	9E	C7	3A	56	99	C7	D0	59	A2	C7	84	20	BC	C7	00	00	00	00	00	00	00	00	00	00	00	00	00	00	00	00	00	00	00	00
0.362	3D DATA	true	-	-	-	-	-77355.3	-81228.5	-78508.5	-83123.6	-96321.0	-77355.3	-81228.5	-78508.5	-83123.6	-96321.0	-	-	-	-	-
0.362	3D MESSAGE	48	00	90	91	20	59	37	8C	56	5B	93	3C	AC	15	97	C7	29	A6	9E	C7	2A	56	99	C7	DB	59	A2	C7	80	20	BC	C7	AC	15	97	C7	29	A6	9E	C7	2A	56	99	C7	DB	59	A2	C7	80	20	BC	C7	00	00	00	00	00	00	00	00	00	00	00	00	00	00	00	00	00	00	00	00
0.362	3D DATA	true	-	-	-	-	-77355.3	-81228.3	-78508.3	-83123.7	-96321.0	-77355.3	-81228.3	-78508.3	-83123.7	-96321.0	-	-	-	-	-
0.362	3D MESSAGE	48	00	91	91	20	59	38	8C	56	5B	93	3C	B2	15	97	C7	12	A6	9E	C7	18	56	99	C7	E7	59	A2	C7	84	20	BC	C7	B2	15	97	C7	12	A6	9E	C7	18	56	99	C7	E7	59	A2	C7	84	20	BC	C7	00	00	00	00	00	00	00	00	00	00	00	00	00	00	00	00	00	00	00	00
0.362	3D DATA	true	-	-	-	-	-77355.4	-81228.1	-78508.2	-83123.8	-96321.0	-77355.4	-81228.1	-78508.2	-83123.8	-96321.0	-	-	-	-	-
0.363	3D MESSAGE	48	00	92	91	20	59	39	8C	56	5B	93	3C	BA	15	97	C7	FE	A5	9E	C7	07	56	99	C7	F3	59	A2	C7	8C	20	BC	C7	BA	15	97	C7	FE	A5	9E	C7	07	56	99	C7	F3	59	A2	C7	8C	20	BC	C7	00	00	00	00	00	00	00	00	00	00	00	00	00	00	00	00	00	00	00	00
0.363	3D DATA	true	-	-	-	-	-77355.5	-81228.0	-78508.1	-83123.9	-96321.1	-77355.5	-81228.0	-78508.1	-83123.9	-96321.1	-	-	-	-	-
0.363	3D MESSAGE	48	00	93	91	20	59	3A	8C	56	5B	93	3C	C2	15	97	C7	EE	A5	9E	C7	F9	55	99	C7	FE	59	A2	C7	92	20	BC	C7	C2	15	97	C7	EE	A5	9E	C7	F9	55	99	C7	FE	59	A2	C7	92	20	BC	C7	00	00	00	00	00	00	00	00	00	00	00	00	00	00	00	00	00	00	00	00
0.363	3D DATA	true	-	-	-	-	-77355.5	-81227.9	-78507.9	-83124.0	-96321.1	-77355.5	-81227.9	-78507.9	-83124.0	-96321.1	-	-	-	-	-
0.363	3D MESSAGE	48	00	94	91	20	59	3B	8C	56	5B	93	3C	C9	15	97	C7	E4	A5	9E	C7	F0	55	99	C7	08	5A	A2	C7	96	20	BC	C7	C9	15	97	C7	E4	A5	9E	C7	F0	55	99	C7	08	5A	A2	C7	96	20	BC	C7	00	00	00	00	00	00	00	00	00	00	00	00	00	00	00	00	00	00	00	00
0.363	3D DATA	true	-	-	-	-	-77355.6	-81227.8	-78507.9	-83124.1	-96321.2	-77355.6	-81227.8	-78507.9	-83124.1	-96321.2	-	-	-	-	-
0.393	3D MESSAGE	48	00	95	91	20	59	3C	8C	56	5B	93	3C	CE	15	97	C7	DF	A5	9E	C7	F2	55	99	C7	10	5A	A2	C7	96	20	BC	C7	CE	15	97	C7	DF	A5	9E	C7	F2	55	99	C7	10	5A	A2	C7	96	20	BC	C7	00	00	00	00	00	00	00	00	00	00	00	00	00	00	00	00	00	00	00	00
0.393	3D DATA	true	-	-	-	-	-77355.6	-81227.7	-78507.9	-83124.1	-96321.2	-77355.6	-81227.7	-78507.9	-83124.1	-96321.2	-	-	-	-	-
0.393	3D MESSAGE	48	00	96	91	20	59	3D	8C	56	5B	93	3C	D2	15	97	C7	E3	A5	9E	C7	FF	55	99	C7	16	5A	A2	C7	97	20	BC	C7	D2	15	97	C7	E3	A5	9E	C7	FF	55	99	C7	16	5A	A2	C7	97	20	BC	C7	00	00	00	00	00	00	00	00	00	00	00	00	00	00	00	00	00	00	00	00
0.393	3D DATA	true	-	-	-	-	-77355.6	-81227.8	-78508.0	-83124.2	-96321.2	-77355.6	-81227.8	-78508.0	-83124.2	-96321.2	-	-	-	-	-
0.394	3D MESSAGE	48	00	97	91	20	59	3E	8C	56	5B	93	3C	D8	15	97	C7	EF	A5	9E	C7	18	56	99	C7	1A	5A	A2	C7	9C	20	BC	C7	D8	15	97	C7	EF	A5	9E	C7	18	56	99	C7	1A	5A	A2	C7	9C	20	BC	C7	00	00	00	00	00	00	00	00	00	00	00	00	00	00	00	00	00	00	00	00
0.394	3D DATA	true	-	-	-	-	-77355.7	-81227.9	-78508.2	-83124.2	-96321.2	-77355.7	-81227.9	-78508.2	-83124.2	-96321.2	-	-	-	-	-
0.394	3D MESSAGE	48	00	98	91	20	59	3F	8C	56	5B	93	3C	E0	15	97	C7	02	A6	9E	C7	3A	56	99	C7	1A	5A	A2	C7	A6	20	BC	C7	E0	15	97	C7	02	A6	9E	C7	3A	56	99	C7	1A	5A	A2	C7	A6	20	BC	C7	00	00	00	00	00	00	00	00	00	00	00	00	00	00	00	00	00	00	00	00
0.394	3D DATA	true	-	-	-	-	-77355.8	-81228.0	-78508.5	-83124.2	-96321.3	-77355.8	-81228.0	-78508.5	-83124.2	-96321.3	-	-	-	-	-
0.394	3D MESSAGE	48	00	99	91	20	59	40	8C	56	5B	93	3C	EC	15	97	C7	1B	A6	9E	C7	5D	56	99	C7	16	5A	A2	C7	B8	20	BC	C7	EC	15	97	C7	1B	A6	9E	C7	5D	56	99	C7	16	5A	A2	C7	B8	20	BC	C7	00	00	00	00	00	00	00	00	00	00	00	00	00	00	00	00	00	00	00	00
0.394	3D DATA	true	-	-	-	-	-77355.8	-81228.2	-78508.7	-83124.2	-96321.4	-77355.8	-81228.2	-78508.7	-83124.2	-96321.4	-	-	-	-	-
0.395	3D MESSAGE	48	00	9A	91	20	59	41	8C	56	5B	93	3C	FC	15	97	C7	38	A6	9E	C7	7E	56	99	C7	0C	5A	A2	C7	CF	20	BC	C7	FC	15	97	C7	38	A6	9E	C7	7E	56	99	C7	0C	5A	A2	C7	CF	20	BC	C7	00	00	00	00	00	00	00	00	00	00	00	00	00	00	00	00	00	00	00	00
0.395	3D DATA	true	-	-	-	-	-77356.0	-81228.4	-78509.0	-83124.1	-96321.6	-77356.0	-81228.4	-78509.0	-83124.1	-96321.6	-	-	-	-	-
0.395	3D MESSAGE	48	00	9B	91	20	59	42	8C	56	5B	93	3C	10	16	97	C7	57	A6	9E	C7	96	56	99	C7	01	5A	A2	C7	EA	20	BC	C7	10	16	97	C7	57	A6	9E	C7	96	56	99	C7	01	5A	A2	C7	EA	20	BC	C7	00	00	00	00	00	00	00	00	00	00	00	00	00	00	00	00	00	00	00	00
0.395	3D DATA	true	-	-	-	-	-77356.1	-81228.7	-78509.2	-83124.0	-96321.8	-77356.1	-81228.7	-78509.2	-83124.0	-96321.8	-	-	-	-	-
0.426	3D MESSAGE	48	00	9C	91	20	59	43	8C	56	5B	93	3C	26	16	97	C7	77	A6	9E	C7	A3	56	99	C7	F6	59	A2	C7	04	21	BC	C7	26	16	97	C7	77	A6	9E	C7	A3	56	99	C7	F6	59	A2	C7	04	21	BC	C7	00	00	00	00	00	00	00	00	00	00	00	00	00	00	00	00	00	00	00	00
0.426	3D DATA	true	-	-	-	-	-77356.3	-81228.9	-78509.3	-83123.9	-96322.0	-77356.3	-81228.9	-78509.3	-83123.9	-96322.0	-	-	-	-	-
0.426	3D MESSAGE	48	00	9D	91	20	59	44	8C	56	5B	93	3C	3D	16	97	C7	96	A6	9E	C7	A6	56	99	C7	EE	59	A2	C7	19	21	BC	C7	3D	16	97	C7	96	A6	9E	C7	A6	56	99	C7	EE	59	A2	C7	19	21	BC	C7	00	00	00	00	00	00	00	00	00	00	00	00	00	00	00	00	00	00	00	00
0.426	3D DATA	true	-	-	-	-	-77356.5	-81229.2	-78509.3	-83123.9	-96322.2	-77356.5	-81229.2	-78509.3	-83123.9	-96322.2	-	-	-	-	-
0.428	3D MESSAGE	48	00	9E	91	20	59	45	8C	56	5B	93	3C	51	16	97	C7	B4	A6	9E	C7	A2	56	99	C7	EC	59	A2	C7	26	21	BC	C7	51	16	97	C7	B4	A6	9E	C7	A2	56	99	C7	EC	59	A2	C7	26	21	BC	C7	00	00	00	00	00	00	00	00	00	00	00	00	00	00	00	00	00	00	00	00
0.428	3D DATA	true	-	-	-	-	-77356.6	-81229.4	-78509.3	-83123.8	-96322.3	-77356.6	-81229.4	-78509.3	-83123.8	-96322.3	-	-	-	-	-
0.428	3D MESSAGE	48	00	9F	91	20	59	46	8C	56	5B	93	3C	5E	16	97	C7	D0	A6	9E	C7	98	56	99	C7	F0	59	A2	C7	2A	21	BC	C7	5E	16	97	C7	D0	A6	9E	C7	98	56	99	C7	F0	59	A2	C7	2A	21	BC	C7	00	00	00	00	00	00	00	00	00	00	00	00	00	00	00	00	00	00	00	00
0.428	3D DATA	true	-	-	-	-	-77356.7	-81229.6	-78509.2	-83123.9	-96322.3	-77356.7	-81229.6	-78509.2	-83123.9	-96322.3	-	-	-	-	-
0.428	3D MESSAGE	48	00	A0	91	20	59	47	8C	56	5B	93	3C	62	16	97	C7	E7	A6	9E	C7	8C	56	99	C7	F9	59	A2	C7	26	21	BC	C7	62	16	97	C7	E7	A6	9E	C7	8C	56	99	C7	F9	59	A2	C7	26	21	BC	C7	00	00	00	00	00	00	00	00	00	00	00	00	00	00	00	00	00	00	00	00
0.428	3D DATA	true	-	-	-	-	-77356.8	-81229.8	-78509.1	-83123.9	-96322.3	-77356.8	-81229.8	-78509.1	-83123.9	-96322.3	-	-	-	-	-
0.429	3D MESSAGE	48	00	A1	91	20	59	48	8C	56	5B	93	3C	5C	16	97	C7	F7	A6	9E	C7	7E	56	99	C7	04	5A	A2	C7	1B	21	BC	C7	5C	16	97	C7	F7	A6	9E	C7	7E	56	99	C7	04	5A	A2	C7	1B	21	BC	C7	00	00	00	00	00	00	00	00	00	00	00	00	00	00	00	00	00	00	00	00
0.429	3D DATA	true	-	-	-	-	-77356.7	-81229.9	-78509.0	-83124.0	-96322.2	-77356.7	-81229.9	-78509.0	-83124.0	-96322.2	-	-	-	-	-
0.455	3D MESSAGE	48	00	A2	91	20	59	49	8C	56	5B	93	3C	4A	16	97	C7	FE	A6	9E	C7	6F	56	99	C7	0E	5A	A2	C7	0C	21	BC	C7	4A	16	97	C7	FE	A6	9E	C7	6F	56	99	C7	0E	5A	A2	C7	0C	21	BC	C7	00	00	00	00	00	00	00	00	00	00	00	00	00	00	00	00	00	00	00	00
0.455	3D DATA	true	-	-	-	-	-77356.6	-81230.0	-78508.9	-83124.1	-96322.1	-77356.6	-81230.0	-78508.9	-83124.1	-96322.1	-	-	-	-	-
0.456	3D MESSAGE	48	00	A3	91	20	59	4A	8C	56	5B	93	3C	30	16	97	C7	FA	A6	9E	C7	5E	56	99	C7	13	5A	A2	C7	FB	20	BC	C7	30	16	97	C7	FA	A6	9E	C7	5E	56	99	C7	13	5A	A2	C7	FB	20	BC	C7	00	00	00	00	00	00	00	00	00	00	00	00	00	00	00	00	00	00	00	00
0.456	3D DATA	true	-	-	-	-	-77356.4	-81230.0	-78508.7	-83124.1	-96322.0	-77356.4	-81230.0	-78508.7	-83124.1	-96322.0	-	-	-	-	-
0.456	3D MESSAGE	48	00	A4	91	20	59	4B	8C	56	5B	93	3C	12	16	97	C7	EC	A6	9E	C7	49	56	99	C7	13	5A	A2	C7	E7	20	BC	C7	12	16	97	C7	EC	A6	9E	C7	49	56	99	C7	13	5A	A2	C7	E7	20	BC	C7	00	00	00	00	00	00	00	00	00	00	00	00	00	00	00	00	00	00	00	00
0.456	3D DATA	true	-	-	-	-	-77356.1	-81229.8	-78508.6	-83124.1	-96321.8	-77356.1	-81229.8	-78508.6	-83124.1	-96321.8	-	-	-	-	-
0.456	3D MESSAGE	48	00	A5	91	20	59	4C	8C	56	5B	93	3C	F3	15	97	C7	D5	A6	9E	C7	30	56	99	C7	0C	5A	A2	C7	CF	20	BC	C7	F3	15	97	C7	D5	A6	9E	C7	30	56	99	C7	0C	5A	A2	C7	CF	20	BC	C7	00	00	00	00	00	00	00	00	00	00	00	00	00	00	00	00	00	00	00	00
0.456	3D DATA	true	-	-	-	-	-77355.9	-81229.7	-78508.4	-83124.1	-96321.6	-77355.9	-81229.7	-78508.4	-83124.1	-96321.6	-	-	-	-	-
0.457	3D MESSAGE	48	00	A6	91	20	59	4D	8C	56	5B	93	3C	D8	15	97	C7	B5	A6	9E	C7	12	56	99	C7	02	5A	A2	C7	B1	20	BC	C7	D8	15	97	C7	B5	A6	9E	C7	12	56	99	C7	02	5A	A2	C7	B1	20	BC	C7	00	00	00	00	00	00	00	00	00	00	00	00	00	00	00	00	00	00	00	00
0.457	3D DATA	true	-	-	-	-	-77355.7	-81229.4	-78508.1	-83124.0	-96321.4	-77355.7	-81229.4	-78508.1	-83124.0	-96321.4	-	-	-	-	-
0.458	3D MESSAGE	48	00	A7	91	20	59	4E	8C	56	5B	93	3C	C1	15	97	C7	8E	A6	9E	C7	F0	55	99	C7	F4	59	A2	C7	8C	20	BC	C7	C1	15	97	C7	8E	A6	9E	C7	F0	55	99	C7	F4	59	A2	C7	8C	20	BC	C7	00	00	00	00	00	00	00	00	00	00	00	00	00	00	00	00	00	00	00	00
0.458	3D DATA	true	-	-	-	-	-77355.5	-81229.1	-78507.9	-83123.9	-96321.1	-77355.5	-81229.1	-78507.9	-83123.9	-96321.1	-	-	-	-	-
0.486	3D MESSAGE	48	00	A8	91	20	59	4F	8C	56	5B	93	3C	B0	15	97	C7	64	A6	9E	C7	CC	55	99	C7	E6	59	A2	C7	61	20	BC	C7	B0	15	97	C7	64	A6	9E	C7	CC	55	99	C7	E6	59	A2	C7	61	20	BC	C7	00	00	00	00	00	00	00	00	00	00	00	00	00	00	00	00	00	00	00	00
0.486	3D DATA	true	-	-	-	-	-77355.4	-81228.8	-78507.6	-83123.8	-96320.8	-77355.4	-81228.8	-78507.6	-83123.8	-96320.8	-	-	-	-	-
0.486	3D MESSAGE	48	00	A9	91	20	59	50	8C	56	5B	93	3C	A6	15	97	C7	3B	A6	9E	C7	AB	55	99	C7	D9	59	A2	C7	34	20	BC	C7	A6	15	97	C7	3B	A6	9E	C7	AB	55	99	C7	D9	59	A2	C7	34	20	BC	C7	00	00	00	00	00	00	00	00	00	00	00	00	00	00	00	00	00	00	00	00
0.486	3D DATA	true	-	-	-	-	-77355.3	-81228.5	-78507.3	-83123.7	-96320.4	-77355.3	-81228.5	-78507.3	-83123.7	-96320.4	-	-	-	-	-
0.487	3D MESSAGE	48	00	AA	91	20	59	51	8C	56	5B	93	3C	A2	15	97	C7	18	A6	9E	C7	91	55	99	C7	D0	59	A2	C7	0D	20	BC	C7	A2	15	97	C7	18	A6	9E	C7	91	55	99	C7	D0	59	A2	C7	0D	20	BC	C7	00	00	00	00	00	00	00	00	00	00	00	00	00	00	00	00	00	00	00	00
0.487	3D DATA	true	-	-	-	-	-77355.3	-81228.2	-78507.1	-83123.6	-96320.1	-77355.3	-81228.2	-78507.1	-83123.6	-96320.1	-	-	-	-	-
0.487	3D MESSAGE	48	00	AB	91	20	59	52	8C	56	5B	93	3C	A3	15	97	C7	00	A6	9E	C7	80	55	99	C7	CC	59	A2	C7	F1	1F	BC	C7	A3	15	97	C7	00	A6	9E	C7	80	55	99	C7	CC	59	A2	C7	F1	1F	BC	C7	00	00	00	00	00	00	00	00	00	00	00	00	00	00	00	00	00	00	00	00
0.487	3D DATA	true	-	-	-	-	-77355.3	-81228.0	-78507.0	-83123.6	-96319.9	-77355.3	-81228.0	-78507.0	-83123.6	-96319.9	-	-	-	-	-
0.487	3D MESSAGE	48	00	AC	91	20	59	53	8C	56	5B	93	3C	A8	15	97	C7	F5	A5	9E	C7	7D	55	99	C7	CD	59	A2	C7	E4	1F	BC	C7	A8	15	97	C7	F5	A5	9E	C7	7D	55	99	C7	CD	59	A2	C7	E4	1F	BC	C7	00	00	00	00	00	00	00	00	00	00	00	00	00	00	00	00	00	00	00	00
0.487	3D DATA	true	-	-	-	-	-77355.3	-81227.9	-78507.0	-83123.6	-96319.8	-77355.3	-81227.9	-78507.0	-83123.6	-96319.8	-	-	-	-	-
0.488	3D MESSAGE	48	00	AD	91	20	59	54	8C	56	5B	93	3C	B0	15	97	C7	F7	A5	9E	C7	85	55	99	C7	D3	59	A2	C7	E6	1F	BC	C7	B0	15	97	C7	F7	A5	9E	C7	85	55	99	C7	D3	59	A2	C7	E6	1F	BC	C7	00	00	00	00	00	00	00	00	00	00	00	00	00	00	00	00	00	00	00	00
0.488	3D DATA	true	-	-	-	-	-77355.4	-81227.9	-78507.0	-83123.6	-96319.8	-77355.4	-81227.9	-78507.0	-83123.6	-96319.8	-	-	-	-	-
0.515	3D MESSAGE	48	00	AE	91	20	59	55	8C	56	5B	93	3C	B6	15	97	C7	00	A6	9E	C7	98	55	99	C7	DD	59	A2	C7	F3	1F	BC	C7	B6	15	97	C7	00	A6	9E	C7	98	55	99	C7	DD	59	A2	C7	F3	1F	BC	C7	00	00	00	00	00	00	00	00	00	00	00	00	00	00	00	00	00	00	00	00
0.515	3D DATA	true	-	-	-	-	-77355.4	-81228.0	-78507.2	-83123.7	-96319.9	-77355.4	-81228.0	-78507.2	-83123.7	-96319.9	-	-	-	-	-
0.515	3D MESSAGE	48	00	AF	91	20	59	56	8C	56	5B	93	3C	B9	15	97	C7	0C	A6	9E	C7	B0	55	99	C7	E7	59	A2	C7	05	20	BC	C7	B9	15	97	C7	0C	A6	9E	C7	B0	55	99	C7	E7	59	A2	C7	05	20	BC	C7	00	00	00	00	00	00	00	00	00	00	00	00	00	00	00	00	00	00	00	00
0.515	3D DATA	true	-	-	-	-	-77355.4	-81228.1	-78507.4	-83123.8	-96320.0	-77355.4	-81228.1	-78507.4	-83123.8	-96320.0	-	-	-	-	-
0.515	3D MESSAGE	48	00	B0	91	20	59	57	8C	56	5B	93	3C	B6	15	97	C7	14	A6	9E	C7	C8	55	99	C7	EE	59	A2	C7	15	20	BC	C7	B6	15	97	C7	14	A6	9E	C7	C8	55	99	C7	EE	59	A2	C7	15	20	BC	C7	00	00	00	00	00	00	00	00	00	00	00	00	00	00	00	00	00	00	00	00
0.515	3D DATA	true	-	-	-	-	-77355.4	-81228.2	-78507.6	-83123.9	-96320.2	-77355.4	-81228.2	-78507.6	-83123.9	-96320.2	-	-	-	-	-
0.516	3D MESSAGE	48	00	B1	91	20	59	58	8C	56	5B	93	3C	AB	15	97	C7	14	A6	9E	C7	DC	55	99	C7	F0	59	A2	C7	1C	20	BC	C7	AB	15	97	C7	14	A6	9E	C7	DC	55	99	C7	F0	59	A2	C7	1C	20	BC	C7	00	00	00	00	00	00	00	00	00	00	00	00	00	00	00	00	00	00	00	00
0.516	3D DATA	true	-	-	-	-	-77355.3	-81228.2	-78507.7	-83123.9	-96320.2	-77355.3	-81228.2	-78507.7	-83123.9	-96320.2	-	-	-	-	-
0.516	3D MESSAGE	48	00	B2	91	20	59	59	8C	56	5B	93	3C	9C	15	97	C7	0A	A6	9E	C7	E6	55	99	C7	EA	59	A2	C7	1A	20	BC	C7	9C	15	97	C7	0A	A6	9E	C7	E6	55	99	C7	EA	59	A2	C7	1A	20	BC	C7	00	00	00	00	00	00	00	00	00	00	00	00	00	00	00	00	00	00	00	00
0.517	3D DATA	true	-	-	-	-	-77355.2	-81228.1	-78507.8	-83123.8	-96320.2	-77355.2	-81228.1	-78507.8	-83123.8	-96320.2	-	-	-	-	-
0.517	3D MESSAGE	48	00	B3	91	20	59	5A	8C	56	5B	93	3C	88	15	97	C7	FA	A5	9E	C7	E4	55	99	C7	DA	59	A2	C7	0E	20	BC	C7	88	15	97	C7	FA	A5	9E	C7	E4	55	99	C7	DA	59	A2	C7	0E	20	BC	C7	00	00	00	00	00	00	00	00	00	00	00	00	00	00	00	00	00	00	00	00
0.517	3D DATA	true	-	-	-	-	-77355.1	-81228.0	-78507.8	-83123.7	-96320.1	-77355.1	-81228.0	-78507.8	-83123.7	-96320.1	-	-	-	-	-
0.550	3D MESSAGE	48	00	B4	91	20	59	5B	8C	56	5B	93	3C	72	15	97	C7	E5	A5	9E	C7	D6	55	99	C7	C2	59	A2	C7	FB	1F	BC	C7	72	15	97	C7	E5	A5	9E	C7	D6	55	99	C7	C2	59	A2	C7	FB	1F	BC	C7	00	00	00	00	00	00	00	00	00	00	00	00	00	00	00	00	00	00	00	00
0.550	3D DATA	true	-	-	-	-	-77354.9	-81227.8	-78507.7	-83123.5	-96320.0	-77354.9	-81227.8	-78507.7	-83123.5	-96320.0	-	-	-	-	-
0.551	3D MESSAGE	48	00	B5	91	20	59	5C	8C	B2	88	8B	3C	5A	15	97	C7	CE	A5	9E	C7	BC	55	99	C7	A4	59	A2	C7	E8	1F	BC	C7	5A	15	97	C7	CE	A5	9E	C7	BC	55	99	C7	A4	59	A2	C7	E8	1F	BC	C7	00	00	00	00	00	00	00	00	00	00	00	00	00	00	00	00	00	00	00	00
0.551	3D DATA	true	-	-	-	-	-77354.7	-81227.6	-78507.5	-83123.3	-96319.8	-77354.7	-81227.6	-78507.5	-83123.3	-96319.8	-	-	-	-	-
0.551	3D MESSAGE	48	00	B6	91	20	59	5D	8C	B2	88	8B	3C	42	15	97	C7	B7	A5	9E	C7	99	55	99	C7	82	59	A2	C7	D7	1F	BC	C7	42	15	97	C7	B7	A5	9E	C7	99	55	99	C7	82	59	A2	C7	D7	1F	BC	C7	00	00	00	00	00	00	00	00	00	00	00	00	00	00	00	00	00	00	00	00
0.551	3D DATA	true	-	-	-	-	-77354.5	-81227.4	-78507.2	-83123.0	-96319.7	-77354.5	-81227.4	-78507.2	-83123.0	-96319.7	-	-	-	-	-
0.551	3D MESSAGE	48	00	B7	91	20	59	5E	8C	B2	88	8B	3C	2A	15	97	C7	9F	A5	9E	C7	70	55	99	C7	62	59	A2	C7	CA	1F	BC	C7	2A	15	97	C7	9F	A5	9E	C7	70	55	99	C7	62	59	A2	C7	CA	1F	BC	C7	00	00	00	00	00	00	00	00	00	00	00	00	00	00	00	00	00	00	00	00
0.551	3D DATA	true	-	-	-	-	-77354.3	-81227.2	-78506.9	-83122.8	-96319.6	-77354.3	-81227.2	-78506.9	-83122.8	-96319.6	-	-	-	-	-
0.552	3D MESSAGE	48	00	B8	91	20	59	5F	8C	B2	88	8B	3C	10	15	97	C7	85	A5	9E	C7	48	55	99	C7	46	59	A2	C7	C2	1F	BC	C7	10	15	97	C7	85	A5	9E	C7	48	55	99	C7	46	59	A2	C7	C2	1F	BC	C7	00	00	00	00	00	00	00	00	00	00	00	00	00	00	00	00	00	00	00	00
0.552	3D DATA	true	-	-	-	-	-77354.1	-81227.0	-78506.6	-83122.5	-96319.5	-77354.1	-81227.0	-78506.6	-83122.5	-96319.5	-	-	-	-	-
0.552	3D MESSAGE	48	00	B9	91	20	59	60	8C	B2	88	8B	3C	F6	14	97	C7	69	A5	9E	C7	24	55	99	C7	31	59	A2	C7	BD	1F	BC	C7	F6	14	97	C7	69	A5	9E	C7	24	55	99	C7	31	59	A2	C7	BD	1F	BC	C7	00	00	00	00	00	00	00	00	00	00	00	00	00	00	00	00	00	00	00	00
0.552	3D DATA	true	-	-	-	-	-77353.9	-81226.8	-78506.3	-83122.4	-96319.5	-77353.9	-81226.8	-78506.3	-83122.4	-96319.5	-	-	-	-	-
0.552	3D MESSAGE	48	00	BA	91	20	59	61	8C	B2	88	8B	3C	DE	14	97	C7	4D	A5	9E	C7	0C	55	99	C7	25	59	A2	C7	B8	1F	BC	C7	DE	14	97	C7	4D	A5	9E	C7	0C	55	99	C7	25	59	A2	C7	B8	1F	BC	C7	00	00	00	00	00	00	00	00	00	00	00	00	00	00	00	00	00	00	00	00
0.552	3D DATA	true	-	-	-	-	-77353.7	-81226.6	-78506.1	-83122.3	-96319.4	-77353.7	-81226.6	-78506.1	-83122.3	-96319.4	-	-	-	-	-
0.582	3D MESSAGE	48	00	BB	91	20	59	62	8C	B2	88	8B	3C	CA	14	97	C7	33	A5	9E	C7	01	55	99	C7	20	59	A2	C7	B0	1F	BC	C7	CA	14	97	C7	33	A5	9E	C7	01	55	99	C7	20	59	A2	C7	B0	1F	BC	C7	00	00	00	00	00	00	00	00	00	00	00	00	00	00	00	00	00	00	00	00
0.582	3D DATA	true	-	-	-	-	-77353.6	-81226.4	-78506.0	-83122.2	-96319.4	-77353.6	-81226.4	-78506.0	-83122.2	-96319.4	-	-	-	-	-
0.582	3D MESSAGE	48	00	BC	91	20	59	63	8C	B2	88	8B	3C	BB	14	97	C7	1E	A5	9E	C7	03	55	99	C7	20	59	A2	C7	A5	1F	BC	C7	BB	14	97	C7	1E	A5	9E	C7	03	55	99	C7	20	59	A2	C7	A5	1F	BC	C7	00	00	00	00	00	00	00	00	00	00	00	00	00	00	00	00	00	00	00	00
0.582	3D DATA	true	-	-	-	-	-77353.5	-81226.2	-78506.0	-83122.2	-96319.3	-77353.5	-81226.2	-78506.0	-83122.2	-96319.3	-	-	-	-	-
0.583	3D MESSAGE	48	00	BD	91	20	59	64	8C	B2	88	8B	3C	B2	14	97	C7	11	A5	9E	C7	0F	55	99	C7	22	59	A2	C7	95	1F	BC	C7	B2	14	97	C7	11	A5	9E	C7	0F	55	99	C7	22	59	A2	C7	95	1F	BC	C7	00	00	00	00	00	00	00	00	00	00	00	00	00	00	00	00	00	00	00	00
0.583	3D DATA	true	-	-	-	-	-77353.4	-81226.1	-78506.1	-83122.3	-96319.2	-77353.4	-81226.1	-78506.1	-83122.3	-96319.2	-	-	-	-	-
0.583	3D MESSAGE	48	00	BE	91	20	59	65	8C	B2	88	8B	3C	AA	14	97	C7	0C	A5	9E	C7	1C	55	99	C7	23	59	A2	C7	7E	1F	BC	C7	AA	14	97	C7	0C	A5	9E	C7	1C	55	99	C7	23	59	A2	C7	7E	1F	BC	C7	00	00	00	00	00	00	00	00	00	00	00	00	00	00	00	00	00	00	00	00
0.583	3D DATA	true	-	-	-	-	-77353.3	-81226.1	-78506.2	-83122.3	-96319.0	-77353.3	-81226.1	-78506.2	-83122.3	-96319.0	-	-	-	-	-
0.583	3D MESSAGE	48	00	BF	91	20	59	66	8C	B2	88	8B	3C	A4	14	97	C7	0C	A5	9E	C7	24	55	99	C7	20	59	A2	C7	63	1F	BC	C7	A4	14	97	C7	0C	A5	9E	C7	24	55	99	C7	20	59	A2	C7	63	1F	BC	C7	00	00	00	00	00	00	00	00	00	00	00	00	00	00	00	00	00	00	00	00
0.583	3D DATA	true	-	-	-	-	-77353.3	-81226.1	-78506.3	-83122.2	-96318.8	-77353.3	-81226.1	-78506.3	-83122.2	-96318.8	-	-	-	-	-
0.584	3D MESSAGE	48	00	C0	91	20	59	67	8C	B2	88	8B	3C	9E	14	97	C7	12	A5	9E	C7	22	55	99	C7	16	59	A2	C7	45	1F	BC	C7	9E	14	97	C7	12	A5	9E	C7	22	55	99	C7	16	59	A2	C7	45	1F	BC	C7	00	00	00	00	00	00	00	00	00	00	00	00	00	00	00	00	00	00	00	00
0.584	3D DATA	true	-	-	-	-	-77353.2	-81226.1	-78506.3	-83122.2	-96318.5	-77353.2	-81226.1	-78506.3	-83122.2	-96318.5	-	-	-	-	-
0.609	3D MESSAGE	48	00	C1	91	20	59	68	8C	B2	88	8B	3C	96	14	97	C7	1A	A5	9E	C7	12	55	99	C7	07	59	A2	C7	26	1F	BC	C7	96	14	97	C7	1A	A5	9E	C7	12	55	99	C7	07	59	A2	C7	26	1F	BC	C7	00	00	00	00	00	00	00	00	00	00	00	00	00	00	00	00	00	00	00	00
0.609	3D DATA	true	-	-	-	-	-77353.2	-81226.2	-78506.1	-83122.1	-96318.3	-77353.2	-81226.2	-78506.1	-83122.1	-96318.3	-	-	-	-	-
0.609	3D MESSAGE	48	00	C2	91	20	59	69	8C	B2	88	8B	3C	8F	14	97	C7	24	A5	9E	C7	F9	54	99	C7	F4	58	A2	C7	0D	1F	BC	C7	8F	14	97	C7	24	A5	9E	C7	F9	54	99	C7	F4	58	A2	C7	0D	1F	BC	C7	00	00	00	00	00	00	00	00	00	00	00	00	00	00	00	00	00	00	00	00
0.610	3D DATA	true	-	-	-	-	-77353.1	-81226.3	-78505.9	-83121.9	-96318.1	-77353.1	-81226.3	-78505.9	-83121.9	-96318.1	-	-	-	-	-
0.610	3D MESSAGE	48	00	C3	91	20	59	6A	8C	B2	88	8B	3C	8B	14	97	C7	2E	A5	9E	C7	DC	54	99	C7	DF	58	A2	C7	FC	1E	BC	C7	8B	14	97	C7	2E	A5	9E	C7	DC	54	99	C7	DF	58	A2	C7	FC	1E	BC	C7	00	00	00	00	00	00	00	00	00	00	00	00	00	00	00	00	00	00	00	00
0.610	3D DATA	true	-	-	-	-	-77353.1	-81226.4	-78505.7	-83121.7	-96318.0	-77353.1	-81226.4	-78505.7	-83121.7	-96318.0	-	-	-	-	-
0.611	3D MESSAGE	48	00	C4	91	20	59	6B	8C	B2	88	8B	3C	8C	14	97	C7	3A	A5	9E	C7	C2	54	99	C7	CB	58	A2	C7	F5	1E	BC	C7	8C	14	97	C7	3A	A5	9E	C7	C2	54	99	C7	CB	58	A2	C7	F5	1E	BC	C7	00	00	00	00	00	00	00	00	00	00	00	00	00	00	00	00	00	00	00	00
0.611	3D DATA	true	-	-	-	-	-77353.1	-81226.5	-78505.5	-83121.6	-96317.9	-77353.1	-81226.5	-78505.5	-83121.6	-96317.9	-	-	-	-	-
0.611	3D MESSAGE	48	00	C5	91	20	59	6C	8C	B2	88	8B	3C	91	14	97	C7	48	A5	9E	C7	AF	54	99	C7	B8	58	A2	C7	F9	1E	BC	C7	91	14	97	C7	48	A5	9E	C7	AF	54	99	C7	B8	58	A2	C7	F9	1E	BC	C7	00	00	00	00	00	00	00	00	00	00	00	00	00	00	00	00	00	00	00	00
0.611	3D DATA	true	-	-	-	-	-77353.1	-81226.6	-78505.4	-83121.4	-96317.9	-77353.1	-81226.6	-78505.4	-83121.4	-96317.9	-	-	-	-	-
0.612	3D MESSAGE	48	00	C6	91	20	59	6D	8C	B2	88	8B	3C	9A	14	97	C7	55	A5	9E	C7	A6	54	99	C7	A7	58	A2	C7	03	1F	BC	C7	9A	14	97	C7	55	A5	9E	C7	A6	54	99	C7	A7	58	A2	C7	03	1F	BC	C7	00	00	00	00	00	00	00	00	00	00	00	00	00	00	00	00	00	00	00	00
0.612	3D DATA	true	-	-	-	-	-77353.2	-81226.7	-78505.3	-83121.3	-96318.0	-77353.2	-81226.7	-78505.3	-83121.3	-96318.0	-	-	-	-	-
0.645	3D MESSAGE	48	00	C7	91	20	59	6E	8C	B2	88	8B	3C	A2	14	97	C7	61	A5	9E	C7	A3	54	99	C7	96	58	A2	C7	10	1F	BC	C7	A2	14	97	C7	61	A5	9E	C7	A3	54	99	C7	96	58	A2	C7	10	1F	BC	C7	00	00	00	00	00	00	00	00	00	00	00	00	00	00	00	00	00	00	00	00
0.645	3D DATA	true	-	-	-	-	-77353.3	-81226.8	-78505.3	-83121.2	-96318.1	-77353.3	-81226.8	-78505.3	-83121.2	-96318.1	-	-	-	-	-
0.646	3D MESSAGE	48	00	C8	91	20	59	6F	8C	B2	88	8B	3C	A7	14	97	C7	6B	A5	9E	C7	A3	54	99	C7	84	58	A2	C7	1A	1F	BC	C7	A7	14	97	C7	6B	A5	9E	C7	A3	54	99	C7	84	58	A2	C7	1A	1F	BC	C7	00	00	00	00	00	00	00	00	00	00	00	00	00	00	00	00	00	00	00	00
0.646	3D DATA	true	-	-	-	-	-77353.3	-81226.8	-78505.3	-83121.0	-96318.2	-77353.3	-81226.8	-78505.3	-83121.0	-96318.2	-	-	-	-	-
0.646	3D MESSAGE	48	00	C9	91	20	59	70	8C	B2	88	8B	3C	A8	14	97	C7	70	A5	9E	C7	A3	54	99	C7	71	58	A2	C7	1E	1F	BC	C7	A8	14	97	C7	70	A5	9E	C7	A3	54	99	C7	71	58	A2	C7	1E	1F	BC	C7	00	00	00	00	00	00	00	00	00	00	00	00	00	00	00	00	00	00	00	00
0.646	3D DATA	true	-	-	-	-	-77353.3	-81226.9	-78505.3	-83120.9	-96318.2	-77353.3	-81226.9	-78505.3	-83120.9	-96318.2	-	-	-	-	-
0.646	3D MESSAGE	48	00	CA	91	20	59	71	8C	B2	88	8B	3C	A4	14	97	C7	72	A5	9E	C7	A1	54	99	C7	5E	58	A2	C7	1E	1F	BC	C7	A4	14	97	C7	72	A5	9E	C7	A1	54	99	C7	5E	58	A2	C7	1E	1F	BC	C7	00	00	00	00	00	00	00	00	00	00	00	00	00	00	00	00	00	00	00	00
0.646	3D DATA	true	-	-	-	-	-77353.3	-81226.9	-78505.3	-83120.7	-96318.2	-77353.3	-81226.9	-78505.3	-83120.7	-96318.2	-	-	-	-	-
0.646	3D MESSAGE	48	00	CB	91	20	59	72	8C	B2	88	8B	3C	9F	14	97	C7	72	A5	9E	C7	A0	54	99	C7	4A	58	A2	C7	1C	1F	BC	C7	9F	14	97	C7	72	A5	9E	C7	A0	54	99	C7	4A	58	A2	C7	1C	1F	BC	C7	00	00	00	00	00	00	00	00	00	00	00	00	00	00	00	00	00	00	00	00
0.646	3D DATA	true	-	-	-	-	-77353.2	-81226.9	-78505.2	-83120.6	-96318.2	-77353.2	-81226.9	-78505.2	-83120.6	-96318.2	-	-	-	-	-
0.647	3D MESSAGE	48	00	CC	91	20	59	73	8C	B2	88	8B	3C	99	14	97	C7	6F	A5	9E	C7	A0	54	99	C7	3A	58	A2	C7	1C	1F	BC	C7	99	14	97	C7	6F	A5	9E	C7	A0	54	99	C7	3A	58	A2	C7	1C	1F	BC	C7	00	00	00	00	00	00	00	00	00	00	00	00	00	00	00	00	00	00	00	00
0.647	3D DATA	true	-	-	-	-	-77353.2	-81226.9	-78505.2	-83120.5	-96318.2	-77353.2	-81226.9	-78505.2	-83120.5	-96318.2	-	-	-	-	-
0.647	3D MESSAGE	48	00	CD	91	20	59	74	8C	B2	88	8B	3C	93	14	97	C7	6A	A5	9E	C7	A4	54	99	C7	2C	58	A2	C7	1E	1F	BC	C7	93	14	97	C7	6A	A5	9E	C7	A4	54	99	C7	2C	58	A2	C7	1E	1F	BC	C7	00	00	00	00	00	00	00	00	00	00	00	00	00	00	00	00	00	00	00	00
0.647	3D DATA	true	-	-	-	-	-77353.1	-81226.8	-78505.3	-83120.3	-96318.2	-77353.1	-81226.8	-78505.3	-83120.3	-96318.2	-	-	-	-	-
0.672	3D MESSAGE	48	00	CE	91	20	59	75	8C	B2	88	8B	3C	8E	14	97	C7	64	A5	9E	C7	AC	54	99	C7	22	58	A2	C7	22	1F	BC	C7	8E	14	97	C7	64	A5	9E	C7	AC	54	99	C7	22	58	A2	C7	22	1F	BC	C7	00	00	00	00	00	00	00	00	00	00	00	00	00	00	00	00	00	00	00	00
0.672	3D DATA	true	-	-	-	-	-77353.1	-81226.8	-78505.3	-83120.3	-96318.3	-77353.1	-81226.8	-78505.3	-83120.3	-96318.3	-	-	-	-	-
0.672	3D MESSAGE	48	00	CF	91	20	59	76	8C	B2	88	8B	3C	88	14	97	C7	59	A5	9E	C7	B5	54	99	C7	1A	58	A2	C7	24	1F	BC	C7	88	14	97	C7	59	A5	9E	C7	B5	54	99	C7	1A	58	A2	C7	24	1F	BC	C7	00	00	00	00	00	00	00	00	00	00	00	00	00	00	00	00	00	00	00	00
0.672	3D DATA	true	-	-	-	-	-77353.1	-81226.7	-78505.4	-83120.2	-96318.3	-77353.1	-81226.7	-78505.4	-83120.2	-96318.3	-	-	-	-	-
0.673	3D MESSAGE	48	00	D0	91	20	59	77	8C	B2	88	8B	3C	81	14	97	C7	49	A5	9E	C7	BE	54	99	C7	12	58	A2	C7	20	1F	BC	C7	81	14	97	C7	49	A5	9E	C7	BE	54	99	C7	12	58	A2	C7	20	1F	BC	C7	00	00	00	00	00	00	00	00	00	00	00	00	00	00	00	00	00	00	00	00
0.673	3D DATA	true	-	-	-	-	-77353.0	-81226.6	-78505.5	-83120.1	-96318.2	-77353.0	-81226.6	-78505.5	-83120.1	-96318.2	-	-	-	-	-
0.673	3D MESSAGE	48	00	D1	91	20	59	78	8C	B2	88	8B	3C	77	14	97	C7	34	A5	9E	C7	C4	54	99	C7	0A	58	A2	C7	12	1F	BC	C7	77	14	97	C7	34	A5	9E	C7	C4	54	99	C7	0A	58	A2	C7	12	1F	BC	C7	00	00	00	00	00	00	00	00	00	00	00	00	00	00	00	00	00	00	00	00
0.673	3D DATA	true	-	-	-	-	-77352.9	-81226.4	-78505.5	-83120.1	-96318.1	-77352.9	-81226.4	-78505.5	-83120.1	-96318.1	-	-	-	-	-
0.673	3D MESSAGE	48	00	D2	91	20	59	79	8C	B2	88	8B	3C	6C	14	97	C7	1C	A5	9E	C7	C8	54	99	C7	01	58	A2	C7	FA	1E	BC	C7	6C	14	97	C7	1C	A5	9E	C7	C8	54	99	C7	01	58	A2	C7	FA	1E	BC	C7	00	00	00	00	00	00	00	00	00	00	00	00	00	00	00	00	00	00	00	00
0.673	3D DATA	true	-	-	-	-	-77352.8	-81226.2	-78505.6	-83120.0	-96318.0	-77352.8	-81226.2	-78505.6	-83120.0	-96318.0	-	-	-	-	-
0.703	3D MESSAGE	48	00	D3	91	20	59	7A	8C	B2	88	8B	3C	62	14	97	C7	04	A5	9E	C7	CC	54	99	C7	F8	57	A2	C7	DC	1E	BC	C7	62	14	97	C7	04	A5	9E	C7	CC	54	99	C7	F8	57	A2	C7	DC	1E	BC	C7	00	00	00	00	00	00	00	00	00	00	00	00	00	00	00	00	00	00	00	00
0.703	3D DATA	true	-	-	-	-	-77352.8	-81226.0	-78505.6	-83119.9	-96317.7	-77352.8	-81226.0	-78505.6	-83119.9	-96317.7	-	-	-	-	-
0.703	3D MESSAGE	48	00	D4	91	20	59	7B	8C	B2	88	8B	3C	5B	14	97	C7	F1	A4	9E	C7	D3	54	99	C7	F0	57	A2	C7	BE	1E	BC	C7	5B	14	97	C7	F1	A4	9E	C7	D3	54	99	C7	F0	57	A2	C7	BE	1E	BC	C7	00	00	00	00	00	00	00	00	00	00	00	00	00	00	00	00	00	00	00	00
0.703	3D DATA	true	-	-	-	-	-77352.7	-81225.9	-78505.6	-83119.9	-96317.5	-77352.7	-81225.9	-78505.6	-83119.9	-96317.5	-	-	-	-	-
0.703	3D MESSAGE	48	00	D5	91	20	59	7C	8C	B2	88	8B	3C	59	14	97	C7	E8	A4	9E	C7	DF	54	99	C7	EC	57	A2	C7	A6	1E	BC	C7	59	14	97	C7	E8	A4	9E	C7	DF	54	99	C7	EC	57	A2	C7	A6	1E	BC	C7	00	00	00	00	00	00	00	00	00	00	00	00	00	00	00	00	00	00	00	00
0.703	3D DATA	true	-	-	-	-	-77352.7	-81225.8	-78505.7	-83119.8	-96317.3	-77352.7	-81225.8	-78505.7	-83119.8	-96317.3	-	-	-	-	-
0.704	3D MESSAGE	48	00	D6	91	20	59	7D	8C	B2	88	8B	3C	5D	14	97	C7	E8	A4	9E	C7	EF	54	99	C7	EB	57	A2	C7	9B	1E	BC	C7	5D	14	97	C7	E8	A4	9E	C7	EF	54	99	C7	EB	57	A2	C7	9B	1E	BC	C7	00	00	00	00	00	00	00	00	00	00	00	00	00	00	00	00	00	00	00	00
0.704	3D DATA	true	-	-	-	-	-77352.7	-81225.8	-78505.9	-83119.8	-96317.2	-77352.7	-81225.8	-78505.9	-83119.8	-96317.2	-	-	-	-	-
0.705	3D MESSAGE	48	00	D7	91	20	59	7E	8C	B2	88	8B	3C	65	14	97	C7	F0	A4	9E	C7	01	55	99	C7	F0	57	A2	C7	9B	1E	BC	C7	65	14	97	C7	F0	A4	9E	C7	01	55	99	C7	F0	57	A2	C7	9B	1E	BC	C7	00	00	00	00	00	00	00	00	00	00	00	00	00	00	00	00	00	00	00	00
0.705	3D DATA	true	-	-	-	-	-77352.8	-81225.9	-78506.0	-83119.9	-96317.2	-77352.8	-81225.9	-78506.0	-83119.9	-96317.2	-	-	-	-	-
0.705	3D MESSAGE	48	00	D8	91	20	59	7F	8C	B2	88	8B	3C	6F	14	97	C7	FC	A4	9E	C7	10	55	99	C7	F9	57	A2	C7	A7	1E	BC	C7	6F	14	97	C7	FC	A4	9E	C7	10	55	99	C7	F9	57	A2	C7	A7	1E	BC	C7	00	00	00	00	00	00	00	00	00	00	00	00	00	00	00	00	00	00	00	00
0.705	3D DATA	true	-	-	-	-	-77352.9	-81226.0	-78506.1	-83119.9	-96317.3	-77352.9	-81226.0	-78506.1	-83119.9	-96317.3	-	-	-	-	-
0.705	3D MESSAGE	48	00	D9	91	20	59	80	8C	B2	88	8B	3C	78	14	97	C7	07	A5	9E	C7	16	55	99	C7	06	58	A2	C7	B9	1E	BC	C7	78	14	97	C7	07	A5	9E	C7	16	55	99	C7	06	58	A2	C7	B9	1E	BC	C7	00	00	00	00	00	00	00	00	00	00	00	00	00	00	00	00	00	00	00	00
0.705	3D DATA	true	-	-	-	-	-77352.9	-81226.1	-78506.2	-83120.0	-96317.4	-77352.9	-81226.1	-78506.2	-83120.0	-96317.4	-	-	-	-	-
0.706	3D MESSAGE	48	00	DA	91	20	59	81	8C	B2	88	8B	3C	80	14	97	C7	0E	A5	9E	C7	12	55	99	C7	14	58	A2	C7	CE	1E	BC	C7	80	14	97	C7	0E	A5	9E	C7	12	55	99	C7	14	58	A2	C7	CE	1E	BC	C7	00	00	00	00	00	00	00	00	00	00	00	00	00	00	00	00	00	00	00	00
0.706	3D DATA	true	-	-	-	-	-77353.0	-81226.1	-78506.1	-83120.2	-96317.6	-77353.0	-81226.1	-78506.1	-83120.2	-96317.6	-	-	-	-	-
0.734	3D MESSAGE	48	00	DB	91	20	59	82	8C	B2	88	8B	3C	85	14	97	C7	12	A5	9E	C7	03	55	99	C7	23	58	A2	C7	E3	1E	BC	C7	85	14	97	C7	12	A5	9E	C7	03	55	99	C7	23	58	A2	C7	E3	1E	BC	C7	00	00	00	00	00	00	00	00	00	00	00	00	00	00	00	00	00	00	00	00
0.734	3D DATA	true	-	-	-	-	-77353.0	-81226.1	-78506.0	-83120.3	-96317.8	-77353.0	-81226.1	-78506.0	-83120.3	-96317.8	-	-	-	-	-
0.735	3D MESSAGE	48	00	DC	91	20	59	83	8C	B2	88	8B	3C	8A	14	97	C7	15	A5	9E	C7	EF	54	99	C7	33	58	A2	C7	F7	1E	BC	C7	8A	14	97	C7	15	A5	9E	C7	EF	54	99	C7	33	58	A2	C7	F7	1E	BC	C7	00	00	00	00	00	00	00	00	00	00	00	00	00	00	00	00	00	00	00	00
0.735	3D DATA	true	-	-	-	-	-77353.1	-81226.2	-78505.9	-83120.4	-96317.9	-77353.1	-81226.2	-78505.9	-83120.4	-96317.9	-	-	-	-	-
0.735	3D MESSAGE	48	00	DD	91	20	59	84	8C	28	C7	83	3C	92	14	97	C7	1C	A5	9E	C7	DE	54	99	C7	44	58	A2	C7	0C	1F	BC	C7	92	14	97	C7	1C	A5	9E	C7	DE	54	99	C7	44	58	A2	C7	0C	1F	BC	C7	00	00	00	00	00	00	00	00	00	00	00	00	00	00	00	00	00	00	00	00
0.735	3D DATA	true	-	-	-	-	-77353.1	-81226.2	-78505.7	-83120.5	-96318.1	-77353.1	-81226.2	-78505.7	-83120.5	-96318.1	-	-	-	-	-
0.736	3D MESSAGE	48	00	DE	91	20	59	85	8C	28	C7	83	3C	A1	14	97	C7	29	A5	9E	C7	D6	54	99	C7	57	58	A2	C7	24	1F	BC	C7	A1	14	97	C7	29	A5	9E	C7	D6	54	99	C7	57	58	A2	C7	24	1F	BC	C7	00	00	00	00	00	00	00	00	00	00	00	00	00	00	00	00	00	00	00	00
0.736	3D DATA	true	-	-	-	-	-77353.3	-81226.3	-78505.7	-83120.7	-96318.3	-77353.3	-81226.3	-78505.7	-83120.7	-96318.3	-	-	-	-	-
0.736	3D MESSAGE	48	00	DF	91	20	59	86	8C	28	C7	83	3C	B6	14	97	C7	40	A5	9E	C7	E0	54	99	C7	6C	58	A2	C7	42	1F	BC	C7	B6	14	97	C7	40	A5	9E	C7	E0	54	99	C7	6C	58	A2	C7	42	1F	BC	C7	00	00	00	00	00	00	00	00	00	00	00	00	00	00	00	00	00	00	00	00
0.736	3D DATA	true	-	-	-	-	-77353.4	-81226.5	-78505.8	-83120.8	-96318.5	-77353.4	-81226.5	-78505.8	-83120.8	-96318.5	-	-	-	-	-
0.736	3D MESSAGE	48	00	E0	91	20	59	87	8C	28	C7	83	3C	D2	14	97	C7	5C	A5	9E	C7	FC	54	99	C7	82	58	A2	C7	68	1F	BC	C7	D2	14	97	C7	5C	A5	9E	C7	FC	54	99	C7	82	58	A2	C7	68	1F	BC	C7	00	00	00	00	00	00	00	00	00	00	00	00	00	00	00	00	00	00	00	00
0.736	3D DATA	true	-	-	-	-	-77353.6	-81226.7	-78506.0	-83121.0	-96318.8	-77353.6	-81226.7	-78506.0	-83121.0	-96318.8	-	-	-	-	-
0.767	3D MESSAGE	48	00	E1	91	20	59	88	8C	28	C7	83	3C	F2	14	97	C7	7C	A5	9E	C7	28	55	99	C7	98	58	A2	C7	93	1F	BC	C7	F2	14	97	C7	7C	A5	9E	C7	28	55	99	C7	98	58	A2	C7	93	1F	BC	C7	00	00	00	00	00	00	00	00	00	00	00	00	00	00	00	00	00	00	00	00
0.767	3D DATA	true	-	-	-	-	-77353.9	-81227.0	-78506.3	-83121.2	-96319.1	-77353.9	-81227.0	-78506.3	-83121.2	-96319.1	-	-	-	-	-
0.767	3D MESSAGE	48	00	E2	91	20	59	89	8C	28	C7	83	3C	14	15	97	C7	9A	A5	9E	C7	5E	55	99	C7	AC	58	A2	C7	C4	1F	BC	C7	14	15	97	C7	9A	A5	9E	C7	5E	55	99	C7	AC	58	A2	C7	C4	1F	BC	C7	00	00	00	00	00	00	00	00	00	00	00	00	00	00	00	00	00	00	00	00
0.767	3D DATA	true	-	-	-	-	-77354.2	-81227.2	-78506.7	-83121.3	-96319.5	-77354.2	-81227.2	-78506.7	-83121.3	-96319.5	-	-	-	-	-
0.767	3D MESSAGE	48	00	E3	91	20	59	8A	8C	28	C7	83	3C	35	15	97	C7	B4	A5	9E	C7	98	55	99	C7	BD	58	A2	C7	F7	1F	BC	C7	35	15	97	C7	B4	A5	9E	C7	98	55	99	C7	BD	58	A2	C7	F7	1F	BC	C7	00	00	00	00	00	00	00	00	00	00	00	00	00	00	00	00	00	00	00	00
0.768	3D DATA	true	-	-	-	-	-77354.4	-81227.4	-78507.2	-83121.5	-96319.9	-77354.4	-81227.4	-78507.2	-83121.5	-96319.9	-	-	-	-	-
0.769	3D MESSAGE	48	00	E4	91	20	59	8B	8C	28	C7	83	3C	51	15	97	C7	CA	A5	9E	C7	CD	55	99	C7	CA	58	A2	C7	29	20	BC	C7	51	15	97	C7	CA	A5	9E	C7	CD	55	99	C7	CA	58	A2	C7	29	20	BC	C7	00	00	00	00	00	00	00	00	00	00	00	00	00	00	00	00	00	00	00	00
0.769	3D DATA	true	-	-	-	-	-77354.6	-81227.6	-78507.6	-83121.6	-96320.3	-77354.6	-81227.6	-78507.6	-83121.6	-96320.3	-	-	-	-	-
0.769	3D MESSAGE	48	00	E5	91	20	59	8C	8C	28	C7	83	3C	6A	15	97	C7	DC	A5	9E	C7	FA	55	99	C7	D4	58	A2	C7	57	20	BC	C7	6A	15	97	C7	DC	A5	9E	C7	FA	55	99	C7	D4	58	A2	C7	57	20	BC	C7	00	00	00	00	00	00	00	00	00	00	00	00	00	00	00	00	00	00	00	00
0.769	3D DATA	true	-	-	-	-	-77354.8	-81227.7	-78508.0	-83121.7	-96320.7	-77354.8	-81227.7	-78508.0	-83121.7	-96320.7	-	-	-	-	-
0.769	3D MESSAGE	48	00	E6	91	20	59	8D	8C	28	C7	83	3C	7C	15	97	C7	EE	A5	9E	C7	19	56	99	C7	DE	58	A2	C7	7D	20	BC	C7	7C	15	97	C7	EE	A5	9E	C7	19	56	99	C7	DE	58	A2	C7	7D	20	BC	C7	00	00	00	00	00	00	00	00	00	00	00	00	00	00	00	00	00	00	00	00
0.769	3D DATA	true	-	-	-	-	-77355.0	-81227.9	-78508.2	-83121.7	-96321.0	-77355.0	-81227.9	-78508.2	-83121.7	-96321.0	-	-	-	-	-
0.799	3D MESSAGE	48	00	E7	91	20	59	8E	8C	28	C7	83	3C	8A	15	97	C7	FF	A5	9E	C7	2B	56	99	C7	E8	58	A2	C7	98	20	BC	C7	8A	15	97	C7	FF	A5	9E	C7	2B	56	99	C7	E8	58	A2	C7	98	20	BC	C7	00	00	00	00	00	00	00	00	00	00	00	00	00	00	00	00	00	00	00	00
0.799	3D DATA	true	-	-	-	-	-77355.1	-81228.0	-78508.3	-83121.8	-96321.2	-77355.1	-81228.0	-78508.3	-83121.8	-96321.2	-	-	-	-	-
0.799	3D MESSAGE	48	00	E8	91	20	59	8F	8C	28	C7	83	3C	91	15	97	C7	0E	A6	9E	C7	2E	56	99	C7	F3	58	A2	C7	A4	20	BC	C7	91	15	97	C7	0E	A6	9E	C7	2E	56	99	C7	F3	58	A2	C7	A4	20	BC	C7	00	00	00	00	00	00	00	00	00	00	00	00	00	00	00	00	00	00	00	00
0.799	3D DATA	true	-	-	-	-	-77355.1	-81228.1	-78508.4	-83121.9	-96321.3	-77355.1	-81228.1	-78508.4	-83121.9	-96321.3	-	-	-	-	-
0.799	3D MESSAGE	48	00	E9	91	20	59	90	8C	28	C7	83	3C	91	15	97	C7	18	A6	9E	C7	24	56	99	C7	FE	58	A2	C7	A1	20	BC	C7	91	15	97	C7	18	A6	9E	C7	24	56	99	C7	FE	58	A2	C7	A1	20	BC	C7	00	00	00	00	00	00	00	00	00	00	00	00	00	00	00	00	00	00	00	00
0.799	3D DATA	true	-	-	-	-	-77355.1	-81228.2	-78508.3	-83122.0	-96321.3	-77355.1	-81228.2	-78508.3	-83122.0	-96321.3	-	-	-	-	-
0.800	3D MESSAGE	48	00	EA	91	20	59	91	8C	28	C7	83	3C	88	15	97	C7	19	A6	9E	C7	0D	56	99	C7	06	59	A2	C7	90	20	BC	C7	88	15	97	C7	19	A6	9E	C7	0D	56	99	C7	06	59	A2	C7	90	20	BC	C7	00	00	00	00	00	00	00	00	00	00	00	00	00	00	00	00	00	00	00	00
0.800	3D DATA	true	-	-	-	-	-77355.1	-81228.2	-78508.1	-83122.0	-96321.1	-77355.1	-81228.2	-78508.1	-83122.0	-96321.1	-	-	-	-	-
0.800	3D MESSAGE	48	00	EB	91	20	59	92	8C	28	C7	83	3C	75	15	97	C7	0F	A6	9E	C7	EB	55	99	C7	09	59	A2	C7	73	20	BC	C7	75	15	97	C7	0F	A6	9E	C7	EB	55	99	C7	09	59	A2	C7	73	20	BC	C7	00	00	00	00	00	00	00	00	00	00	00	00	00	00	00	00	00	00	00	00
0.800	3D DATA	true	-	-	-	-	-77354.9	-81228.1	-78507.8	-83122.1	-96320.9	-77354.9	-81228.1	-78507.8	-83122.1	-96320.9	-	-	-	-	-
0.800	3D MESSAGE	48	00	EC	91	20	59	93	8C	28	C7	83	3C	5A	15	97	C7	FB	A5	9E	C7	C0	55	99	C7	04	59	A2	C7	51	20	BC	C7	5A	15	97	C7	FB	A5	9E	C7	C0	55	99	C7	04	59	A2	C7	51	20	BC	C7	00	00	00	00	00	00	00	00	00	00	00	00	00	00	00	00	00	00	00	00
0.800	3D DATA	true	-	-	-	-	-77354.7	-81228.0	-78507.5	-83122.0	-96320.6	-77354.7	-81228.0	-78507.5	-83122.0	-96320.6	-	-	-	-	-
0.800	3D MESSAGE	48	00	ED	91	20	59	94	8C	28	C7	83	3C	3A	15	97	C7	E0	A5	9E	C7	90	55	99	C7	FA	58	A2	C7	30	20	BC	C7	3A	15	97	C7	E0	A5	9E	C7	90	55	99	C7	FA	58	A2	C7	30	20	BC	C7	00	00	00	00	00	00	00	00	00	00	00	00	00	00	00	00	00	00	00	00
0.800	3D DATA	true	-	-	-	-	-77354.5	-81227.8	-78507.1	-83122.0	-96320.4	-77354.5	-81227.8	-78507.1	-83122.0	-96320.4	-	-	-	-	-
0.829	3D MESSAGE	48	00	EE	91	20	59	95	8C	28	C7	83	3C	18	15	97	C7	C3	A5	9E	C7	63	55	99	C7	EB	58	A2	C7	16	20	BC	C7	18	15	97	C7	C3	A5	9E	C7	63	55	99	C7	EB	58	A2	C7	16	20	BC	C7	00	00	00	00	00	00	00	00	00	00	00	00	00	00	00	00	00	00	00	00
0.829	3D DATA	true	-	-	-	-	-77354.2	-81227.5	-78506.8	-83121.8	-96320.2	-77354.2	-81227.5	-78506.8	-83121.8	-96320.2	-	-	-	-	-
0.830	3D MESSAGE	48	00	EF	91	20	59	96	8C	28	C7	83	3C	F9	14	97	C7	A9	A5	9E	C7	3C	55	99	C7	DA	58	A2	C7	07	20	BC	C7	F9	14	97	C7	A9	A5	9E	C7	3C	55	99	C7	DA	58	A2	C7	07	20	BC	C7	00	00	00	00	00	00	00	00	00	00	00	00	00	00	00	00	00	00	00	00
0.830	3D DATA	true	-	-	-	-	-77353.9	-81227.3	-78506.5	-83121.7	-96320.1	-77353.9	-81227.3	-78506.5	-83121.7	-96320.1	-	-	-	-	-
0.830	3D MESSAGE	48	00	F0	91	20	59	97	8C	28	C7	83	3C	DE	14	97	C7	94	A5	9E	C7	20	55	99	C7	CA	58	A2	C7	06	20	BC	C7	DE	14	97	C7	94	A5	9E	C7	20	55	99	C7	CA	58	A2	C7	06	20	BC	C7	00	00	00	00	00	00	00	00	00	00	00	00	00	00	00	00	00	00	00	00
0.830	3D DATA	true	-	-	-	-	-77353.7	-81227.2	-78506.2	-83121.6	-96320.0	-77353.7	-81227.2	-78506.2	-83121.6	-96320.0	-	-	-	-	-
0.830	3D MESSAGE	48	00	F1	91	20	59	98	8C	28	C7	83	3C	C9	14	97	C7	88	A5	9E	C7	11	55	99	C7	BC	58	A2	C7	0F	20	BC	C7	C9	14	97	C7	88	A5	9E	C7	11	55	99	C7	BC	58	A2	C7	0F	20	BC	C7	00	00	00	00	00	00	00	00	00	00	00	00	00	00	00	00	00	00	00	00
0.830	3D DATA	true	-	-	-	-	-77353.6	-81227.1	-78506.1	-83121.5	-96320.1	-77353.6	-81227.1	-78506.1	-83121.5	-96320.1	-	-	-	-	-
0.831	3D MESSAGE	48	00	F2	91	20	59	99	8C	28	C7	83	3C	B8	14	97	C7	80	A5	9E	C7	0B	55	99	C7	AE	58	A2	C7	1E	20	BC	C7	B8	14	97	C7	80	A5	9E	C7	0B	55	99	C7	AE	58	A2	C7	1E	20	BC	C7	00	00	00	00	00	00	00	00	00	00	00	00	00	00	00	00	00	00	00	00
0.831	3D DATA	true	-	-	-	-	-77353.4	-81227.0	-78506.1	-83121.4	-96320.2	-77353.4	-81227.0	-78506.1	-83121.4	-96320.2	-	-	-	-	-
0.831	3D MESSAGE	48	00	F3	91	20	59	9A	8C	28	C7	83	3C	A6	14	97	C7	7D	A5	9E	C7	0B	55	99	C7	9E	58	A2	C7	2B	20	BC	C7	A6	14	97	C7	7D	A5	9E	C7	0B	55	99	C7	9E	58	A2	C7	2B	20	BC	C7	00	00	00	00	00	00	00	00	00	00	00	00	00	00	00	00	00	00	00	00
0.831	3D DATA	true	-	-	-	-	-77353.3	-81227.0	-78506.1	-83121.2	-96320.3	-77353.3	-81227.0	-78506.1	-83121.2	-96320.3	-	-	-	-	-
0.862	3D MESSAGE	48	00	F4	91	20	59	9B	8C	28	C7	83	3C	93	14	97	C7	7B	A5	9E	C7	0C	55	99	C7	8B	58	A2	C7	32	20	BC	C7	93	14	97	C7	7B	A5	9E	C7	0C	55	99	C7	8B	58	A2	C7	32	20	BC	C7	00	00	00	00	00	00	00	00	00	00	00	00	00	00	00	00	00	00	00	00
0.862	3D DATA	true	-	-	-	-	-77353.1	-81227.0	-78506.1	-83121.1	-96320.4	-77353.1	-81227.0	-78506.1	-83121.1	-96320.4	-	-	-	-	-
0.862	3D MESSAGE	48	00	F5	91	20	59	9C	8C	28	C7	83	3C	7D	14	97	C7	7A	A5	9E	C7	09	55	99	C7	72	58	A2	C7	2F	20	BC	C7	7D	14	97	C7	7A	A5	9E	C7	09	55	99	C7	72	58	A2	C7	2F	20	BC	C7	00	00	00	00	00	00	00	00	00	00	00	00	00	00	00	00	00	00	00	00
0.863	3D DATA	true	-	-	-	-	-77353.0	-81227.0	-78506.1	-83120.9	-96320.4	-77353.0	-81227.0	-78506.1	-83120.9	-96320.4	-	-	-	-	-
0.863	3D MESSAGE	48	00	F6	91	20	59	9D	8C	28	C7	83	3C	66	14	97	C7	78	A5	9E	C7	00	55	99	C7	56	58	A2	C7	21	20	BC	C7	66	14	97	C7	78	A5	9E	C7	00	55	99	C7	56	58	A2	C7	21	20	BC	C7	00	00	00	00	00	00	00	00	00	00	00	00	00	00	00	00	00	00	00	00
0.863	3D DATA	true	-	-	-	-	-77352.8	-81226.9	-78506.0	-83120.7	-96320.3	-77352.8	-81226.9	-78506.0	-83120.7	-96320.3	-	-	-	-	-
0.863	3D MESSAGE	48	00	F7	91	20	59	9E	8C	28	C7	83	3C	52	14	97	C7	79	A5	9E	C7	F1	54	99	C7	38	58	A2	C7	0C	20	BC	C7	52	14	97	C7	79	A5	9E	C7	F1	54	99	C7	38	58	A2	C7	0C	20	BC	C7	00	00	00	00	00	00	00	00	00	00	00	00	00	00	00	00	00	00	00	00
0.863	3D DATA	true	-	-	-	-	-77352.6	-81226.9	-78505.9	-83120.4	-96320.1	-77352.6	-81226.9	-78505.9	-83120.4	-96320.1	-	-	-	-	-
0.863	3D MESSAGE	48	00	F8	91	20	59	9F	8C	28	C7	83	3C	46	14	97	C7	7B	A5	9E	C7	DE	54	99	C7	1D	58	A2	C7	F4	1F	BC	C7	46	14	97	C7	7B	A5	9E	C7	DE	54	99	C7	1D	58	A2	C7	F4	1F	BC	C7	00	00	00	00	00	00	00	00	00	00	00	00	00	00	00	00	00	00	00	00
0.863	3D DATA	true	-	-	-	-	-77352.5	-81227.0	-78505.7	-83120.2	-96319.9	-77352.5	-81227.0	-78505.7	-83120.2	-96319.9	-	-	-	-	-
0.864	3D MESSAGE	48	00	F9	91	20	59	A0	8C	28	C7	83	3C	46	14	97	C7	80	A5	9E	C7	CB	54	99	C7	09	58	A2	C7	DE	1F	BC	C7	46	14	97	C7	80	A5	9E	C7	CB	54	99	C7	09	58	A2	C7	DE	1F	BC	C7	00	00	00	00	00	00	00	00	00	00	00	00	00	00	00	00	00	00	00	00
0.864	3D DATA	true	-	-	-	-	-77352.5	-81227.0	-78505.6	-83120.1	-96319.7	-77352.5	-81227.0	-78505.6	-83120.1	-96319.7	-	-	-	-	-
0.893	3D MESSAGE	48	00	FA	91	20	59	A1	8C	28	C7	83	3C	54	14	97	C7	86	A5	9E	C7	BE	54	99	C7	FF	57	A2	C7	CE	1F	BC	C7	54	14	97	C7	86	A5	9E	C7	BE	54	99	C7	FF	57	A2	C7	CE	1F	BC	C7	00	00	00	00	00	00	00	00	00	00	00	00	00	00	00	00	00	00	00	00
0.893	3D DATA	true	-	-	-	-	-77352.7	-81227.0	-78505.5	-83120.0	-96319.6	-77352.7	-81227.0	-78505.5	-83120.0	-96319.6	-	-	-	-	-
0.893	3D MESSAGE	48	00	FB	91	20	59	A2	8C	28	C7	83	3C	70	14	97	C7	8C	A5	9E	C7	B8	54	99	C7	FF	57	A2	C7	C6	1F	BC	C7	70	14	97	C7	8C	A5	9E	C7	B8	54	99	C7	FF	57	A2	C7	C6	1F	BC	C7	00	00	00	00	00	00	00	00	00	00	00	00	00	00	00	00	00	00	00	00
0.894	3D DATA	true	-	-	-	-	-77352.9	-81227.1	-78505.4	-83120.0	-96319.5	-77352.9	-81227.1	-78505.4	-83120.0	-96319.5	-	-	-	-	-
0.894	3D MESSAGE	48	00	FC	91	20	59	A3	8C	28	C7	83	3C	96	14	97	C7	91	A5	9E	C7	BA	54	99	C7	08	58	A2	C7	C6	1F	BC	C7	96	14	97	C7	91	A5	9E	C7	BA	54	99	C7	08	58	A2	C7	C6	1F	BC	C7	00	00	00	00	00	00	00	00	00	00	00	00	00	00	00	00	00	00	00	00
0.894	3D DATA	true	-	-	-	-	-77353.2	-81227.1	-78505.5	-83120.1	-96319.5	-77353.2	-81227.1	-78505.5	-83120.1	-96319.5	-	-	-	-	-
0.894	3D MESSAGE	48	00	FD	91	20	59	A4	8C	28	C7	83	3C	C0	14	97	C7	93	A5	9E	C7	C4	54	99	C7	17	58	A2	C7	CE	1F	BC	C7	C0	14	97	C7	93	A5	9E	C7	C4	54	99	C7	17	58	A2	C7	CE	1F	BC	C7	00	00	00	00	00	00	00	00	00	00	00	00	00	00	00	00	00	00	00	00
0.894	3D DATA	true	-	-	-	-	-77353.5	-81227.1	-78505.5	-83120.2	-96319.6	-77353.5	-81227.1	-78505.5	-83120.2	-96319.6	-	-	-	-	-
0.895	3D MESSAGE	48	00	FE	91	20	59	A5	8C	28	C7	83	3C	E9	14	97	C7	95	A5	9E	C7	D5	54	99	C7	29	58	A2	C7	D9	1F	BC	C7	E9	14	97	C7	95	A5	9E	C7	D5	54	99	C7	29	58	A2	C7	D9	1F	BC	C7	00	00	00	00	00	00	00	00	00	00	00	00	00	00	00	00	00	00	00	00
0.895	3D DATA	true	-	-	-	-	-77353.8	-81227.2	-78505.7	-83120.3	-96319.7	-77353.8	-81227.2	-78505.7	-83120.3	-96319.7	-	-	-	-	-
0.895	3D MESSAGE	48	00	FF	91	20	59	A6	8C	28	C7	83	3C	0C	15	97	C7	96	A5	9E	C7	E8	54	99	C7	3C	58	A2	C7	E8	1F	BC	C7	0C	15	97	C7	96	A5	9E	C7	E8	54	99	C7	3C	58	A2	C7	E8	1F	BC	C7	00	00	00	00	00	00	00	00	00	00	00	00	00	00	00	00	00	00	00	00
0.895	3D DATA	true	-	-	-	-	-77354.1	-81227.2	-78505.8	-83120.5	-96319.8	-77354.1	-81227.2	-78505.8	-83120.5	-96319.8	-	-	-	-	-
0.895	3D MESSAGE	48	00	00	91	20	59	A7	8C	28	C7	83	3C	26	15	97	C7	9A	A5	9E	C7	FC	54	99	C7	4D	58	A2	C7	F9	1F	BC	C7	26	15	97	C7	9A	A5	9E	C7	FC	54	99	C7	4D	58	A2	C7	F9	1F	BC	C7	00	00	00	00	00	00	00	00	00	00	00	00	00	00	00	00	00	00	00	00
0.895	3D DATA	true	-	-	-	-	-77354.3	-81227.2	-78506.0	-83120.6	-96319.9	-77354.3	-81227.2	-78506.0	-83120.6	-96319.9	-	-	-	-	-
0.922	3D MESSAGE	48	00	01	91	20	59	A8	8C	28	C7	83	3C	37	15	97	C7	A1	A5	9E	C7	11	55	99	C7	5C	58	A2	C7	0D	20	BC	C7	37	15	97	C7	A1	A5	9E	C7	11	55	99	C7	5C	58	A2	C7	0D	20	BC	C7	00	00	00	00	00	00	00	00	00	00	00	00	00	00	00	00	00	00	00	00
0.922	3D DATA	true	-	-	-	-	-77354.4	-81227.3	-78506.1	-83120.7	-96320.1	-77354.4	-81227.3	-78506.1	-83120.7	-96320.1	-	-	-	-	-
0.923	3D MESSAGE	48	00	02	91	20	59	A9	8C	28	C7	83	3C	3E	15	97	C7	AC	A5	9E	C7	25	55	99	C7	6A	58	A2	C7	24	20	BC	C7	3E	15	97	C7	AC	A5	9E	C7	25	55	99	C7	6A	58	A2	C7	24	20	BC	C7	00	00	00	00	00	00	00	00	00	00	00	00	00	00	00	00	00	00	00	00
0.923	3D DATA	true	-	-	-	-	-77354.5	-81227.3	-78506.3	-83120.8	-96320.3	-77354.5	-81227.3	-78506.3	-83120.8	-96320.3	-	-	-	-	-
0.923	3D MESSAGE	48	00	03	91	20	59	AA	8C	28	C7	83	3C	3F	15	97	C7	BB	A5	9E	C7	38	55	99	C7	75	58	A2	C7	3E	20	BC	C7	3F	15	97	C7	BB	A5	9E	C7	38	55	99	C7	75	58	A2	C7	3E	20	BC	C7	00	00	00	00	00	00	00	00	00	00	00	00	00	00	00	00	00	00	00	00
0.923	3D DATA	true	-	-	-	-	-77354.5	-81227.5	-78506.4	-83120.9	-96320.5	-77354.5	-81227.5	-78506.4	-83120.9	-96320.5	-	-	-	-	-
0.923	3D MESSAGE	48	00	04	91	20	59	AB	8C	28	C7	83	3C	3C	15	97	C7	CB	A5	9E	C7	4A	55	99	C7	80	58	A2	C7	5B	20	BC	C7	3C	15	97	C7	CB	A5	9E	C7	4A	55	99	C7	80	58	A2	C7	5B	20	BC	C7	00	00	00	00	00	00	00	00	00	00	00	00	00	00	00	00	00	00	00	00
0.923	3D DATA	true	-	-	-	-	-77354.5	-81227.6	-78506.6	-83121.0	-96320.7	-77354.5	-81227.6	-78506.6	-83121.0	-96320.7	-	-	-	-	-
0.924	3D MESSAGE	48	00	05	91	20	59	AC	8C	D6	79	98	3C	38	15	97	C7	D9	A5	9E	C7	58	55	99	C7	89	58	A2	C7	78	20	BC	C7	38	15	97	C7	D9	A5	9E	C7	58	55	99	C7	89	58	A2	C7	78	20	BC	C7	00	00	00	00	00	00	00	00	00	00	00	00	00	00	00	00	00	00	00	00
0.924	3D DATA	true	-	-	-	-	-77354.4	-81227.7	-78506.7	-83121.1	-96320.9	-77354.4	-81227.7	-78506.7	-83121.1	-96320.9	-	-	-	-	-
0.954	3D MESSAGE	48	00	06	91	20	59	AD	8C	D6	79	98	3C	34	15	97	C7	E3	A5	9E	C7	62	55	99	C7	94	58	A2	C7	90	20	BC	C7	34	15	97	C7	E3	A5	9E	C7	62	55	99	C7	94	58	A2	C7	90	20	BC	C7	00	00	00	00	00	00	00	00	00	00	00	00	00	00	00	00	00	00	00	00
0.954	3D DATA	true	-	-	-	-	-77354.4	-81227.8	-78506.8	-83121.2	-96321.1	-77354.4	-81227.8	-78506.8	-83121.2	-96321.1	-	-	-	-	-
0.955	3D MESSAGE	48	00	07	91	20	59	AE	8C	D6	79	98	3C	33	15	97	C7	E8	A5	9E	C7	66	55	99	C7	9E	58	A2	C7	A3	20	BC	C7	33	15	97	C7	E8	A5	9E	C7	66	55	99	C7	9E	58	A2	C7	A3	20	BC	C7	00	00	00	00	00	00	00	00	00	00	00	00	00	00	00	00	00	00	00	00
0.955	3D DATA	true	-	-	-	-	-77354.4	-81227.8	-78506.8	-83121.2	-96321.3	-77354.4	-81227.8	-78506.8	-83121.2	-96321.3	-	-	-	-	-
0.955	3D MESSAGE	48	00	08	91	20	59	AF	8C	D6	79	98	3C	36	15	97	C7	E7	A5	9E	C7	63	55	99	C7	A9	58	A2	C7	AC	20	BC	C7	36	15	97	C7	E7	A5	9E	C7	63	55	99	C7	A9	58	A2	C7	AC	20	BC	C7	00	00	00	00	00	00	00	00	00	00	00	00	00	00	00	00	00	00	00	00
0.955	3D DATA	true	-	-	-	-	-77354.4	-81227.8	-78506.8	-83121.3	-96321.3	-77354.4	-81227.8	-78506.8	-83121.3	-96321.3	-	-	-	-	-
0.956	3D MESSAGE	48	00	09	91	20	59	B0	8C	D6	79	98	3C	3B	15	97	C7	E2	A5	9E	C7	5B	55	99	C7	B2	58	A2	C7	AD	20	BC	C7	3B	15	97	C7	E2	A5	9E	C7	5B	55	99	C7	B2	58	A2	C7	AD	20	BC	C7	00	00	00	00	00	00	00	00	00	00	00	00	00	00	00	00	00	00	00	00
0.956	3D DATA	true	-	-	-	-	-77354.5	-81227.8	-78506.7	-83121.4	-96321.4	-77354.5	-81227.8	-78506.7	-83121.4	-96321.4	-	-	-	-	-
0.956	3D MESSAGE	48	00	0A	91	20	59	B1	8C	D6	79	98	3C	42	15	97	C7	DC	A5	9E	C7	50	55	99	C7	B8	58	A2	C7	A6	20	BC	C7	42	15	97	C7	DC	A5	9E	C7	50	55	99	C7	B8	58	A2	C7	A6	20	BC	C7	00	00	00	00	00	00	00	00	00	00	00	00	00	00	00	00	00	00	00	00
0.956	3D DATA	true	-	-	-	-	-77354.5	-81227.7	-78506.6	-83121.4	-96321.3	-77354.5	-81227.7	-78506.6	-83121.4	-96321.3	-	-	-	-	-
0.957	3D MESSAGE	48	00	0B	91	20	59	B2	8C	D6	79	98	3C	49	15	97	C7	D6	A5	9E	C7	45	55	99	C7	BA	58	A2	C7	98	20	BC	C7	49	15	97	C7	D6	A5	9E	C7	45	55	99	C7	BA	58	A2	C7	98	20	BC	C7	00	00	00	00	00	00	00	00	00	00	00	00	00	00	00	00	00	00	00	00
0.957	3D DATA	true	-	-	-	-	-77354.6	-81227.7	-78506.5	-83121.5	-96321.2	-77354.6	-81227.7	-78506.5	-83121.5	-96321.2	-	-	-	-	-
0.957	3D MESSAGE	48	00	0C	91	20	59	B3	8C	D6	79	98	3C	4E	15	97	C7	D0	A5	9E	C7	39	55	99	C7	B6	58	A2	C7	85	20	BC	C7	4E	15	97	C7	D0	A5	9E	C7	39	55	99	C7	B6	58	A2	C7	85	20	BC	C7	00	00	00	00	00	00	00	00	00	00	00	00	00	00	00	00	00	00	00	00
0.957	3D DATA	true	-	-	-	-	-77354.6	-81227.6	-78506.4	-83121.4	-96321.0	-77354.6	-81227.6	-78506.4	-83121.4	-96321.0	-	-	-	-	-
0.986	3D MESSAGE	48	00	0D	91	20	59	B4	8C	D6	79	98	3C	51	15	97	C7	CA	A5	9E	C7	2F	55	99	C7	AE	58	A2	C7	6E	20	BC	C7	51	15	97	C7	CA	A5	9E	C7	2F	55	99	C7	AE	58	A2	C7	6E	20	BC	C7	00	00	00	00	00	00	00	00	00	00	00	00	00	00	00	00	00	00	00	00
0.986	3D DATA	true	-	-	-	-	-77354.6	-81227.6	-78506.4	-83121.4	-96320.9	-77354.6	-81227.6	-78506.4	-83121.4	-96320.9	-	-	-	-	-
0.986	3D MESSAGE	48	00	0E	91	20	59	B5	8C	D6	79	98	3C	51	15	97	C7	C4	A5	9E	C7	25	55	99	C7	A4	58	A2	C7	54	20	BC	C7	51	15	97	C7	C4	A5	9E	C7	25	55	99	C7	A4	58	A2	C7	54	20	BC	C7	00	00	00	00	00	00	00	00	00	00	00	00	00	00	00	00	00	00	00	00
0.986	3D DATA	true	-	-	-	-	-77354.6	-81227.5	-78506.3	-83121.3	-96320.7	-77354.6	-81227.5	-78506.3	-83121.3	-96320.7	-	-	-	-	-
0.986	3D MESSAGE	48	00	0F	91	20	59	B6	8C	D6	79	98	3C	4F	15	97	C7	BA	A5	9E	C7	1B	55	99	C7	99	58	A2	C7	36	20	BC	C7	4F	15	97	C7	BA	A5	9E	C7	1B	55	99	C7	99	58	A2	C7	36	20	BC	C7	00	00	00	00	00	00	00	00	00	00	00	00	00	00	00	00	00	00	00	00
0.986	3D DATA	true	-	-	-	-	-77354.6	-81227.5	-78506.2	-83121.2	-96320.4	-77354.6	-81227.5	-78506.2	-83121.2	-96320.4	-	-	-	-	-
0.987	3D MESSAGE	48	00	10	91	20	59	B7	8C	D6	79	98	3C	4E	15	97	C7	AC	A5	9E	C7	10	55	99	C7	92	58	A2	C7	19	20	BC	C7	4E	15	97	C7	AC	A5	9E	C7	10	55	99	C7	92	58	A2	C7	19	20	BC	C7	00	00	00	00	00	00	00	00	00	00	00	00	00	00	00	00	00	00	00	00
0.987	3D DATA	true	-	-	-	-	-77354.6	-81227.3	-78506.1	-83121.1	-96320.2	-77354.6	-81227.3	-78506.1	-83121.1	-96320.2	-	-	-	-	-
0.987	3D MESSAGE	48	00	11	91	20	59	B8	8C	D6	79	98	3C	4E	15	97	C7	9C	A5	9E	C7	05	55	99	C7	8E	58	A2	C7	FF	1F	BC	C7	4E	15	97	C7	9C	A5	9E	C7	05	55	99	C7	8E	58	A2	C7	FF	1F	BC	C7	00	00	00	00	00	00	00	00	00	00	00	00	00	00	00	00	00	00	00	00
0.987	3D DATA	true	-	-	-	-	-77354.6	-81227.2	-78506.0	-83121.1	-96320.0	-77354.6	-81227.2	-78506.0	-83121.1	-96320.0	-	-	-	-	-
0.987	3D MESSAGE	48	00	12	91	20	59	B9	8C	D6	79	98	3C	52	15	97	C7	8D	A5	9E	C7	FD	54	99	C7	90	58	A2	C7	EE	1F	BC	C7	52	15	97	C7	8D	A5	9E	C7	FD	54	99	C7	90	58	A2	C7	EE	1F	BC	C7	00	00	00	00	00	00	00	00	00	00	00	00	00	00	00	00	00	00	00	00
0.987	3D DATA	true	-	-	-	-	-77354.6	-81227.1	-78506.0	-83121.1	-96319.9	-77354.6	-81227.1	-78506.0	-83121.1	-96319.9	-	-	-	-	-
1.016	3D MESSAGE	48	00	13	91	20	59	BA	8C	D6	79	98	3C	58	15	97	C7	82	A5	9E	C7	F9	54	99	C7	95	58	A2	C7	EA	1F	BC	C7	58	15	97	C7	82	A5	9E	C7	F9	54	99	C7	95	58	A2	C7	EA	1F	BC	C7	00	00	00	00	00	00	00	00	00	00	00	00	00	00	00	00	00	00	00	00
1.016	3D DATA	true	-	-	-	-	-77354.7	-81227.0	-78505.9	-83121.2	-96319.8	-77354.7	-81227.0	-78505.9	-83121.2	-96319.8	-	-	-	-	-
1.017	3D MESSAGE	48	00	14	91	20	59	BB	8C	D6	79	98	3C	61	15	97	C7	7D	A5	9E	C7	FC	54	99	C7	9C	58	A2	C7	F4	1F	BC	C7	61	15	97	C7	7D	A5	9E	C7	FC	54	99	C7	9C	58	A2	C7	F4	1F	BC	C7	00	00	00	00	00	00	00	00	00	00	00	00	00	00	00	00	00	00	00	00
1.017	3D DATA	true	-	-	-	-	-77354.8	-81227.0	-78506.0	-83121.2	-96319.9	-77354.8	-81227.0	-78506.0	-83121.2	-96319.9	-	-	-	-	-
1.017	3D MESSAGE	48	00	15	91	20	59	BC	8C	D6	79	98	3C	68	15	97	C7	81	A5	9E	C7	06	55	99	C7	A0	58	A2	C7	0C	20	BC	C7	68	15	97	C7	81	A5	9E	C7	06	55	99	C7	A0	58	A2	C7	0C	20	BC	C7	00	00	00	00	00	00	00	00	00	00	00	00	00	00	00	00	00	00	00	00
1.017	3D DATA	true	-	-	-	-	-77354.8	-81227.0	-78506.0	-83121.2	-96320.1	-77354.8	-81227.0	-78506.0	-83121.2	-96320.1	-	-	-	-	-
1.018	3D MESSAGE	48	00	16	91	20	59	BD	8C	D6	79	98	3C	6C	15	97	C7	8A	A5	9E	C7	17	55	99	C7	A0	58	A2	C7	2D	20	BC	C7	6C	15	97	C7	8A	A5	9E	C7	17	55	99	C7	A0	58	A2	C7	2D	20	BC	C7	00	00	00	00	00	00	00	00	00	00	00	00	00	00	00	00	00	00	00	00
1.018	3D DATA	true	-	-	-	-	-77354.8	-81227.1	-78506.2	-83121.2	-96320.4	-77354.8	-81227.1	-78506.2	-83121.2	-96320.4	-	-	-	-	-
1.018	3D MESSAGE	48	00	17	91	20	59	BE	8C	D6	79	98	3C	69	15	97	C7	93	A5	9E	C7	2C	55	99	C7	9B	58	A2	C7	4F	20	BC	C7	69	15	97	C7	93	A5	9E	C7	2C	55	99	C7	9B	58	A2	C7	4F	20	BC	C7	00	00	00	00	00	00	00	00	00	00	00	00	00	00	00	00	00	00	00	00
1.018	3D DATA	true	-	-	-	-	-77354.8	-81227.1	-78506.3	-83121.2	-96320.6	-77354.8	-81227.1	-78506.3	-83121.2	-96320.6	-	-	-	-	-
1.018	3D MESSAGE	48	00	18	91	20	59	BF	8C	D6	79	98	3C	5D	15	97	C7	9A	A5	9E	C7	42	55	99	C7	8F	58	A2	C7	6B	20	BC	C7	5D	15	97	C7	9A	A5	9E	C7	42	55	99	C7	8F	58	A2	C7	6B	20	BC	C7	00	00	00	00	00	00	00	00	00	00	00	00	00	00	00	00	00	00	00	00
1.018	3D DATA	true	-	-	-	-	-77354.7	-81227.2	-78506.5	-83121.1	-96320.8	-77354.7	-81227.2	-78506.5	-83121.1	-96320.8	-	-	-	-	-
1.048	3D MESSAGE	48	00	19	91	20	59	C0	8C	D6	79	98	3C	4A	15	97	C7	9C	A5	9E	C7	56	55	99	C7	7F	58	A2	C7	7D	20	BC	C7	4A	15	97	C7	9C	A5	9E	C7	56	55	99	C7	7F	58	A2	C7	7D	20	BC	C7	00	00	00	00	00	00	00	00	00	00	00	00	00	00	00	00	00	00	00	00
1.048	3D DATA	true	-	-	-	-	-77354.6	-81227.2	-78506.7	-83121.0	-96321.0	-77354.6	-81227.2	-78506.7	-83121.0	-96321.0	-	-	-	-	-
1.049	3D MESSAGE	48	00	1A	91	20	59	C1	8C	D6	79	98	3C	32	15	97	C7	99	A5	9E	C7	69	55	99	C7	6D	58	A2	C7	86	20	BC	C7	32	15	97	C7	99	A5	9E	C7	69	55	99	C7	6D	58	A2	C7	86	20	BC	C7	00	00	00	00	00	00	00	00	00	00	00	00	00	00	00	00	00	00	00	00
1.049	3D DATA	true	-	-	-	-	-77354.4	-81227.2	-78506.8	-83120.9	-96321.0	-77354.4	-81227.2	-78506.8	-83120.9	-96321.0	-	-	-	-	-
1.050	3D MESSAGE	48	00	1B	91	20	59	C2	8C	D6	79	98	3C	19	15	97	C7	96	A5	9E	C7	7A	55	99	C7	5E	58	A2	C7	89	20	BC	C7	19	15	97	C7	96	A5	9E	C7	7A	55	99	C7	5E	58	A2	C7	89	20	BC	C7	00	00	00	00	00	00	00	00	00	00	00	00	00	00	00	00	00	00	00	00
1.050	3D DATA	true	-	-	-	-	-77354.2	-81227.2	-78507.0	-83120.7	-96321.1	-77354.2	-81227.2	-78507.0	-83120.7	-96321.1	-	-	-	-	-
1.050	3D MESSAGE	48	00	1C	91	20	59	C3	8C	D6	79	98	3C	03	15	97	C7	96	A5	9E	C7	8C	55	99	C7	55	58	A2	C7	8B	20	BC	C7	03	15	97	C7	96	A5	9E	C7	8C	55	99	C7	55	58	A2	C7	8B	20	BC	C7	00	00	00	00	00	00	00	00	00	00	00	00	00	00	00	00	00	00	00	00
1.050	3D DATA	true	-	-	-	-	-77354.0	-81227.2	-78507.1	-83120.7	-96321.1	-77354.0	-81227.2	-78507.1	-83120.7	-96321.1	-	-	-	-	-
1.051	3D MESSAGE	48	00	1D	91	20	59	C4	8C	D6	79	98	3C	F3	14	97	C7	9C	A5	9E	C7	A0	55	99	C7	54	58	A2	C7	92	20	BC	C7	F3	14	97	C7	9C	A5	9E	C7	A0	55	99	C7	54	58	A2	C7	92	20	BC	C7	00	00	00	00	00	00	00	00	00	00	00	00	00	00	00	00	00	00	00	00
1.051	3D DATA	true	-	-	-	-	-77353.9	-81227.2	-78507.2	-83120.7	-96321.1	-77353.9	-81227.2	-78507.2	-83120.7	-96321.1	-	-	-	-	-
1.051	3D MESSAGE	48	00	1E	91	20	59	C5	8C	D6	79	98	3C	ED	14	97	C7	AA	A5	9E	C7	B6	55	99	C7	5A	58	A2	C7	A0	20	BC	C7	ED	14	97	C7	AA	A5	9E	C7	B6	55	99	C7	5A	58	A2	C7	A0	20	BC	C7	00	00	00	00	00	00	00	00	00	00	00	00	00	00	00	00	00	00	00	00
1.051	3D DATA	true	-	-	-	-	-77353.9	-81227.3	-78507.4	-83120.7	-96321.2	-77353.9	-81227.3	-78507.4	-83120.7	-96321.2	-	-	-	-	-
1.051	3D MESSAGE	48	00	1F	91	20	59	C6	8C	D6	79	98	3C	F1	14	97	C7	BC	A5	9E	C7	CC	55	99	C7	65	58	A2	C7	B5	20	BC	C7	F1	14	97	C7	BC	A5	9E	C7	CC	55	99	C7	65	58	A2	C7	B5	20	BC	C7	00	00	00	00	00	00	00	00	00	00	00	00	00	00	00	00	00	00	00	00
1.051	3D DATA	true	-	-	-	-	-77353.9	-81227.5	-78507.6	-83120.8	-96321.4	-77353.9	-81227.5	-78507.6	-83120.8	-96321.4	-	-	-	-	-
1.080	3D MESSAGE	48	00	20	91	20	59	C7	8C	D6	79	98	3C	FD	14	97	C7	CC	A5	9E	C7	E0	55	99	C7	72	58	A2	C7	CE	20	BC	C7	FD	14	97	C7	CC	A5	9E	C7	E0	55	99	C7	72	58	A2	C7	CE	20	BC	C7	00	00	00	00	00	00	00	00	00	00	00	00	00	00	00	00	00	00	00	00
1.080	3D DATA	true	-	-	-	-	-77354.0	-81227.6	-78507.8	-83120.9	-96321.6	-77354.0	-81227.6	-78507.8	-83120.9	-96321.6	-	-	-	-	-
1.081	3D MESSAGE	48	00	21	91	20	59	C8	8C	D6	79	98	3C	0F	15	97	C7	D6	A5	9E	C7	F0	55	99	C7	80	58	A2	C7	E8	20	BC	C7	0F	15	97	C7	D6	A5	9E	C7	F0	55	99	C7	80	58	A2	C7	E8	20	BC	C7	00	00	00	00	00	00	00	00	00	00	00	00	00	00	00	00	00	00	00	00
1.081	3D DATA	true	-	-	-	-	-77354.1	-81227.7	-78507.9	-83121.0	-96321.8	-77354.1	-81227.7	-78507.9	-83121.0	-96321.8	-	-	-	-	-
1.081	3D MESSAGE	48	00	22	91	20	59	C9	8C	D6	79	98	3C	23	15	97	C7	D8	A5	9E	C7	FC	55	99	C7	8A	58	A2	C7	00	21	BC	C7	23	15	97	C7	D8	A5	9E	C7	FC	55	99	C7	8A	58	A2	C7	00	21	BC	C7	00	00	00	00	00	00	00	00	00	00	00	00	00	00	00	00	00	00	00	00
1.081	3D DATA	true	-	-	-	-	-77354.3	-81227.7	-78508.0	-83121.1	-96322.0	-77354.3	-81227.7	-78508.0	-83121.1	-96322.0	-	-	-	-	-
1.082	3D MESSAGE	48	00	23	91	20	59	CA	8C	D6	79	98	3C	37	15	97	C7	D4	A5	9E	C7	02	56	99	C7	90	58	A2	C7	16	21	BC	C7	37	15	97	C7	D4	A5	9E	C7	02	56	99	C7	90	58	A2	C7	16	21	BC	C7	00	00	00	00	00	00	00	00	00	00	00	00	00	00	00	00	00	00	00	00
1.082	3D DATA	true	-	-	-	-	-77354.4	-81227.7	-78508.0	-83121.1	-96322.2	-77354.4	-81227.7	-78508.0	-83121.1	-96322.2	-	-	-	-	-
1.082	3D MESSAGE	48	00	24	91	20	59	CB	8C	D6	79	98	3C	46	15	97	C7	CC	A5	9E	C7	07	56	99	C7	93	58	A2	C7	26	21	BC	C7	46	15	97	C7	CC	A5	9E	C7	07	56	99	C7	93	58	A2	C7	26	21	BC	C7	00	00	00	00	00	00	00	00	00	00	00	00	00	00	00	00	00	00	00	00
1.082	3D DATA	true	-	-	-	-	-77354.5	-81227.6	-78508.1	-83121.1	-96322.3	-77354.5	-81227.6	-78508.1	-83121.1	-96322.3	-	-	-	-	-
1.082	3D MESSAGE	48	00	25	91	20	59	CC	8C	D6	79	98	3C	4E	15	97	C7	C6	A5	9E	C7	0C	56	99	C7	91	58	A2	C7	31	21	BC	C7	4E	15	97	C7	C6	A5	9E	C7	0C	56	99	C7	91	58	A2	C7	31	21	BC	C7	00	00	00	00	00	00	00	00	00	00	00	00	00	00	00	00	00	00	00	00
1.082	3D DATA	true	-	-	-	-	-77354.6	-81227.5	-78508.1	-83121.1	-96322.4	-77354.6	-81227.5	-78508.1	-83121.1	-96322.4	-	-	-	-	-
1.083	3D MESSAGE	48	00	26	91	20	59	CD	8C	D6	79	98	3C	4C	15	97	C7	C4	A5	9E	C7	11	56	99	C7	8A	58	A2	C7	35	21	BC	C7	4C	15	97	C7	C4	A5	9E	C7	11	56	99	C7	8A	58	A2	C7	35	21	BC	C7	00	00	00	00	00	00	00	00	00	00	00	00	00	00	00	00	00	00	00	00
1.083	3D DATA	true	-	-	-	-	-77354.6	-81227.5	-78508.1	-83121.1	-96322.4	-77354.6	-81227.5	-78508.1	-83121.1	-96322.4	-	-	-	-	-
1.110	3D MESSAGE	48	00	27	91	20	59	CE	8C	D6	79	98	3C	41	15	97	C7	CA	A5	9E	C7	18	56	99	C7	7E	58	A2	C7	2F	21	BC	C7	41	15	97	C7	CA	A5	9E	C7	18	56	99	C7	7E	58	A2	C7	2F	21	BC	C7	00	00	00	00	00	00	00	00	00	00	00	00	00	00	00	00	00	00	00	00
1.110	3D DATA	true	-	-	-	-	-77354.5	-81227.6	-78508.2	-83121.0	-96322.4	-77354.5	-81227.6	-78508.2	-83121.0	-96322.4	-	-	-	-	-
1.110	3D MESSAGE	48	00	28	91	20	59	CF	8C	D6	79	98	3C	2E	15	97	C7	D4	A5	9E	C7	1E	56	99	C7	6C	58	A2	C7	20	21	BC	C7	2E	15	97	C7	D4	A5	9E	C7	1E	56	99	C7	6C	58	A2	C7	20	21	BC	C7	00	00	00	00	00	00	00	00	00	00	00	00	00	00	00	00	00	00	00	00
1.110	3D DATA	true	-	-	-	-	-77354.4	-81227.7	-78508.2	-83120.8	-96322.2	-77354.4	-81227.7	-78508.2	-83120.8	-96322.2	-	-	-	-	-
1.111	3D MESSAGE	48	00	29	91	20	59	D0	8C	D6	79	98	3C	18	15	97	C7	E0	A5	9E	C7	21	56	99	C7	56	58	A2	C7	0A	21	BC	C7	18	15	97	C7	E0	A5	9E	C7	21	56	99	C7	56	58	A2	C7	0A	21	BC	C7	00	00	00	00	00	00	00	00	00	00	00	00	00	00	00	00	00	00	00	00
1.111	3D DATA	true	-	-	-	-	-77354.2	-81227.8	-78508.3	-83120.7	-96322.1	-77354.2	-81227.8	-78508.3	-83120.7	-96322.1	-	-	-	-	-
1.111	3D MESSAGE	48	00	2A	91	20	59	D1	8C	D6	79	98	3C	04	15	97	C7	EA	A5	9E	C7	20	56	99	C7	40	58	A2	C7	F0	20	BC	C7	04	15	97	C7	EA	A5	9E	C7	20	56	99	C7	40	58	A2	C7	F0	20	BC	C7	00	00	00	00	00	00	00	00	00	00	00	00	00	00	00	00	00	00	00	00
1.111	3D DATA	true	-	-	-	-	-77354.0	-81227.8	-78508.2	-83120.5	-96321.9	-77354.0	-81227.8	-78508.2	-83120.5	-96321.9	-	-	-	-	-
1.111	3D MESSAGE	48	00	2B	91	20	59	D2	8C	D6	79	98	3C	F8	14	97	C7	F2	A5	9E	C7	1B	56	99	C7	2C	58	A2	C7	D7	20	BC	C7	F8	14	97	C7	F2	A5	9E	C7	1B	56	99	C7	2C	58	A2	C7	D7	20	BC	C7	00	00	00	00	00	00	00	00	00	00	00	00	00	00	00	00	00	00	00	00
1.111	3D DATA	true	-	-	-	-	-77353.9	-81227.9	-78508.2	-83120.3	-96321.7	-77353.9	-81227.9	-78508.2	-83120.3	-96321.7	-	-	-	-	-
1.111	3D MESSAGE	48	00	2C	91	20	59	D3	8C	D6	79	98	3C	F8	14	97	C7	F3	A5	9E	C7	10	56	99	C7	1F	58	A2	C7	C2	20	BC	C7	F8	14	97	C7	F3	A5	9E	C7	10	56	99	C7	1F	58	A2	C7	C2	20	BC	C7	00	00	00	00	00	00	00	00	00	00	00	00	00	00	00	00	00	00	00	00
1.111	3D DATA	true	-	-	-	-	-77353.9	-81227.9	-78508.1	-83120.2	-96321.5	-77353.9	-81227.9	-78508.1	-83120.2	-96321.5	-	-	-	-	-
1.142	3D MESSAGE	48	00	2D	91	20	59	D4	8C	D2	E0	96	3C	02	15	97	C7	EE	A5	9E	C7	02	56	99	C7	1A	58	A2	C7	B1	20	BC	C7	02	15	97	C7	EE	A5	9E	C7	02	56	99	C7	1A	58	A2	C7	B1	20	BC	C7	00	00	00	00	00	00	00	00	00	00	00	00	00	00	00	00	00	00	00	00
1.142	3D DATA	true	-	-	-	-	-77354.0	-81227.9	-78508.0	-83120.2	-96321.4	-77354.0	-81227.9	-78508.0	-83120.2	-96321.4	-	-	-	-	-
1.143	3D MESSAGE	48	00	2E	91	20	59	D5	8C	D2	E0	96	3C	15	15	97	C7	E2	A5	9E	C7	EF	55	99	C7	1C	58	A2	C7	A4	20	BC	C7	15	15	97	C7	E2	A5	9E	C7	EF	55	99	C7	1C	58	A2	C7	A4	20	BC	C7	00	00	00	00	00	00	00	00	00	00	00	00	00	00	00	00	00	00	00	00
1.143	3D DATA	true	-	-	-	-	-77354.2	-81227.8	-78507.9	-83120.2	-96321.3	-77354.2	-81227.8	-78507.9	-83120.2	-96321.3	-	-	-	-	-
1.143	3D MESSAGE	48	00	2F	91	20	59	D6	8C	D2	E0	96	3C	2A	15	97	C7	D1	A5	9E	C7	D9	55	99	C7	22	58	A2	C7	96	20	BC	C7	2A	15	97	C7	D1	A5	9E	C7	D9	55	99	C7	22	58	A2	C7	96	20	BC	C7	00	00	00	00	00	00	00	00	00	00	00	00	00	00	00	00	00	00	00	00
1.143	3D DATA	true	-	-	-	-	-77354.3	-81227.6	-78507.7	-83120.3	-96321.2	-77354.3	-81227.6	-78507.7	-83120.3	-96321.2	-	-	-	-	-
1.143	3D MESSAGE	48	00	30	91	20	59	D7	8C	D2	E0	96	3C	3B	15	97	C7	BC	A5	9E	C7	BF	55	99	C7	2A	58	A2	C7	87	20	BC	C7	3B	15	97	C7	BC	A5	9E	C7	BF	55	99	C7	2A	58	A2	C7	87	20	BC	C7	00	00	00	00	00	00	00	00	00	00	00	00	00	00	00	00	00	00	00	00
1.143	3D DATA	true	-	-	-	-	-77354.5	-81227.5	-78507.5	-83120.3	-96321.1	-77354.5	-81227.5	-78507.5	-83120.3	-96321.1	-	-	-	-	-
1.144	3D MESSAGE	48	00	31	91	20	59	D8	8C	D2	E0	96	3C	43	15	97	C7	A5	A5	9E	C7	A2	55	99	C7	2F	58	A2	C7	75	20	BC	C7	43	15	97	C7	A5	A5	9E	C7	A2	55	99	C7	2F	58	A2	C7	75	20	BC	C7	00	00	00	00	00	00	00	00	00	00	00	00	00	00	00	00	00	00	00	00
1.144	3D DATA	true	-	-	-	-	-77354.5	-81227.3	-78507.3	-83120.4	-96320.9	-77354.5	-81227.3	-78507.3	-83120.4	-96320.9	-	-	-	-	-
1.144	3D MESSAGE	48	00	32	91	20	59	D9	8C	D2	E0	96	3C	42	15	97	C7	91	A5	9E	C7	84	55	99	C7	30	58	A2	C7	63	20	BC	C7	42	15	97	C7	91	A5	9E	C7	84	55	99	C7	30	58	A2	C7	63	20	BC	C7	00	00	00	00	00	00	00	00	00	00	00	00	00	00	00	00	00	00	00	00
1.144	3D DATA	true	-	-	-	-	-77354.5	-81227.1	-78507.0	-83120.4	-96320.8	-77354.5	-81227.1	-78507.0	-83120.4	-96320.8	-	-	-	-	-
1.175	3D MESSAGE	48	00	33	91	20	59	DA	8C	D2	E0	96	3C	37	15	97	C7	83	A5	9E	C7	66	55	99	C7	2A	58	A2	C7	52	20	BC	C7	37	15	97	C7	83	A5	9E	C7	66	55	99	C7	2A	58	A2	C7	52	20	BC	C7	00	00	00	00	00	00	00	00	00	00	00	00	00	00	00	00	00	00	00	00
1.175	3D DATA	true	-	-	-	-	-77354.4	-81227.0	-78506.8	-83120.3	-96320.6	-77354.4	-81227.0	-78506.8	-83120.3	-96320.6	-	-	-	-	-
1.176	3D MESSAGE	48	00	34	91	20	59	DB	8C	D2	E0	96	3C	26	15	97	C7	7D	A5	9E	C7	4D	55	99	C7	22	58	A2	C7	43	20	BC	C7	26	15	97	C7	7D	A5	9E	C7	4D	55	99	C7	22	58	A2	C7	43	20	BC	C7	00	00	00	00	00	00	00	00	00	00	00	00	00	00	00	00	00	00	00	00
1.176	3D DATA	true	-	-	-	-	-77354.3	-81227.0	-78506.6	-83120.3	-96320.5	-77354.3	-81227.0	-78506.6	-83120.3	-96320.5	-	-	-	-	-
1.176	3D MESSAGE	48	00	35	91	20	59	DC	8C	D2	E0	96	3C	13	15	97	C7	7F	A5	9E	C7	3A	55	99	C7	16	58	A2	C7	38	20	BC	C7	13	15	97	C7	7F	A5	9E	C7	3A	55	99	C7	16	58	A2	C7	38	20	BC	C7	00	00	00	00	00	00	00	00	00	00	00	00	00	00	00	00	00	00	00	00
1.176	3D DATA	true	-	-	-	-	-77354.1	-81227.0	-78506.5	-83120.2	-96320.4	-77354.1	-81227.0	-78506.5	-83120.2	-96320.4	-	-	-	-	-
1.176	3D MESSAGE	48	00	36	91	20	59	DD	8C	D2	E0	96	3C	FE	14	97	C7	87	A5	9E	C7	2F	55	99	C7	0C	58	A2	C7	2B	20	BC	C7	FE	14	97	C7	87	A5	9E	C7	2F	55	99	C7	0C	58	A2	C7	2B	20	BC	C7	00	00	00	00	00	00	00	00	00	00	00	00	00	00	00	00	00	00	00	00
1.176	3D DATA	true	-	-	-	-	-77354.0	-81227.1	-78506.4	-83120.1	-96320.3	-77354.0	-81227.1	-78506.4	-83120.1	-96320.3	-	-	-	-	-
1.177	3D MESSAGE	48	00	37	91	20	59	DE	8C	D2	E0	96	3C	EA	14	97	C7	92	A5	9E	C7	2A	55	99	C7	04	58	A2	C7	1B	20	BC	C7	EA	14	97	C7	92	A5	9E	C7	2A	55	99	C7	04	58	A2	C7	1B	20	BC	C7	00	00	00	00	00	00	00	00	00	00	00	00	00	00	00	00	00	00	00	00
1.177	3D DATA	true	-	-	-	-	-77353.8	-81227.1	-78506.3	-83120.0	-96320.2	-77353.8	-81227.1	-78506.3	-83120.0	-96320.2	-	-	-	-	-
1.177	3D MESSAGE	48	00	38	91	20	59	DF	8C	D2	E0	96	3C	D5	14	97	C7	9B	A5	9E	C7	2B	55	99	C7	00	58	A2	C7	06	20	BC	C7	D5	14	97	C7	9B	A5	9E	C7	2B	55	99	C7	00	58	A2	C7	06	20	BC	C7	00	00	00	00	00	00	00	00	00	00	00	00	00	00	00	00	00	00	00	00
1.177	3D DATA	true	-	-	-	-	-77353.7	-81227.2	-78506.3	-83120.0	-96320.0	-77353.7	-81227.2	-78506.3	-83120.0	-96320.0	-	-	-	-	-
1.178	3D MESSAGE	48	00	39	91	20	59	E0	8C	D2	E0	96	3C	C2	14	97	C7	A0	A5	9E	C7	2E	55	99	C7	05	58	A2	C7	EC	1F	BC	C7	C2	14	97	C7	A0	A5	9E	C7	2E	55	99	C7	05	58	A2	C7	EC	1F	BC	C7	00	00	00	00	00	00	00	00	00	00	00	00	00	00	00	00	00	00	00	00
1.178	3D DATA	true	-	-	-	-	-77353.5	-81227.2	-78506.4	-83120.0	-96319.8	-77353.5	-81227.2	-78506.4	-83120.0	-96319.8	-	-	-	-	-
1.203	3D MESSAGE	48	00	3A	91	20	59	E1	8C	D2	E0	96	3C	B3	14	97	C7	A1	A5	9E	C7	31	55	99	C7	11	58	A2	C7	D2	1F	BC	C7	B3	14	97	C7	A1	A5	9E	C7	31	55	99	C7	11	58	A2	C7	D2	1F	BC	C7	00	00	00	00	00	00	00	00	00	00	00	00	00	00	00	00	00	00	00	00
1.203	3D DATA	true	-	-	-	-	-77353.4	-81227.3	-78506.4	-83120.1	-96319.6	-77353.4	-81227.3	-78506.4	-83120.1	-96319.6	-	-	-	-	-
1.204	3D MESSAGE	48	00	3B	91	20	59	E2	8C	D2	E0	96	3C	AB	14	97	C7	9E	A5	9E	C7	32	55	99	C7	25	58	A2	C7	C0	1F	BC	C7	AB	14	97	C7	9E	A5	9E	C7	32	55	99	C7	25	58	A2	C7	C0	1F	BC	C7	00	00	00	00	00	00	00	00	00	00	00	00	00	00	00	00	00	00	00	00
1.204	3D DATA	true	-	-	-	-	-77353.3	-81227.2	-78506.4	-83120.3	-96319.5	-77353.3	-81227.2	-78506.4	-83120.3	-96319.5	-	-	-	-	-
1.204	3D MESSAGE	48	00	3C	91	20	59	E3	8C	D2	E0	96	3C	AC	14	97	C7	9C	A5	9E	C7	30	55	99	C7	40	58	A2	C7	BA	1F	BC	C7	AC	14	97	C7	9C	A5	9E	C7	30	55	99	C7	40	58	A2	C7	BA	1F	BC	C7	00	00	00	00	00	00	00	00	00	00	00	00	00	00	00	00	00	00	00	00
1.204	3D DATA	true	-	-	-	-	-77353.3	-81227.2	-78506.4	-83120.5	-96319.5	-77353.3	-81227.2	-78506.4	-83120.5	-96319.5	-	-	-	-	-
1.204	3D MESSAGE	48	00	3D	91	20	59	E4	8C	D2	E0	96	3C	B7	14	97	C7	9F	A5	9E	C7	2E	55	99	C7	5E	58	A2	C7	C6	1F	BC	C7	B7	14	97	C7	9F	A5	9E	C7	2E	55	99	C7	5E	58	A2	C7	C6	1F	BC	C7	00	00	00	00	00	00	00	00	00	00	00	00	00	00	00	00	00	00	00	00
1.204	3D DATA	true	-	-	-	-	-77353.4	-81227.2	-78506.4	-83120.7	-96319.5	-77353.4	-81227.2	-78506.4	-83120.7	-96319.5	-	-	-	-	-
1.205	3D MESSAGE	48	00	3E	91	20	59	E5	8C	D2	E0	96	3C	CA	14	97	C7	AA	A5	9E	C7	2C	55	99	C7	7B	58	A2	C7	E4	1F	BC	C7	CA	14	97	C7	AA	A5	9E	C7	2C	55	99	C7	7B	58	A2	C7	E4	1F	BC	C7	00	00	00	00	00	00	00	00	00	00	00	00	00	00	00	00	00	00	00	00
1.205	3D DATA	true	-	-	-	-	-77353.6	-81227.3	-78506.3	-83121.0	-96319.8	-77353.6	-81227.3	-78506.3	-83121.0	-96319.8	-	-	-	-	-
1.205	3D MESSAGE	48	00	3F	91	20	59	E6	8C	D2	E0	96	3C	E2	14	97	C7	C0	A5	9E	C7	2F	55	99	C7	94	58	A2	C7	0E	20	BC	C7	E2	14	97	C7	C0	A5	9E	C7	2F	55	99	C7	94	58	A2	C7	0E	20	BC	C7	00	00	00	00	00	00	00	00	00	00	00	00	00	00	00	00	00	00	00	00
1.205	3D DATA	true	-	-	-	-	-77353.8	-81227.5	-78506.4	-83121.2	-96320.1	-77353.8	-81227.5	-78506.4	-83121.2	-96320.1	-	-	-	-	-
1.234	3D MESSAGE	48	00	40	91	20	59	E7	8C	D2	E0	96	3C	FC	14	97	C7	E0	A5	9E	C7	37	55	99	C7	A6	58	A2	C7	3F	20	BC	C7	FC	14	97	C7	E0	A5	9E	C7	37	55	99	C7	A6	58	A2	C7	3F	20	BC	C7	00	00	00	00	00	00	00	00	00	00	00	00	00	00	00	00	00	00	00	00
1.234	3D DATA	true	-	-	-	-	-77354.0	-81227.8	-78506.4	-83121.3	-96320.5	-77354.0	-81227.8	-78506.4	-83121.3	-96320.5	-	-	-	-	-
1.234	3D MESSAGE	48	00	41	91	20	59	E8	8C	D2	E0	96	3C	14	15	97	C7	08	A6	9E	C7	46	55	99	C7	B2	58	A2	C7	70	20	BC	C7	14	15	97	C7	08	A6	9E	C7	46	55	99	C7	B2	58	A2	C7	70	20	BC	C7	00	00	00	00	00	00	00	00	00	00	00	00	00	00	00	00	00	00	00	00
1.234	3D DATA	true	-	-	-	-	-77354.2	-81228.1	-78506.5	-83121.4	-96320.9	-77354.2	-81228.1	-78506.5	-83121.4	-96320.9	-	-	-	-	-
1.235	3D MESSAGE	48	00	42	91	20	59	E9	8C	D2	E0	96	3C	2C	15	97	C7	35	A6	9E	C7	5D	55	99	C7	BA	58	A2	C7	9E	20	BC	C7	2C	15	97	C7	35	A6	9E	C7	5D	55	99	C7	BA	58	A2	C7	9E	20	BC	C7	00	00	00	00	00	00	00	00	00	00	00	00	00	00	00	00	00	00	00	00
1.235	3D DATA	true	-	-	-	-	-77354.3	-81228.4	-78506.7	-83121.5	-96321.2	-77354.3	-81228.4	-78506.7	-83121.5	-96321.2	-	-	-	-	-
1.235	3D MESSAGE	48	00	43	91	20	59	EA	8C	D2	E0	96	3C	45	15	97	C7	61	A6	9E	C7	7C	55	99	C7	C0	58	A2	C7	C6	20	BC	C7	45	15	97	C7	61	A6	9E	C7	7C	55	99	C7	C0	58	A2	C7	C6	20	BC	C7	00	00	00	00	00	00	00	00	00	00	00	00	00	00	00	00	00	00	00	00
1.235	3D DATA	true	-	-	-	-	-77354.5	-81228.8	-78507.0	-83121.5	-96321.5	-77354.5	-81228.8	-78507.0	-83121.5	-96321.5	-	-	-	-	-
1.235	3D MESSAGE	48	00	44	91	20	59	EB	8C	D2	E0	96	3C	5F	15	97	C7	87	A6	9E	C7	A1	55	99	C7	CB	58	A2	C7	EA	20	BC	C7	5F	15	97	C7	87	A6	9E	C7	A1	55	99	C7	CB	58	A2	C7	EA	20	BC	C7	00	00	00	00	00	00	00	00	00	00	00	00	00	00	00	00	00	00	00	00
1.235	3D DATA	true	-	-	-	-	-77354.7	-81229.1	-78507.3	-83121.6	-96321.8	-77354.7	-81229.1	-78507.3	-83121.6	-96321.8	-	-	-	-	-
1.236	3D MESSAGE	48	00	45	91	20	59	EC	8C	D2	E0	96	3C	7A	15	97	C7	A1	A6	9E	C7	C7	55	99	C7	DC	58	A2	C7	0A	21	BC	C7	7A	15	97	C7	A1	A6	9E	C7	C7	55	99	C7	DC	58	A2	C7	0A	21	BC	C7	00	00	00	00	00	00	00	00	00	00	00	00	00	00	00	00	00	00	00	00
1.236	3D DATA	true	-	-	-	-	-77355.0	-81229.3	-78507.6	-83121.7	-96322.1	-77355.0	-81229.3	-78507.6	-83121.7	-96322.1	-	-	-	-	-
1.266	3D MESSAGE	48	00	46	91	20	59	ED	8C	D2	E0	96	3C	93	15	97	C7	AD	A6	9E	C7	EA	55	99	C7	F4	58	A2	C7	27	21	BC	C7	93	15	97	C7	AD	A6	9E	C7	EA	55	99	C7	F4	58	A2	C7	27	21	BC	C7	00	00	00	00	00	00	00	00	00	00	00	00	00	00	00	00	00	00	00	00
1.266	3D DATA	true	-	-	-	-	-77355.1	-81229.4	-78507.8	-83121.9	-96322.3	-77355.1	-81229.4	-78507.8	-83121.9	-96322.3	-	-	-	-	-
1.267	3D MESSAGE	48	00	47	91	20	59	EE	8C	D2	E0	96	3C	A6	15	97	C7	AB	A6	9E	C7	07	56	99	C7	12	59	A2	C7	40	21	BC	C7	A6	15	97	C7	AB	A6	9E	C7	07	56	99	C7	12	59	A2	C7	40	21	BC	C7	00	00	00	00	00	00	00	00	00	00	00	00	00	00	00	00	00	00	00	00
1.267	3D DATA	true	-	-	-	-	-77355.3	-81229.3	-78508.1	-83122.1	-96322.5	-77355.3	-81229.3	-78508.1	-83122.1	-96322.5	-	-	-	-	-
1.268	3D MESSAGE	48	00	48	91	20	59	EF	8C	D2	E0	96	3C	B0	15	97	C7	9D	A6	9E	C7	1A	56	99	C7	31	59	A2	C7	56	21	BC	C7	B0	15	97	C7	9D	A6	9E	C7	1A	56	99	C7	31	59	A2	C7	56	21	BC	C7	00	00	00	00	00	00	00	00	00	00	00	00	00	00	00	00	00	00	00	00
1.268	3D DATA	true	-	-	-	-	-77355.4	-81229.2	-78508.2	-83122.4	-96322.7	-77355.4	-81229.2	-78508.2	-83122.4	-96322.7	-	-	-	-	-
1.268	3D MESSAGE	48	00	49	91	20	59	F0	8C	D2	E0	96	3C	AF	15	97	C7	89	A6	9E	C7	21	56	99	C7	4E	59	A2	C7	66	21	BC	C7	AF	15	97	C7	89	A6	9E	C7	21	56	99	C7	4E	59	A2	C7	66	21	BC	C7	00	00	00	00	00	00	00	00	00	00	00	00	00	00	00	00	00	00	00	00
1.268	3D DATA	true	-	-	-	-	-77355.4	-81229.1	-78508.3	-83122.6	-96322.8	-77355.4	-81229.1	-78508.3	-83122.6	-96322.8	-	-	-	-	-
1.268	3D MESSAGE	48	00	4A	91	20	59	F1	8C	D2	E0	96	3C	A2	15	97	C7	72	A6	9E	C7	1C	56	99	C7	63	59	A2	C7	70	21	BC	C7	A2	15	97	C7	72	A6	9E	C7	1C	56	99	C7	63	59	A2	C7	70	21	BC	C7	00	00	00	00	00	00	00	00	00	00	00	00	00	00	00	00	00	00	00	00
1.268	3D DATA	true	-	-	-	-	-77355.3	-81228.9	-78508.2	-83122.8	-96322.9	-77355.3	-81228.9	-78508.2	-83122.8	-96322.9	-	-	-	-	-
1.269	3D MESSAGE	48	00	4B	91	20	59	F2	8C	D2	E0	96	3C	8C	15	97	C7	5D	A6	9E	C7	0D	56	99	C7	6C	59	A2	C7	76	21	BC	C7	8C	15	97	C7	5D	A6	9E	C7	0D	56	99	C7	6C	59	A2	C7	76	21	BC	C7	00	00	00	00	00	00	00	00	00	00	00	00	00	00	00	00	00	00	00	00
1.269	3D DATA	true	-	-	-	-	-77355.1	-81228.7	-78508.1	-83122.8	-96322.9	-77355.1	-81228.7	-78508.1	-83122.8	-96322.9	-	-	-	-	-
1.300	3D MESSAGE	48	00	4C	91	20	59	F3	8C	D2	E0	96	3C	71	15	97	C7	4C	A6	9E	C7	F6	55	99	C7	65	59	A2	C7	76	21	BC	C7	71	15	97	C7	4C	A6	9E	C7	F6	55	99	C7	65	59	A2	C7	76	21	BC	C7	00	00	00	00	00	00	00	00	00	00	00	00	00	00	00	00	00	00	00	00
1.301	3D DATA	true	-	-	-	-	-77354.9	-81228.6	-78507.9	-83122.8	-96322.9	-77354.9	-81228.6	-78507.9	-83122.8	-96322.9	-	-	-	-	-
1.301	3D MESSAGE	48	00	4D	91	20	59	F4	8C	D2	E0	96	3C	55	15	97	C7	40	A6	9E	C7	DA	55	99	C7	4F	59	A2	C7	73	21	BC	C7	55	15	97	C7	40	A6	9E	C7	DA	55	99	C7	4F	59	A2	C7	73	21	BC	C7	00	00	00	00	00	00	00	00	00	00	00	00	00	00	00	00	00	00	00	00
1.301	3D DATA	true	-	-	-	-	-77354.7	-81228.5	-78507.7	-83122.6	-96322.9	-77354.7	-81228.5	-78507.7	-83122.6	-96322.9	-	-	-	-	-
1.302	3D MESSAGE	48	00	4E	91	20	59	F5	8C	D2	E0	96	3C	3B	15	97	C7	34	A6	9E	C7	BB	55	99	C7	2C	59	A2	C7	6B	21	BC	C7	3B	15	97	C7	34	A6	9E	C7	BB	55	99	C7	2C	59	A2	C7	6B	21	BC	C7	00	00	00	00	00	00	00	00	00	00	00	00	00	00	00	00	00	00	00	00
1.302	3D DATA	true	-	-	-	-	-77354.5	-81228.4	-78507.5	-83122.3	-96322.8	-77354.5	-81228.4	-78507.5	-83122.3	-96322.8	-	-	-	-	-
1.302	3D MESSAGE	48	00	4F	91	20	59	F6	8C	D2	E0	96	3C	25	15	97	C7	2A	A6	9E	C7	9E	55	99	C7	00	59	A2	C7	5F	21	BC	C7	25	15	97	C7	2A	A6	9E	C7	9E	55	99	C7	00	59	A2	C7	5F	21	BC	C7	00	00	00	00	00	00	00	00	00	00	00	00	00	00	00	00	00	00	00	00
1.302	3D DATA	true	-	-	-	-	-77354.3	-81228.3	-78507.2	-83122.0	-96322.7	-77354.3	-81228.3	-78507.2	-83122.0	-96322.7	-	-	-	-	-
1.302	3D MESSAGE	48	00	50	91	20	59	F7	8C	D2	E0	96	3C	15	15	97	C7	1E	A6	9E	C7	83	55	99	C7	D2	58	A2	C7	4F	21	BC	C7	15	15	97	C7	1E	A6	9E	C7	83	55	99	C7	D2	58	A2	C7	4F	21	BC	C7	00	00	00	00	00	00	00	00	00	00	00	00	00	00	00	00	00	00	00	00
1.302	3D DATA	true	-	-	-	-	-77354.2	-81228.2	-78507.0	-83121.6	-96322.6	-77354.2	-81228.2	-78507.0	-83121.6	-96322.6	-	-	-	-	-
1.303	3D MESSAGE	48	00	51	91	20	59	F8	8C	D2	E0	96	3C	0B	15	97	C7	12	A6	9E	C7	70	55	99	C7	A9	58	A2	C7	3D	21	BC	C7	0B	15	97	C7	12	A6	9E	C7	70	55	99	C7	A9	58	A2	C7	3D	21	BC	C7	00	00	00	00	00	00	00	00	00	00	00	00	00	00	00	00	00	00	00	00
1.303	3D DATA	true	-	-	-	-	-77354.1	-81228.1	-78506.9	-83121.3	-96322.5	-77354.1	-81228.1	-78506.9	-83121.3	-96322.5	-	-	-	-	-
1.303	3D MESSAGE	48	00	52	91	20	59	F9	8C	D2	E0	96	3C	08	15	97	C7	08	A6	9E	C7	64	55	99	C7	8A	58	A2	C7	2B	21	BC	C7	08	15	97	C7	08	A6	9E	C7	64	55	99	C7	8A	58	A2	C7	2B	21	BC	C7	00	00	00	00	00	00	00	00	00	00	00	00	00	00	00	00	00	00	00	00
1.303	3D DATA	true	-	-	-	-	-77354.1	-81228.1	-78506.8	-83121.1	-96322.3	-77354.1	-81228.1	-78506.8	-83121.1	-96322.3	-	-	-	-	-
1.327	3D MESSAGE	48	00	53	91	20	59	FA	8C	D2	E0	96	3C	0B	15	97	C7	FE	A5	9E	C7	60	55	99	C7	7A	58	A2	C7	1C	21	BC	C7	0B	15	97	C7	FE	A5	9E	C7	60	55	99	C7	7A	58	A2	C7	1C	21	BC	C7	00	00	00	00	00	00	00	00	00	00	00	00	00	00	00	00	00	00	00	00
1.328	3D DATA	true	-	-	-	-	-77354.1	-81228.0	-78506.8	-83121.0	-96322.2	-77354.1	-81228.0	-78506.8	-83121.0	-96322.2	-	-	-	-	-
1.328	3D MESSAGE	48	00	54	91	20	59	FB	8C	D2	E0	96	3C	12	15	97	C7	F8	A5	9E	C7	64	55	99	C7	7A	58	A2	C7	12	21	BC	C7	12	15	97	C7	F8	A5	9E	C7	64	55	99	C7	7A	58	A2	C7	12	21	BC	C7	00	00	00	00	00	00	00	00	00	00	00	00	00	00	00	00	00	00	00	00
1.328	3D DATA	true	-	-	-	-	-77354.1	-81227.9	-78506.8	-83121.0	-96322.1	-77354.1	-81227.9	-78506.8	-83121.0	-96322.1	-	-	-	-	-
1.328	3D MESSAGE	48	00	55	91	20	59	FC	8C	96	19	93	3C	1C	15	97	C7	F2	A5	9E	C7	6C	55	99	C7	88	58	A2	C7	0E	21	BC	C7	1C	15	97	C7	F2	A5	9E	C7	6C	55	99	C7	88	58	A2	C7	0E	21	BC	C7	00	00	00	00	00	00	00	00	00	00	00	00	00	00	00	00	00	00	00	00
1.328	3D DATA	true	-	-	-	-	-77354.2	-81227.9	-78506.8	-83121.1	-96322.1	-77354.2	-81227.9	-78506.8	-83121.1	-96322.1	-	-	-	-	-
1.329	3D MESSAGE	48	00	56	91	20	59	FD	8C	96	19	93	3C	26	15	97	C7	EA	A5	9E	C7	76	55	99	C7	A0	58	A2	C7	0E	21	BC	C7	26	15	97	C7	EA	A5	9E	C7	76	55	99	C7	A0	58	A2	C7	0E	21	BC	C7	00	00	00	00	00	00	00	00	00	00	00	00	00	00	00	00	00	00	00	00
1.329	3D DATA	true	-	-	-	-	-77354.3	-81227.8	-78506.9	-83121.2	-96322.1	-77354.3	-81227.8	-78506.9	-83121.2	-96322.1	-	-	-	-	-
1.329	3D MESSAGE	48	00	57	91	20	59	FE	8C	96	19	93	3C	2D	15	97	C7	DE	A5	9E	C7	7F	55	99	C7	BE	58	A2	C7	10	21	BC	C7	2D	15	97	C7	DE	A5	9E	C7	7F	55	99	C7	BE	58	A2	C7	10	21	BC	C7	00	00	00	00	00	00	00	00	00	00	00	00	00	00	00	00	00	00	00	00
1.329	3D DATA	true	-	-	-	-	-77354.4	-81227.7	-78507.0	-83121.5	-96322.1	-77354.4	-81227.7	-78507.0	-83121.5	-96322.1	-	-	-	-	-
1.360	3D MESSAGE	48	00	58	91	20	59	FF	8C	96	19	93	3C	2F	15	97	C7	CD	A5	9E	C7	84	55	99	C7	DE	58	A2	C7	12	21	BC	C7	2F	15	97	C7	CD	A5	9E	C7	84	55	99	C7	DE	58	A2	C7	12	21	BC	C7	00	00	00	00	00	00	00	00	00	00	00	00	00	00	00	00	00	00	00	00
1.360	3D DATA	true	-	-	-	-	-77354.4	-81227.6	-78507.0	-83121.7	-96322.1	-77354.4	-81227.6	-78507.0	-83121.7	-96322.1	-	-	-	-	-
1.361	3D MESSAGE	48	00	59	91	20	59	00	8C	96	19	93	3C	2D	15	97	C7	BA	A5	9E	C7	86	55	99	C7	FC	58	A2	C7	12	21	BC	C7	2D	15	97	C7	BA	A5	9E	C7	86	55	99	C7	FC	58	A2	C7	12	21	BC	C7	00	00	00	00	00	00	00	00	00	00	00	00	00	00	00	00	00	00	00	00
1.361	3D DATA	true	-	-	-	-	-77354.4	-81227.5	-78507.0	-83122.0	-96322.1	-77354.4	-81227.5	-78507.0	-83122.0	-96322.1	-	-	-	-	-
1.361	3D MESSAGE	48	00	5A	91	20	59	01	8C	96	19	93	3C	28	15	97	C7	AA	A5	9E	C7	86	55	99	C7	13	59	A2	C7	11	21	BC	C7	28	15	97	C7	AA	A5	9E	C7	86	55	99	C7	13	59	A2	C7	11	21	BC	C7	00	00	00	00	00	00	00	00	00	00	00	00	00	00	00	00	00	00	00	00
1.361	3D DATA	true	-	-	-	-	-77354.3	-81227.3	-78507.0	-83122.1	-96322.1	-77354.3	-81227.3	-78507.0	-83122.1	-96322.1	-	-	-	-	-
1.361	3D MESSAGE	48	00	5B	91	20	59	02	8C	96	19	93	3C	21	15	97	C7	A3	A5	9E	C7	88	55	99	C7	20	59	A2	C7	12	21	BC	C7	21	15	97	C7	A3	A5	9E	C7	88	55	99	C7	20	59	A2	C7	12	21	BC	C7	00	00	00	00	00	00	00	00	00	00	00	00	00	00	00	00	00	00	00	00
1.361	3D DATA	true	-	-	-	-	-77354.3	-81227.3	-78507.1	-83122.2	-96322.1	-77354.3	-81227.3	-78507.1	-83122.2	-96322.1	-	-	-	-	-
1.362	3D MESSAGE	48	00	5C	91	20	59	03	8C	96	19	93	3C	19	15	97	C7	A8	A5	9E	C7	8C	55	99	C7	21	59	A2	C7	14	21	BC	C7	19	15	97	C7	A8	A5	9E	C7	8C	55	99	C7	21	59	A2	C7	14	21	BC	C7	00	00	00	00	00	00	00	00	00	00	00	00	00	00	00	00	00	00	00	00
1.362	3D DATA	true	-	-	-	-	-77354.2	-81227.3	-78507.1	-83122.3	-96322.2	-77354.2	-81227.3	-78507.1	-83122.3	-96322.2	-	-	-	-	-
1.362	3D MESSAGE	48	00	5D	91	20	59	04	8C	96	19	93	3C	12	15	97	C7	BC	A5	9E	C7	94	55	99	C7	14	59	A2	C7	18	21	BC	C7	12	15	97	C7	BC	A5	9E	C7	94	55	99	C7	14	59	A2	C7	18	21	BC	C7	00	00	00	00	00	00	00	00	00	00	00	00	00	00	00	00	00	00	00	00
1.362	3D DATA	true	-	-	-	-	-77354.1	-81227.5	-78507.2	-83122.2	-96322.2	-77354.1	-81227.5	-78507.2	-83122.2	-96322.2	-	-	-	-	-
1.362	3D MESSAGE	48	00	5E	91	20	59	05	8C	96	19	93	3C	0B	15	97	C7	DB	A5	9E	C7	9F	55	99	C7	F8	58	A2	C7	1C	21	BC	C7	0B	15	97	C7	DB	A5	9E	C7	9F	55	99	C7	F8	58	A2	C7	1C	21	BC	C7	00	00	00	00	00	00	00	00	00	00	00	00	00	00	00	00	00	00	00	00
1.362	3D DATA	true	-	-	-	-	-77354.1	-81227.7	-78507.2	-83121.9	-96322.2	-77354.1	-81227.7	-78507.2	-83121.9	-96322.2	-	-	-	-	-
1.391	3D MESSAGE	48	00	5F	91	20	59	06	8C	96	19	93	3C	06	15	97	C7	FF	A5	9E	C7	AB	55	99	C7	D2	58	A2	C7	1E	21	BC	C7	06	15	97	C7	FF	A5	9E	C7	AB	55	99	C7	D2	58	A2	C7	1E	21	BC	C7	00	00	00	00	00	00	00	00	00	00	00	00	00	00	00	00	00	00	00	00
1.391	3D DATA	true	-	-	-	-	-77354.0	-81228.0	-78507.3	-83121.6	-96322.2	-77354.0	-81228.0	-78507.3	-83121.6	-96322.2	-	-	-	-	-
1.392	3D MESSAGE	48	00	60	91	20	59	07	8C	96	19	93	3C	03	15	97	C7	22	A6	9E	C7	B5	55	99	C7	A4	58	A2	C7	1E	21	BC	C7	03	15	97	C7	22	A6	9E	C7	B5	55	99	C7	A4	58	A2	C7	1E	21	BC	C7	00	00	00	00	00	00	00	00	00	00	00	00	00	00	00	00	00	00	00	00
1.392	3D DATA	true	-	-	-	-	-77354.0	-81228.3	-78507.4	-83121.3	-96322.2	-77354.0	-81228.3	-78507.4	-83121.3	-96322.2	-	-	-	-	-
1.392	3D MESSAGE	48	00	61	91	20	59	08	8C	96	19	93	3C	02	15	97	C7	3F	A6	9E	C7	BA	55	99	C7	76	58	A2	C7	1C	21	BC	C7	02	15	97	C7	3F	A6	9E	C7	BA	55	99	C7	76	58	A2	C7	1C	21	BC	C7	00	00	00	00	00	00	00	00	00	00	00	00	00	00	00	00	00	00	00	00
1.392	3D DATA	true	-	-	-	-	-77354.0	-81228.5	-78507.5	-83120.9	-96322.2	-77354.0	-81228.5	-78507.5	-83120.9	-96322.2	-	-	-	-	-
1.392	3D MESSAGE	48	00	62	91	20	59	09	8C	96	19	93	3C	03	15	97	C7	50	A6	9E	C7	BA	55	99	C7	4B	58	A2	C7	18	21	BC	C7	03	15	97	C7	50	A6	9E	C7	BA	55	99	C7	4B	58	A2	C7	18	21	BC	C7	00	00	00	00	00	00	00	00	00	00	00	00	00	00	00	00	00	00	00	00
1.392	3D DATA	true	-	-	-	-	-77354.0	-81228.6	-78507.5	-83120.6	-96322.2	-77354.0	-81228.6	-78507.5	-83120.6	-96322.2	-	-	-	-	-
1.393	3D MESSAGE	48	00	63	91	20	59	0A	8C	96	19	93	3C	05	15	97	C7	57	A6	9E	C7	B5	55	99	C7	28	58	A2	C7	16	21	BC	C7	05	15	97	C7	57	A6	9E	C7	B5	55	99	C7	28	58	A2	C7	16	21	BC	C7	00	00	00	00	00	00	00	00	00	00	00	00	00	00	00	00	00	00	00	00
1.393	3D DATA	true	-	-	-	-	-77354.0	-81228.7	-78507.4	-83120.3	-96322.2	-77354.0	-81228.7	-78507.4	-83120.3	-96322.2	-	-	-	-	-
1.393	3D MESSAGE	48	00	64	91	20	59	0B	8C	96	19	93	3C	04	15	97	C7	54	A6	9E	C7	AA	55	99	C7	0D	58	A2	C7	16	21	BC	C7	04	15	97	C7	54	A6	9E	C7	AA	55	99	C7	0D	58	A2	C7	16	21	BC	C7	00	00	00	00	00	00	00	00	00	00	00	00	00	00	00	00	00	00	00	00
1.393	3D DATA	true	-	-	-	-	-77354.0	-81228.7	-78507.3	-83120.1	-96322.2	-77354.0	-81228.7	-78507.3	-83120.1	-96322.2	-	-	-	-	-
1.423	3D MESSAGE	48	00	65	91	20	59	0C	8C	96	19	93	3C	FC	14	97	C7	4A	A6	9E	C7	99	55	99	C7	F6	57	A2	C7	18	21	BC	C7	FC	14	97	C7	4A	A6	9E	C7	99	55	99	C7	F6	57	A2	C7	18	21	BC	C7	00	00	00	00	00	00	00	00	00	00	00	00	00	00	00	00	00	00	00	00
1.423	3D DATA	true	-	-	-	-	-77354.0	-81228.6	-78507.2	-83119.9	-96322.2	-77354.0	-81228.6	-78507.2	-83119.9	-96322.2	-	-	-	-	-
1.423	3D MESSAGE	48	00	66	91	20	59	0D	8C	96	19	93	3C	EC	14	97	C7	3C	A6	9E	C7	82	55	99	C7	E1	57	A2	C7	18	21	BC	C7	EC	14	97	C7	3C	A6	9E	C7	82	55	99	C7	E1	57	A2	C7	18	21	BC	C7	00	00	00	00	00	00	00	00	00	00	00	00	00	00	00	00	00	00	00	00
1.423	3D DATA	true	-	-	-	-	-77353.8	-81228.5	-78507.0	-83119.8	-96322.2	-77353.8	-81228.5	-78507.0	-83119.8	-96322.2	-	-	-	-	-
1.424	3D MESSAGE	48	00	67	91	20	59	0E	8C	96	19	93	3C	D0	14	97	C7	2C	A6	9E	C7	66	55	99	C7	C7	57	A2	C7	13	21	BC	C7	D0	14	97	C7	2C	A6	9E	C7	66	55	99	C7	C7	57	A2	C7	13	21	BC	C7	00	00	00	00	00	00	00	00	00	00	00	00	00	00	00	00	00	00	00	00
1.424	3D DATA	true	-	-	-	-	-77353.6	-81228.3	-78506.8	-83119.6	-96322.1	-77353.6	-81228.3	-78506.8	-83119.6	-96322.1	-	-	-	-	-
1.425	3D MESSAGE	48	00	68	91	20	59	0F	8C	96	19	93	3C	A9	14	97	C7	1B	A6	9E	C7	42	55	99	C7	A7	57	A2	C7	04	21	BC	C7	A9	14	97	C7	1B	A6	9E	C7	42	55	99	C7	A7	57	A2	C7	04	21	BC	C7	00	00	00	00	00	00	00	00	00	00	00	00	00	00	00	00	00	00	00	00
1.425	3D DATA	true	-	-	-	-	-77353.3	-81228.2	-78506.5	-83119.3	-96322.0	-77353.3	-81228.2	-78506.5	-83119.3	-96322.0	-	-	-	-	-
1.425	3D MESSAGE	48	00	69	91	20	59	10	8C	96	19	93	3C	78	14	97	C7	07	A6	9E	C7	19	55	99	C7	7E	57	A2	C7	EC	20	BC	C7	78	14	97	C7	07	A6	9E	C7	19	55	99	C7	7E	57	A2	C7	EC	20	BC	C7	00	00	00	00	00	00	00	00	00	00	00	00	00	00	00	00	00	00	00	00
1.425	3D DATA	true	-	-	-	-	-77352.9	-81228.1	-78506.2	-83119.0	-96321.8	-77352.9	-81228.1	-78506.2	-83119.0	-96321.8	-	-	-	-	-
1.426	3D MESSAGE	48	00	6A	91	20	59	11	8C	96	19	93	3C	43	14	97	C7	F0	A5	9E	C7	EE	54	99	C7	4F	57	A2	C7	CC	20	BC	C7	43	14	97	C7	F0	A5	9E	C7	EE	54	99	C7	4F	57	A2	C7	CC	20	BC	C7	00	00	00	00	00	00	00	00	00	00	00	00	00	00	00	00	00	00	00	00
1.426	3D DATA	true	-	-	-	-	-77352.5	-81227.9	-78505.9	-83118.6	-96321.6	-77352.5	-81227.9	-78505.9	-83118.6	-96321.6	-	-	-	-	-
1.426	3D MESSAGE	48	00	6B	91	20	59	12	8C	96	19	93	3C	0D	14	97	C7	D5	A5	9E	C7	C1	54	99	C7	1A	57	A2	C7	A9	20	BC	C7	0D	14	97	C7	D5	A5	9E	C7	C1	54	99	C7	1A	57	A2	C7	A9	20	BC	C7	00	00	00	00	00	00	00	00	00	00	00	00	00	00	00	00	00	00	00	00
1.426	3D DATA	true	-	-	-	-	-77352.1	-81227.7	-78505.5	-83118.2	-96321.3	-77352.1	-81227.7	-78505.5	-83118.2	-96321.3	-	-	-	-	-
1.455	3D MESSAGE	48	00	6C	91	20	59	13	8C	96	19	93	3C	DA	13	97	C7	B6	A5	9E	C7	96	54	99	C7	E4	56	A2	C7	85	20	BC	C7	DA	13	97	C7	B6	A5	9E	C7	96	54	99	C7	E4	56	A2	C7	85	20	BC	C7	00	00	00	00	00	00	00	00	00	00	00	00	00	00	00	00	00	00	00	00
1.455	3D DATA	true	-	-	-	-	-77351.7	-81227.4	-78505.2	-83117.8	-96321.0	-77351.7	-81227.4	-78505.2	-83117.8	-96321.0	-	-	-	-	-
1.455	3D MESSAGE	48	00	6D	91	20	59	14	8C	96	19	93	3C	AD	13	97	C7	92	A5	9E	C7	70	54	99	C7	AB	56	A2	C7	60	20	BC	C7	AD	13	97	C7	92	A5	9E	C7	70	54	99	C7	AB	56	A2	C7	60	20	BC	C7	00	00	00	00	00	00	00	00	00	00	00	00	00	00	00	00	00	00	00	00
1.455	3D DATA	true	-	-	-	-	-77351.4	-81227.1	-78504.9	-83117.3	-96320.8	-77351.4	-81227.1	-78504.9	-83117.3	-96320.8	-	-	-	-	-
1.456	3D MESSAGE	48	00	6E	91	20	59	15	8C	96	19	93	3C	83	13	97	C7	6C	A5	9E	C7	4C	54	99	C7	6E	56	A2	C7	39	20	BC	C7	83	13	97	C7	6C	A5	9E	C7	4C	54	99	C7	6E	56	A2	C7	39	20	BC	C7	00	00	00	00	00	00	00	00	00	00	00	00	00	00	00	00	00	00	00	00
1.456	3D DATA	true	-	-	-	-	-77351.0	-81226.8	-78504.6	-83116.9	-96320.4	-77351.0	-81226.8	-78504.6	-83116.9	-96320.4	-	-	-	-	-
1.456	3D MESSAGE	48	00	6F	91	20	59	16	8C	96	19	93	3C	59	13	97	C7	44	A5	9E	C7	29	54	99	C7	2C	56	A2	C7	08	20	BC	C7	59	13	97	C7	44	A5	9E	C7	29	54	99	C7	2C	56	A2	C7	08	20	BC	C7	00	00	00	00	00	00	00	00	00	00	00	00	00	00	00	00	00	00	00	00
1.456	3D DATA	true	-	-	-	-	-77350.7	-81226.5	-78504.3	-83116.3	-96320.1	-77350.7	-81226.5	-78504.3	-83116.3	-96320.1	-	-	-	-	-
1.456	3D MESSAGE	48	00	70	91	20	59	17	8C	96	19	93	3C	2A	13	97	C7	1C	A5	9E	C7	04	54	99	C7	DE	55	A2	C7	C8	1F	BC	C7	2A	13	97	C7	1C	A5	9E	C7	04	54	99	C7	DE	55	A2	C7	C8	1F	BC	C7	00	00	00	00	00	00	00	00	00	00	00	00	00	00	00	00	00	00	00	00
1.456	3D DATA	true	-	-	-	-	-77350.3	-81226.2	-78504.0	-83115.7	-96319.6	-77350.3	-81226.2	-78504.0	-83115.7	-96319.6	-	-	-	-	-
1.456	3D MESSAGE	48	00	71	91	20	59	18	8C	96	19	93	3C	F2	12	97	C7	F6	A4	9E	C7	D8	53	99	C7	82	55	A2	C7	76	1F	BC	C7	F2	12	97	C7	F6	A4	9E	C7	D8	53	99	C7	82	55	A2	C7	76	1F	BC	C7	00	00	00	00	00	00	00	00	00	00	00	00	00	00	00	00	00	00	00	00
1.456	3D DATA	true	-	-	-	-	-77349.9	-81225.9	-78503.7	-83115.0	-96318.9	-77349.9	-81225.9	-78503.7	-83115.0	-96318.9	-	-	-	-	-
1.457	3D MESSAGE	48	00	72	91	20	59	19	8C	96	19	93	3C	B0	12	97	C7	D0	A4	9E	C7	A4	53	99	C7	16	55	A2	C7	0E	1F	BC	C7	B0	12	97	C7	D0	A4	9E	C7	A4	53	99	C7	16	55	A2	C7	0E	1F	BC	C7	00	00	00	00	00	00	00	00	00	00	00	00	00	00	00	00	00	00	00	00
1.457	3D DATA	true	-	-	-	-	-77349.4	-81225.6	-78503.3	-83114.2	-96318.1	-77349.4	-81225.6	-78503.3	-83114.2	-96318.1	-	-	-	-	-
1.485	3D MESSAGE	48	00	73	91	20	59	1A	8C	96	19	93	3C	60	12	97	C7	AC	A4	9E	C7	64	53	99	C7	96	54	A2	C7	95	1E	BC	C7	60	12	97	C7	AC	A4	9E	C7	64	53	99	C7	96	54	A2	C7	95	1E	BC	C7	00	00	00	00	00	00	00	00	00	00	00	00	00	00	00	00	00	00	00	00
1.485	3D DATA	true	-	-	-	-	-77348.8	-81225.3	-78502.8	-83113.2	-96317.2	-77348.8	-81225.3	-78502.8	-83113.2	-96317.2	-	-	-	-	-
1.485	3D MESSAGE	48	00	74	91	20	59	1B	8C	96	19	93	3C	06	12	97	C7	88	A4	9E	C7	1A	53	99	C7	06	54	A2	C7	12	1E	BC	C7	06	12	97	C7	88	A4	9E	C7	1A	53	99	C7	06	54	A2	C7	12	1E	BC	C7	00	00	00	00	00	00	00	00	00	00	00	00	00	00	00	00	00	00	00	00
1.485	3D DATA	true	-	-	-	-	-77348.0	-81225.1	-78502.2	-83112.0	-96316.1	-77348.0	-81225.1	-78502.2	-83112.0	-96316.1	-	-	-	-	-
1.486	3D MESSAGE	48	00	75	91	20	59	1C	8C	96	19	93	3C	A4	11	97	C7	5F	A4	9E	C7	C6	52	99	C7	68	53	A2	C7	8C	1D	BC	C7	A4	11	97	C7	5F	A4	9E	C7	C6	52	99	C7	68	53	A2	C7	8C	1D	BC	C7	00	00	00	00	00	00	00	00	00	00	00	00	00	00	00	00	00	00	00	00
1.486	3D DATA	true	-	-	-	-	-77347.3	-81224.7	-78501.5	-83110.8	-96315.1	-77347.3	-81224.7	-78501.5	-83110.8	-96315.1	-	-	-	-	-
1.486	3D MESSAGE	48	00	76	91	20	59	1D	8C	96	19	93	3C	3E	11	97	C7	32	A4	9E	C7	6A	52	99	C7	BE	52	A2	C7	0E	1D	BC	C7	3E	11	97	C7	32	A4	9E	C7	6A	52	99	C7	BE	52	A2	C7	0E	1D	BC	C7	00	00	00	00	00	00	00	00	00	00	00	00	00	00	00	00	00	00	00	00
1.486	3D DATA	true	-	-	-	-	-77346.5	-81224.4	-78500.8	-83109.5	-96314.1	-77346.5	-81224.4	-78500.8	-83109.5	-96314.1	-	-	-	-	-
1.486	3D MESSAGE	48	00	77	91	20	59	1E	8C	96	19	93	3C	D4	10	97	C7	00	A4	9E	C7	0D	52	99	C7	0C	52	A2	C7	9D	1C	BC	C7	D4	10	97	C7	00	A4	9E	C7	0D	52	99	C7	0C	52	A2	C7	9D	1C	BC	C7	00	00	00	00	00	00	00	00	00	00	00	00	00	00	00	00	00	00	00	00
1.486	3D DATA	true	-	-	-	-	-77345.7	-81224.0	-78500.1	-83108.1	-96313.2	-77345.7	-81224.0	-78500.1	-83108.1	-96313.2	-	-	-	-	-
1.487	3D MESSAGE	48	00	78	91	20	59	1F	8C	96	19	93	3C	6A	10	97	C7	CC	A3	9E	C7	B2	51	99	C7	52	51	A2	C7	40	1C	BC	C7	6A	10	97	C7	CC	A3	9E	C7	B2	51	99	C7	52	51	A2	C7	40	1C	BC	C7	00	00	00	00	00	00	00	00	00	00	00	00	00	00	00	00	00	00	00	00
1.487	3D DATA	true	-	-	-	-	-77344.8	-81223.6	-78499.4	-83106.6	-96312.5	-77344.8	-81223.6	-78499.4	-83106.6	-96312.5	-	-	-	-	-
1.515	3D MESSAGE	48	00	79	91	20	59	20	8C	96	19	93	3C	FF	0F	97	C7	9A	A3	9E	C7	5E	51	99	C7	8E	50	A2	C7	F7	1B	BC	C7	FF	0F	97	C7	9A	A3	9E	C7	5E	51	99	C7	8E	50	A2	C7	F7	1B	BC	C7	00	00	00	00	00	00	00	00	00	00	00	00	00	00	00	00	00	00	00	00
1.515	3D DATA	true	-	-	-	-	-77344.0	-81223.2	-78498.7	-83105.1	-96311.9	-77344.0	-81223.2	-78498.7	-83105.1	-96311.9	-	-	-	-	-
1.516	3D MESSAGE	48	00	7A	91	20	59	21	8C	96	19	93	3C	8E	0F	97	C7	6D	A3	9E	C7	11	51	99	C7	BB	4F	A2	C7	BC	1B	BC	C7	8E	0F	97	C7	6D	A3	9E	C7	11	51	99	C7	BB	4F	A2	C7	BC	1B	BC	C7	00	00	00	00	00	00	00	00	00	00	00	00	00	00	00	00	00	00	00	00
1.516	3D DATA	true	-	-	-	-	-77343.1	-81222.9	-78498.1	-83103.5	-96311.5	-77343.1	-81222.9	-78498.1	-83103.5	-96311.5	-	-	-	-	-
1.516	3D MESSAGE	48	00	7B	91	20	59	22	8C	96	19	93	3C	10	0F	97	C7	46	A3	9E	C7	C8	50	99	C7	D0	4E	A2	C7	88	1B	BC	C7	10	0F	97	C7	46	A3	9E	C7	C8	50	99	C7	D0	4E	A2	C7	88	1B	BC	C7	00	00	00	00	00	00	00	00	00	00	00	00	00	00	00	00	00	00	00	00
1.516	3D DATA	true	-	-	-	-	-77342.1	-81222.5	-78497.6	-83101.6	-96311.1	-77342.1	-81222.5	-78497.6	-83101.6	-96311.1	-	-	-	-	-
1.517	3D MESSAGE	48	00	7C	91	20	59	23	8C	96	19	93	3C	7E	0E	97	C7	23	A3	9E	C7	7D	50	99	C7	C2	4D	A2	C7	4A	1B	BC	C7	7E	0E	97	C7	23	A3	9E	C7	7D	50	99	C7	C2	4D	A2	C7	4A	1B	BC	C7	00	00	00	00	00	00	00	00	00	00	00	00	00	00	00	00	00	00	00	00
1.517	3D DATA	true	-	-	-	-	-77341.0	-81222.3	-78497.0	-83099.5	-96310.6	-77341.0	-81222.3	-78497.0	-83099.5	-96310.6	-	-	-	-	-
1.517	3D MESSAGE	48	00	7D	91	20	59	24	8C	A6	1D	D8	3D	CF	0D	97	C7	FB	A2	9E	C7	26	50	99	C7	8A	4C	A2	C7	F2	1A	BC	C7	CF	0D	97	C7	FB	A2	9E	C7	26	50	99	C7	8A	4C	A2	C7	F2	1A	BC	C7	00	00	00	00	00	00	00	00	00	00	00	00	00	00	00	00	00	00	00	00
1.517	3D DATA	true	-	-	-	-	-77339.6	-81222.0	-78496.3	-83097.1	-96309.9	-77339.6	-81222.0	-78496.3	-83097.1	-96309.9	-	-	-	-	-
1.517	3D MESSAGE	48	00	7E	91	20	59	25	8C	A6	1D	D8	3D	F9	0C	97	C7	C7	A2	9E	C7	BA	4F	99	C7	1D	4B	A2	C7	75	1A	BC	C7	F9	0C	97	C7	C7	A2	9E	C7	BA	4F	99	C7	1D	4B	A2	C7	75	1A	BC	C7	00	00	00	00	00	00	00	00	00	00	00	00	00	00	00	00	00	00	00	00
1.517	3D DATA	true	-	-	-	-	-77337.9	-81221.6	-78495.5	-83094.2	-96308.9	-77337.9	-81221.6	-78495.5	-83094.2	-96308.9	-	-	-	-	-
1.548	3D MESSAGE	48	00	7F	91	20	59	26	8C	A6	1D	D8	3D	F7	0B	97	C7	7E	A2	9E	C7	32	4F	99	C7	79	49	A2	C7	C8	19	BC	C7	F7	0B	97	C7	7E	A2	9E	C7	32	4F	99	C7	79	49	A2	C7	C8	19	BC	C7	00	00	00	00	00	00	00	00	00	00	00	00	00	00	00	00	00	00	00	00
1.548	3D DATA	true	-	-	-	-	-77335.9	-81221.0	-78494.4	-83090.9	-96307.6	-77335.9	-81221.0	-78494.4	-83090.9	-96307.6	-	-	-	-	-
1.549	3D MESSAGE	48	00	80	91	20	59	27	8C	A6	1D	D8	3D	C7	0A	97	C7	1D	A2	9E	C7	8A	4E	99	C7	9C	47	A2	C7	EA	18	BC	C7	C7	0A	97	C7	1D	A2	9E	C7	8A	4E	99	C7	9C	47	A2	C7	EA	18	BC	C7	00	00	00	00	00	00	00	00	00	00	00	00	00	00	00	00	00	00	00	00
1.549	3D DATA	true	-	-	-	-	-77333.6	-81220.2	-78493.1	-83087.2	-96305.8	-77333.6	-81220.2	-78493.1	-83087.2	-96305.8	-	-	-	-	-
1.549	3D MESSAGE	48	00	81	91	20	59	28	8C	A6	1D	D8	3D	68	09	97	C7	A3	A1	9E	C7	C3	4D	99	C7	8C	45	A2	C7	E0	17	BC	C7	68	09	97	C7	A3	A1	9E	C7	C3	4D	99	C7	8C	45	A2	C7	E0	17	BC	C7	00	00	00	00	00	00	00	00	00	00	00	00	00	00	00	00	00	00	00	00
1.549	3D DATA	true	-	-	-	-	-77330.8	-81219.3	-78491.5	-83083.1	-96303.8	-77330.8	-81219.3	-78491.5	-83083.1	-96303.8	-	-	-	-	-
1.550	3D MESSAGE	48	00	82	91	20	59	29	8C	A6	1D	D8	3D	DF	07	97	C7	15	A1	9E	C7	E0	4C	99	C7	4A	43	A2	C7	B0	16	BC	C7	DF	07	97	C7	15	A1	9E	C7	E0	4C	99	C7	4A	43	A2	C7	B0	16	BC	C7	00	00	00	00	00	00	00	00	00	00	00	00	00	00	00	00	00	00	00	00
1.550	3D DATA	true	-	-	-	-	-77327.7	-81218.2	-78489.8	-83078.6	-96301.4	-77327.7	-81218.2	-78489.8	-83078.6	-96301.4	-	-	-	-	-
1.550	3D MESSAGE	48	00	83	91	20	59	2A	8C	A6	1D	D8	3D	2B	06	97	C7	7A	A0	9E	C7	E6	4B	99	C7	DC	40	A2	C7	66	15	BC	C7	2B	06	97	C7	7A	A0	9E	C7	E6	4B	99	C7	DC	40	A2	C7	66	15	BC	C7	00	00	00	00	00	00	00	00	00	00	00	00	00	00	00	00	00	00	00	00
1.550	3D DATA	true	-	-	-	-	-77324.3	-81217.0	-78487.8	-83073.7	-96298.8	-77324.3	-81217.0	-78487.8	-83073.7	-96298.8	-	-	-	-	-
1.551	3D MESSAGE	48	00	84	91	20	59	2B	8C	A6	1D	D8	3D	4D	04	97	C7	D8	9F	9E	C7	D7	4A	99	C7	3E	3E	A2	C7	07	14	BC	C7	4D	04	97	C7	D8	9F	9E	C7	D7	4A	99	C7	3E	3E	A2	C7	07	14	BC	C7	00	00	00	00	00	00	00	00	00	00	00	00	00	00	00	00	00	00	00	00
1.551	3D DATA	true	-	-	-	-	-77320.6	-81215.7	-78485.7	-83068.5	-96296.1	-77320.6	-81215.7	-78485.7	-83068.5	-96296.1	-	-	-	-	-
1.551	3D MESSAGE	48	00	85	91	20	59	2C	8C	A6	1D	D8	3D	42	02	97	C7	2F	9F	9E	C7	AF	49	99	C7	6B	3B	A2	C7	90	12	BC	C7	42	02	97	C7	2F	9F	9E	C7	AF	49	99	C7	6B	3B	A2	C7	90	12	BC	C7	00	00	00	00	00	00	00	00	00	00	00	00	00	00	00	00	00	00	00	00
1.551	3D DATA	true	-	-	-	-	-77316.5	-81214.4	-78483.4	-83062.8	-96293.1	-77316.5	-81214.4	-78483.4	-83062.8	-96293.1	-	-	-	-	-
1.580	3D MESSAGE	48	00	86	91	20	59	2D	8C	A6	1D	D8	3D	01	00	97	C7	7C	9E	9E	C7	69	48	99	C7	53	38	A2	C7	FD	10	BC	C7	01	00	97	C7	7C	9E	9E	C7	69	48	99	C7	53	38	A2	C7	FD	10	BC	C7	00	00	00	00	00	00	00	00	00	00	00	00	00	00	00	00	00	00	00	00
1.580	3D DATA	true	-	-	-	-	-77312.0	-81213.0	-78480.8	-83056.6	-96290.0	-77312.0	-81213.0	-78480.8	-83056.6	-96290.0	-	-	-	-	-
1.581	3D MESSAGE	48	00	87	91	20	59	2E	8C	A6	1D	D8	3D	82	FD	96	C7	B7	9D	9E	C7	F9	46	99	C7	DD	34	A2	C7	40	0F	BC	C7	82	FD	96	C7	B7	9D	9E	C7	F9	46	99	C7	DD	34	A2	C7	40	0F	BC	C7	00	00	00	00	00	00	00	00	00	00	00	00	00	00	00	00	00	00	00	00
1.581	3D DATA	true	-	-	-	-	-77307.0	-81211.4	-78477.9	-83049.7	-96286.5	-77307.0	-81211.4	-78477.9	-83049.7	-96286.5	-	-	-	-	-
1.581	3D MESSAGE	48	00	88	91	20	59	2F	8C	A6	1D	D8	3D	BA	FA	96	C7	D6	9C	9E	C7	50	45	99	C7	E6	30	A2	C7	4A	0D	BC	C7	BA	FA	96	C7	D6	9C	9E	C7	50	45	99	C7	E6	30	A2	C7	4A	0D	BC	C7	00	00	00	00	00	00	00	00	00	00	00	00	00	00	00	00	00	00	00	00
1.581	3D DATA	true	-	-	-	-	-77301.5	-81209.7	-78474.6	-83041.8	-96282.6	-77301.5	-81209.7	-78474.6	-83041.8	-96282.6	-	-	-	-	-
1.581	3D MESSAGE	48	00	89	91	20	59	30	8C	A6	1D	D8	3D	9B	F7	96	C7	D2	9B	9E	C7	5E	43	99	C7	3B	2C	A2	C7	0A	0B	BC	C7	9B	F7	96	C7	D2	9B	9E	C7	5E	43	99	C7	3B	2C	A2	C7	0A	0B	BC	C7	00	00	00	00	00	00	00	00	00	00	00	00	00	00	00	00	00	00	00	00
1.581	3D DATA	true	-	-	-	-	-77295.2	-81207.6	-78470.7	-83032.5	-96278.1	-77295.2	-81207.6	-78470.7	-83032.5	-96278.1	-	-	-	-	-
1.582	3D MESSAGE	48	00	8A	91	20	59	31	8C	A6	1D	D8	3D	18	F4	96	C7	A2	9A	9E	C7	0E	41	99	C7	90	26	A2	C7	6E	08	BC	C7	18	F4	96	C7	A2	9A	9E	C7	0E	41	99	C7	90	26	A2	C7	6E	08	BC	C7	00	00	00	00	00	00	00	00	00	00	00	00	00	00	00	00	00	00	00	00
1.582	3D DATA	true	-	-	-	-	-77288.2	-81205.3	-78466.1	-83021.1	-96272.9	-77288.2	-81205.3	-78466.1	-83021.1	-96272.9	-	-	-	-	-
1.582	3D MESSAGE	48	00	8B	91	20	59	32	8C	A6	1D	D8	3D	20	F0	96	C7	44	99	9E	C7	44	3E	99	C7	76	1F	A2	C7	60	05	BC	C7	20	F0	96	C7	44	99	9E	C7	44	3E	99	C7	76	1F	A2	C7	60	05	BC	C7	00	00	00	00	00	00	00	00	00	00	00	00	00	00	00	00	00	00	00	00
1.582	3D DATA	true	-	-	-	-	-77280.2	-81202.5	-78460.5	-83006.9	-96266.8	-77280.2	-81202.5	-78460.5	-83006.9	-96266.8	-	-	-	-	-
1.612	3D MESSAGE	48	00	8C	91	20	59	33	8C	A6	1D	D8	3D	98	EB	96	C7	B2	97	9E	C7	E0	3A	99	C7	4A	16	A2	C7	C0	01	BC	C7	98	EB	96	C7	B2	97	9E	C7	E0	3A	99	C7	4A	16	A2	C7	C0	01	BC	C7	00	00	00	00	00	00	00	00	00	00	00	00	00	00	00	00	00	00	00	00
1.612	3D DATA	true	-	-	-	-	-77271.2	-81199.4	-78453.8	-82988.6	-96259.5	-77271.2	-81199.4	-78453.8	-82988.6	-96259.5	-	-	-	-	-
1.613	3D MESSAGE	48	00	8D	91	20	59	34	8C	A6	1D	D8	3D	5D	E6	96	C7	EC	95	9E	C7	B0	36	99	C7	26	0A	A2	C7	63	FD	BB	C7	5D	E6	96	C7	EC	95	9E	C7	B0	36	99	C7	26	0A	A2	C7	63	FD	BB	C7	00	00	00	00	00	00	00	00	00	00	00	00	00	00	00	00	00	00	00	00
1.613	3D DATA	true	-	-	-	-	-77260.7	-81195.8	-78445.4	-82964.3	-96250.8	-77260.7	-81195.8	-78445.4	-82964.3	-96250.8	-	-	-	-	-
1.613	3D MESSAGE	48	00	8E	91	20	59	35	8C	A6	1D	D8	3D	36	E0	96	C7	EC	93	9E	C7	6E	31	99	C7	F0	F9	A1	C7	06	F8	BB	C7	36	E0	96	C7	EC	93	9E	C7	6E	31	99	C7	F0	F9	A1	C7	06	F8	BB	C7	00	00	00	00	00	00	00	00	00	00	00	00	00	00	00	00	00	00	00	00
1.613	3D DATA	true	-	-	-	-	-77248.4	-81191.8	-78434.9	-82931.9	-96240.0	-77248.4	-81191.8	-78434.9	-82931.9	-96240.0	-	-	-	-	-
1.613	3D MESSAGE	48	00	8F	91	20	59	36	8C	A6	1D	D8	3D	D1	D8	96	C7	AA	91	9E	C7	BF	2A	99	C7	83	E4	A1	C7	50	F1	BB	C7	D1	D8	96	C7	AA	91	9E	C7	BF	2A	99	C7	83	E4	A1	C7	50	F1	BB	C7	00	00	00	00	00	00	00	00	00	00	00	00	00	00	00	00	00	00	00	00
1.613	3D DATA	true	-	-	-	-	-77233.6	-81187.3	-78421.5	-82889.0	-96226.6	-77233.6	-81187.3	-78421.5	-82889.0	-96226.6	-	-	-	-	-
1.614	3D MESSAGE	48	00	90	91	20	59	37	8C	A6	1D	D8	3D	C4	CF	96	C7	1C	8F	9E	C7	37	22	99	C7	10	C9	A1	C7	CC	E8	BB	C7	C4	CF	96	C7	1C	8F	9E	C7	37	22	99	C7	10	C9	A1	C7	CC	E8	BB	C7	00	00	00	00	00	00	00	00	00	00	00	00	00	00	00	00	00	00	00	00
1.614	3D DATA	true	-	-	-	-	-77215.5	-81182.2	-78404.4	-82834.1	-96209.6	-77215.5	-81182.2	-78404.4	-82834.1	-96209.6	-	-	-	-	-
1.614	3D MESSAGE	48	00	91	91	20	59	38	8C	A6	1D	D8	3D	92	C4	96	C7	33	8C	9E	C7	69	17	99	C7	90	A7	A1	C7	FA	DD	BB	C7	92	C4	96	C7	33	8C	9E	C7	69	17	99	C7	90	A7	A1	C7	FA	DD	BB	C7	00	00	00	00	00	00	00	00	00	00	00	00	00	00	00	00	00	00	00	00
1.614	3D DATA	true	-	-	-	-	-77193.1	-81176.4	-78382.8	-82767.1	-96188.0	-77193.1	-81176.4	-78382.8	-82767.1	-96188.0	-	-	-	-	-
1.643	3D MESSAGE	48	00	92	91	20	59	39	8C	A6	1D	D8	3D	BC	B6	96	C7	E6	88	9E	C7	FD	09	99	C7	30	81	A1	C7	5E	D0	BB	C7	BC	B6	96	C7	E6	88	9E	C7	FD	09	99	C7	30	81	A1	C7	5E	D0	BB	C7	00	00	00	00	00	00	00	00	00	00	00	00	00	00	00	00	00	00	00	00
1.643	3D DATA	true	-	-	-	-	-77165.5	-81169.8	-78356.0	-82690.4	-96160.7	-77165.5	-81169.8	-78356.0	-82690.4	-96160.7	-	-	-	-	-
1.644	3D MESSAGE	48	00	93	91	20	59	3A	8C	A6	1D	D8	3D	DD	A5	96	C7	2A	85	9E	C7	CC	F9	98	C7	7F	58	A1	C7	A6	BF	BB	C7	DD	A5	96	C7	2A	85	9E	C7	CC	F9	98	C7	7F	58	A1	C7	A6	BF	BB	C7	00	00	00	00	00	00	00	00	00	00	00	00	00	00	00	00	00	00	00	00
1.644	3D DATA	true	-	-	-	-	-77131.7	-81162.3	-78323.6	-82609.0	-96127.3	-77131.7	-81162.3	-78323.6	-82609.0	-96127.3	-	-	-	-	-
1.644	3D MESSAGE	48	00	94	91	20	59	3B	8C	A6	1D	D8	3D	CC	91	96	C7	FE	80	9E	C7	F8	E6	98	C7	42	31	A1	C7	BF	AB	BB	C7	CC	91	96	C7	FE	80	9E	C7	F8	E6	98	C7	42	31	A1	C7	BF	AB	BB	C7	00	00	00	00	00	00	00	00	00	00	00	00	00	00	00	00	00	00	00	00
1.644	3D DATA	true	-	-	-	-	-77091.6	-81154.0	-78285.9	-82530.5	-96087.5	-77091.6	-81154.0	-78285.9	-82530.5	-96087.5	-	-	-	-	-
1.644	3D MESSAGE	48	00	95	91	20	59	3C	8C	A6	1D	D8	3D	B6	7A	96	C7	60	7C	9E	C7	FA	D1	98	C7	DA	0F	A1	C7	F6	94	BB	C7	B6	7A	96	C7	60	7C	9E	C7	FA	D1	98	C7	DA	0F	A1	C7	F6	94	BB	C7	00	00	00	00	00	00	00	00	00	00	00	00	00	00	00	00	00	00	00	00
1.644	3D DATA	true	-	-	-	-	-77045.4	-81144.8	-78244.0	-82463.7	-96041.9	-77045.4	-81144.8	-78244.0	-82463.7	-96041.9	-	-	-	-	-
1.644	3D MESSAGE	48	00	96	91	20	59	3D	8C	A6	1D	D8	3D	32	61	96	C7	54	77	9E	C7	9A	BB	98	C7	62	F8	A0	C7	FE	7B	BB	C7	32	61	96	C7	54	77	9E	C7	9A	BB	98	C7	62	F8	A0	C7	FE	7B	BB	C7	00	00	00	00	00	00	00	00	00	00	00	00	00	00	00	00	00	00	00	00
1.644	3D DATA	true	-	-	-	-	-76994.4	-81134.7	-78199.2	-82416.8	-95992.0	-76994.4	-81134.7	-78199.2	-82416.8	-95992.0	-	-	-	-	-
1.645	3D MESSAGE	48	00	97	91	20	59	3E	8C	A6	1D	D8	3D	3D	46	96	C7	DA	71	9E	C7	DE	A4	98	C7	C4	ED	A0	C7	E8	61	BB	C7	3D	46	96	C7	DA	71	9E	C7	DE	A4	98	C7	C4	ED	A0	C7	E8	61	BB	C7	00	00	00	00	00	00	00	00	00	00	00	00	00	00	00	00	00	00	00	00
1.645	3D DATA	true	-	-	-	-	-76940.5	-81123.7	-78153.7	-82395.5	-95939.8	-76940.5	-81123.7	-78153.7	-82395.5	-95939.8	-	-	-	-	-
1.645	3D MESSAGE	4C	00	98	91	22	59	3F	8C	00	00	00	80	A6	1D	D8	3D	1F	2B	96	C7	ED	6B	9E	C7	E2	8E	98	C7	0D	F1	A0	C7	FD	47	BB	C7	1F	2B	96	C7	ED	6B	9E	C7	E2	8E	98	C7	0D	F1	A0	C7	FD	47	BB	C7	00	00	00	00	00	00	00	00	00	00	00	00	00	00	00	00	00	00	00	00
1.645	3D DATA	true	-	-	-	-	-76886.2	-81111.9	-78109.8	-82402.1	-95888.0	-76886.2	-81111.9	-78109.8	-82402.1	-95888.0	-	-	-	-	-
1.673	3D MESSAGE	48	00	99	91	20	59	40	8C	A6	1D	D8	3D	42	11	96	C7	7E	65	9E	C7	B9	7A	98	C7	35	01	A1	C7	98	2F	BB	C7	42	11	96	C7	7E	65	9E	C7	B9	7A	98	C7	35	01	A1	C7	98	2F	BB	C7	00	00	00	00	00	00	00	00	00	00	00	00	00	00	00	00	00	00	00	00
1.673	3D DATA	true	-	-	-	-	-76834.5	-81099.0	-78069.4	-82434.4	-95839.2	-76834.5	-81099.0	-78069.4	-82434.4	-95839.2	-	-	-	-	-
1.673	3D MESSAGE	48	00	9A	91	20	59	41	8C	A6	1D	D8	3D	FF	F9	95	C7	70	5E	9E	C7	50	69	98	C7	78	1B	A1	C7	F1	19	BB	C7	FF	F9	95	C7	70	5E	9E	C7	50	69	98	C7	78	1B	A1	C7	F1	19	BB	C7	00	00	00	00	00	00	00	00	00	00	00	00	00	00	00	00	00	00	00	00
1.673	3D DATA	true	-	-	-	-	-76788.0	-81084.9	-78034.6	-82486.9	-95795.9	-76788.0	-81084.9	-78034.6	-82486.9	-95795.9	-	-	-	-	-
1.674	3D MESSAGE	48	00	9B	91	20	59	42	8C	A6	1D	D8	3D	71	E6	95	C7	92	56	9E	C7	5D	5B	98	C7	0A	3C	A1	C7	FB	07	BB	C7	71	E6	95	C7	92	56	9E	C7	5D	5B	98	C7	0A	3C	A1	C7	FB	07	BB	C7	00	00	00	00	00	00	00	00	00	00	00	00	00	00	00	00	00	00	00	00
1.674	3D DATA	true	-	-	-	-	-76748.9	-81069.1	-78006.7	-82552.1	-95760.0	-76748.9	-81069.1	-78006.7	-82552.1	-95760.0	-	-	-	-	-
1.674	3D MESSAGE	48	00	9C	91	20	59	43	8C	A6	1D	D8	3D	56	D7	95	C7	A6	4D	9E	C7	64	51	98	C7	01	5F	A1	C7	4F	FA	BA	C7	56	D7	95	C7	A6	4D	9E	C7	64	51	98	C7	01	5F	A1	C7	4F	FA	BA	C7	00	00	00	00	00	00	00	00	00	00	00	00	00	00	00	00	00	00	00	00
1.674	3D DATA	true	-	-	-	-	-76718.7	-81051.3	-77986.8	-82622.0	-95732.6	-76718.7	-81051.3	-77986.8	-82622.0	-95732.6	-	-	-	-	-
1.674	3D MESSAGE	48	00	9D	91	20	59	44	8C	A6	1D	D8	3D	07	CD	95	C7	60	43	9E	C7	C0	4B	98	C7	10	81	A1	C7	30	F1	BA	C7	07	CD	95	C7	60	43	9E	C7	C0	4B	98	C7	10	81	A1	C7	30	F1	BA	C7	00	00	00	00	00	00	00	00	00	00	00	00	00	00	00	00	00	00	00	00
1.674	3D DATA	true	-	-	-	-	-76698.1	-81030.8	-77975.5	-82690.1	-95714.4	-76698.1	-81030.8	-77975.5	-82690.1	-95714.4	-	-	-	-	-
1.675	3D MESSAGE	48	00	9E	91	20	59	45	8C	A6	1D	D8	3D	82	C7	95	C7	70	37	9E	C7	AC	4A	98	C7	FE	9F	A1	C7	9F	EC	BA	C7	82	C7	95	C7	70	37	9E	C7	AC	4A	98	C7	FE	9F	A1	C7	9F	EC	BA	C7	00	00	00	00	00	00	00	00	00	00	00	00	00	00	00	00	00	00	00	00
1.675	3D DATA	true	-	-	-	-	-76687.0	-81006.9	-77973.3	-82752.0	-95705.2	-76687.0	-81006.9	-77973.3	-82752.0	-95705.2	-	-	-	-	-
1.706	3D MESSAGE	48	00	9F	91	20	59	46	8C	A6	1D	D8	3D	7C	C6	95	C7	A0	29	9E	C7	4B	4E	98	C7	BD	BA	A1	C7	72	EC	BA	C7	7C	C6	95	C7	A0	29	9E	C7	4B	4E	98	C7	BD	BA	A1	C7	72	EC	BA	C7	00	00	00	00	00	00	00	00	00	00	00	00	00	00	00	00	00	00	00	00
1.706	3D DATA	true	-	-	-	-	-76685.0	-80979.2	-77980.6	-82805.5	-95704.9	-76685.0	-80979.2	-77980.6	-82805.5	-95704.9	-	-	-	-	-
1.707	3D MESSAGE	48	00	A0	91	20	59	47	8C	A6	1D	D8	3D	85	C9	95	C7	EC	19	9E	C7	97	56	98	C7	2C	D1	A1	C7	71	F0	BA	C7	85	C9	95	C7	EC	19	9E	C7	97	56	98	C7	2C	D1	A1	C7	71	F0	BA	C7	00	00	00	00	00	00	00	00	00	00	00	00	00	00	00	00	00	00	00	00
1.707	3D DATA	true	-	-	-	-	-76691.0	-80947.8	-77997.2	-82850.3	-95712.9	-76691.0	-80947.8	-77997.2	-82850.3	-95712.9	-	-	-	-	-
1.707	3D MESSAGE	48	00	A1	91	20	59	48	8C	A6	1D	D8	3D	18	D0	95	C7	A6	08	9E	C7	57	63	98	C7	BE	E3	A1	C7	5E	F8	BA	C7	18	D0	95	C7	A6	08	9E	C7	57	63	98	C7	BE	E3	A1	C7	5E	F8	BA	C7	00	00	00	00	00	00	00	00	00	00	00	00	00	00	00	00	00	00	00	00
1.707	3D DATA	true	-	-	-	-	-76704.2	-80913.3	-78022.7	-82887.5	-95728.7	-76704.2	-80913.3	-78022.7	-82887.5	-95728.7	-	-	-	-	-
1.707	3D MESSAGE	48	00	A2	91	20	59	49	8C	A6	1D	D8	3D	B8	D9	95	C7	86	F6	9D	C7	0C	74	98	C7	23	F3	A1	C7	F8	03	BB	C7	B8	D9	95	C7	86	F6	9D	C7	0C	74	98	C7	23	F3	A1	C7	F8	03	BB	C7	00	00	00	00	00	00	00	00	00	00	00	00	00	00	00	00	00	00	00	00
1.707	3D DATA	true	-	-	-	-	-76723.4	-80877.0	-78056.1	-82918.3	-95751.9	-76723.4	-80877.0	-78056.1	-82918.3	-95751.9	-	-	-	-	-
1.708	3D MESSAGE	48	00	A3	91	20	59	4A	8C	A6	1D	D8	3D	F5	E5	95	C7	AF	E4	9D	C7	EA	87	98	C7	04	00	A2	C7	F2	12	BB	C7	F5	E5	95	C7	AF	E4	9D	C7	EA	87	98	C7	04	00	A2	C7	F2	12	BB	C7	00	00	00	00	00	00	00	00	00	00	00	00	00	00	00	00	00	00	00	00
1.708	3D DATA	true	-	-	-	-	-76747.9	-80841.4	-78095.8	-82944.0	-95781.9	-76747.9	-80841.4	-78095.8	-82944.0	-95781.9	-	-	-	-	-
1.708	3D MESSAGE	48	00	A4	91	20	59	4B	8C	A6	1D	D8	3D	70	F4	95	C7	94	D4	9D	C7	E4	9D	98	C7	EF	0A	A2	C7	E2	24	BB	C7	70	F4	95	C7	94	D4	9D	C7	E4	9D	98	C7	EF	0A	A2	C7	E2	24	BB	C7	00	00	00	00	00	00	00	00	00	00	00	00	00	00	00	00	00	00	00	00
1.708	3D DATA	true	-	-	-	-	-76776.9	-80809.2	-78139.8	-82965.9	-95817.8	-76776.9	-80809.2	-78139.8	-82965.9	-95817.8	-	-	-	-	-
1.739	3D MESSAGE	48	00	A5	91	20	59	4C	8C	A4	A7	C2	41	D8	04	96	C7	C6	C7	9D	C7	C8	B4	98	C7	4C	14	A2	C7	3C	39	BB	C7	D8	04	96	C7	C6	C7	9D	C7	C8	B4	98	C7	4C	14	A2	C7	3C	39	BB	C7	00	00	00	00	00	00	00	00	00	00	00	00	00	00	00	00	00	00	00	00
1.739	3D DATA	true	-	-	-	-	-76809.7	-80783.5	-78185.6	-82984.6	-95858.5	-76809.7	-80783.5	-78185.6	-82984.6	-95858.5	-	-	-	-	-
1.755	3D MESSAGE	48	00	A6	91	20	59	4D	8C	A4	A7	C2	41	E3	16	96	C7	B1	BF	9D	C7	64	CB	98	C7	6A	1C	A2	C7	50	4F	BB	C7	E3	16	96	C7	B1	BF	9D	C7	64	CB	98	C7	6A	1C	A2	C7	50	4F	BB	C7	00	00	00	00	00	00	00	00	00	00	00	00	00	00	00	00	00	00	00	00
1.755	3D DATA	true	-	-	-	-	-76845.8	-80767.4	-78230.8	-83000.8	-95902.6	-76845.8	-80767.4	-78230.8	-83000.8	-95902.6	-	-	-	-	-
1.756	3D MESSAGE	48	00	A7	91	20	59	4E	8C	A4	A7	C2	41	46	2A	96	C7	58	BD	9D	C7	AE	E0	98	C7	83	23	A2	C7	52	66	BB	C7	46	2A	96	C7	58	BD	9D	C7	AE	E0	98	C7	83	23	A2	C7	52	66	BB	C7	00	00	00	00	00	00	00	00	00	00	00	00	00	00	00	00	00	00	00	00
1.756	3D DATA	true	-	-	-	-	-76884.5	-80762.7	-78273.4	-83015.0	-95948.6	-76884.5	-80762.7	-78273.4	-83015.0	-95948.6	-	-	-	-	-
1.757	3D MESSAGE	48	00	A8	91	20	59	4F	8C	A4	A7	C2	41	A8	3E	96	C7	26	C1	9D	C7	E6	F3	98	C7	C0	29	A2	C7	6A	7D	BB	C7	A8	3E	96	C7	26	C1	9D	C7	E6	F3	98	C7	C0	29	A2	C7	6A	7D	BB	C7	00	00	00	00	00	00	00	00	00	00	00	00	00	00	00	00	00	00	00	00
1.757	3D DATA	true	-	-	-	-	-76925.3	-80770.3	-78311.8	-83027.5	-95994.8	-76925.3	-80770.3	-78311.8	-83027.5	-95994.8	-	-	-	-	-
1.757	3D MESSAGE	48	00	A9	91	20	59	50	8C	A4	A7	C2	41	A1	53	96	C7	DC	CA	9D	C7	9D	04	99	C7	43	2F	A2	C7	CA	93	BB	C7	A1	53	96	C7	DC	CA	9D	C7	9D	04	99	C7	43	2F	A2	C7	CA	93	BB	C7	00	00	00	00	00	00	00	00	00	00	00	00	00	00	00	00	00	00	00	00
1.757	3D DATA	true	-	-	-	-	-76967.3	-80789.7	-78345.2	-83038.5	-96039.6	-76967.3	-80789.7	-78345.2	-83038.5	-96039.6	-	-	-	-	-
1.757	3D MESSAGE	48	00	AA	91	20	59	51	8C	A4	A7	C2	41	B6	68	96	C7	9B	D9	9D	C7	B6	12	99	C7	20	34	A2	C7	C0	A8	BB	C7	B6	68	96	C7	9B	D9	9D	C7	B6	12	99	C7	20	34	A2	C7	C0	A8	BB	C7	00	00	00	00	00	00	00	00	00	00	00	00	00	00	00	00	00	00	00	00
1.757	3D DATA	true	-	-	-	-	-77009.4	-80819.2	-78373.4	-83048.2	-96081.5	-77009.4	-80819.2	-78373.4	-83048.2	-96081.5	-	-	-	-	-
1.758	3D MESSAGE	48	00	AB	91	20	59	52	8C	A4	A7	C2	41	62	7D	96	C7	14	EC	9D	C7	54	1E	99	C7	68	38	A2	C7	C2	BB	BB	C7	62	7D	96	C7	14	EC	9D	C7	54	1E	99	C7	68	38	A2	C7	C2	BB	BB	C7	00	00	00	00	00	00	00	00	00	00	00	00	00	00	00	00	00	00	00	00
1.758	3D DATA	true	-	-	-	-	-77050.8	-80856.2	-78396.7	-83056.8	-96119.5	-77050.8	-80856.2	-78396.7	-83056.8	-96119.5	-	-	-	-	-
1.758	3D MESSAGE	48	00	AC	91	20	59	53	8C	A4	A7	C2	41	1F	91	96	C7	C3	00	9E	C7	C1	27	99	C7	27	3C	A2	C7	7A	CC	BB	C7	1F	91	96	C7	C3	00	9E	C7	C1	27	99	C7	27	3C	A2	C7	7A	CC	BB	C7	00	00	00	00	00	00	00	00	00	00	00	00	00	00	00	00	00	00	00	00
1.758	3D DATA	true	-	-	-	-	-77090.2	-80897.5	-78415.5	-83064.3	-96153.0	-77090.2	-80897.5	-78415.5	-83064.3	-96153.0	-	-	-	-	-
1.758	3D MESSAGE	48	00	AD	91	20	59	54	8C	A4	A7	C2	41	77	A3	96	C7	26	16	9E	C7	54	2F	99	C7	64	3F	A2	C7	C6	DA	BB	C7	77	A3	96	C7	26	16	9E	C7	54	2F	99	C7	64	3F	A2	C7	C6	DA	BB	C7	00	00	00	00	00	00	00	00	00	00	00	00	00	00	00	00	00	00	00	00
1.758	3D DATA	true	-	-	-	-	-77126.9	-80940.3	-78430.7	-83070.8	-96181.5	-77126.9	-80940.3	-78430.7	-83070.8	-96181.5	-	-	-	-	-
1.758	3D MESSAGE	48	00	AE	91	20	59	55	8C	A4	A7	C2	41	0C	B4	96	C7	F2	2A	9E	C7	67	35	99	C7	2B	42	A2	C7	B1	E6	BB	C7	0C	B4	96	C7	F2	2A	9E	C7	67	35	99	C7	2B	42	A2	C7	B1	E6	BB	C7	00	00	00	00	00	00	00	00	00	00	00	00	00	00	00	00	00	00	00	00
1.758	3D DATA	true	-	-	-	-	-77160.1	-80981.9	-78442.8	-83076.3	-96205.4	-77160.1	-80981.9	-78442.8	-83076.3	-96205.4	-	-	-	-	-
1.771	3D MESSAGE	48	00	AF	91	20	59	56	8C	A4	A7	C2	41	A6	C2	96	C7	30	3E	9E	C7	46	3A	99	C7	86	44	A2	C7	6A	F0	BB	C7	A6	C2	96	C7	30	3E	9E	C7	46	3A	99	C7	86	44	A2	C7	6A	F0	BB	C7	00	00	00	00	00	00	00	00	00	00	00	00	00	00	00	00	00	00	00	00
1.771	3D DATA	true	-	-	-	-	-77189.3	-81020.4	-78452.5	-83081.0	-96224.8	-77189.3	-81020.4	-78452.5	-83081.0	-96224.8	-	-	-	-	-
1.772	3D MESSAGE	48	00	B0	91	20	59	57	8C	A4	A7	C2	41	31	CF	96	C7	45	4F	9E	C7	2F	3E	99	C7	83	46	A2	C7	36	F8	BB	C7	31	CF	96	C7	45	4F	9E	C7	2F	3E	99	C7	83	46	A2	C7	36	F8	BB	C7	00	00	00	00	00	00	00	00	00	00	00	00	00	00	00	00	00	00	00	00
1.772	3D DATA	true	-	-	-	-	-77214.4	-81054.5	-78460.4	-83085.0	-96240.4	-77214.4	-81054.5	-78460.4	-83085.0	-96240.4	-	-	-	-	-
1.772	3D MESSAGE	48	00	B1	91	20	59	58	8C	A4	A7	C2	41	BB	D9	96	C7	EE	5D	9E	C7	55	41	99	C7	30	48	A2	C7	68	FE	BB	C7	BB	D9	96	C7	EE	5D	9E	C7	55	41	99	C7	30	48	A2	C7	68	FE	BB	C7	00	00	00	00	00	00	00	00	00	00	00	00	00	00	00	00	00	00	00	00
1.772	3D DATA	true	-	-	-	-	-77235.5	-81083.9	-78466.7	-83088.4	-96252.8	-77235.5	-81083.9	-78466.7	-83088.4	-96252.8	-	-	-	-	-
1.800	3D MESSAGE	48	00	B2	91	20	59	59	8C	A4	A7	C2	41	70	E2	96	C7	2B	6A	9E	C7	E1	43	99	C7	9E	49	A2	C7	50	03	BC	C7	70	E2	96	C7	2B	6A	9E	C7	E1	43	99	C7	9E	49	A2	C7	50	03	BC	C7	00	00	00	00	00	00	00	00	00	00	00	00	00	00	00	00	00	00	00	00
1.800	3D DATA	true	-	-	-	-	-77252.9	-81108.3	-78471.8	-83091.2	-96262.6	-77252.9	-81108.3	-78471.8	-83091.2	-96262.6	-	-	-	-	-
1.800	3D MESSAGE	48	00	B3	91	20	59	5A	8C	A4	A7	C2	41	8A	E9	96	C7	2D	74	9E	C7	F2	45	99	C7	DA	4A	A2	C7	38	07	BC	C7	8A	E9	96	C7	2D	74	9E	C7	F2	45	99	C7	DA	4A	A2	C7	38	07	BC	C7	00	00	00	00	00	00	00	00	00	00	00	00	00	00	00	00	00	00	00	00
1.800	3D DATA	true	-	-	-	-	-77267.1	-81128.4	-78475.9	-83093.7	-96270.4	-77267.1	-81128.4	-78475.9	-83093.7	-96270.4	-	-	-	-	-
1.801	3D MESSAGE	48	00	B4	91	20	59	5B	8C	A4	A7	C2	41	4C	EF	96	C7	3E	7C	9E	C7	A2	47	99	C7	EE	4B	A2	C7	5E	0A	BC	C7	4C	EF	96	C7	3E	7C	9E	C7	A2	47	99	C7	EE	4B	A2	C7	5E	0A	BC	C7	00	00	00	00	00	00	00	00	00	00	00	00	00	00	00	00	00	00	00	00
1.801	3D DATA	true	-	-	-	-	-77278.6	-81144.5	-78479.3	-83095.9	-96276.7	-77278.6	-81144.5	-78479.3	-83095.9	-96276.7	-	-	-	-	-
1.801	3D MESSAGE	48	00	B5	91	20	59	5C	8C	A4	A7	C2	41	F8	F3	96	C7	B2	82	9E	C7	08	49	99	C7	E2	4C	A2	C7	F1	0C	BC	C7	F8	F3	96	C7	B2	82	9E	C7	08	49	99	C7	E2	4C	A2	C7	F1	0C	BC	C7	00	00	00	00	00	00	00	00	00	00	00	00	00	00	00	00	00	00	00	00
1.801	3D DATA	true	-	-	-	-	-77287.9	-81157.4	-78482.1	-83097.8	-96281.9	-77287.9	-81157.4	-78482.1	-83097.8	-96281.9	-	-	-	-	-
1.801	3D MESSAGE	48	00	B6	91	20	59	5D	8C	A4	A7	C2	41	C9	F7	96	C7	DB	87	9E	C7	34	4A	99	C7	BD	4D	A2	C7	15	0F	BC	C7	C9	F7	96	C7	DB	87	9E	C7	34	4A	99	C7	BD	4D	A2	C7	15	0F	BC	C7	00	00	00	00	00	00	00	00	00	00	00	00	00	00	00	00	00	00	00	00
1.801	3D DATA	true	-	-	-	-	-77295.6	-81167.7	-78484.4	-83099.5	-96286.2	-77295.6	-81167.7	-78484.4	-83099.5	-96286.2	-	-	-	-	-
1.801	3D MESSAGE	48	00	B7	91	20	59	5E	8C	A4	A7	C2	41	F0	FA	96	C7	FC	8B	9E	C7	34	4B	99	C7	80	4E	A2	C7	E3	10	BC	C7	F0	FA	96	C7	FC	8B	9E	C7	34	4B	99	C7	80	4E	A2	C7	E3	10	BC	C7	00	00	00	00	00	00	00	00	00	00	00	00	00	00	00	00	00	00	00	00
1.801	3D DATA	true	-	-	-	-	-77301.9	-81176.0	-78486.4	-83101.0	-96289.8	-77301.9	-81176.0	-78486.4	-83101.0	-96289.8	-	-	-	-	-
1.829	3D MESSAGE	48	00	B8	91	20	59	5F	8C	A4	A7	C2	41	93	FD	96	C7	52	8F	9E	C7	14	4C	99	C7	31	4F	A2	C7	6C	12	BC	C7	93	FD	96	C7	52	8F	9E	C7	14	4C	99	C7	31	4F	A2	C7	6C	12	BC	C7	00	00	00	00	00	00	00	00	00	00	00	00	00	00	00	00	00	00	00	00
1.829	3D DATA	true	-	-	-	-	-77307.1	-81182.6	-78488.2	-83102.4	-96292.8	-77307.1	-81182.6	-78488.2	-83102.4	-96292.8	-	-	-	-	-
1.830	3D MESSAGE	48	00	B9	91	20	59	60	8C	A4	A7	C2	41	D0	FF	96	C7	0A	92	9E	C7	DF	4C	99	C7	D3	4F	A2	C7	C0	13	BC	C7	D0	FF	96	C7	0A	92	9E	C7	DF	4C	99	C7	D3	4F	A2	C7	C0	13	BC	C7	00	00	00	00	00	00	00	00	00	00	00	00	00	00	00	00	00	00	00	00
1.830	3D DATA	true	-	-	-	-	-77311.6	-81188.1	-78489.7	-83103.6	-96295.5	-77311.6	-81188.1	-78489.7	-83103.6	-96295.5	-	-	-	-	-
1.830	3D MESSAGE	48	00	BA	91	20	59	61	8C	A4	A7	C2	41	BB	01	97	C7	4B	94	9E	C7	99	4D	99	C7	6B	50	A2	C7	EB	14	BC	C7	BB	01	97	C7	4B	94	9E	C7	99	4D	99	C7	6B	50	A2	C7	EB	14	BC	C7	00	00	00	00	00	00	00	00	00	00	00	00	00	00	00	00	00	00	00	00
1.830	3D DATA	true	-	-	-	-	-77315.5	-81192.6	-78491.2	-83104.8	-96297.8	-77315.5	-81192.6	-78491.2	-83104.8	-96297.8	-	-	-	-	-
1.831	3D MESSAGE	48	00	BB	91	20	59	62	8C	A4	A7	C2	41	64	03	97	C7	31	96	9E	C7	48	4E	99	C7	FC	50	A2	C7	F6	15	BC	C7	64	03	97	C7	31	96	9E	C7	48	4E	99	C7	FC	50	A2	C7	F6	15	BC	C7	00	00	00	00	00	00	00	00	00	00	00	00	00	00	00	00	00	00	00	00
1.831	3D DATA	true	-	-	-	-	-77318.8	-81196.4	-78492.6	-83106.0	-96299.9	-77318.8	-81196.4	-78492.6	-83106.0	-96299.9	-	-	-	-	-
1.831	3D MESSAGE	48	00	BC	91	20	59	63	8C	A4	A7	C2	41	D6	04	97	C7	D2	97	9E	C7	EB	4E	99	C7	8A	51	A2	C7	E9	16	BC	C7	D6	04	97	C7	D2	97	9E	C7	EB	4E	99	C7	8A	51	A2	C7	E9	16	BC	C7	00	00	00	00	00	00	00	00	00	00	00	00	00	00	00	00	00	00	00	00
1.831	3D DATA	true	-	-	-	-	-77321.7	-81199.6	-78493.8	-83107.1	-96301.8	-77321.7	-81199.6	-78493.8	-83107.1	-96301.8	-	-	-	-	-
1.832	3D MESSAGE	48	00	BD	91	20	59	64	8C	A4	A7	C2	41	19	06	97	C7	3E	99	9E	C7	82	4F	99	C7	16	52	A2	C7	CC	17	BC	C7	19	06	97	C7	3E	99	9E	C7	82	4F	99	C7	16	52	A2	C7	CC	17	BC	C7	00	00	00	00	00	00	00	00	00	00	00	00	00	00	00	00	00	00	00	00
1.832	3D DATA	true	-	-	-	-	-77324.2	-81202.5	-78495.0	-83108.2	-96303.6	-77324.2	-81202.5	-78495.0	-83108.2	-96303.6	-	-	-	-	-
1.859	3D MESSAGE	48	00	BE	91	20	59	65	8C	A4	A7	C2	41	34	07	97	C7	81	9A	9E	C7	0C	50	99	C7	9E	52	A2	C7	9E	18	BC	C7	34	07	97	C7	81	9A	9E	C7	0C	50	99	C7	9E	52	A2	C7	9E	18	BC	C7	00	00	00	00	00	00	00	00	00	00	00	00	00	00	00	00	00	00	00	00
1.859	3D DATA	true	-	-	-	-	-77326.4	-81205.0	-78496.1	-83109.2	-96305.2	-77326.4	-81205.0	-78496.1	-83109.2	-96305.2	-	-	-	-	-
1.860	3D MESSAGE	48	00	BF	91	20	59	66	8C	A4	A7	C2	41	2E	08	97	C7	9E	9B	9E	C7	85	50	99	C7	20	53	A2	C7	60	19	BC	C7	2E	08	97	C7	9E	9B	9E	C7	85	50	99	C7	20	53	A2	C7	60	19	BC	C7	00	00	00	00	00	00	00	00	00	00	00	00	00	00	00	00	00	00	00	00
1.860	3D DATA	true	-	-	-	-	-77328.4	-81207.2	-78497.0	-83110.2	-96306.8	-77328.4	-81207.2	-78497.0	-83110.2	-96306.8	-	-	-	-	-
1.860	3D MESSAGE	48	00	C0	91	20	59	67	8C	A4	A7	C2	41	0A	09	97	C7	9B	9C	9E	C7	EE	50	99	C7	99	53	A2	C7	0D	1A	BC	C7	0A	09	97	C7	9B	9C	9E	C7	EE	50	99	C7	99	53	A2	C7	0D	1A	BC	C7	00	00	00	00	00	00	00	00	00	00	00	00	00	00	00	00	00	00	00	00
1.860	3D DATA	true	-	-	-	-	-77330.1	-81209.2	-78497.9	-83111.2	-96308.1	-77330.1	-81209.2	-78497.9	-83111.2	-96308.1	-	-	-	-	-
1.861	3D MESSAGE	48	00	C1	91	20	59	68	8C	A4	A7	C2	41	D0	09	97	C7	77	9D	9E	C7	46	51	99	C7	06	54	A2	C7	A2	1A	BC	C7	D0	09	97	C7	77	9D	9E	C7	46	51	99	C7	06	54	A2	C7	A2	1A	BC	C7	00	00	00	00	00	00	00	00	00	00	00	00	00	00	00	00	00	00	00	00
1.861	3D DATA	true	-	-	-	-	-77331.6	-81210.9	-78498.5	-83112.0	-96309.3	-77331.6	-81210.9	-78498.5	-83112.0	-96309.3	-	-	-	-	-
1.861	3D MESSAGE	48	00	C2	91	20	59	69	8C	A4	A7	C2	41	85	0A	97	C7	34	9E	9E	C7	90	51	99	C7	66	54	A2	C7	1C	1B	BC	C7	85	0A	97	C7	34	9E	9E	C7	90	51	99	C7	66	54	A2	C7	1C	1B	BC	C7	00	00	00	00	00	00	00	00	00	00	00	00	00	00	00	00	00	00	00	00
1.861	3D DATA	true	-	-	-	-	-77333.0	-81212.4	-78499.1	-83112.8	-96310.2	-77333.0	-81212.4	-78499.1	-83112.8	-96310.2	-	-	-	-	-
1.861	3D MESSAGE	48	00	C3	91	20	59	6A	8C	A4	A7	C2	41	30	0B	97	C7	D2	9E	9E	C7	D0	51	99	C7	B7	54	A2	C7	7D	1B	BC	C7	30	0B	97	C7	D2	9E	9E	C7	D0	51	99	C7	B7	54	A2	C7	7D	1B	BC	C7	00	00	00	00	00	00	00	00	00	00	00	00	00	00	00	00	00	00	00	00
1.861	3D DATA	true	-	-	-	-	-77334.4	-81213.6	-78499.6	-83113.4	-96311.0	-77334.4	-81213.6	-78499.6	-83113.4	-96311.0	-	-	-	-	-
1.861	3D MESSAGE	48	00	C4	91	20	59	6B	8C	A4	A7	C2	41	D8	0B	97	C7	57	9F	9E	C7	0B	52	99	C7	FB	54	A2	C7	CC	1B	BC	C7	D8	0B	97	C7	57	9F	9E	C7	0B	52	99	C7	FB	54	A2	C7	CC	1B	BC	C7	00	00	00	00	00	00	00	00	00	00	00	00	00	00	00	00	00	00	00	00
1.861	3D DATA	true	-	-	-	-	-77335.7	-81214.7	-78500.1	-83114.0	-96311.6	-77335.7	-81214.7	-78500.1	-83114.0	-96311.6	-	-	-	-	-
1.891	3D MESSAGE	48	00	C5	91	20	59	6C	8C	A4	A7	C2	41	7F	0C	97	C7	C6	9F	9E	C7	46	52	99	C7	35	55	A2	C7	11	1C	BC	C7	7F	0C	97	C7	C6	9F	9E	C7	46	52	99	C7	35	55	A2	C7	11	1C	BC	C7	00	00	00	00	00	00	00	00	00	00	00	00	00	00	00	00	00	00	00	00
1.891	3D DATA	true	-	-	-	-	-77337.0	-81215.5	-78500.5	-83114.4	-96312.1	-77337.0	-81215.5	-78500.5	-83114.4	-96312.1	-	-	-	-	-
1.891	3D MESSAGE	4C	00	C6	91	22	59	6D	8C	00	00	00	00	A4	A7	C2	41	27	0D	97	C7	26	A0	9E	C7	82	52	99	C7	6A	55	A2	C7	56	1C	BC	C7	27	0D	97	C7	26	A0	9E	C7	82	52	99	C7	6A	55	A2	C7	56	1C	BC	C7	00	00	00	00	00	00	00	00	00	00	00	00	00	00	00	00	00	00	00	00
1.891	3D DATA	true	-	-	-	-	-77338.3	-81216.3	-78501.0	-83114.8	-96312.7	-77338.3	-81216.3	-78501.0	-83114.8	-96312.7	-	-	-	-	-
1.892	3D MESSAGE	48	00	C7	91	20	59	6E	8C	A4	A7	C2	41	CD	0D	97	C7	7E	A0	9E	C7	C3	52	99	C7	9D	55	A2	C7	A0	1C	BC	C7	CD	0D	97	C7	7E	A0	9E	C7	C3	52	99	C7	9D	55	A2	C7	A0	1C	BC	C7	00	00	00	00	00	00	00	00	00	00	00	00	00	00	00	00	00	00	00	00
1.892	3D DATA	true	-	-	-	-	-77339.6	-81217.0	-78501.5	-83115.2	-96313.2	-77339.6	-81217.0	-78501.5	-83115.2	-96313.2	-	-	-	-	-
1.892	3D MESSAGE	48	00	C8	91	20	59	6F	8C	A4	A7	C2	41	6D	0E	97	C7	D3	A0	9E	C7	06	53	99	C7	D4	55	A2	C7	F1	1C	BC	C7	6D	0E	97	C7	D3	A0	9E	C7	06	53	99	C7	D4	55	A2	C7	F1	1C	BC	C7	00	00	00	00	00	00	00	00	00	00	00	00	00	00	00	00	00	00	00	00
1.892	3D DATA	true	-	-	-	-	-77340.9	-81217.6	-78502.0	-83115.7	-96313.9	-77340.9	-81217.6	-78502.0	-83115.7	-96313.9	-	-	-	-	-
1.892	3D MESSAGE	48	00	C9	91	20	59	70	8C	A4	A7	C2	41	00	0F	97	C7	28	A1	9E	C7	48	53	99	C7	0E	56	A2	C7	46	1D	BC	C7	00	0F	97	C7	28	A1	9E	C7	48	53	99	C7	0E	56	A2	C7	46	1D	BC	C7	00	00	00	00	00	00	00	00	00	00	00	00	00	00	00	00	00	00	00	00
1.892	3D DATA	true	-	-	-	-	-77342.0	-81218.3	-78502.6	-83116.1	-96314.5	-77342.0	-81218.3	-78502.6	-83116.1	-96314.5	-	-	-	-	-
1.893	3D MESSAGE	48	00	CA	91	20	59	71	8C	A4	A7	C2	41	81	0F	97	C7	7F	A1	9E	C7	86	53	99	C7	4C	56	A2	C7	98	1D	BC	C7	81	0F	97	C7	7F	A1	9E	C7	86	53	99	C7	4C	56	A2	C7	98	1D	BC	C7	00	00	00	00	00	00	00	00	00	00	00	00	00	00	00	00	00	00	00	00
1.893	3D DATA	true	-	-	-	-	-77343.0	-81219.0	-78503.0	-83116.6	-96315.2	-77343.0	-81219.0	-78503.0	-83116.6	-96315.2	-	-	-	-	-
1.921	3D MESSAGE	48	00	CB	91	20	59	72	8C	A4	A7	C2	41	ED	0F	97	C7	D6	A1	9E	C7	BA	53	99	C7	8A	56	A2	C7	E0	1D	BC	C7	ED	0F	97	C7	D6	A1	9E	C7	BA	53	99	C7	8A	56	A2	C7	E0	1D	BC	C7	00	00	00	00	00	00	00	00	00	00	00	00	00	00	00	00	00	00	00	00
1.921	3D DATA	true	-	-	-	-	-77343.9	-81219.7	-78503.5	-83117.1	-96315.8	-77343.9	-81219.7	-78503.5	-83117.1	-96315.8	-	-	-	-	-
1.922	3D MESSAGE	48	00	CC	91	20	59	73	8C	A4	A7	C2	41	44	10	97	C7	2B	A2	9E	C7	E4	53	99	C7	C4	56	A2	C7	1A	1E	BC	C7	44	10	97	C7	2B	A2	9E	C7	E4	53	99	C7	C4	56	A2	C7	1A	1E	BC	C7	00	00	00	00	00	00	00	00	00	00	00	00	00	00	00	00	00	00	00	00
1.922	3D DATA	true	-	-	-	-	-77344.5	-81220.3	-78503.8	-83117.5	-96316.2	-77344.5	-81220.3	-78503.8	-83117.5	-96316.2	-	-	-	-	-
1.922	3D MESSAGE	48	00	CD	91	20	59	74	8C	6B	74	16	3F	89	10	97	C7	7A	A2	9E	C7	05	54	99	C7	F8	56	A2	C7	48	1E	BC	C7	89	10	97	C7	7A	A2	9E	C7	05	54	99	C7	F8	56	A2	C7	48	1E	BC	C7	00	00	00	00	00	00	00	00	00	00	00	00	00	00	00	00	00	00	00	00
1.922	3D DATA	true	-	-	-	-	-77345.1	-81221.0	-78504.0	-83117.9	-96316.6	-77345.1	-81221.0	-78504.0	-83117.9	-96316.6	-	-	-	-	-
1.923	3D MESSAGE	48	00	CE	91	20	59	75	8C	6B	74	16	3F	C2	10	97	C7	C0	A2	9E	C7	20	54	99	C7	24	57	A2	C7	6E	1E	BC	C7	C2	10	97	C7	C0	A2	9E	C7	20	54	99	C7	24	57	A2	C7	6E	1E	BC	C7	00	00	00	00	00	00	00	00	00	00	00	00	00	00	00	00	00	00	00	00
1.923	3D DATA	true	-	-	-	-	-77345.5	-81221.5	-78504.2	-83118.3	-96316.9	-77345.5	-81221.5	-78504.2	-83118.3	-96316.9	-	-	-	-	-
1.923	3D MESSAGE	48	00	CF	91	20	59	76	8C	6B	74	16	3F	F4	10	97	C7	FE	A2	9E	C7	37	54	99	C7	4B	57	A2	C7	92	1E	BC	C7	F4	10	97	C7	FE	A2	9E	C7	37	54	99	C7	4B	57	A2	C7	92	1E	BC	C7	00	00	00	00	00	00	00	00	00	00	00	00	00	00	00	00	00	00	00	00
1.923	3D DATA	true	-	-	-	-	-77345.9	-81222.0	-78504.4	-83118.6	-96317.1	-77345.9	-81222.0	-78504.4	-83118.6	-96317.1	-	-	-	-	-
1.924	3D MESSAGE	48	00	D0	91	20	59	77	8C	6B	74	16	3F	23	11	97	C7	33	A3	9E	C7	4E	54	99	C7	6C	57	A2	C7	B8	1E	BC	C7	23	11	97	C7	33	A3	9E	C7	4E	54	99	C7	6C	57	A2	C7	B8	1E	BC	C7	00	00	00	00	00	00	00	00	00	00	00	00	00	00	00	00	00	00	00	00
1.924	3D DATA	true	-	-	-	-	-77346.3	-81222.4	-78504.6	-83118.8	-96317.4	-77346.3	-81222.4	-78504.6	-83118.8	-96317.4	-	-	-	-	-
1.956	3D MESSAGE	48	00	D1	91	20	59	78	8C	6B	74	16	3F	52	11	97	C7	62	A3	9E	C7	64	54	99	C7	8A	57	A2	C7	E0	1E	BC	C7	52	11	97	C7	62	A3	9E	C7	64	54	99	C7	8A	57	A2	C7	E0	1E	BC	C7	00	00	00	00	00	00	00	00	00	00	00	00	00	00	00	00	00	00	00	00
1.956	3D DATA	true	-	-	-	-	-77346.6	-81222.8	-78504.8	-83119.1	-96317.8	-77346.6	-81222.8	-78504.8	-83119.1	-96317.8	-	-	-	-	-
1.956	3D MESSAGE	48	00	D2	91	20	59	79	8C	6B	74	16	3F	7E	11	97	C7	8E	A3	9E	C7	77	54	99	C7	A2	57	A2	C7	08	1F	BC	C7	7E	11	97	C7	8E	A3	9E	C7	77	54	99	C7	A2	57	A2	C7	08	1F	BC	C7	00	00	00	00	00	00	00	00	00	00	00	00	00	00	00	00	00	00	00	00
1.956	3D DATA	true	-	-	-	-	-77347.0	-81223.1	-78504.9	-83119.3	-96318.1	-77347.0	-81223.1	-78504.9	-83119.3	-96318.1	-	-	-	-	-
1.957	3D MESSAGE	48	00	D3	91	20	59	7A	8C	6B	74	16	3F	A5	11	97	C7	B9	A3	9E	C7	82	54	99	C7	B6	57	A2	C7	29	1F	BC	C7	A5	11	97	C7	B9	A3	9E	C7	82	54	99	C7	B6	57	A2	C7	29	1F	BC	C7	00	00	00	00	00	00	00	00	00	00	00	00	00	00	00	00	00	00	00	00
1.957	3D DATA	true	-	-	-	-	-77347.3	-81223.4	-78505.0	-83119.4	-96318.3	-77347.3	-81223.4	-78505.0	-83119.4	-96318.3	-	-	-	-	-
1.957	3D MESSAGE	48	00	D4	91	20	59	7B	8C	6B	74	16	3F	C6	11	97	C7	E4	A3	9E	C7	83	54	99	C7	C3	57	A2	C7	40	1F	BC	C7	C6	11	97	C7	E4	A3	9E	C7	83	54	99	C7	C3	57	A2	C7	40	1F	BC	C7	00	00	00	00	00	00	00	00	00	00	00	00	00	00	00	00	00	00	00	00
1.957	3D DATA	true	-	-	-	-	-77347.5	-81223.8	-78505.0	-83119.5	-96318.5	-77347.5	-81223.8	-78505.0	-83119.5	-96318.5	-	-	-	-	-
1.958	3D MESSAGE	48	00	D5	91	20	59	7C	8C	6B	74	16	3F	E1	11	97	C7	11	A4	9E	C7	7C	54	99	C7	C9	57	A2	C7	4E	1F	BC	C7	E1	11	97	C7	11	A4	9E	C7	7C	54	99	C7	C9	57	A2	C7	4E	1F	BC	C7	00	00	00	00	00	00	00	00	00	00	00	00	00	00	00	00	00	00	00	00
1.958	3D DATA	true	-	-	-	-	-77347.8	-81224.1	-78505.0	-83119.6	-96318.6	-77347.8	-81224.1	-78505.0	-83119.6	-96318.6	-	-	-	-	-
1.958	3D MESSAGE	48	00	D6	91	20	59	7D	8C	6B	74	16	3F	FA	11	97	C7	3F	A4	9E	C7	71	54	99	C7	CD	57	A2	C7	59	1F	BC	C7	FA	11	97	C7	3F	A4	9E	C7	71	54	99	C7	CD	57	A2	C7	59	1F	BC	C7	00	00	00	00	00	00	00	00	00	00	00	00	00	00	00	00	00	00	00	00
1.958	3D DATA	true	-	-	-	-	-77348.0	-81224.5	-78504.9	-83119.6	-96318.7	-77348.0	-81224.5	-78504.9	-83119.6	-96318.7	-	-	-	-	-
1.958	3D MESSAGE	48	00	D7	91	20	59	7E	8C	6B	74	16	3F	18	12	97	C7	6D	A4	9E	C7	6A	54	99	C7	D3	57	A2	C7	69	1F	BC	C7	18	12	97	C7	6D	A4	9E	C7	6A	54	99	C7	D3	57	A2	C7	69	1F	BC	C7	00	00	00	00	00	00	00	00	00	00	00	00	00	00	00	00	00	00	00	00
1.958	3D DATA	true	-	-	-	-	-77348.2	-81224.9	-78504.8	-83119.6	-96318.8	-77348.2	-81224.9	-78504.8	-83119.6	-96318.8	-	-	-	-	-
1.985	3D MESSAGE	48	00	D8	91	20	59	7F	8C	6B	74	16	3F	42	12	97	C7	9A	A4	9E	C7	72	54	99	C7	E2	57	A2	C7	87	1F	BC	C7	42	12	97	C7	9A	A4	9E	C7	72	54	99	C7	E2	57	A2	C7	87	1F	BC	C7	00	00	00	00	00	00	00	00	00	00	00	00	00	00	00	00	00	00	00	00
1.985	3D DATA	true	-	-	-	-	-77348.5	-81225.2	-78504.9	-83119.8	-96319.1	-77348.5	-81225.2	-78504.9	-83119.8	-96319.1	-	-	-	-	-
1.986	3D MESSAGE	48	00	D9	91	20	59	80	8C	6B	74	16	3F	7E	12	97	C7	C8	A4	9E	C7	8D	54	99	C7	FF	57	A2	C7	B8	1F	BC	C7	7E	12	97	C7	C8	A4	9E	C7	8D	54	99	C7	FF	57	A2	C7	B8	1F	BC	C7	00	00	00	00	00	00	00	00	00	00	00	00	00	00	00	00	00	00	00	00
1.986	3D DATA	true	-	-	-	-	-77349.0	-81225.6	-78505.1	-83120.0	-96319.4	-77349.0	-81225.6	-78505.1	-83120.0	-96319.4	-	-	-	-	-
1.986	3D MESSAGE	48	00	DA	91	20	59	81	8C	6B	74	16	3F	CD	12	97	C7	F4	A4	9E	C7	BC	54	99	C7	29	58	A2	C7	FB	1F	BC	C7	CD	12	97	C7	F4	A4	9E	C7	BC	54	99	C7	29	58	A2	C7	FB	1F	BC	C7	00	00	00	00	00	00	00	00	00	00	00	00	00	00	00	00	00	00	00	00
1.986	3D DATA	true	-	-	-	-	-77349.6	-81225.9	-78505.5	-83120.3	-96320.0	-77349.6	-81225.9	-78505.5	-83120.3	-96320.0	-	-	-	-	-
1.987	3D MESSAGE	48	00	DB	91	20	59	82	8C	6B	74	16	3F	2B	13	97	C7	1D	A5	9E	C7	FC	54	99	C7	5C	58	A2	C7	44	20	BC	C7	2B	13	97	C7	1D	A5	9E	C7	FC	54	99	C7	5C	58	A2	C7	44	20	BC	C7	00	00	00	00	00	00	00	00	00	00	00	00	00	00	00	00	00	00	00	00
1.987	3D DATA	true	-	-	-	-	-77350.3	-81226.2	-78506.0	-83120.7	-96320.5	-77350.3	-81226.2	-78506.0	-83120.7	-96320.5	-	-	-	-	-
1.987	3D MESSAGE	48	00	DC	91	20	59	83	8C	6B	74	16	3F	8F	13	97	C7	41	A5	9E	C7	41	55	99	C7	91	58	A2	C7	88	20	BC	C7	8F	13	97	C7	41	A5	9E	C7	41	55	99	C7	91	58	A2	C7	88	20	BC	C7	00	00	00	00	00	00	00	00	00	00	00	00	00	00	00	00	00	00	00	00
1.987	3D DATA	true	-	-	-	-	-77351.1	-81226.5	-78506.5	-83121.1	-96321.1	-77351.1	-81226.5	-78506.5	-83121.1	-96321.1	-	-	-	-	-
1.987	3D MESSAGE	48	00	DD	91	20	59	84	8C	6B	74	16	3F	ED	13	97	C7	5D	A5	9E	C7	80	55	99	C7	BF	58	A2	C7	BA	20	BC	C7	ED	13	97	C7	5D	A5	9E	C7	80	55	99	C7	BF	58	A2	C7	BA	20	BC	C7	00	00	00	00	00	00	00	00	00	00	00	00	00	00	00	00	00	00	00	00
1.987	3D DATA	true	-	-	-	-	-77351.9	-81226.7	-78507.0	-83121.5	-96321.5	-77351.9	-81226.7	-78507.0	-83121.5	-96321.5	-	-	-	-	-
2.017	3D MESSAGE	48	00	DE	91	20	59	85	8C	6B	74	16	3F	3C	14	97	C7	6D	A5	9E	C7	AD	55	99	C7	E0	58	A2	C7	D2	20	BC	C7	3C	14	97	C7	6D	A5	9E	C7	AD	55	99	C7	E0	58	A2	C7	D2	20	BC	C7	00	00	00	00	00	00	00	00	00	00	00	00	00	00	00	00	00	00	00	00
2.017	3D DATA	true	-	-	-	-	-77352.5	-81226.9	-78507.4	-83121.8	-96321.6	-77352.5	-81226.9	-78507.4	-83121.8	-96321.6	-	-	-	-	-
2.017	3D MESSAGE	48	00	DF	91	20	59	86	8C	6B	74	16	3F	73	14	97	C7	6E	A5	9E	C7	C3	55	99	C7	F0	58	A2	C7	CC	20	BC	C7	73	14	97	C7	6E	A5	9E	C7	C3	55	99	C7	F0	58	A2	C7	CC	20	BC	C7	00	00	00	00	00	00	00	00	00	00	00	00	00	00	00	00	00	00	00	00
2.017	3D DATA	true	-	-	-	-	-77352.9	-81226.9	-78507.5	-83121.9	-96321.6	-77352.9	-81226.9	-78507.5	-83121.9	-96321.6	-	-	-	-	-
2.018	3D MESSAGE	48	00	E0	91	20	59	87	8C	6B	74	16	3F	93	14	97	C7	60	A5	9E	C7	C1	55	99	C7	F0	58	A2	C7	AE	20	BC	C7	93	14	97	C7	60	A5	9E	C7	C1	55	99	C7	F0	58	A2	C7	AE	20	BC	C7	00	00	00	00	00	00	00	00	00	00	00	00	00	00	00	00	00	00	00	00
2.018	3D DATA	true	-	-	-	-	-77353.1	-81226.8	-78507.5	-83121.9	-96321.4	-77353.1	-81226.8	-78507.5	-83121.9	-96321.4	-	-	-	-	-
2.018	3D MESSAGE	48	00	E1	91	20	59	88	8C	6B	74	16	3F	9D	14	97	C7	46	A5	9E	C7	AD	55	99	C7	E7	58	A2	C7	80	20	BC	C7	9D	14	97	C7	46	A5	9E	C7	AD	55	99	C7	E7	58	A2	C7	80	20	BC	C7	00	00	00	00	00	00	00	00	00	00	00	00	00	00	00	00	00	00	00	00
2.018	3D DATA	true	-	-	-	-	-77353.2	-81226.5	-78507.4	-83121.8	-96321.0	-77353.2	-81226.5	-78507.4	-83121.8	-96321.0	-	-	-	-	-
2.018	3D MESSAGE	48	00	E2	91	20	59	89	8C	6B	74	16	3F	98	14	97	C7	26	A5	9E	C7	8E	55	99	C7	DA	58	A2	C7	4C	20	BC	C7	98	14	97	C7	26	A5	9E	C7	8E	55	99	C7	DA	58	A2	C7	4C	20	BC	C7	00	00	00	00	00	00	00	00	00	00	00	00	00	00	00	00	00	00	00	00
2.018	3D DATA	true	-	-	-	-	-77353.2	-81226.3	-78507.1	-83121.7	-96320.6	-77353.2	-81226.3	-78507.1	-83121.7	-96320.6	-	-	-	-	-
2.019	3D MESSAGE	48	00	E3	91	20	59	8A	8C	6B	74	16	3F	8A	14	97	C7	07	A5	9E	C7	70	55	99	C7	CF	58	A2	C7	20	20	BC	C7	8A	14	97	C7	07	A5	9E	C7	70	55	99	C7	CF	58	A2	C7	20	20	BC	C7	00	00	00	00	00	00	00	00	00	00	00	00	00	00	00	00	00	00	00	00
2.019	3D DATA	true	-	-	-	-	-77353.1	-81226.1	-78506.9	-83121.6	-96320.2	-77353.1	-81226.1	-78506.9	-83121.6	-96320.2	-	-	-	-	-
2.053	3D MESSAGE	48	00	E4	91	20	59	8B	8C	6B	74	16	3F	7C	14	97	C7	F0	A4	9E	C7	5A	55	99	C7	CA	58	A2	C7	02	20	BC	C7	7C	14	97	C7	F0	A4	9E	C7	5A	55	99	C7	CA	58	A2	C7	02	20	BC	C7	00	00	00	00	00	00	00	00	00	00	00	00	00	00	00	00	00	00	00	00
2.053	3D DATA	true	-	-	-	-	-77353.0	-81225.9	-78506.7	-83121.6	-96320.0	-77353.0	-81225.9	-78506.7	-83121.6	-96320.0	-	-	-	-	-
2.053	3D MESSAGE	48	00	E5	91	20	59	8C	8C	6B	74	16	3F	72	14	97	C7	E3	A4	9E	C7	51	55	99	C7	CC	58	A2	C7	F6	1F	BC	C7	72	14	97	C7	E3	A4	9E	C7	51	55	99	C7	CC	58	A2	C7	F6	1F	BC	C7	00	00	00	00	00	00	00	00	00	00	00	00	00	00	00	00	00	00	00	00
2.054	3D DATA	true	-	-	-	-	-77352.9	-81225.8	-78506.6	-83121.6	-96319.9	-77352.9	-81225.8	-78506.6	-83121.6	-96319.9	-	-	-	-	-
2.054	3D MESSAGE	48	00	E6	91	20	59	8D	8C	6B	74	16	3F	72	14	97	C7	E2	A4	9E	C7	55	55	99	C7	D5	58	A2	C7	FC	1F	BC	C7	72	14	97	C7	E2	A4	9E	C7	55	55	99	C7	D5	58	A2	C7	FC	1F	BC	C7	00	00	00	00	00	00	00	00	00	00	00	00	00	00	00	00	00	00	00	00
2.054	3D DATA	true	-	-	-	-	-77352.9	-81225.8	-78506.7	-83121.7	-96320.0	-77352.9	-81225.8	-78506.7	-83121.7	-96320.0	-	-	-	-	-
2.054	3D MESSAGE	48	00	E7	91	20	59	8E	8C	6B	74	16	3F	7B	14	97	C7	EB	A4	9E	C7	63	55	99	C7	E0	58	A2	C7	11	20	BC	C7	7B	14	97	C7	EB	A4	9E	C7	63	55	99	C7	E0	58	A2	C7	11	20	BC	C7	00	00	00	00	00	00	00	00	00	00	00	00	00	00	00	00	00	00	00	00
2.054	3D DATA	true	-	-	-	-	-77353.0	-81225.8	-78506.8	-83121.8	-96320.1	-77353.0	-81225.8	-78506.8	-83121.8	-96320.1	-	-	-	-	-
2.054	3D MESSAGE	48	00	E8	91	20	59	8F	8C	6B	74	16	3F	8E	14	97	C7	F8	A4	9E	C7	75	55	99	C7	EB	58	A2	C7	2C	20	BC	C7	8E	14	97	C7	F8	A4	9E	C7	75	55	99	C7	EB	58	A2	C7	2C	20	BC	C7	00	00	00	00	00	00	00	00	00	00	00	00	00	00	00	00	00	00	00	00
2.054	3D DATA	true	-	-	-	-	-77353.1	-81225.9	-78506.9	-83121.8	-96320.3	-77353.1	-81225.9	-78506.9	-83121.8	-96320.3	-	-	-	-	-
2.055	3D MESSAGE	48	00	E9	91	20	59	90	8C	6B	74	16	3F	A7	14	97	C7	06	A5	9E	C7	86	55	99	C7	F3	58	A2	C7	49	20	BC	C7	A7	14	97	C7	06	A5	9E	C7	86	55	99	C7	F3	58	A2	C7	49	20	BC	C7	00	00	00	00	00	00	00	00	00	00	00	00	00	00	00	00	00	00	00	00
2.055	3D DATA	true	-	-	-	-	-77353.3	-81226.0	-78507.0	-83121.9	-96320.6	-77353.3	-81226.0	-78507.0	-83121.9	-96320.6	-	-	-	-	-
2.055	3D MESSAGE	48	00	EA	91	20	59	91	8C	6B	74	16	3F	C3	14	97	C7	14	A5	9E	C7	92	55	99	C7	F7	58	A2	C7	62	20	BC	C7	C3	14	97	C7	14	A5	9E	C7	92	55	99	C7	F7	58	A2	C7	62	20	BC	C7	00	00	00	00	00	00	00	00	00	00	00	00	00	00	00	00	00	00	00	00
2.055	3D DATA	true	-	-	-	-	-77353.5	-81226.2	-78507.1	-83121.9	-96320.8	-77353.5	-81226.2	-78507.1	-83121.9	-96320.8	-	-	-	-	-
2.055	3D MESSAGE	48	00	EB	91	20	59	92	8C	6B	74	16	3F	DE	14	97	C7	22	A5	9E	C7	99	55	99	C7	FA	58	A2	C7	77	20	BC	C7	DE	14	97	C7	22	A5	9E	C7	99	55	99	C7	FA	58	A2	C7	77	20	BC	C7	00	00	00	00	00	00	00	00	00	00	00	00	00	00	00	00	00	00	00	00
2.055	3D DATA	true	-	-	-	-	-77353.7	-81226.3	-78507.2	-83122.0	-96320.9	-77353.7	-81226.3	-78507.2	-83122.0	-96320.9	-	-	-	-	-
2.079	3D MESSAGE	48	00	EC	91	20	59	93	8C	6B	74	16	3F	F5	14	97	C7	33	A5	9E	C7	9E	55	99	C7	FF	58	A2	C7	8A	20	BC	C7	F5	14	97	C7	33	A5	9E	C7	9E	55	99	C7	FF	58	A2	C7	8A	20	BC	C7	00	00	00	00	00	00	00	00	00	00	00	00	00	00	00	00	00	00	00	00
2.079	3D DATA	true	-	-	-	-	-77353.9	-81226.4	-78507.2	-83122.0	-96321.1	-77353.9	-81226.4	-78507.2	-83122.0	-96321.1	-	-	-	-	-
2.080	3D MESSAGE	48	00	ED	91	20	59	94	8C	6B	74	16	3F	08	15	97	C7	48	A5	9E	C7	A7	55	99	C7	0A	59	A2	C7	9F	20	BC	C7	08	15	97	C7	48	A5	9E	C7	A7	55	99	C7	0A	59	A2	C7	9F	20	BC	C7	00	00	00	00	00	00	00	00	00	00	00	00	00	00	00	00	00	00	00	00
2.080	3D DATA	true	-	-	-	-	-77354.1	-81226.6	-78507.3	-83122.1	-96321.2	-77354.1	-81226.6	-78507.3	-83122.1	-96321.2	-	-	-	-	-
2.080	3D MESSAGE	48	00	EE	91	20	59	95	8C	6B	74	16	3F	1A	15	97	C7	64	A5	9E	C7	B6	55	99	C7	20	59	A2	C7	BC	20	BC	C7	1A	15	97	C7	64	A5	9E	C7	B6	55	99	C7	20	59	A2	C7	BC	20	BC	C7	00	00	00	00	00	00	00	00	00	00	00	00	00	00	00	00	00	00	00	00
2.080	3D DATA	true	-	-	-	-	-77354.2	-81226.8	-78507.4	-83122.2	-96321.5	-77354.2	-81226.8	-78507.4	-83122.2	-96321.5	-	-	-	-	-
2.080	3D MESSAGE	48	00	EF	91	20	59	96	8C	6B	74	16	3F	2C	15	97	C7	86	A5	9E	C7	CF	55	99	C7	40	59	A2	C7	E3	20	BC	C7	2C	15	97	C7	86	A5	9E	C7	CF	55	99	C7	40	59	A2	C7	E3	20	BC	C7	00	00	00	00	00	00	00	00	00	00	00	00	00	00	00	00	00	00	00	00
2.080	3D DATA	true	-	-	-	-	-77354.3	-81227.0	-78507.6	-83122.5	-96321.8	-77354.3	-81227.0	-78507.6	-83122.5	-96321.8	-	-	-	-	-
2.081	3D MESSAGE	48	00	F0	91	20	59	97	8C	6B	74	16	3F	43	15	97	C7	AC	A5	9E	C7	F0	55	99	C7	6A	59	A2	C7	16	21	BC	C7	43	15	97	C7	AC	A5	9E	C7	F0	55	99	C7	6A	59	A2	C7	16	21	BC	C7	00	00	00	00	00	00	00	00	00	00	00	00	00	00	00	00	00	00	00	00
2.081	3D DATA	true	-	-	-	-	-77354.5	-81227.3	-78507.9	-83122.8	-96322.2	-77354.5	-81227.3	-78507.9	-83122.8	-96322.2	-	-	-	-	-
2.110	3D MESSAGE	48	00	F1	91	20	59	98	8C	6B	74	16	3F	5E	15	97	C7	D4	A5	9E	C7	13	56	99	C7	99	59	A2	C7	52	21	BC	C7	5E	15	97	C7	D4	A5	9E	C7	13	56	99	C7	99	59	A2	C7	52	21	BC	C7	00	00	00	00	00	00	00	00	00	00	00	00	00	00	00	00	00	00	00	00
2.110	3D DATA	true	-	-	-	-	-77354.7	-81227.7	-78508.1	-83123.2	-96322.6	-77354.7	-81227.7	-78508.1	-83123.2	-96322.6	-	-	-	-	-
2.111	3D MESSAGE	48	00	F2	91	20	59	99	8C	6B	74	16	3F	7C	15	97	C7	FB	A5	9E	C7	35	56	99	C7	C8	59	A2	C7	95	21	BC	C7	7C	15	97	C7	FB	A5	9E	C7	35	56	99	C7	C8	59	A2	C7	95	21	BC	C7	00	00	00	00	00	00	00	00	00	00	00	00	00	00	00	00	00	00	00	00
2.111	3D DATA	true	-	-	-	-	-77355.0	-81228.0	-78508.4	-83123.6	-96323.2	-77355.0	-81228.0	-78508.4	-83123.6	-96323.2	-	-	-	-	-
2.112	3D MESSAGE	48	00	F3	91	20	59	9A	8C	6B	74	16	3F	97	15	97	C7	1F	A6	9E	C7	4F	56	99	C7	F1	59	A2	C7	D8	21	BC	C7	97	15	97	C7	1F	A6	9E	C7	4F	56	99	C7	F1	59	A2	C7	D8	21	BC	C7	00	00	00	00	00	00	00	00	00	00	00	00	00	00	00	00	00	00	00	00
2.112	3D DATA	true	-	-	-	-	-77355.2	-81228.2	-78508.6	-83123.9	-96323.7	-77355.2	-81228.2	-78508.6	-83123.9	-96323.7	-	-	-	-	-
2.112	3D MESSAGE	48	00	F4	91	20	59	9B	8C	6B	74	16	3F	AC	15	97	C7	40	A6	9E	C7	5E	56	99	C7	14	5A	A2	C7	18	22	BC	C7	AC	15	97	C7	40	A6	9E	C7	5E	56	99	C7	14	5A	A2	C7	18	22	BC	C7	00	00	00	00	00	00	00	00	00	00	00	00	00	00	00	00	00	00	00	00
2.112	3D DATA	true	-	-	-	-	-77355.3	-81228.5	-78508.7	-83124.2	-96324.2	-77355.3	-81228.5	-78508.7	-83124.2	-96324.2	-	-	-	-	-
2.112	3D MESSAGE	48	00	F5	91	20	59	9C	8C	00	89	A3	3C	B8	15	97	C7	5C	A6	9E	C7	62	56	99	C7	2D	5A	A2	C7	52	22	BC	C7	B8	15	97	C7	5C	A6	9E	C7	62	56	99	C7	2D	5A	A2	C7	52	22	BC	C7	00	00	00	00	00	00	00	00	00	00	00	00	00	00	00	00	00	00	00	00
2.112	3D DATA	true	-	-	-	-	-77355.4	-81228.7	-78508.8	-83124.4	-96324.6	-77355.4	-81228.7	-78508.8	-83124.4	-96324.6	-	-	-	-	-
2.112	3D MESSAGE	48	00	F6	91	20	59	9D	8C	00	89	A3	3C	BB	15	97	C7	75	A6	9E	C7	5C	56	99	C7	3F	5A	A2	C7	80	22	BC	C7	BB	15	97	C7	75	A6	9E	C7	5C	56	99	C7	3F	5A	A2	C7	80	22	BC	C7	00	00	00	00	00	00	00	00	00	00	00	00	00	00	00	00	00	00	00	00
2.112	3D DATA	true	-	-	-	-	-77355.5	-81228.9	-78508.7	-83124.5	-96325.0	-77355.5	-81228.9	-78508.7	-83124.5	-96325.0	-	-	-	-	-
2.141	3D MESSAGE	48	00	F7	91	20	59	9E	8C	00	89	A3	3C	B9	15	97	C7	88	A6	9E	C7	50	56	99	C7	4B	5A	A2	C7	9F	22	BC	C7	B9	15	97	C7	88	A6	9E	C7	50	56	99	C7	4B	5A	A2	C7	9F	22	BC	C7	00	00	00	00	00	00	00	00	00	00	00	00	00	00	00	00	00	00	00	00
2.141	3D DATA	true	-	-	-	-	-77355.4	-81229.1	-78508.6	-83124.6	-96325.2	-77355.4	-81229.1	-78508.6	-83124.6	-96325.2	-	-	-	-	-
2.142	3D MESSAGE	48	00	F8	91	20	59	9F	8C	00	89	A3	3C	B4	15	97	C7	97	A6	9E	C7	3F	56	99	C7	53	5A	A2	C7	AD	22	BC	C7	B4	15	97	C7	97	A6	9E	C7	3F	56	99	C7	53	5A	A2	C7	AD	22	BC	C7	00	00	00	00	00	00	00	00	00	00	00	00	00	00	00	00	00	00	00	00
2.142	3D DATA	true	-	-	-	-	-77355.4	-81229.2	-78508.5	-83124.6	-96325.4	-77355.4	-81229.2	-78508.5	-83124.6	-96325.4	-	-	-	-	-
2.142	3D MESSAGE	48	00	F9	91	20	59	A0	8C	00	89	A3	3C	B2	15	97	C7	A1	A6	9E	C7	2C	56	99	C7	56	5A	A2	C7	A9	22	BC	C7	B2	15	97	C7	A1	A6	9E	C7	2C	56	99	C7	56	5A	A2	C7	A9	22	BC	C7	00	00	00	00	00	00	00	00	00	00	00	00	00	00	00	00	00	00	00	00
2.142	3D DATA	true	-	-	-	-	-77355.4	-81229.3	-78508.3	-83124.7	-96325.3	-77355.4	-81229.3	-78508.3	-83124.7	-96325.3	-	-	-	-	-
2.142	3D MESSAGE	48	00	FA	91	20	59	A1	8C	00	89	A3	3C	B3	15	97	C7	A6	A6	9E	C7	1A	56	99	C7	56	5A	A2	C7	93	22	BC	C7	B3	15	97	C7	A6	A6	9E	C7	1A	56	99	C7	56	5A	A2	C7	93	22	BC	C7	00	00	00	00	00	00	00	00	00	00	00	00	00	00	00	00	00	00	00	00
2.142	3D DATA	true	-	-	-	-	-77355.4	-81229.3	-78508.2	-83124.7	-96325.1	-77355.4	-81229.3	-78508.2	-83124.7	-96325.1	-	-	-	-	-
2.142	3D MESSAGE	48	00	FB	91	20	59	A2	8C	00	89	A3	3C	B6	15	97	C7	A6	A6	9E	C7	09	56	99	C7	51	5A	A2	C7	71	22	BC	C7	B6	15	97	C7	A6	A6	9E	C7	09	56	99	C7	51	5A	A2	C7	71	22	BC	C7	00	00	00	00	00	00	00	00	00	00	00	00	00	00	00	00	00	00	00	00
2.142	3D DATA	true	-	-	-	-	-77355.4	-81229.3	-78508.1	-83124.6	-96324.9	-77355.4	-81229.3	-78508.1	-83124.6	-96324.9	-	-	-	-	-
2.142	3D MESSAGE	48	00	FC	91	20	59	A3	8C	00	89	A3	3C	BB	15	97	C7	A6	A6	9E	C7	FB	55	99	C7	46	5A	A2	C7	48	22	BC	C7	BB	15	97	C7	A6	A6	9E	C7	FB	55	99	C7	46	5A	A2	C7	48	22	BC	C7	00	00	00	00	00	00	00	00	00	00	00	00	00	00	00	00	00	00	00	00
2.142	3D DATA	true	-	-	-	-	-77355.5	-81229.3	-78508.0	-83124.5	-96324.6	-77355.5	-81229.3	-78508.0	-83124.5	-96324.6	-	-	-	-	-
2.175	3D MESSAGE	48	00	FD	91	20	59	A4	8C	00	89	A3	3C	C0	15	97	C7	A8	A6	9E	C7	F4	55	99	C7	39	5A	A2	C7	22	22	BC	C7	C0	15	97	C7	A8	A6	9E	C7	F4	55	99	C7	39	5A	A2	C7	22	22	BC	C7	00	00	00	00	00	00	00	00	00	00	00	00	00	00	00	00	00	00	00	00
2.175	3D DATA	true	-	-	-	-	-77355.5	-81229.3	-78507.9	-83124.4	-96324.3	-77355.5	-81229.3	-78507.9	-83124.4	-96324.3	-	-	-	-	-
2.175	3D MESSAGE	48	00	FE	91	20	59	A5	8C	00	89	A3	3C	C4	15	97	C7	AE	A6	9E	C7	F5	55	99	C7	2A	5A	A2	C7	04	22	BC	C7	C4	15	97	C7	AE	A6	9E	C7	F5	55	99	C7	2A	5A	A2	C7	04	22	BC	C7	00	00	00	00	00	00	00	00	00	00	00	00	00	00	00	00	00	00	00	00
2.175	3D DATA	true	-	-	-	-	-77355.5	-81229.4	-78507.9	-83124.3	-96324.0	-77355.5	-81229.4	-78507.9	-83124.3	-96324.0	-	-	-	-	-
2.176	3D MESSAGE	48	00	FF	91	20	59	A6	8C	00	89	A3	3C	CB	15	97	C7	B8	A6	9E	C7	02	56	99	C7	1D	5A	A2	C7	F2	21	BC	C7	CB	15	97	C7	B8	A6	9E	C7	02	56	99	C7	1D	5A	A2	C7	F2	21	BC	C7	00	00	00	00	00	00	00	00	00	00	00	00	00	00	00	00	00	00	00	00
2.176	3D DATA	true	-	-	-	-	-77355.6	-81229.4	-78508.0	-83124.2	-96323.9	-77355.6	-81229.4	-78508.0	-83124.2	-96323.9	-	-	-	-	-
2.176	3D MESSAGE	48	00	00	91	20	59	A7	8C	00	89	A3	3C	D6	15	97	C7	C8	A6	9E	C7	1A	56	99	C7	13	5A	A2	C7	EE	21	BC	C7	D6	15	97	C7	C8	A6	9E	C7	1A	56	99	C7	13	5A	A2	C7	EE	21	BC	C7	00	00	00	00	00	00	00	00	00	00	00	00	00	00	00	00	00	00	00	00
2.176	3D DATA	true	-	-	-	-	-77355.7	-81229.6	-78508.2	-83124.1	-96323.9	-77355.7	-81229.6	-78508.2	-83124.1	-96323.9	-	-	-	-	-
2.176	3D MESSAGE	48	00	01	91	20	59	A8	8C	00	89	A3	3C	E6	15	97	C7	D8	A6	9E	C7	39	56	99	C7	0F	5A	A2	C7	F3	21	BC	C7	E6	15	97	C7	D8	A6	9E	C7	39	56	99	C7	0F	5A	A2	C7	F3	21	BC	C7	00	00	00	00	00	00	00	00	00	00	00	00	00	00	00	00	00	00	00	00
2.176	3D DATA	true	-	-	-	-	-77355.8	-81229.7	-78508.4	-83124.1	-96323.9	-77355.8	-81229.7	-78508.4	-83124.1	-96323.9	-	-	-	-	-
2.177	3D MESSAGE	48	00	02	91	20	59	A9	8C	00	89	A3	3C	FA	15	97	C7	E5	A6	9E	C7	5A	56	99	C7	10	5A	A2	C7	FB	21	BC	C7	FA	15	97	C7	E5	A6	9E	C7	5A	56	99	C7	10	5A	A2	C7	FB	21	BC	C7	00	00	00	00	00	00	00	00	00	00	00	00	00	00	00	00	00	00	00	00
2.177	3D DATA	true	-	-	-	-	-77356.0	-81229.8	-78508.7	-83124.1	-96324.0	-77356.0	-81229.8	-78508.7	-83124.1	-96324.0	-	-	-	-	-
2.177	3D MESSAGE	48	00	03	91	20	59	AA	8C	00	89	A3	3C	10	16	97	C7	EB	A6	9E	C7	75	56	99	C7	12	5A	A2	C7	01	22	BC	C7	10	16	97	C7	EB	A6	9E	C7	75	56	99	C7	12	5A	A2	C7	01	22	BC	C7	00	00	00	00	00	00	00	00	00	00	00	00	00	00	00	00	00	00	00	00
2.177	3D DATA	true	-	-	-	-	-77356.1	-81229.8	-78508.9	-83124.1	-96324.0	-77356.1	-81229.8	-78508.9	-83124.1	-96324.0	-	-	-	-	-
2.205	3D MESSAGE	48	00	04	91	20	59	AB	8C	00	89	A3	3C	25	16	97	C7	E5	A6	9E	C7	85	56	99	C7	16	5A	A2	C7	00	22	BC	C7	25	16	97	C7	E5	A6	9E	C7	85	56	99	C7	16	5A	A2	C7	00	22	BC	C7	00	00	00	00	00	00	00	00	00	00	00	00	00	00	00	00	00	00	00	00
2.205	3D DATA	true	-	-	-	-	-77356.3	-81229.8	-78509.0	-83124.2	-96324.0	-77356.3	-81229.8	-78509.0	-83124.2	-96324.0	-	-	-	-	-
2.206	3D MESSAGE	48	00	05	91	20	59	AC	8C	00	89	A3	3C	36	16	97	C7	D5	A6	9E	C7	85	56	99	C7	17	5A	A2	C7	F8	21	BC	C7	36	16	97	C7	D5	A6	9E	C7	85	56	99	C7	17	5A	A2	C7	F8	21	BC	C7	00	00	00	00	00	00	00	00	00	00	00	00	00	00	00	00	00	00	00	00
2.206	3D DATA	true	-	-	-	-	-77356.4	-81229.7	-78509.0	-83124.2	-96323.9	-77356.4	-81229.7	-78509.0	-83124.2	-96323.9	-	-	-	-	-
2.206	3D MESSAGE	48	00	06	91	20	59	AD	8C	00	89	A3	3C	3F	16	97	C7	BC	A6	9E	C7	77	56	99	C7	15	5A	A2	C7	ED	21	BC	C7	3F	16	97	C7	BC	A6	9E	C7	77	56	99	C7	15	5A	A2	C7	ED	21	BC	C7	00	00	00	00	00	00	00	00	00	00	00	00	00	00	00	00	00	00	00	00
2.206	3D DATA	true	-	-	-	-	-77356.5	-81229.5	-78508.9	-83124.2	-96323.9	-77356.5	-81229.5	-78508.9	-83124.2	-96323.9	-	-	-	-	-
2.207	3D MESSAGE	48	00	07	91	20	59	AE	8C	00	89	A3	3C	42	16	97	C7	A0	A6	9E	C7	5F	56	99	C7	10	5A	A2	C7	E3	21	BC	C7	42	16	97	C7	A0	A6	9E	C7	5F	56	99	C7	10	5A	A2	C7	E3	21	BC	C7	00	00	00	00	00	00	00	00	00	00	00	00	00	00	00	00	00	00	00	00
2.207	3D DATA	true	-	-	-	-	-77356.5	-81229.2	-78508.7	-83124.1	-96323.8	-77356.5	-81229.2	-78508.7	-83124.1	-96323.8	-	-	-	-	-
2.207	3D MESSAGE	48	00	08	91	20	59	AF	8C	00	89	A3	3C	41	16	97	C7	86	A6	9E	C7	43	56	99	C7	08	5A	A2	C7	DE	21	BC	C7	41	16	97	C7	86	A6	9E	C7	43	56	99	C7	08	5A	A2	C7	DE	21	BC	C7	00	00	00	00	00	00	00	00	00	00	00	00	00	00	00	00	00	00	00	00
2.207	3D DATA	true	-	-	-	-	-77356.5	-81229.0	-78508.5	-83124.1	-96323.7	-77356.5	-81229.0	-78508.5	-83124.1	-96323.7	-	-	-	-	-
2.207	3D MESSAGE	48	00	09	91	20	59	B0	8C	00	89	A3	3C	3E	16	97	C7	72	A6	9E	C7	29	56	99	C7	02	5A	A2	C7	E1	21	BC	C7	3E	16	97	C7	72	A6	9E	C7	29	56	99	C7	02	5A	A2	C7	E1	21	BC	C7	00	00	00	00	00	00	00	00	00	00	00	00	00	00	00	00	00	00	00	00
2.207	3D DATA	true	-	-	-	-	-77356.5	-81228.9	-78508.3	-83124.0	-96323.8	-77356.5	-81228.9	-78508.3	-83124.0	-96323.8	-	-	-	-	-
2.235	3D MESSAGE	48	00	0A	91	20	59	B1	8C	00	89	A3	3C	39	16	97	C7	66	A6	9E	C7	16	56	99	C7	00	5A	A2	C7	EB	21	BC	C7	39	16	97	C7	66	A6	9E	C7	16	56	99	C7	00	5A	A2	C7	EB	21	BC	C7	00	00	00	00	00	00	00	00	00	00	00	00	00	00	00	00	00	00	00	00
2.235	3D DATA	true	-	-	-	-	-77356.4	-81228.8	-78508.2	-83124.0	-96323.8	-77356.4	-81228.8	-78508.2	-83124.0	-96323.8	-	-	-	-	-
2.235	3D MESSAGE	48	00	0B	91	20	59	B2	8C	00	89	A3	3C	35	16	97	C7	62	A6	9E	C7	0C	56	99	C7	02	5A	A2	C7	FA	21	BC	C7	35	16	97	C7	62	A6	9E	C7	0C	56	99	C7	02	5A	A2	C7	FA	21	BC	C7	00	00	00	00	00	00	00	00	00	00	00	00	00	00	00	00	00	00	00	00
2.235	3D DATA	true	-	-	-	-	-77356.4	-81228.8	-78508.1	-83124.0	-96324.0	-77356.4	-81228.8	-78508.1	-83124.0	-96324.0	-	-	-	-	-
2.235	3D MESSAGE	48	00	0C	91	20	59	B3	8C	00	89	A3	3C	32	16	97	C7	64	A6	9E	C7	09	56	99	C7	08	5A	A2	C7	0A	22	BC	C7	32	16	97	C7	64	A6	9E	C7	09	56	99	C7	08	5A	A2	C7	0A	22	BC	C7	00	00	00	00	00	00	00	00	00	00	00	00	00	00	00	00	00	00	00	00
2.235	3D DATA	true	-	-	-	-	-77356.4	-81228.8	-78508.1	-83124.1	-96324.1	-77356.4	-81228.8	-78508.1	-83124.1	-96324.1	-	-	-	-	-
2.236	3D MESSAGE	48	00	0D	91	20	59	B4	8C	00	89	A3	3C	31	16	97	C7	6A	A6	9E	C7	0C	56	99	C7	14	5A	A2	C7	15	22	BC	C7	31	16	97	C7	6A	A6	9E	C7	0C	56	99	C7	14	5A	A2	C7	15	22	BC	C7	00	00	00	00	00	00	00	00	00	00	00	00	00	00	00	00	00	00	00	00
2.236	3D DATA	true	-	-	-	-	-77356.4	-81228.8	-78508.1	-83124.2	-96324.2	-77356.4	-81228.8	-78508.1	-83124.2	-96324.2	-	-	-	-	-
2.236	3D MESSAGE	48	00	0E	91	20	59	B5	8C	00	89	A3	3C	32	16	97	C7	70	A6	9E	C7	12	56	99	C7	1F	5A	A2	C7	1A	22	BC	C7	32	16	97	C7	70	A6	9E	C7	12	56	99	C7	1F	5A	A2	C7	1A	22	BC	C7	00	00	00	00	00	00	00	00	00	00	00	00	00	00	00	00	00	00	00	00
2.236	3D DATA	true	-	-	-	-	-77356.4	-81228.9	-78508.1	-83124.2	-96324.2	-77356.4	-81228.9	-78508.1	-83124.2	-96324.2	-	-	-	-	-
2.236	3D MESSAGE	48	00	0F	91	20	59	B6	8C	00	89	A3	3C	35	16	97	C7	75	A6	9E	C7	18	56	99	C7	28	5A	A2	C7	15	22	BC	C7	35	16	97	C7	75	A6	9E	C7	18	56	99	C7	28	5A	A2	C7	15	22	BC	C7	00	00	00	00	00	00	00	00	00	00	00	00	00	00	00	00	00	00	00	00
2.236	3D DATA	true	-	-	-	-	-77356.4	-81228.9	-78508.2	-83124.3	-96324.2	-77356.4	-81228.9	-78508.2	-83124.3	-96324.2	-	-	-	-	-
2.270	3D MESSAGE	48	00	10	91	20	59	B7	8C	00	89	A3	3C	3A	16	97	C7	76	A6	9E	C7	19	56	99	C7	2C	5A	A2	C7	06	22	BC	C7	3A	16	97	C7	76	A6	9E	C7	19	56	99	C7	2C	5A	A2	C7	06	22	BC	C7	00	00	00	00	00	00	00	00	00	00	00	00	00	00	00	00	00	00	00	00
2.270	3D DATA	true	-	-	-	-	-77356.5	-81228.9	-78508.2	-83124.3	-96324.0	-77356.5	-81228.9	-78508.2	-83124.3	-96324.0	-	-	-	-	-
2.271	3D MESSAGE	48	00	11	91	20	59	B8	8C	00	89	A3	3C	40	16	97	C7	72	A6	9E	C7	14	56	99	C7	26	5A	A2	C7	EC	21	BC	C7	40	16	97	C7	72	A6	9E	C7	14	56	99	C7	26	5A	A2	C7	EC	21	BC	C7	00	00	00	00	00	00	00	00	00	00	00	00	00	00	00	00	00	00	00	00
2.271	3D DATA	true	-	-	-	-	-77356.5	-81228.9	-78508.2	-83124.3	-96323.8	-77356.5	-81228.9	-78508.2	-83124.3	-96323.8	-	-	-	-	-
2.271	3D MESSAGE	48	00	12	91	20	59	B9	8C	00	89	A3	3C	44	16	97	C7	68	A6	9E	C7	05	56	99	C7	18	5A	A2	C7	CA	21	BC	C7	44	16	97	C7	68	A6	9E	C7	05	56	99	C7	18	5A	A2	C7	CA	21	BC	C7	00	00	00	00	00	00	00	00	00	00	00	00	00	00	00	00	00	00	00	00
2.271	3D DATA	true	-	-	-	-	-77356.5	-81228.8	-78508.0	-83124.2	-96323.6	-77356.5	-81228.8	-78508.0	-83124.2	-96323.6	-	-	-	-	-
2.271	3D MESSAGE	48	00	13	91	20	59	BA	8C	00	89	A3	3C	45	16	97	C7	59	A6	9E	C7	EE	55	99	C7	02	5A	A2	C7	A2	21	BC	C7	45	16	97	C7	59	A6	9E	C7	EE	55	99	C7	02	5A	A2	C7	A2	21	BC	C7	00	00	00	00	00	00	00	00	00	00	00	00	00	00	00	00	00	00	00	00
2.271	3D DATA	true	-	-	-	-	-77356.5	-81228.7	-78507.9	-83124.0	-96323.3	-77356.5	-81228.7	-78507.9	-83124.0	-96323.3	-	-	-	-	-
2.272	3D MESSAGE	48	00	14	91	20	59	BB	8C	00	89	A3	3C	42	16	97	C7	48	A6	9E	C7	D0	55	99	C7	E8	59	A2	C7	78	21	BC	C7	42	16	97	C7	48	A6	9E	C7	D0	55	99	C7	E8	59	A2	C7	78	21	BC	C7	00	00	00	00	00	00	00	00	00	00	00	00	00	00	00	00	00	00	00	00
2.272	3D DATA	true	-	-	-	-	-77356.5	-81228.6	-78507.6	-83123.8	-96322.9	-77356.5	-81228.6	-78507.6	-83123.8	-96322.9	-	-	-	-	-
2.272	3D MESSAGE	48	00	15	91	20	59	BC	8C	00	89	A3	3C	3A	16	97	C7	3A	A6	9E	C7	B0	55	99	C7	CE	59	A2	C7	52	21	BC	C7	3A	16	97	C7	3A	A6	9E	C7	B0	55	99	C7	CE	59	A2	C7	52	21	BC	C7	00	00	00	00	00	00	00	00	00	00	00	00	00	00	00	00	00	00	00	00
2.272	3D DATA	true	-	-	-	-	-77356.5	-81228.5	-78507.4	-83123.6	-96322.6	-77356.5	-81228.5	-78507.4	-83123.6	-96322.6	-	-	-	-	-
2.272	3D MESSAGE	48	00	16	91	20	59	BD	8C	00	89	A3	3C	2F	16	97	C7	32	A6	9E	C7	95	55	99	C7	B7	59	A2	C7	34	21	BC	C7	2F	16	97	C7	32	A6	9E	C7	95	55	99	C7	B7	59	A2	C7	34	21	BC	C7	00	00	00	00	00	00	00	00	00	00	00	00	00	00	00	00	00	00	00	00
2.272	3D DATA	true	-	-	-	-	-77356.4	-81228.4	-78507.2	-83123.4	-96322.4	-77356.4	-81228.4	-78507.2	-83123.4	-96322.4	-	-	-	-	-
2.297	3D MESSAGE	48	00	17	91	20	59	BE	8C	00	89	A3	3C	24	16	97	C7	31	A6	9E	C7	82	55	99	C7	A6	59	A2	C7	20	21	BC	C7	24	16	97	C7	31	A6	9E	C7	82	55	99	C7	A6	59	A2	C7	20	21	BC	C7	00	00	00	00	00	00	00	00	00	00	00	00	00	00	00	00	00	00	00	00
2.297	3D DATA	true	-	-	-	-	-77356.3	-81228.4	-78507.0	-83123.3	-96322.2	-77356.3	-81228.4	-78507.0	-83123.3	-96322.2	-	-	-	-	-
2.298	3D MESSAGE	48	00	18	91	20	59	BF	8C	00	89	A3	3C	1A	16	97	C7	38	A6	9E	C7	7A	55	99	C7	9C	59	A2	C7	17	21	BC	C7	1A	16	97	C7	38	A6	9E	C7	7A	55	99	C7	9C	59	A2	C7	17	21	BC	C7	00	00	00	00	00	00	00	00	00	00	00	00	00	00	00	00	00	00	00	00
2.298	3D DATA	true	-	-	-	-	-77356.2	-81228.4	-78507.0	-83123.2	-96322.2	-77356.2	-81228.4	-78507.0	-83123.2	-96322.2	-	-	-	-	-
2.298	3D MESSAGE	48	00	19	91	20	59	C0	8C	00	89	A3	3C	13	16	97	C7	42	A6	9E	C7	7E	55	99	C7	98	59	A2	C7	1A	21	BC	C7	13	16	97	C7	42	A6	9E	C7	7E	55	99	C7	98	59	A2	C7	1A	21	BC	C7	00	00	00	00	00	00	00	00	00	00	00	00	00	00	00	00	00	00	00	00
2.298	3D DATA	true	-	-	-	-	-77356.1	-81228.5	-78507.0	-83123.2	-96322.2	-77356.1	-81228.5	-78507.0	-83123.2	-96322.2	-	-	-	-	-
2.299	3D MESSAGE	48	00	1A	91	20	59	C1	8C	00	89	A3	3C	0E	16	97	C7	4E	A6	9E	C7	8B	55	99	C7	9B	59	A2	C7	26	21	BC	C7	0E	16	97	C7	4E	A6	9E	C7	8B	55	99	C7	9B	59	A2	C7	26	21	BC	C7	00	00	00	00	00	00	00	00	00	00	00	00	00	00	00	00	00	00	00	00
2.299	3D DATA	true	-	-	-	-	-77356.1	-81228.6	-78507.1	-83123.2	-96322.3	-77356.1	-81228.6	-78507.1	-83123.2	-96322.3	-	-	-	-	-
2.299	3D MESSAGE	48	00	1B	91	20	59	C2	8C	00	89	A3	3C	0C	16	97	C7	54	A6	9E	C7	9E	55	99	C7	A3	59	A2	C7	38	21	BC	C7	0C	16	97	C7	54	A6	9E	C7	9E	55	99	C7	A3	59	A2	C7	38	21	BC	C7	00	00	00	00	00	00	00	00	00	00	00	00	00	00	00	00	00	00	00	00
2.299	3D DATA	true	-	-	-	-	-77356.1	-81228.7	-78507.2	-83123.3	-96322.4	-77356.1	-81228.7	-78507.2	-83123.3	-96322.4	-	-	-	-	-
2.300	3D MESSAGE	48	00	1C	91	20	59	C3	8C	00	89	A3	3C	07	16	97	C7	55	A6	9E	C7	B2	55	99	C7	B1	59	A2	C7	4E	21	BC	C7	07	16	97	C7	55	A6	9E	C7	B2	55	99	C7	B1	59	A2	C7	4E	21	BC	C7	00	00	00	00	00	00	00	00	00	00	00	00	00	00	00	00	00	00	00	00
2.300	3D DATA	true	-	-	-	-	-77356.1	-81228.7	-78507.4	-83123.4	-96322.6	-77356.1	-81228.7	-78507.4	-83123.4	-96322.6	-	-	-	-	-
2.300	3D MESSAGE	48	00	1D	91	20	59	C4	8C	AA	73	89	3C	FF	15	97	C7	4D	A6	9E	C7	C6	55	99	C7	C2	59	A2	C7	64	21	BC	C7	FF	15	97	C7	4D	A6	9E	C7	C6	55	99	C7	C2	59	A2	C7	64	21	BC	C7	00	00	00	00	00	00	00	00	00	00	00	00	00	00	00	00	00	00	00	00
2.300	3D DATA	true	-	-	-	-	-77356.0	-81228.6	-78507.5	-83123.5	-96322.8	-77356.0	-81228.6	-78507.5	-83123.5	-96322.8	-	-	-	-	-
2.329	3D MESSAGE	48	00	1E	91	20	59	C5	8C	AA	73	89	3C	F2	15	97	C7	3F	A6	9E	C7	D4	55	99	C7	D5	59	A2	C7	77	21	BC	C7	F2	15	97	C7	3F	A6	9E	C7	D4	55	99	C7	D5	59	A2	C7	77	21	BC	C7	00	00	00	00	00	00	00	00	00	00	00	00	00	00	00	00	00	00	00	00
2.329	3D DATA	true	-	-	-	-	-77355.9	-81228.5	-78507.7	-83123.7	-96322.9	-77355.9	-81228.5	-78507.7	-83123.7	-96322.9	-	-	-	-	-
2.330	3D MESSAGE	48	00	1F	91	20	59	C6	8C	AA	73	89	3C	DE	15	97	C7	2E	A6	9E	C7	DD	55	99	C7	E6	59	A2	C7	83	21	BC	C7	DE	15	97	C7	2E	A6	9E	C7	DD	55	99	C7	E6	59	A2	C7	83	21	BC	C7	00	00	00	00	00	00	00	00	00	00	00	00	00	00	00	00	00	00	00	00
2.330	3D DATA	true	-	-	-	-	-77355.7	-81228.4	-78507.7	-83123.8	-96323.0	-77355.7	-81228.4	-78507.7	-83123.8	-96323.0	-	-	-	-	-
2.330	3D MESSAGE	48	00	20	91	20	59	C7	8C	AA	73	89	3C	C4	15	97	C7	1E	A6	9E	C7	E0	55	99	C7	F3	59	A2	C7	86	21	BC	C7	C4	15	97	C7	1E	A6	9E	C7	E0	55	99	C7	F3	59	A2	C7	86	21	BC	C7	00	00	00	00	00	00	00	00	00	00	00	00	00	00	00	00	00	00	00	00
2.330	3D DATA	true	-	-	-	-	-77355.5	-81228.2	-78507.8	-83123.9	-96323.0	-77355.5	-81228.2	-78507.8	-83123.9	-96323.0	-	-	-	-	-
2.331	3D MESSAGE	48	00	21	91	20	59	C8	8C	AA	73	89	3C	A5	15	97	C7	13	A6	9E	C7	DC	55	99	C7	FA	59	A2	C7	7B	21	BC	C7	A5	15	97	C7	13	A6	9E	C7	DC	55	99	C7	FA	59	A2	C7	7B	21	BC	C7	00	00	00	00	00	00	00	00	00	00	00	00	00	00	00	00	00	00	00	00
2.331	3D DATA	true	-	-	-	-	-77355.3	-81228.1	-78507.7	-83124.0	-96323.0	-77355.3	-81228.1	-78507.7	-83124.0	-96323.0	-	-	-	-	-
2.331	3D MESSAGE	48	00	22	91	20	59	C9	8C	AA	73	89	3C	87	15	97	C7	10	A6	9E	C7	D5	55	99	C7	FA	59	A2	C7	66	21	BC	C7	87	15	97	C7	10	A6	9E	C7	D5	55	99	C7	FA	59	A2	C7	66	21	BC	C7	00	00	00	00	00	00	00	00	00	00	00	00	00	00	00	00	00	00	00	00
2.331	3D DATA	true	-	-	-	-	-77355.1	-81228.1	-78507.7	-83124.0	-96322.8	-77355.1	-81228.1	-78507.7	-83124.0	-96322.8	-	-	-	-	-
2.331	3D MESSAGE	48	00	23	91	20	59	CA	8C	AA	73	89	3C	6C	15	97	C7	16	A6	9E	C7	CC	55	99	C7	F4	59	A2	C7	47	21	BC	C7	6C	15	97	C7	16	A6	9E	C7	CC	55	99	C7	F4	59	A2	C7	47	21	BC	C7	00	00	00	00	00	00	00	00	00	00	00	00	00	00	00	00	00	00	00	00
2.331	3D DATA	true	-	-	-	-	-77354.8	-81228.2	-78507.6	-83123.9	-96322.6	-77354.8	-81228.2	-78507.6	-83123.9	-96322.6	-	-	-	-	-
2.359	3D MESSAGE	48	00	24	91	20	59	CB	8C	AA	73	89	3C	58	15	97	C7	23	A6	9E	C7	C4	55	99	C7	EE	59	A2	C7	27	21	BC	C7	58	15	97	C7	23	A6	9E	C7	C4	55	99	C7	EE	59	A2	C7	27	21	BC	C7	00	00	00	00	00	00	00	00	00	00	00	00	00	00	00	00	00	00	00	00
2.359	3D DATA	true	-	-	-	-	-77354.7	-81228.3	-78507.5	-83123.9	-96322.3	-77354.7	-81228.3	-78507.5	-83123.9	-96322.3	-	-	-	-	-
2.360	3D MESSAGE	48	00	25	91	20	59	CC	8C	AA	73	89	3C	4D	15	97	C7	34	A6	9E	C7	C2	55	99	C7	E9	59	A2	C7	0B	21	BC	C7	4D	15	97	C7	34	A6	9E	C7	C2	55	99	C7	E9	59	A2	C7	0B	21	BC	C7	00	00	00	00	00	00	00	00	00	00	00	00	00	00	00	00	00	00	00	00
2.360	3D DATA	true	-	-	-	-	-77354.6	-81228.4	-78507.5	-83123.8	-96322.1	-77354.6	-81228.4	-78507.5	-83123.8	-96322.1	-	-	-	-	-
2.360	3D MESSAGE	48	00	26	91	20	59	CD	8C	AA	73	89	3C	4A	15	97	C7	46	A6	9E	C7	C4	55	99	C7	E8	59	A2	C7	FA	20	BC	C7	4A	15	97	C7	46	A6	9E	C7	C4	55	99	C7	E8	59	A2	C7	FA	20	BC	C7	00	00	00	00	00	00	00	00	00	00	00	00	00	00	00	00	00	00	00	00
2.360	3D DATA	true	-	-	-	-	-77354.6	-81228.5	-78507.5	-83123.8	-96322.0	-77354.6	-81228.5	-78507.5	-83123.8	-96322.0	-	-	-	-	-
2.360	3D MESSAGE	48	00	27	91	20	59	CE	8C	AA	73	89	3C	4C	15	97	C7	53	A6	9E	C7	CB	55	99	C7	EC	59	A2	C7	F5	20	BC	C7	4C	15	97	C7	53	A6	9E	C7	CB	55	99	C7	EC	59	A2	C7	F5	20	BC	C7	00	00	00	00	00	00	00	00	00	00	00	00	00	00	00	00	00	00	00	00
2.360	3D DATA	true	-	-	-	-	-77354.6	-81228.6	-78507.6	-83123.8	-96321.9	-77354.6	-81228.6	-78507.6	-83123.8	-96321.9	-	-	-	-	-
2.360	3D MESSAGE	48	00	28	91	20	59	CF	8C	AA	73	89	3C	52	15	97	C7	5A	A6	9E	C7	D3	55	99	C7	F4	59	A2	C7	FC	20	BC	C7	52	15	97	C7	5A	A6	9E	C7	D3	55	99	C7	F4	59	A2	C7	FC	20	BC	C7	00	00	00	00	00	00	00	00	00	00	00	00	00	00	00	00	00	00	00	00
2.360	3D DATA	true	-	-	-	-	-77354.6	-81228.7	-78507.6	-83123.9	-96322.0	-77354.6	-81228.7	-78507.6	-83123.9	-96322.0	-	-	-	-	-
2.361	3D MESSAGE	48	00	29	91	20	59	D0	8C	AA	73	89	3C	59	15	97	C7	5A	A6	9E	C7	D8	55	99	C7	FC	59	A2	C7	0C	21	BC	C7	59	15	97	C7	5A	A6	9E	C7	D8	55	99	C7	FC	59	A2	C7	0C	21	BC	C7	00	00	00	00	00	00	00	00	00	00	00	00	00	00	00	00	00	00	00	00
2.361	3D DATA	true	-	-	-	-	-77354.7	-81228.7	-78507.7	-83124.0	-96322.1	-77354.7	-81228.7	-78507.7	-83124.0	-96322.1	-	-	-	-	-
2.393	3D MESSAGE	48	00	2A	91	20	59	D1	8C	AA	73	89	3C	62	15	97	C7	55	A6	9E	C7	D8	55	99	C7	04	5A	A2	C7	21	21	BC	C7	62	15	97	C7	55	A6	9E	C7	D8	55	99	C7	04	5A	A2	C7	21	21	BC	C7	00	00	00	00	00	00	00	00	00	00	00	00	00	00	00	00	00	00	00	00
2.393	3D DATA	true	-	-	-	-	-77354.8	-81228.7	-78507.7	-83124.0	-96322.3	-77354.8	-81228.7	-78507.7	-83124.0	-96322.3	-	-	-	-	-
2.394	3D MESSAGE	48	00	2B	91	20	59	D2	8C	AA	73	89	3C	70	15	97	C7	51	A6	9E	C7	D1	55	99	C7	08	5A	A2	C7	36	21	BC	C7	70	15	97	C7	51	A6	9E	C7	D1	55	99	C7	08	5A	A2	C7	36	21	BC	C7	00	00	00	00	00	00	00	00	00	00	00	00	00	00	00	00	00	00	00	00
2.394	3D DATA	true	-	-	-	-	-77354.9	-81228.6	-78507.6	-83124.1	-96322.4	-77354.9	-81228.6	-78507.6	-83124.1	-96322.4	-	-	-	-	-
2.394	3D MESSAGE	48	00	2C	91	20	59	D3	8C	AA	73	89	3C	84	15	97	C7	50	A6	9E	C7	C6	55	99	C7	08	5A	A2	C7	47	21	BC	C7	84	15	97	C7	50	A6	9E	C7	C6	55	99	C7	08	5A	A2	C7	47	21	BC	C7	00	00	00	00	00	00	00	00	00	00	00	00	00	00	00	00	00	00	00	00
2.394	3D DATA	true	-	-	-	-	-77355.0	-81228.6	-78507.5	-83124.1	-96322.6	-77355.0	-81228.6	-78507.5	-83124.1	-96322.6	-	-	-	-	-
2.394	3D MESSAGE	48	00	2D	91	20	59	D4	8C	AA	73	89	3C	9F	15	97	C7	55	A6	9E	C7	BA	55	99	C7	05	5A	A2	C7	50	21	BC	C7	9F	15	97	C7	55	A6	9E	C7	BA	55	99	C7	05	5A	A2	C7	50	21	BC	C7	00	00	00	00	00	00	00	00	00	00	00	00	00	00	00	00	00	00	00	00
2.394	3D DATA	true	-	-	-	-	-77355.2	-81228.7	-78507.5	-83124.0	-96322.6	-77355.2	-81228.7	-78507.5	-83124.0	-96322.6	-	-	-	-	-
2.395	3D MESSAGE	48	00	2E	91	20	59	D5	8C	AA	73	89	3C	BF	15	97	C7	60	A6	9E	C7	B1	55	99	C7	FE	59	A2	C7	4F	21	BC	C7	BF	15	97	C7	60	A6	9E	C7	B1	55	99	C7	FE	59	A2	C7	4F	21	BC	C7	00	00	00	00	00	00	00	00	00	00	00	00	00	00	00	00	00	00	00	00
2.395	3D DATA	true	-	-	-	-	-77355.5	-81228.8	-78507.4	-83124.0	-96322.6	-77355.5	-81228.8	-78507.4	-83124.0	-96322.6	-	-	-	-	-
2.395	3D MESSAGE	48	00	2F	91	20	59	D6	8C	AA	73	89	3C	DF	15	97	C7	6D	A6	9E	C7	AE	55	99	C7	F5	59	A2	C7	43	21	BC	C7	DF	15	97	C7	6D	A6	9E	C7	AE	55	99	C7	F5	59	A2	C7	43	21	BC	C7	00	00	00	00	00	00	00	00	00	00	00	00	00	00	00	00	00	00	00	00
2.395	3D DATA	true	-	-	-	-	-77355.7	-81228.9	-78507.4	-83123.9	-96322.5	-77355.7	-81228.9	-78507.4	-83123.9	-96322.5	-	-	-	-	-
2.395	3D MESSAGE	48	00	30	91	20	59	D7	8C	AA	73	89	3C	FB	15	97	C7	7A	A6	9E	C7	B0	55	99	C7	EA	59	A2	C7	2C	21	BC	C7	FB	15	97	C7	7A	A6	9E	C7	B0	55	99	C7	EA	59	A2	C7	2C	21	BC	C7	00	00	00	00	00	00	00	00	00	00	00	00	00	00	00	00	00	00	00	00
2.395	3D DATA	true	-	-	-	-	-77356.0	-81229.0	-78507.4	-83123.8	-96322.3	-77356.0	-81229.0	-78507.4	-83123.8	-96322.3	-	-	-	-	-
2.426	3D MESSAGE	48	00	31	91	20	59	D8	8C	AA	73	89	3C	0D	16	97	C7	84	A6	9E	C7	B8	55	99	C7	DF	59	A2	C7	0D	21	BC	C7	0D	16	97	C7	84	A6	9E	C7	B8	55	99	C7	DF	59	A2	C7	0D	21	BC	C7	00	00	00	00	00	00	00	00	00	00	00	00	00	00	00	00	00	00	00	00
2.426	3D DATA	true	-	-	-	-	-77356.1	-81229.0	-78507.4	-83123.7	-96322.1	-77356.1	-81229.0	-78507.4	-83123.7	-96322.1	-	-	-	-	-
2.426	3D MESSAGE	48	00	32	91	20	59	D9	8C	AA	73	89	3C	15	16	97	C7	8A	A6	9E	C7	C2	55	99	C7	D6	59	A2	C7	EC	20	BC	C7	15	16	97	C7	8A	A6	9E	C7	C2	55	99	C7	D6	59	A2	C7	EC	20	BC	C7	00	00	00	00	00	00	00	00	00	00	00	00	00	00	00	00	00	00	00	00
2.426	3D DATA	true	-	-	-	-	-77356.2	-81229.1	-78507.5	-83123.7	-96321.8	-77356.2	-81229.1	-78507.5	-83123.7	-96321.8	-	-	-	-	-
2.427	3D MESSAGE	48	00	33	91	20	59	DA	8C	AA	73	89	3C	14	16	97	C7	8D	A6	9E	C7	CC	55	99	C7	D1	59	A2	C7	D1	20	BC	C7	14	16	97	C7	8D	A6	9E	C7	CC	55	99	C7	D1	59	A2	C7	D1	20	BC	C7	00	00	00	00	00	00	00	00	00	00	00	00	00	00	00	00	00	00	00	00
2.427	3D DATA	true	-	-	-	-	-77356.2	-81229.1	-78507.6	-83123.6	-96321.6	-77356.2	-81229.1	-78507.6	-83123.6	-96321.6	-	-	-	-	-
2.427	3D MESSAGE	48	00	34	91	20	59	DB	8C	AA	73	89	3C	0E	16	97	C7	90	A6	9E	C7	D4	55	99	C7	D3	59	A2	C7	C0	20	BC	C7	0E	16	97	C7	90	A6	9E	C7	D4	55	99	C7	D3	59	A2	C7	C0	20	BC	C7	00	00	00	00	00	00	00	00	00	00	00	00	00	00	00	00	00	00	00	00
2.427	3D DATA	true	-	-	-	-	-77356.1	-81229.1	-78507.7	-83123.6	-96321.5	-77356.1	-81229.1	-78507.7	-83123.6	-96321.5	-	-	-	-	-
2.427	3D MESSAGE	48	00	35	91	20	59	DC	8C	AA	73	89	3C	08	16	97	C7	92	A6	9E	C7	D8	55	99	C7	DC	59	A2	C7	BE	20	BC	C7	08	16	97	C7	92	A6	9E	C7	D8	55	99	C7	DC	59	A2	C7	BE	20	BC	C7	00	00	00	00	00	00	00	00	00	00	00	00	00	00	00	00	00	00	00	00
2.428	3D DATA	true	-	-	-	-	-77356.1	-81229.1	-78507.7	-83123.7	-96321.5	-77356.1	-81229.1	-78507.7	-83123.7	-96321.5	-	-	-	-	-
2.428	3D MESSAGE	48	00	36	91	20	59	DD	8C	AA	73	89	3C	06	16	97	C7	95	A6	9E	C7	D7	55	99	C7	EA	59	A2	C7	C9	20	BC	C7	06	16	97	C7	95	A6	9E	C7	D7	55	99	C7	EA	59	A2	C7	C9	20	BC	C7	00	00	00	00	00	00	00	00	00	00	00	00	00	00	00	00	00	00	00	00
2.428	3D DATA	true	-	-	-	-	-77356.0	-81229.2	-78507.7	-83123.8	-96321.6	-77356.0	-81229.2	-78507.7	-83123.8	-96321.6	-	-	-	-	-
2.457	3D MESSAGE	48	00	37	91	20	59	DE	8C	AA	73	89	3C	09	16	97	C7	96	A6	9E	C7	D1	55	99	C7	FA	59	A2	C7	E0	20	BC	C7	09	16	97	C7	96	A6	9E	C7	D1	55	99	C7	FA	59	A2	C7	E0	20	BC	C7	00	00	00	00	00	00	00	00	00	00	00	00	00	00	00	00	00	00	00	00
2.457	3D DATA	true	-	-	-	-	-77356.1	-81229.2	-78507.6	-83124.0	-96321.8	-77356.1	-81229.2	-78507.6	-83124.0	-96321.8	-	-	-	-	-
2.458	3D MESSAGE	48	00	38	91	20	59	DF	8C	AA	73	89	3C	0F	16	97	C7	92	A6	9E	C7	C6	55	99	C7	08	5A	A2	C7	FA	20	BC	C7	0F	16	97	C7	92	A6	9E	C7	C6	55	99	C7	08	5A	A2	C7	FA	20	BC	C7	00	00	00	00	00	00	00	00	00	00	00	00	00	00	00	00	00	00	00	00
2.458	3D DATA	true	-	-	-	-	-77356.1	-81229.1	-78507.5	-83124.1	-96322.0	-77356.1	-81229.1	-78507.5	-83124.1	-96322.0	-	-	-	-	-
2.458	3D MESSAGE	48	00	39	91	20	59	E0	8C	AA	73	89	3C	16	16	97	C7	88	A6	9E	C7	B8	55	99	C7	12	5A	A2	C7	16	21	BC	C7	16	16	97	C7	88	A6	9E	C7	B8	55	99	C7	12	5A	A2	C7	16	21	BC	C7	00	00	00	00	00	00	00	00	00	00	00	00	00	00	00	00	00	00	00	00
2.458	3D DATA	true	-	-	-	-	-77356.2	-81229.1	-78507.4	-83124.1	-96322.2	-77356.2	-81229.1	-78507.4	-83124.1	-96322.2	-	-	-	-	-
2.458	3D MESSAGE	48	00	3A	91	20	59	E1	8C	AA	73	89	3C	1C	16	97	C7	78	A6	9E	C7	AB	55	99	C7	1A	5A	A2	C7	2F	21	BC	C7	1C	16	97	C7	78	A6	9E	C7	AB	55	99	C7	1A	5A	A2	C7	2F	21	BC	C7	00	00	00	00	00	00	00	00	00	00	00	00	00	00	00	00	00	00	00	00
2.458	3D DATA	true	-	-	-	-	-77356.2	-81228.9	-78507.3	-83124.2	-96322.4	-77356.2	-81228.9	-78507.3	-83124.2	-96322.4	-	-	-	-	-
2.458	3D MESSAGE	48	00	3B	91	20	59	E2	8C	AA	73	89	3C	20	16	97	C7	65	A6	9E	C7	A2	55	99	C7	1F	5A	A2	C7	45	21	BC	C7	20	16	97	C7	65	A6	9E	C7	A2	55	99	C7	1F	5A	A2	C7	45	21	BC	C7	00	00	00	00	00	00	00	00	00	00	00	00	00	00	00	00	00	00	00	00
2.458	3D DATA	true	-	-	-	-	-77356.2	-81228.8	-78507.3	-83124.2	-96322.5	-77356.2	-81228.8	-78507.3	-83124.2	-96322.5	-	-	-	-	-
2.459	3D MESSAGE	48	00	3C	91	20	59	E3	8C	AA	73	89	3C	21	16	97	C7	52	A6	9E	C7	9F	55	99	C7	27	5A	A2	C7	58	21	BC	C7	21	16	97	C7	52	A6	9E	C7	9F	55	99	C7	27	5A	A2	C7	58	21	BC	C7	00	00	00	00	00	00	00	00	00	00	00	00	00	00	00	00	00	00	00	00
2.459	3D DATA	true	-	-	-	-	-77356.3	-81228.6	-78507.2	-83124.3	-96322.7	-77356.3	-81228.6	-78507.2	-83124.3	-96322.7	-	-	-	-	-
2.484	3D MESSAGE	48	00	3D	91	20	59	E4	8C	AA	73	89	3C	20	16	97	C7	43	A6	9E	C7	A6	55	99	C7	32	5A	A2	C7	6A	21	BC	C7	20	16	97	C7	43	A6	9E	C7	A6	55	99	C7	32	5A	A2	C7	6A	21	BC	C7	00	00	00	00	00	00	00	00	00	00	00	00	00	00	00	00	00	00	00	00
2.484	3D DATA	true	-	-	-	-	-77356.2	-81228.5	-78507.3	-83124.4	-96322.8	-77356.2	-81228.5	-78507.3	-83124.4	-96322.8	-	-	-	-	-
2.485	3D MESSAGE	48	00	3E	91	20	59	E5	8C	AA	73	89	3C	1F	16	97	C7	3A	A6	9E	C7	B5	55	99	C7	41	5A	A2	C7	7A	21	BC	C7	1F	16	97	C7	3A	A6	9E	C7	B5	55	99	C7	41	5A	A2	C7	7A	21	BC	C7	00	00	00	00	00	00	00	00	00	00	00	00	00	00	00	00	00	00	00	00
2.485	3D DATA	true	-	-	-	-	-77356.2	-81228.5	-78507.4	-83124.5	-96323.0	-77356.2	-81228.5	-78507.4	-83124.5	-96323.0	-	-	-	-	-
2.485	3D MESSAGE	48	00	3F	91	20	59	E6	8C	AA	73	89	3C	1E	16	97	C7	38	A6	9E	C7	C9	55	99	C7	51	5A	A2	C7	88	21	BC	C7	1E	16	97	C7	38	A6	9E	C7	C9	55	99	C7	51	5A	A2	C7	88	21	BC	C7	00	00	00	00	00	00	00	00	00	00	00	00	00	00	00	00	00	00	00	00
2.485	3D DATA	true	-	-	-	-	-77356.2	-81228.4	-78507.6	-83124.6	-96323.1	-77356.2	-81228.4	-78507.6	-83124.6	-96323.1	-	-	-	-	-
2.485	3D MESSAGE	48	00	40	91	20	59	E7	8C	AA	73	89	3C	1C	16	97	C7	3A	A6	9E	C7	DD	55	99	C7	5E	5A	A2	C7	93	21	BC	C7	1C	16	97	C7	3A	A6	9E	C7	DD	55	99	C7	5E	5A	A2	C7	93	21	BC	C7	00	00	00	00	00	00	00	00	00	00	00	00	00	00	00	00	00	00	00	00
2.485	3D DATA	true	-	-	-	-	-77356.2	-81228.5	-78507.7	-83124.7	-96323.1	-77356.2	-81228.5	-78507.7	-83124.7	-96323.1	-	-	-	-	-
2.486	3D MESSAGE	48	00	41	91	20	59	E8	8C	AA	73	89	3C	18	16	97	C7	3E	A6	9E	C7	EC	55	99	C7	62	5A	A2	C7	97	21	BC	C7	18	16	97	C7	3E	A6	9E	C7	EC	55	99	C7	62	5A	A2	C7	97	21	BC	C7	00	00	00	00	00	00	00	00	00	00	00	00	00	00	00	00	00	00	00	00
2.486	3D DATA	true	-	-	-	-	-77356.2	-81228.5	-78507.8	-83124.8	-96323.2	-77356.2	-81228.5	-78507.8	-83124.8	-96323.2	-	-	-	-	-
2.487	3D MESSAGE	48	00	42	91	20	59	E9	8C	AA	73	89	3C	11	16	97	C7	42	A6	9E	C7	F4	55	99	C7	5B	5A	A2	C7	94	21	BC	C7	11	16	97	C7	42	A6	9E	C7	F4	55	99	C7	5B	5A	A2	C7	94	21	BC	C7	00	00	00	00	00	00	00	00	00	00	00	00	00	00	00	00	00	00	00	00
2.487	3D DATA	true	-	-	-	-	-77356.1	-81228.5	-78507.9	-83124.7	-96323.2	-77356.1	-81228.5	-78507.9	-83124.7	-96323.2	-	-	-	-	-
2.516	3D MESSAGE	48	00	43	91	20	59	EA	8C	AA	73	89	3C	06	16	97	C7	41	A6	9E	C7	F3	55	99	C7	48	5A	A2	C7	8B	21	BC	C7	06	16	97	C7	41	A6	9E	C7	F3	55	99	C7	48	5A	A2	C7	8B	21	BC	C7	00	00	00	00	00	00	00	00	00	00	00	00	00	00	00	00	00	00	00	00
2.516	3D DATA	true	-	-	-	-	-77356.0	-81228.5	-78507.9	-83124.6	-96323.1	-77356.0	-81228.5	-78507.9	-83124.6	-96323.1	-	-	-	-	-
2.517	3D MESSAGE	48	00	44	91	20	59	EB	8C	AA	73	89	3C	F6	15	97	C7	3B	A6	9E	C7	EC	55	99	C7	2D	5A	A2	C7	7B	21	BC	C7	F6	15	97	C7	3B	A6	9E	C7	EC	55	99	C7	2D	5A	A2	C7	7B	21	BC	C7	00	00	00	00	00	00	00	00	00	00	00	00	00	00	00	00	00	00	00	00
2.517	3D DATA	true	-	-	-	-	-77355.9	-81228.5	-78507.8	-83124.4	-96323.0	-77355.9	-81228.5	-78507.8	-83124.4	-96323.0	-	-	-	-	-
2.517	3D MESSAGE	48	00	45	91	20	59	EC	8C	76	98	86	3C	E1	15	97	C7	30	A6	9E	C7	E1	55	99	C7	0E	5A	A2	C7	66	21	BC	C7	E1	15	97	C7	30	A6	9E	C7	E1	55	99	C7	0E	5A	A2	C7	66	21	BC	C7	00	00	00	00	00	00	00	00	00	00	00	00	00	00	00	00	00	00	00	00
2.517	3D DATA	true	-	-	-	-	-77355.8	-81228.4	-78507.8	-83124.1	-96322.8	-77355.8	-81228.4	-78507.8	-83124.1	-96322.8	-	-	-	-	-
2.518	3D MESSAGE	48	00	46	91	20	59	ED	8C	76	98	86	3C	C8	15	97	C7	1E	A6	9E	C7	D8	55	99	C7	F1	59	A2	C7	4C	21	BC	C7	C8	15	97	C7	1E	A6	9E	C7	D8	55	99	C7	F1	59	A2	C7	4C	21	BC	C7	00	00	00	00	00	00	00	00	00	00	00	00	00	00	00	00	00	00	00	00
2.518	3D DATA	true	-	-	-	-	-77355.6	-81228.2	-78507.7	-83123.9	-96322.6	-77355.6	-81228.2	-78507.7	-83123.9	-96322.6	-	-	-	-	-
2.518	3D MESSAGE	48	00	47	91	20	59	EE	8C	76	98	86	3C	AE	15	97	C7	0B	A6	9E	C7	D4	55	99	C7	DA	59	A2	C7	30	21	BC	C7	AE	15	97	C7	0B	A6	9E	C7	D4	55	99	C7	DA	59	A2	C7	30	21	BC	C7	00	00	00	00	00	00	00	00	00	00	00	00	00	00	00	00	00	00	00	00
2.518	3D DATA	true	-	-	-	-	-77355.4	-81228.1	-78507.7	-83123.7	-96322.4	-77355.4	-81228.1	-78507.7	-83123.7	-96322.4	-	-	-	-	-
2.518	3D MESSAGE	48	00	48	91	20	59	EF	8C	76	98	86	3C	95	15	97	C7	F9	A5	9E	C7	D8	55	99	C7	CD	59	A2	C7	15	21	BC	C7	95	15	97	C7	F9	A5	9E	C7	D8	55	99	C7	CD	59	A2	C7	15	21	BC	C7	00	00	00	00	00	00	00	00	00	00	00	00	00	00	00	00	00	00	00	00
2.518	3D DATA	true	-	-	-	-	-77355.2	-81227.9	-78507.7	-83123.6	-96322.2	-77355.2	-81227.9	-78507.7	-83123.6	-96322.2	-	-	-	-	-
2.550	3D MESSAGE	48	00	49	91	20	59	F0	8C	76	98	86	3C	80	15	97	C7	EC	A5	9E	C7	E2	55	99	C7	CA	59	A2	C7	FC	20	BC	C7	80	15	97	C7	EC	A5	9E	C7	E2	55	99	C7	CA	59	A2	C7	FC	20	BC	C7	00	00	00	00	00	00	00	00	00	00	00	00	00	00	00	00	00	00	00	00
2.550	3D DATA	true	-	-	-	-	-77355.0	-81227.8	-78507.8	-83123.6	-96322.0	-77355.0	-81227.8	-78507.8	-83123.6	-96322.0	-	-	-	-	-
2.551	3D MESSAGE	48	00	4A	91	20	59	F1	8C	76	98	86	3C	72	15	97	C7	E6	A5	9E	C7	F2	55	99	C7	CF	59	A2	C7	E7	20	BC	C7	72	15	97	C7	E6	A5	9E	C7	F2	55	99	C7	CF	59	A2	C7	E7	20	BC	C7	00	00	00	00	00	00	00	00	00	00	00	00	00	00	00	00	00	00	00	00
2.551	3D DATA	true	-	-	-	-	-77354.9	-81227.8	-78507.9	-83123.6	-96321.8	-77354.9	-81227.8	-78507.9	-83123.6	-96321.8	-	-	-	-	-
2.551	3D MESSAGE	48	00	4B	91	20	59	F2	8C	76	98	86	3C	6A	15	97	C7	E8	A5	9E	C7	05	56	99	C7	D8	59	A2	C7	D7	20	BC	C7	6A	15	97	C7	E8	A5	9E	C7	05	56	99	C7	D8	59	A2	C7	D7	20	BC	C7	00	00	00	00	00	00	00	00	00	00	00	00	00	00	00	00	00	00	00	00
2.551	3D DATA	true	-	-	-	-	-77354.8	-81227.8	-78508.0	-83123.7	-96321.7	-77354.8	-81227.8	-78508.0	-83123.7	-96321.7	-	-	-	-	-
2.551	3D MESSAGE	48	00	4C	91	20	59	F3	8C	76	98	86	3C	68	15	97	C7	F3	A5	9E	C7	17	56	99	C7	E3	59	A2	C7	CC	20	BC	C7	68	15	97	C7	F3	A5	9E	C7	17	56	99	C7	E3	59	A2	C7	CC	20	BC	C7	00	00	00	00	00	00	00	00	00	00	00	00	00	00	00	00	00	00	00	00
2.551	3D DATA	true	-	-	-	-	-77354.8	-81227.9	-78508.2	-83123.8	-96321.6	-77354.8	-81227.9	-78508.2	-83123.8	-96321.6	-	-	-	-	-
2.551	3D MESSAGE	48	00	4D	91	20	59	F4	8C	76	98	86	3C	6A	15	97	C7	02	A6	9E	C7	25	56	99	C7	EB	59	A2	C7	C3	20	BC	C7	6A	15	97	C7	02	A6	9E	C7	25	56	99	C7	EB	59	A2	C7	C3	20	BC	C7	00	00	00	00	00	00	00	00	00	00	00	00	00	00	00	00	00	00	00	00
2.552	3D DATA	true	-	-	-	-	-77354.8	-81228.0	-78508.3	-83123.8	-96321.5	-77354.8	-81228.0	-78508.3	-83123.8	-96321.5	-	-	-	-	-
2.552	3D MESSAGE	48	00	4E	91	20	59	F5	8C	76	98	86	3C	6D	15	97	C7	13	A6	9E	C7	2C	56	99	C7	F0	59	A2	C7	BC	20	BC	C7	6D	15	97	C7	13	A6	9E	C7	2C	56	99	C7	F0	59	A2	C7	BC	20	BC	C7	00	00	00	00	00	00	00	00	00	00	00	00	00	00	00	00	00	00	00	00
2.552	3D DATA	true	-	-	-	-	-77354.9	-81228.1	-78508.3	-83123.9	-96321.5	-77354.9	-81228.1	-78508.3	-83123.9	-96321.5	-	-	-	-	-
2.552	3D MESSAGE	48	00	4F	91	20	59	F6	8C	76	98	86	3C	72	15	97	C7	23	A6	9E	C7	2F	56	99	C7	F1	59	A2	C7	B5	20	BC	C7	72	15	97	C7	23	A6	9E	C7	2F	56	99	C7	F1	59	A2	C7	B5	20	BC	C7	00	00	00	00	00	00	00	00	00	00	00	00	00	00	00	00	00	00	00	00
2.552	3D DATA	true	-	-	-	-	-77354.9	-81228.3	-78508.4	-83123.9	-96321.4	-77354.9	-81228.3	-78508.4	-83123.9	-96321.4	-	-	-	-	-
2.580	3D MESSAGE	48	00	50	91	20	59	F7	8C	76	98	86	3C	7A	15	97	C7	32	A6	9E	C7	2E	56	99	C7	EF	59	A2	C7	B1	20	BC	C7	7A	15	97	C7	32	A6	9E	C7	2E	56	99	C7	EF	59	A2	C7	B1	20	BC	C7	00	00	00	00	00	00	00	00	00	00	00	00	00	00	00	00	00	00	00	00
2.580	3D DATA	true	-	-	-	-	-77355.0	-81228.4	-78508.4	-83123.9	-96321.4	-77355.0	-81228.4	-78508.4	-83123.9	-96321.4	-	-	-	-	-
2.580	3D MESSAGE	48	00	51	91	20	59	F8	8C	76	98	86	3C	84	15	97	C7	40	A6	9E	C7	30	56	99	C7	EE	59	A2	C7	B5	20	BC	C7	84	15	97	C7	40	A6	9E	C7	30	56	99	C7	EE	59	A2	C7	B5	20	BC	C7	00	00	00	00	00	00	00	00	00	00	00	00	00	00	00	00	00	00	00	00
2.580	3D DATA	true	-	-	-	-	-77355.0	-81228.5	-78508.4	-83123.9	-96321.4	-77355.0	-81228.5	-78508.4	-83123.9	-96321.4	-	-	-	-	-
2.581	3D MESSAGE	48	00	52	91	20	59	F9	8C	76	98	86	3C	93	15	97	C7	50	A6	9E	C7	38	56	99	C7	F0	59	A2	C7	C6	20	BC	C7	93	15	97	C7	50	A6	9E	C7	38	56	99	C7	F0	59	A2	C7	C6	20	BC	C7	00	00	00	00	00	00	00	00	00	00	00	00	00	00	00	00	00	00	00	00
2.581	3D DATA	true	-	-	-	-	-77355.1	-81228.6	-78508.4	-83123.9	-96321.5	-77355.1	-81228.6	-78508.4	-83123.9	-96321.5	-	-	-	-	-
2.581	3D MESSAGE	48	00	53	91	20	59	FA	8C	76	98	86	3C	A7	15	97	C7	62	A6	9E	C7	4A	56	99	C7	F7	59	A2	C7	E8	20	BC	C7	A7	15	97	C7	62	A6	9E	C7	4A	56	99	C7	F7	59	A2	C7	E8	20	BC	C7	00	00	00	00	00	00	00	00	00	00	00	00	00	00	00	00	00	00	00	00
2.581	3D DATA	true	-	-	-	-	-77355.3	-81228.8	-78508.6	-83123.9	-96321.8	-77355.3	-81228.8	-78508.6	-83123.9	-96321.8	-	-	-	-	-
2.581	3D MESSAGE	48	00	54	91	20	59	FB	8C	76	98	86	3C	C0	15	97	C7	78	A6	9E	C7	66	56	99	C7	04	5A	A2	C7	1D	21	BC	C7	C0	15	97	C7	78	A6	9E	C7	66	56	99	C7	04	5A	A2	C7	1D	21	BC	C7	00	00	00	00	00	00	00	00	00	00	00	00	00	00	00	00	00	00	00	00
2.581	3D DATA	true	-	-	-	-	-77355.5	-81228.9	-78508.8	-83124.0	-96322.2	-77355.5	-81228.9	-78508.8	-83124.0	-96322.2	-	-	-	-	-
2.581	3D MESSAGE	48	00	55	91	20	59	FC	8C	76	98	86	3C	DD	15	97	C7	8C	A6	9E	C7	8A	56	99	C7	16	5A	A2	C7	60	21	BC	C7	DD	15	97	C7	8C	A6	9E	C7	8A	56	99	C7	16	5A	A2	C7	60	21	BC	C7	00	00	00	00	00	00	00	00	00	00	00	00	00	00	00	00	00	00	00	00
2.581	3D DATA	true	-	-	-	-	-77355.7	-81229.1	-78509.1	-83124.2	-96322.8	-77355.7	-81229.1	-78509.1	-83124.2	-96322.8	-	-	-	-	-
2.610	3D MESSAGE	48	00	56	91	20	59	FD	8C	76	98	86	3C	FA	15	97	C7	A0	A6	9E	C7	B1	56	99	C7	28	5A	A2	C7	AC	21	BC	C7	FA	15	97	C7	A0	A6	9E	C7	B1	56	99	C7	28	5A	A2	C7	AC	21	BC	C7	00	00	00	00	00	00	00	00	00	00	00	00	00	00	00	00	00	00	00	00
2.610	3D DATA	true	-	-	-	-	-77356.0	-81229.2	-78509.4	-83124.3	-96323.3	-77356.0	-81229.2	-78509.4	-83124.3	-96323.3	-	-	-	-	-
2.611	3D MESSAGE	48	00	57	91	20	59	FE	8C	76	98	86	3C	17	16	97	C7	AF	A6	9E	C7	D4	56	99	C7	3A	5A	A2	C7	F6	21	BC	C7	17	16	97	C7	AF	A6	9E	C7	D4	56	99	C7	3A	5A	A2	C7	F6	21	BC	C7	00	00	00	00	00	00	00	00	00	00	00	00	00	00	00	00	00	00	00	00
2.611	3D DATA	true	-	-	-	-	-77356.2	-81229.4	-78509.7	-83124.5	-96323.9	-77356.2	-81229.4	-78509.7	-83124.5	-96323.9	-	-	-	-	-
2.611	3D MESSAGE	48	00	58	91	20	59	FF	8C	76	98	86	3C	30	16	97	C7	BA	A6	9E	C7	EC	56	99	C7	47	5A	A2	C7	37	22	BC	C7	30	16	97	C7	BA	A6	9E	C7	EC	56	99	C7	47	5A	A2	C7	37	22	BC	C7	00	00	00	00	00	00	00	00	00	00	00	00	00	00	00	00	00	00	00	00
2.611	3D DATA	true	-	-	-	-	-77356.4	-81229.5	-78509.8	-83124.6	-96324.4	-77356.4	-81229.5	-78509.8	-83124.6	-96324.4	-	-	-	-	-
2.611	3D MESSAGE	48	00	59	91	20	59	00	8C	76	98	86	3C	42	16	97	C7	C0	A6	9E	C7	F8	56	99	C7	4D	5A	A2	C7	67	22	BC	C7	42	16	97	C7	C0	A6	9E	C7	F8	56	99	C7	4D	5A	A2	C7	67	22	BC	C7	00	00	00	00	00	00	00	00	00	00	00	00	00	00	00	00	00	00	00	00
2.611	3D DATA	true	-	-	-	-	-77356.5	-81229.5	-78509.9	-83124.6	-96324.8	-77356.5	-81229.5	-78509.9	-83124.6	-96324.8	-	-	-	-	-
2.611	3D MESSAGE	48	00	5A	91	20	59	01	8C	76	98	86	3C	4E	16	97	C7	C4	A6	9E	C7	F4	56	99	C7	4E	5A	A2	C7	82	22	BC	C7	4E	16	97	C7	C4	A6	9E	C7	F4	56	99	C7	4E	5A	A2	C7	82	22	BC	C7	00	00	00	00	00	00	00	00	00	00	00	00	00	00	00	00	00	00	00	00
2.611	3D DATA	true	-	-	-	-	-77356.6	-81229.5	-78509.9	-83124.6	-96325.0	-77356.6	-81229.5	-78509.9	-83124.6	-96325.0	-	-	-	-	-
2.612	3D MESSAGE	48	00	5B	91	20	59	02	8C	76	98	86	3C	51	16	97	C7	C6	A6	9E	C7	E3	56	99	C7	4B	5A	A2	C7	8A	22	BC	C7	51	16	97	C7	C6	A6	9E	C7	E3	56	99	C7	4B	5A	A2	C7	8A	22	BC	C7	00	00	00	00	00	00	00	00	00	00	00	00	00	00	00	00	00	00	00	00
2.612	3D DATA	true	-	-	-	-	-77356.6	-81229.5	-78509.8	-83124.6	-96325.1	-77356.6	-81229.5	-78509.8	-83124.6	-96325.1	-	-	-	-	-
2.612	3D MESSAGE	48	00	5C	91	20	59	03	8C	76	98	86	3C	4C	16	97	C7	C7	A6	9E	C7	CB	56	99	C7	48	5A	A2	C7	80	22	BC	C7	4C	16	97	C7	C7	A6	9E	C7	CB	56	99	C7	48	5A	A2	C7	80	22	BC	C7	00	00	00	00	00	00	00	00	00	00	00	00	00	00	00	00	00	00	00	00
2.612	3D DATA	true	-	-	-	-	-77356.6	-81229.6	-78509.6	-83124.6	-96325.0	-77356.6	-81229.6	-78509.6	-83124.6	-96325.0	-	-	-	-	-
2.639	3D MESSAGE	48	00	5D	91	20	59	04	8C	76	98	86	3C	41	16	97	C7	C7	A6	9E	C7	B0	56	99	C7	49	5A	A2	C7	6A	22	BC	C7	41	16	97	C7	C7	A6	9E	C7	B0	56	99	C7	49	5A	A2	C7	6A	22	BC	C7	00	00	00	00	00	00	00	00	00	00	00	00	00	00	00	00	00	00	00	00
2.639	3D DATA	true	-	-	-	-	-77356.5	-81229.6	-78509.4	-83124.6	-96324.8	-77356.5	-81229.6	-78509.4	-83124.6	-96324.8	-	-	-	-	-
2.639	3D MESSAGE	48	00	5E	91	20	59	05	8C	76	98	86	3C	34	16	97	C7	C6	A6	9E	C7	97	56	99	C7	50	5A	A2	C7	52	22	BC	C7	34	16	97	C7	C6	A6	9E	C7	97	56	99	C7	50	5A	A2	C7	52	22	BC	C7	00	00	00	00	00	00	00	00	00	00	00	00	00	00	00	00	00	00	00	00
2.639	3D DATA	true	-	-	-	-	-77356.4	-81229.5	-78509.2	-83124.6	-96324.6	-77356.4	-81229.5	-78509.2	-83124.6	-96324.6	-	-	-	-	-
2.640	3D MESSAGE	48	00	5F	91	20	59	06	8C	76	98	86	3C	29	16	97	C7	C4	A6	9E	C7	82	56	99	C7	5D	5A	A2	C7	3B	22	BC	C7	29	16	97	C7	C4	A6	9E	C7	82	56	99	C7	5D	5A	A2	C7	3B	22	BC	C7	00	00	00	00	00	00	00	00	00	00	00	00	00	00	00	00	00	00	00	00
2.640	3D DATA	true	-	-	-	-	-77356.3	-81229.5	-78509.0	-83124.7	-96324.5	-77356.3	-81229.5	-78509.0	-83124.7	-96324.5	-	-	-	-	-
2.640	3D MESSAGE	48	00	60	91	20	59	07	8C	76	98	86	3C	23	16	97	C7	C1	A6	9E	C7	72	56	99	C7	6E	5A	A2	C7	2A	22	BC	C7	23	16	97	C7	C1	A6	9E	C7	72	56	99	C7	6E	5A	A2	C7	2A	22	BC	C7	00	00	00	00	00	00	00	00	00	00	00	00	00	00	00	00	00	00	00	00
2.640	3D DATA	true	-	-	-	-	-77356.3	-81229.5	-78508.9	-83124.9	-96324.3	-77356.3	-81229.5	-78508.9	-83124.9	-96324.3	-	-	-	-	-
2.640	3D MESSAGE	48	00	61	91	20	59	08	8C	76	98	86	3C	27	16	97	C7	BE	A6	9E	C7	68	56	99	C7	7D	5A	A2	C7	21	22	BC	C7	27	16	97	C7	BE	A6	9E	C7	68	56	99	C7	7D	5A	A2	C7	21	22	BC	C7	00	00	00	00	00	00	00	00	00	00	00	00	00	00	00	00	00	00	00	00
2.640	3D DATA	true	-	-	-	-	-77356.3	-81229.5	-78508.8	-83125.0	-96324.3	-77356.3	-81229.5	-78508.8	-83125.0	-96324.3	-	-	-	-	-
2.641	3D MESSAGE	48	00	62	91	20	59	09	8C	76	98	86	3C	33	16	97	C7	BD	A6	9E	C7	63	56	99	C7	87	5A	A2	C7	20	22	BC	C7	33	16	97	C7	BD	A6	9E	C7	63	56	99	C7	87	5A	A2	C7	20	22	BC	C7	00	00	00	00	00	00	00	00	00	00	00	00	00	00	00	00	00	00	00	00
2.641	3D DATA	true	-	-	-	-	-77356.4	-81229.5	-78508.8	-83125.1	-96324.2	-77356.4	-81229.5	-78508.8	-83125.1	-96324.2	-	-	-	-	-
2.672	3D MESSAGE	48	00	63	91	20	59	0A	8C	76	98	86	3C	44	16	97	C7	BD	A6	9E	C7	60	56	99	C7	86	5A	A2	C7	22	22	BC	C7	44	16	97	C7	BD	A6	9E	C7	60	56	99	C7	86	5A	A2	C7	22	22	BC	C7	00	00	00	00	00	00	00	00	00	00	00	00	00	00	00	00	00	00	00	00
2.672	3D DATA	true	-	-	-	-	-77356.5	-81229.5	-78508.8	-83125.0	-96324.3	-77356.5	-81229.5	-78508.8	-83125.0	-96324.3	-	-	-	-	-
2.672	3D MESSAGE	48	00	64	91	20	59	0B	8C	76	98	86	3C	56	16	97	C7	BD	A6	9E	C7	5E	56	99	C7	7A	5A	A2	C7	22	22	BC	C7	56	16	97	C7	BD	A6	9E	C7	5E	56	99	C7	7A	5A	A2	C7	22	22	BC	C7	00	00	00	00	00	00	00	00	00	00	00	00	00	00	00	00	00	00	00	00
2.672	3D DATA	true	-	-	-	-	-77356.7	-81229.5	-78508.7	-83125.0	-96324.3	-77356.7	-81229.5	-78508.7	-83125.0	-96324.3	-	-	-	-	-
2.672	3D MESSAGE	48	00	65	91	20	59	0C	8C	76	98	86	3C	60	16	97	C7	BB	A6	9E	C7	5A	56	99	C7	60	5A	A2	C7	1C	22	BC	C7	60	16	97	C7	BB	A6	9E	C7	5A	56	99	C7	60	5A	A2	C7	1C	22	BC	C7	00	00	00	00	00	00	00	00	00	00	00	00	00	00	00	00	00	00	00	00
2.672	3D DATA	true	-	-	-	-	-77356.8	-81229.5	-78508.7	-83124.8	-96324.2	-77356.8	-81229.5	-78508.7	-83124.8	-96324.2	-	-	-	-	-
2.673	3D MESSAGE	48	00	66	91	20	59	0D	8C	76	98	86	3C	5C	16	97	C7	B4	A6	9E	C7	52	56	99	C7	3D	5A	A2	C7	09	22	BC	C7	5C	16	97	C7	B4	A6	9E	C7	52	56	99	C7	3D	5A	A2	C7	09	22	BC	C7	00	00	00	00	00	00	00	00	00	00	00	00	00	00	00	00	00	00	00	00
2.673	3D DATA	true	-	-	-	-	-77356.7	-81229.4	-78508.6	-83124.5	-96324.1	-77356.7	-81229.4	-78508.6	-83124.5	-96324.1	-	-	-	-	-
2.673	3D MESSAGE	48	00	67	91	20	59	0E	8C	76	98	86	3C	46	16	97	C7	A4	A6	9E	C7	43	56	99	C7	12	5A	A2	C7	E6	21	BC	C7	46	16	97	C7	A4	A6	9E	C7	43	56	99	C7	12	5A	A2	C7	E6	21	BC	C7	00	00	00	00	00	00	00	00	00	00	00	00	00	00	00	00	00	00	00	00
2.673	3D DATA	true	-	-	-	-	-77356.5	-81229.3	-78508.5	-83124.1	-96323.8	-77356.5	-81229.3	-78508.5	-83124.1	-96323.8	-	-	-	-	-
2.674	3D MESSAGE	48	00	68	91	20	59	0F	8C	76	98	86	3C	1F	16	97	C7	88	A6	9E	C7	2B	56	99	C7	E6	59	A2	C7	B2	21	BC	C7	1F	16	97	C7	88	A6	9E	C7	2B	56	99	C7	E6	59	A2	C7	B2	21	BC	C7	00	00	00	00	00	00	00	00	00	00	00	00	00	00	00	00	00	00	00	00
2.674	3D DATA	true	-	-	-	-	-77356.2	-81229.1	-78508.3	-83123.8	-96323.4	-77356.2	-81229.1	-78508.3	-83123.8	-96323.4	-	-	-	-	-
2.705	3D MESSAGE	48	00	69	91	20	59	10	8C	76	98	86	3C	E8	15	97	C7	61	A6	9E	C7	08	56	99	C7	BA	59	A2	C7	6C	21	BC	C7	E8	15	97	C7	61	A6	9E	C7	08	56	99	C7	BA	59	A2	C7	6C	21	BC	C7	00	00	00	00	00	00	00	00	00	00	00	00	00	00	00	00	00	00	00	00
2.705	3D DATA	true	-	-	-	-	-77355.8	-81228.8	-78508.1	-83123.5	-96322.8	-77355.8	-81228.8	-78508.1	-83123.5	-96322.8	-	-	-	-	-
2.706	3D MESSAGE	48	00	6A	91	20	59	11	8C	76	98	86	3C	A8	15	97	C7	2F	A6	9E	C7	DA	55	99	C7	91	59	A2	C7	16	21	BC	C7	A8	15	97	C7	2F	A6	9E	C7	DA	55	99	C7	91	59	A2	C7	16	21	BC	C7	00	00	00	00	00	00	00	00	00	00	00	00	00	00	00	00	00	00	00	00
2.706	3D DATA	true	-	-	-	-	-77355.3	-81228.4	-78507.7	-83123.1	-96322.2	-77355.3	-81228.4	-78507.7	-83123.1	-96322.2	-	-	-	-	-
2.706	3D MESSAGE	48	00	6B	91	20	59	12	8C	76	98	86	3C	66	15	97	C7	F6	A5	9E	C7	A4	55	99	C7	6D	59	A2	C7	B6	20	BC	C7	66	15	97	C7	F6	A5	9E	C7	A4	55	99	C7	6D	59	A2	C7	B6	20	BC	C7	00	00	00	00	00	00	00	00	00	00	00	00	00	00	00	00	00	00	00	00
2.706	3D DATA	true	-	-	-	-	-77354.8	-81227.9	-78507.3	-83122.9	-96321.4	-77354.8	-81227.9	-78507.3	-83122.9	-96321.4	-	-	-	-	-
2.707	3D MESSAGE	48	00	6C	91	20	59	13	8C	76	98	86	3C	29	15	97	C7	BB	A5	9E	C7	6A	55	99	C7	4D	59	A2	C7	51	20	BC	C7	29	15	97	C7	BB	A5	9E	C7	6A	55	99	C7	4D	59	A2	C7	51	20	BC	C7	00	00	00	00	00	00	00	00	00	00	00	00	00	00	00	00	00	00	00	00
2.707	3D DATA	true	-	-	-	-	-77354.3	-81227.5	-78506.8	-83122.6	-96320.6	-77354.3	-81227.5	-78506.8	-83122.6	-96320.6	-	-	-	-	-
2.707	3D MESSAGE	48	00	6D	91	20	59	14	8C	52	EB	85	3C	F4	14	97	C7	85	A5	9E	C7	34	55	99	C7	32	59	A2	C7	EE	1F	BC	C7	F4	14	97	C7	85	A5	9E	C7	34	55	99	C7	32	59	A2	C7	EE	1F	BC	C7	00	00	00	00	00	00	00	00	00	00	00	00	00	00	00	00	00	00	00	00
2.707	3D DATA	true	-	-	-	-	-77353.9	-81227.0	-78506.4	-83122.4	-96319.9	-77353.9	-81227.0	-78506.4	-83122.4	-96319.9	-	-	-	-	-
2.707	3D MESSAGE	48	00	6E	91	20	59	15	8C	52	EB	85	3C	CC	14	97	C7	59	A5	9E	C7	06	55	99	C7	1C	59	A2	C7	94	1F	BC	C7	CC	14	97	C7	59	A5	9E	C7	06	55	99	C7	1C	59	A2	C7	94	1F	BC	C7	00	00	00	00	00	00	00	00	00	00	00	00	00	00	00	00	00	00	00	00
2.707	3D DATA	true	-	-	-	-	-77353.6	-81226.7	-78506.0	-83122.2	-96319.2	-77353.6	-81226.7	-78506.0	-83122.2	-96319.2	-	-	-	-	-
2.708	3D MESSAGE	48	00	6F	91	20	59	16	8C	52	EB	85	3C	B2	14	97	C7	3C	A5	9E	C7	E8	54	99	C7	0F	59	A2	C7	4D	1F	BC	C7	B2	14	97	C7	3C	A5	9E	C7	E8	54	99	C7	0F	59	A2	C7	4D	1F	BC	C7	00	00	00	00	00	00	00	00	00	00	00	00	00	00	00	00	00	00	00	00
2.708	3D DATA	true	-	-	-	-	-77353.4	-81226.5	-78505.8	-83122.1	-96318.6	-77353.4	-81226.5	-78505.8	-83122.1	-96318.6	-	-	-	-	-
2.734	3D MESSAGE	48	00	70	91	20	59	17	8C	52	EB	85	3C	A8	14	97	C7	31	A5	9E	C7	DC	54	99	C7	0C	59	A2	C7	1E	1F	BC	C7	A8	14	97	C7	31	A5	9E	C7	DC	54	99	C7	0C	59	A2	C7	1E	1F	BC	C7	00	00	00	00	00	00	00	00	00	00	00	00	00	00	00	00	00	00	00	00
2.734	3D DATA	true	-	-	-	-	-77353.3	-81226.4	-78505.7	-83122.1	-96318.2	-77353.3	-81226.4	-78505.7	-83122.1	-96318.2	-	-	-	-	-
2.735	3D MESSAGE	48	00	71	91	20	59	18	8C	52	EB	85	3C	AB	14	97	C7	35	A5	9E	C7	E2	54	99	C7	16	59	A2	C7	0D	1F	BC	C7	AB	14	97	C7	35	A5	9E	C7	E2	54	99	C7	16	59	A2	C7	0D	1F	BC	C7	00	00	00	00	00	00	00	00	00	00	00	00	00	00	00	00	00	00	00	00
2.735	3D DATA	true	-	-	-	-	-77353.3	-81226.4	-78505.8	-83122.2	-96318.1	-77353.3	-81226.4	-78505.8	-83122.2	-96318.1	-	-	-	-	-
2.735	3D MESSAGE	48	00	72	91	20	59	19	8C	52	EB	85	3C	BC	14	97	C7	44	A5	9E	C7	F4	54	99	C7	2C	59	A2	C7	17	1F	BC	C7	BC	14	97	C7	44	A5	9E	C7	F4	54	99	C7	2C	59	A2	C7	17	1F	BC	C7	00	00	00	00	00	00	00	00	00	00	00	00	00	00	00	00	00	00	00	00
2.735	3D DATA	true	-	-	-	-	-77353.5	-81226.5	-78505.9	-83122.3	-96318.2	-77353.5	-81226.5	-78505.9	-83122.3	-96318.2	-	-	-	-	-
2.735	3D MESSAGE	48	00	73	91	20	59	1A	8C	52	EB	85	3C	D6	14	97	C7	5A	A5	9E	C7	10	55	99	C7	4C	59	A2	C7	3A	1F	BC	C7	D6	14	97	C7	5A	A5	9E	C7	10	55	99	C7	4C	59	A2	C7	3A	1F	BC	C7	00	00	00	00	00	00	00	00	00	00	00	00	00	00	00	00	00	00	00	00
2.735	3D DATA	true	-	-	-	-	-77353.7	-81226.7	-78506.1	-83122.6	-96318.5	-77353.7	-81226.7	-78506.1	-83122.6	-96318.5	-	-	-	-	-
2.736	3D MESSAGE	48	00	74	91	20	59	1B	8C	52	EB	85	3C	F4	14	97	C7	6F	A5	9E	C7	2D	55	99	C7	72	59	A2	C7	6C	1F	BC	C7	F4	14	97	C7	6F	A5	9E	C7	2D	55	99	C7	72	59	A2	C7	6C	1F	BC	C7	00	00	00	00	00	00	00	00	00	00	00	00	00	00	00	00	00	00	00	00
2.736	3D DATA	true	-	-	-	-	-77353.9	-81226.9	-78506.4	-83122.9	-96318.8	-77353.9	-81226.9	-78506.4	-83122.9	-96318.8	-	-	-	-	-
2.736	3D MESSAGE	48	00	75	91	20	59	1C	8C	52	EB	85	3C	10	15	97	C7	80	A5	9E	C7	46	55	99	C7	96	59	A2	C7	A5	1F	BC	C7	10	15	97	C7	80	A5	9E	C7	46	55	99	C7	96	59	A2	C7	A5	1F	BC	C7	00	00	00	00	00	00	00	00	00	00	00	00	00	00	00	00	00	00	00	00
2.736	3D DATA	true	-	-	-	-	-77354.1	-81227.0	-78506.5	-83123.2	-96319.3	-77354.1	-81227.0	-78506.5	-83123.2	-96319.3	-	-	-	-	-
2.765	3D MESSAGE	48	00	76	91	20	59	1D	8C	52	EB	85	3C	25	15	97	C7	8B	A5	9E	C7	5B	55	99	C7	B4	59	A2	C7	DE	1F	BC	C7	25	15	97	C7	8B	A5	9E	C7	5B	55	99	C7	B4	59	A2	C7	DE	1F	BC	C7	00	00	00	00	00	00	00	00	00	00	00	00	00	00	00	00	00	00	00	00
2.765	3D DATA	true	-	-	-	-	-77354.3	-81227.1	-78506.7	-83123.4	-96319.7	-77354.3	-81227.1	-78506.7	-83123.4	-96319.7	-	-	-	-	-
2.765	3D MESSAGE	48	00	77	91	20	59	1E	8C	52	EB	85	3C	2E	15	97	C7	94	A5	9E	C7	6C	55	99	C7	C8	59	A2	C7	10	20	BC	C7	2E	15	97	C7	94	A5	9E	C7	6C	55	99	C7	C8	59	A2	C7	10	20	BC	C7	00	00	00	00	00	00	00	00	00	00	00	00	00	00	00	00	00	00	00	00
2.765	3D DATA	true	-	-	-	-	-77354.4	-81227.2	-78506.8	-83123.6	-96320.1	-77354.4	-81227.2	-78506.8	-83123.6	-96320.1	-	-	-	-	-
2.766	3D MESSAGE	48	00	78	91	20	59	1F	8C	52	EB	85	3C	2D	15	97	C7	9E	A5	9E	C7	7A	55	99	C7	D1	59	A2	C7	39	20	BC	C7	2D	15	97	C7	9E	A5	9E	C7	7A	55	99	C7	D1	59	A2	C7	39	20	BC	C7	00	00	00	00	00	00	00	00	00	00	00	00	00	00	00	00	00	00	00	00
2.766	3D DATA	true	-	-	-	-	-77354.4	-81227.2	-78507.0	-83123.6	-96320.4	-77354.4	-81227.2	-78507.0	-83123.6	-96320.4	-	-	-	-	-
2.766	3D MESSAGE	48	00	79	91	20	59	20	8C	52	EB	85	3C	24	15	97	C7	AD	A5	9E	C7	8A	55	99	C7	D2	59	A2	C7	5A	20	BC	C7	24	15	97	C7	AD	A5	9E	C7	8A	55	99	C7	D2	59	A2	C7	5A	20	BC	C7	00	00	00	00	00	00	00	00	00	00	00	00	00	00	00	00	00	00	00	00
2.766	3D DATA	true	-	-	-	-	-77354.3	-81227.4	-78507.1	-83123.6	-96320.7	-77354.3	-81227.4	-78507.1	-83123.6	-96320.7	-	-	-	-	-
2.766	3D MESSAGE	48	00	7A	91	20	59	21	8C	52	EB	85	3C	1A	15	97	C7	C3	A5	9E	C7	9C	55	99	C7	CE	59	A2	C7	74	20	BC	C7	1A	15	97	C7	C3	A5	9E	C7	9C	55	99	C7	CE	59	A2	C7	74	20	BC	C7	00	00	00	00	00	00	00	00	00	00	00	00	00	00	00	00	00	00	00	00
2.767	3D DATA	true	-	-	-	-	-77354.2	-81227.5	-78507.2	-83123.6	-96320.9	-77354.2	-81227.5	-78507.2	-83123.6	-96320.9	-	-	-	-	-
2.767	3D MESSAGE	48	00	7B	91	20	59	22	8C	52	EB	85	3C	13	15	97	C7	E0	A5	9E	C7	AE	55	99	C7	C8	59	A2	C7	89	20	BC	C7	13	15	97	C7	E0	A5	9E	C7	AE	55	99	C7	C8	59	A2	C7	89	20	BC	C7	00	00	00	00	00	00	00	00	00	00	00	00	00	00	00	00	00	00	00	00
2.767	3D DATA	true	-	-	-	-	-77354.1	-81227.8	-78507.4	-83123.6	-96321.1	-77354.1	-81227.8	-78507.4	-83123.6	-96321.1	-	-	-	-	-
2.798	3D MESSAGE	48	00	7C	91	20	59	23	8C	52	EB	85	3C	14	15	97	C7	02	A6	9E	C7	BE	55	99	C7	C2	59	A2	C7	98	20	BC	C7	14	15	97	C7	02	A6	9E	C7	BE	55	99	C7	C2	59	A2	C7	98	20	BC	C7	00	00	00	00	00	00	00	00	00	00	00	00	00	00	00	00	00	00	00	00
2.798	3D DATA	true	-	-	-	-	-77354.2	-81228.0	-78507.5	-83123.5	-96321.2	-77354.2	-81228.0	-78507.5	-83123.5	-96321.2	-	-	-	-	-
2.798	3D MESSAGE	48	00	7D	91	20	59	24	8C	52	EB	85	3C	1B	15	97	C7	24	A6	9E	C7	CA	55	99	C7	BE	59	A2	C7	A3	20	BC	C7	1B	15	97	C7	24	A6	9E	C7	CA	55	99	C7	BE	59	A2	C7	A3	20	BC	C7	00	00	00	00	00	00	00	00	00	00	00	00	00	00	00	00	00	00	00	00
2.798	3D DATA	true	-	-	-	-	-77354.2	-81228.3	-78507.6	-83123.5	-96321.3	-77354.2	-81228.3	-78507.6	-83123.5	-96321.3	-	-	-	-	-
2.798	3D MESSAGE	48	00	7E	91	20	59	25	8C	52	EB	85	3C	29	15	97	C7	43	A6	9E	C7	CE	55	99	C7	BD	59	A2	C7	A9	20	BC	C7	29	15	97	C7	43	A6	9E	C7	CE	55	99	C7	BD	59	A2	C7	A9	20	BC	C7	00	00	00	00	00	00	00	00	00	00	00	00	00	00	00	00	00	00	00	00
2.799	3D DATA	true	-	-	-	-	-77354.3	-81228.5	-78507.6	-83123.5	-96321.3	-77354.3	-81228.5	-78507.6	-83123.5	-96321.3	-	-	-	-	-
2.799	3D MESSAGE	48	00	7F	91	20	59	26	8C	52	EB	85	3C	3A	15	97	C7	5D	A6	9E	C7	CD	55	99	C7	BF	59	A2	C7	AD	20	BC	C7	3A	15	97	C7	5D	A6	9E	C7	CD	55	99	C7	BF	59	A2	C7	AD	20	BC	C7	00	00	00	00	00	00	00	00	00	00	00	00	00	00	00	00	00	00	00	00
2.799	3D DATA	true	-	-	-	-	-77354.5	-81228.7	-78507.6	-83123.5	-96321.4	-77354.5	-81228.7	-78507.6	-83123.5	-96321.4	-	-	-	-	-
2.799	3D MESSAGE	48	00	80	91	20	59	27	8C	52	EB	85	3C	4D	15	97	C7	71	A6	9E	C7	CA	55	99	C7	C5	59	A2	C7	B2	20	BC	C7	4D	15	97	C7	71	A6	9E	C7	CA	55	99	C7	C5	59	A2	C7	B2	20	BC	C7	00	00	00	00	00	00	00	00	00	00	00	00	00	00	00	00	00	00	00	00
2.799	3D DATA	true	-	-	-	-	-77354.6	-81228.9	-78507.6	-83123.5	-96321.4	-77354.6	-81228.9	-78507.6	-83123.5	-96321.4	-	-	-	-	-
2.799	3D MESSAGE	48	00	81	91	20	59	28	8C	52	EB	85	3C	61	15	97	C7	80	A6	9E	C7	CA	55	99	C7	D0	59	A2	C7	BA	20	BC	C7	61	15	97	C7	80	A6	9E	C7	CA	55	99	C7	D0	59	A2	C7	BA	20	BC	C7	00	00	00	00	00	00	00	00	00	00	00	00	00	00	00	00	00	00	00	00
2.799	3D DATA	true	-	-	-	-	-77354.8	-81229.0	-78507.6	-83123.6	-96321.5	-77354.8	-81229.0	-78507.6	-83123.6	-96321.5	-	-	-	-	-
2.800	3D MESSAGE	48	00	82	91	20	59	29	8C	52	EB	85	3C	77	15	97	C7	8B	A6	9E	C7	CE	55	99	C7	DF	59	A2	C7	C9	20	BC	C7	77	15	97	C7	8B	A6	9E	C7	CE	55	99	C7	DF	59	A2	C7	C9	20	BC	C7	00	00	00	00	00	00	00	00	00	00	00	00	00	00	00	00	00	00	00	00
2.800	3D DATA	true	-	-	-	-	-77354.9	-81229.1	-78507.6	-83123.7	-96321.6	-77354.9	-81229.1	-78507.6	-83123.7	-96321.6	-	-	-	-	-
2.830	3D MESSAGE	48	00	83	91	20	59	2A	8C	52	EB	85	3C	90	15	97	C7	92	A6	9E	C7	D9	55	99	C7	F0	59	A2	C7	DF	20	BC	C7	90	15	97	C7	92	A6	9E	C7	D9	55	99	C7	F0	59	A2	C7	DF	20	BC	C7	00	00	00	00	00	00	00	00	00	00	00	00	00	00	00	00	00	00	00	00
2.830	3D DATA	true	-	-	-	-	-77355.1	-81229.1	-78507.7	-83123.9	-96321.7	-77355.1	-81229.1	-78507.7	-83123.9	-96321.7	-	-	-	-	-
2.830	3D MESSAGE	48	00	84	91	20	59	2B	8C	52	EB	85	3C	AC	15	97	C7	95	A6	9E	C7	EA	55	99	C7	00	5A	A2	C7	FC	20	BC	C7	AC	15	97	C7	95	A6	9E	C7	EA	55	99	C7	00	5A	A2	C7	FC	20	BC	C7	00	00	00	00	00	00	00	00	00	00	00	00	00	00	00	00	00	00	00	00
2.830	3D DATA	true	-	-	-	-	-77355.3	-81229.2	-78507.8	-83124.0	-96322.0	-77355.3	-81229.2	-78507.8	-83124.0	-96322.0	-	-	-	-	-
2.831	3D MESSAGE	48	00	85	91	20	59	2C	8C	52	EB	85	3C	CC	15	97	C7	94	A6	9E	C7	FC	55	99	C7	0C	5A	A2	C7	1E	21	BC	C7	CC	15	97	C7	94	A6	9E	C7	FC	55	99	C7	0C	5A	A2	C7	1E	21	BC	C7	00	00	00	00	00	00	00	00	00	00	00	00	00	00	00	00	00	00	00	00
2.831	3D DATA	true	-	-	-	-	-77355.6	-81229.2	-78508.0	-83124.1	-96322.2	-77355.6	-81229.2	-78508.0	-83124.1	-96322.2	-	-	-	-	-
2.832	3D MESSAGE	48	00	86	91	20	59	2D	8C	52	EB	85	3C	EC	15	97	C7	91	A6	9E	C7	0C	56	99	C7	12	5A	A2	C7	42	21	BC	C7	EC	15	97	C7	91	A6	9E	C7	0C	56	99	C7	12	5A	A2	C7	42	21	BC	C7	00	00	00	00	00	00	00	00	00	00	00	00	00	00	00	00	00	00	00	00
2.832	3D DATA	true	-	-	-	-	-77355.8	-81229.1	-78508.1	-83124.1	-96322.5	-77355.8	-81229.1	-78508.1	-83124.1	-96322.5	-	-	-	-	-
2.832	3D MESSAGE	48	00	87	91	20	59	2E	8C	52	EB	85	3C	0A	16	97	C7	8C	A6	9E	C7	19	56	99	C7	11	5A	A2	C7	68	21	BC	C7	0A	16	97	C7	8C	A6	9E	C7	19	56	99	C7	11	5A	A2	C7	68	21	BC	C7	00	00	00	00	00	00	00	00	00	00	00	00	00	00	00	00	00	00	00	00
2.832	3D DATA	true	-	-	-	-	-77356.1	-81229.1	-78508.2	-83124.1	-96322.8	-77356.1	-81229.1	-78508.2	-83124.1	-96322.8	-	-	-	-	-
2.832	3D MESSAGE	48	00	88	91	20	59	2F	8C	52	EB	85	3C	25	16	97	C7	88	A6	9E	C7	20	56	99	C7	0D	5A	A2	C7	8C	21	BC	C7	25	16	97	C7	88	A6	9E	C7	20	56	99	C7	0D	5A	A2	C7	8C	21	BC	C7	00	00	00	00	00	00	00	00	00	00	00	00	00	00	00	00	00	00	00	00
2.832	3D DATA	true	-	-	-	-	-77356.3	-81229.1	-78508.2	-83124.1	-96323.1	-77356.3	-81229.1	-78508.2	-83124.1	-96323.1	-	-	-	-	-
2.861	3D MESSAGE	48	00	89	91	20	59	30	8C	52	EB	85	3C	3C	16	97	C7	88	A6	9E	C7	25	56	99	C7	0A	5A	A2	C7	B0	21	BC	C7	3C	16	97	C7	88	A6	9E	C7	25	56	99	C7	0A	5A	A2	C7	B0	21	BC	C7	00	00	00	00	00	00	00	00	00	00	00	00	00	00	00	00	00	00	00	00
2.861	3D DATA	true	-	-	-	-	-77356.5	-81229.1	-78508.3	-83124.1	-96323.4	-77356.5	-81229.1	-78508.3	-83124.1	-96323.4	-	-	-	-	-
2.862	3D MESSAGE	48	00	8A	91	20	59	31	8C	52	EB	85	3C	4E	16	97	C7	8D	A6	9E	C7	29	56	99	C7	0C	5A	A2	C7	D2	21	BC	C7	4E	16	97	C7	8D	A6	9E	C7	29	56	99	C7	0C	5A	A2	C7	D2	21	BC	C7	00	00	00	00	00	00	00	00	00	00	00	00	00	00	00	00	00	00	00	00
2.862	3D DATA	true	-	-	-	-	-77356.6	-81229.1	-78508.3	-83124.1	-96323.6	-77356.6	-81229.1	-78508.3	-83124.1	-96323.6	-	-	-	-	-
2.862	3D MESSAGE	48	00	8B	91	20	59	32	8C	52	EB	85	3C	5E	16	97	C7	98	A6	9E	C7	2D	56	99	C7	16	5A	A2	C7	F2	21	BC	C7	5E	16	97	C7	98	A6	9E	C7	2D	56	99	C7	16	5A	A2	C7	F2	21	BC	C7	00	00	00	00	00	00	00	00	00	00	00	00	00	00	00	00	00	00	00	00
2.862	3D DATA	true	-	-	-	-	-77356.7	-81229.2	-78508.4	-83124.2	-96323.9	-77356.7	-81229.2	-78508.4	-83124.2	-96323.9	-	-	-	-	-
2.862	3D MESSAGE	48	00	8C	91	20	59	33	8C	52	EB	85	3C	6C	16	97	C7	AA	A6	9E	C7	33	56	99	C7	28	5A	A2	C7	13	22	BC	C7	6C	16	97	C7	AA	A6	9E	C7	33	56	99	C7	28	5A	A2	C7	13	22	BC	C7	00	00	00	00	00	00	00	00	00	00	00	00	00	00	00	00	00	00	00	00
2.862	3D DATA	true	-	-	-	-	-77356.8	-81229.3	-78508.4	-83124.3	-96324.1	-77356.8	-81229.3	-78508.4	-83124.3	-96324.1	-	-	-	-	-
2.862	3D MESSAGE	48	00	8D	91	20	59	34	8C	52	EB	85	3C	78	16	97	C7	C0	A6	9E	C7	3A	56	99	C7	40	5A	A2	C7	32	22	BC	C7	78	16	97	C7	C0	A6	9E	C7	3A	56	99	C7	40	5A	A2	C7	32	22	BC	C7	00	00	00	00	00	00	00	00	00	00	00	00	00	00	00	00	00	00	00	00
2.862	3D DATA	true	-	-	-	-	-77356.9	-81229.5	-78508.5	-83124.5	-96324.4	-77356.9	-81229.5	-78508.5	-83124.5	-96324.4	-	-	-	-	-
2.863	3D MESSAGE	48	00	8E	91	20	59	35	8C	52	EB	85	3C	84	16	97	C7	D6	A6	9E	C7	41	56	99	C7	59	5A	A2	C7	52	22	BC	C7	84	16	97	C7	D6	A6	9E	C7	41	56	99	C7	59	5A	A2	C7	52	22	BC	C7	00	00	00	00	00	00	00	00	00	00	00	00	00	00	00	00	00	00	00	00
2.863	3D DATA	true	-	-	-	-	-77357.0	-81229.7	-78508.5	-83124.7	-96324.6	-77357.0	-81229.7	-78508.5	-83124.7	-96324.6	-	-	-	-	-
2.891	3D MESSAGE	48	00	8F	91	20	59	36	8C	52	EB	85	3C	8E	16	97	C7	EB	A6	9E	C7	47	56	99	C7	70	5A	A2	C7	6E	22	BC	C7	8E	16	97	C7	EB	A6	9E	C7	47	56	99	C7	70	5A	A2	C7	6E	22	BC	C7	00	00	00	00	00	00	00	00	00	00	00	00	00	00	00	00	00	00	00	00
2.891	3D DATA	true	-	-	-	-	-77357.1	-81229.8	-78508.6	-83124.9	-96324.9	-77357.1	-81229.8	-78508.6	-83124.9	-96324.9	-	-	-	-	-
2.892	3D MESSAGE	48	00	90	91	20	59	37	8C	52	EB	85	3C	95	16	97	C7	FB	A6	9E	C7	4E	56	99	C7	80	5A	A2	C7	85	22	BC	C7	95	16	97	C7	FB	A6	9E	C7	4E	56	99	C7	80	5A	A2	C7	85	22	BC	C7	00	00	00	00	00	00	00	00	00	00	00	00	00	00	00	00	00	00	00	00
2.892	3D DATA	true	-	-	-	-	-77357.2	-81230.0	-78508.6	-83125.0	-96325.0	-77357.2	-81230.0	-78508.6	-83125.0	-96325.0	-	-	-	-	-
2.892	3D MESSAGE	48	00	91	91	20	59	38	8C	52	EB	85	3C	98	16	97	C7	04	A7	9E	C7	56	56	99	C7	88	5A	A2	C7	94	22	BC	C7	98	16	97	C7	04	A7	9E	C7	56	56	99	C7	88	5A	A2	C7	94	22	BC	C7	00	00	00	00	00	00	00	00	00	00	00	00	00	00	00	00	00	00	00	00
2.892	3D DATA	true	-	-	-	-	-77357.2	-81230.0	-78508.7	-83125.1	-96325.2	-77357.2	-81230.0	-78508.7	-83125.1	-96325.2	-	-	-	-	-
2.893	3D MESSAGE	48	00	92	91	20	59	39	8C	52	EB	85	3C	96	16	97	C7	03	A7	9E	C7	62	56	99	C7	86	5A	A2	C7	96	22	BC	C7	96	16	97	C7	03	A7	9E	C7	62	56	99	C7	86	5A	A2	C7	96	22	BC	C7	00	00	00	00	00	00	00	00	00	00	00	00	00	00	00	00	00	00	00	00
2.893	3D DATA	true	-	-	-	-	-77357.2	-81230.0	-78508.8	-83125.0	-96325.2	-77357.2	-81230.0	-78508.8	-83125.0	-96325.2	-	-	-	-	-
2.893	3D MESSAGE	48	00	93	91	20	59	3A	8C	52	EB	85	3C	90	16	97	C7	FA	A6	9E	C7	6F	56	99	C7	7E	5A	A2	C7	89	22	BC	C7	90	16	97	C7	FA	A6	9E	C7	6F	56	99	C7	7E	5A	A2	C7	89	22	BC	C7	00	00	00	00	00	00	00	00	00	00	00	00	00	00	00	00	00	00	00	00
2.893	3D DATA	true	-	-	-	-	-77357.1	-81230.0	-78508.9	-83125.0	-96325.1	-77357.1	-81230.0	-78508.9	-83125.0	-96325.1	-	-	-	-	-
2.893	3D MESSAGE	48	00	94	91	20	59	3B	8C	52	EB	85	3C	87	16	97	C7	E8	A6	9E	C7	7E	56	99	C7	72	5A	A2	C7	6B	22	BC	C7	87	16	97	C7	E8	A6	9E	C7	7E	56	99	C7	72	5A	A2	C7	6B	22	BC	C7	00	00	00	00	00	00	00	00	00	00	00	00	00	00	00	00	00	00	00	00
2.893	3D DATA	true	-	-	-	-	-77357.1	-81229.8	-78509.0	-83124.9	-96324.8	-77357.1	-81229.8	-78509.0	-83124.9	-96324.8	-	-	-	-	-
2.923	3D MESSAGE	48	00	95	91	20	59	3C	8C	C6	E5	94	3C	7C	16	97	C7	CE	A6	9E	C7	8C	56	99	C7	67	5A	A2	C7	40	22	BC	C7	7C	16	97	C7	CE	A6	9E	C7	8C	56	99	C7	67	5A	A2	C7	40	22	BC	C7	00	00	00	00	00	00	00	00	00	00	00	00	00	00	00	00	00	00	00	00
2.923	3D DATA	true	-	-	-	-	-77357.0	-81229.6	-78509.1	-83124.8	-96324.5	-77357.0	-81229.6	-78509.1	-83124.8	-96324.5	-	-	-	-	-
2.923	3D MESSAGE	48	00	96	91	20	59	3D	8C	C6	E5	94	3C	72	16	97	C7	B1	A6	9E	C7	94	56	99	C7	60	5A	A2	C7	0E	22	BC	C7	72	16	97	C7	B1	A6	9E	C7	94	56	99	C7	60	5A	A2	C7	0E	22	BC	C7	00	00	00	00	00	00	00	00	00	00	00	00	00	00	00	00	00	00	00	00
2.923	3D DATA	true	-	-	-	-	-77356.9	-81229.4	-78509.2	-83124.8	-96324.1	-77356.9	-81229.4	-78509.2	-83124.8	-96324.1	-	-	-	-	-
2.924	3D MESSAGE	48	00	97	91	20	59	3E	8C	C6	E5	94	3C	6A	16	97	C7	92	A6	9E	C7	95	56	99	C7	61	5A	A2	C7	DE	21	BC	C7	6A	16	97	C7	92	A6	9E	C7	95	56	99	C7	61	5A	A2	C7	DE	21	BC	C7	00	00	00	00	00	00	00	00	00	00	00	00	00	00	00	00	00	00	00	00
2.924	3D DATA	true	-	-	-	-	-77356.8	-81229.1	-78509.2	-83124.8	-96323.7	-77356.8	-81229.1	-78509.2	-83124.8	-96323.7	-	-	-	-	-
2.924	3D MESSAGE	48	00	98	91	20	59	3F	8C	C6	E5	94	3C	68	16	97	C7	74	A6	9E	C7	8E	56	99	C7	6A	5A	A2	C7	BA	21	BC	C7	68	16	97	C7	74	A6	9E	C7	8E	56	99	C7	6A	5A	A2	C7	BA	21	BC	C7	00	00	00	00	00	00	00	00	00	00	00	00	00	00	00	00	00	00	00	00
2.924	3D DATA	true	-	-	-	-	-77356.8	-81228.9	-78509.1	-83124.8	-96323.5	-77356.8	-81228.9	-78509.1	-83124.8	-96323.5	-	-	-	-	-
2.925	3D MESSAGE	48	00	99	91	20	59	40	8C	C6	E5	94	3C	6C	16	97	C7	5C	A6	9E	C7	80	56	99	C7	79	5A	A2	C7	A8	21	BC	C7	6C	16	97	C7	5C	A6	9E	C7	80	56	99	C7	79	5A	A2	C7	A8	21	BC	C7	00	00	00	00	00	00	00	00	00	00	00	00	00	00	00	00	00	00	00	00
2.925	3D DATA	true	-	-	-	-	-77356.8	-81228.7	-78509.0	-83124.9	-96323.3	-77356.8	-81228.7	-78509.0	-83124.9	-96323.3	-	-	-	-	-
2.925	3D MESSAGE	48	00	9A	91	20	59	41	8C	C6	E5	94	3C	75	16	97	C7	4C	A6	9E	C7	6E	56	99	C7	8C	5A	A2	C7	A9	21	BC	C7	75	16	97	C7	4C	A6	9E	C7	6E	56	99	C7	8C	5A	A2	C7	A9	21	BC	C7	00	00	00	00	00	00	00	00	00	00	00	00	00	00	00	00	00	00	00	00
2.925	3D DATA	true	-	-	-	-	-77356.9	-81228.6	-78508.9	-83125.1	-96323.3	-77356.9	-81228.6	-78508.9	-83125.1	-96323.3	-	-	-	-	-
2.926	3D MESSAGE	48	00	9B	91	20	59	42	8C	C6	E5	94	3C	81	16	97	C7	43	A6	9E	C7	59	56	99	C7	A0	5A	A2	C7	B9	21	BC	C7	81	16	97	C7	43	A6	9E	C7	59	56	99	C7	A0	5A	A2	C7	B9	21	BC	C7	00	00	00	00	00	00	00	00	00	00	00	00	00	00	00	00	00	00	00	00
2.926	3D DATA	true	-	-	-	-	-77357.0	-81228.5	-78508.7	-83125.2	-96323.4	-77357.0	-81228.5	-78508.7	-83125.2	-96323.4	-	-	-	-	-
2.956	3D MESSAGE	48	00	9C	91	20	59	43	8C	C6	E5	94	3C	8B	16	97	C7	42	A6	9E	C7	45	56	99	C7	B1	5A	A2	C7	CE	21	BC	C7	8B	16	97	C7	42	A6	9E	C7	45	56	99	C7	B1	5A	A2	C7	CE	21	BC	C7	00	00	00	00	00	00	00	00	00	00	00	00	00	00	00	00	00	00	00	00
2.956	3D DATA	true	-	-	-	-	-77357.1	-81228.5	-78508.5	-83125.4	-96323.6	-77357.1	-81228.5	-78508.5	-83125.4	-96323.6	-	-	-	-	-
2.957	3D MESSAGE	48	00	9D	91	20	59	44	8C	C6	E5	94	3C	90	16	97	C7	46	A6	9E	C7	33	56	99	C7	BC	5A	A2	C7	DE	21	BC	C7	90	16	97	C7	46	A6	9E	C7	33	56	99	C7	BC	5A	A2	C7	DE	21	BC	C7	00	00	00	00	00	00	00	00	00	00	00	00	00	00	00	00	00	00	00	00
2.957	3D DATA	true	-	-	-	-	-77357.1	-81228.5	-78508.4	-83125.5	-96323.7	-77357.1	-81228.5	-78508.4	-83125.5	-96323.7	-	-	-	-	-
2.957	3D MESSAGE	48	00	9E	91	20	59	45	8C	C6	E5	94	3C	8C	16	97	C7	4E	A6	9E	C7	24	56	99	C7	C0	5A	A2	C7	E1	21	BC	C7	8C	16	97	C7	4E	A6	9E	C7	24	56	99	C7	C0	5A	A2	C7	E1	21	BC	C7	00	00	00	00	00	00	00	00	00	00	00	00	00	00	00	00	00	00	00	00
2.957	3D DATA	true	-	-	-	-	-77357.1	-81228.6	-78508.3	-83125.5	-96323.8	-77357.1	-81228.6	-78508.3	-83125.5	-96323.8	-	-	-	-	-
2.957	3D MESSAGE	48	00	9F	91	20	59	46	8C	C6	E5	94	3C	7F	16	97	C7	56	A6	9E	C7	19	56	99	C7	BF	5A	A2	C7	D3	21	BC	C7	7F	16	97	C7	56	A6	9E	C7	19	56	99	C7	BF	5A	A2	C7	D3	21	BC	C7	00	00	00	00	00	00	00	00	00	00	00	00	00	00	00	00	00	00	00	00
2.957	3D DATA	true	-	-	-	-	-77357.0	-81228.7	-78508.2	-83125.5	-96323.6	-77357.0	-81228.7	-78508.2	-83125.5	-96323.6	-	-	-	-	-
2.958	3D MESSAGE	48	00	A0	91	20	59	47	8C	C6	E5	94	3C	6C	16	97	C7	5E	A6	9E	C7	12	56	99	C7	B8	5A	A2	C7	B6	21	BC	C7	6C	16	97	C7	5E	A6	9E	C7	12	56	99	C7	B8	5A	A2	C7	B6	21	BC	C7	00	00	00	00	00	00	00	00	00	00	00	00	00	00	00	00	00	00	00	00
2.958	3D DATA	true	-	-	-	-	-77356.8	-81228.7	-78508.1	-83125.4	-96323.4	-77356.8	-81228.7	-78508.1	-83125.4	-96323.4	-	-	-	-	-
2.958	3D MESSAGE	48	00	A1	91	20	59	48	8C	C6	E5	94	3C	58	16	97	C7	62	A6	9E	C7	0E	56	99	C7	AD	5A	A2	C7	8F	21	BC	C7	58	16	97	C7	62	A6	9E	C7	0E	56	99	C7	AD	5A	A2	C7	8F	21	BC	C7	00	00	00	00	00	00	00	00	00	00	00	00	00	00	00	00	00	00	00	00
2.958	3D DATA	true	-	-	-	-	-77356.7	-81228.8	-78508.1	-83125.4	-96323.1	-77356.7	-81228.8	-78508.1	-83125.4	-96323.1	-	-	-	-	-
2.986	3D MESSAGE	48	00	A2	91	20	59	49	8C	C6	E5	94	3C	47	16	97	C7	65	A6	9E	C7	0E	56	99	C7	9F	5A	A2	C7	67	21	BC	C7	47	16	97	C7	65	A6	9E	C7	0E	56	99	C7	9F	5A	A2	C7	67	21	BC	C7	00	00	00	00	00	00	00	00	00	00	00	00	00	00	00	00	00	00	00	00
2.986	3D DATA	true	-	-	-	-	-77356.6	-81228.8	-78508.1	-83125.2	-96322.8	-77356.6	-81228.8	-78508.1	-83125.2	-96322.8	-	-	-	-	-
2.987	3D MESSAGE	48	00	A3	91	20	59	4A	8C	C6	E5	94	3C	3C	16	97	C7	65	A6	9E	C7	11	56	99	C7	91	5A	A2	C7	46	21	BC	C7	3C	16	97	C7	65	A6	9E	C7	11	56	99	C7	91	5A	A2	C7	46	21	BC	C7	00	00	00	00	00	00	00	00	00	00	00	00	00	00	00	00	00	00	00	00
2.987	3D DATA	true	-	-	-	-	-77356.5	-81228.8	-78508.1	-83125.1	-96322.5	-77356.5	-81228.8	-78508.1	-83125.1	-96322.5	-	-	-	-	-
2.987	3D MESSAGE	48	00	A4	91	20	59	4B	8C	C6	E5	94	3C	37	16	97	C7	65	A6	9E	C7	16	56	99	C7	84	5A	A2	C7	30	21	BC	C7	37	16	97	C7	65	A6	9E	C7	16	56	99	C7	84	5A	A2	C7	30	21	BC	C7	00	00	00	00	00	00	00	00	00	00	00	00	00	00	00	00	00	00	00	00
2.987	3D DATA	true	-	-	-	-	-77356.4	-81228.8	-78508.2	-83125.0	-96322.4	-77356.4	-81228.8	-78508.2	-83125.0	-96322.4	-	-	-	-	-
2.988	3D MESSAGE	48	00	A5	91	20	59	4C	8C	C6	E5	94	3C	38	16	97	C7	67	A6	9E	C7	1C	56	99	C7	78	5A	A2	C7	28	21	BC	C7	38	16	97	C7	67	A6	9E	C7	1C	56	99	C7	78	5A	A2	C7	28	21	BC	C7	00	00	00	00	00	00	00	00	00	00	00	00	00	00	00	00	00	00	00	00
2.988	3D DATA	true	-	-	-	-	-77356.4	-81228.8	-78508.2	-83124.9	-96322.3	-77356.4	-81228.8	-78508.2	-83124.9	-96322.3	-	-	-	-	-
2.988	3D MESSAGE	48	00	A6	91	20	59	4D	8C	C6	E5	94	3C	3B	16	97	C7	6C	A6	9E	C7	26	56	99	C7	70	5A	A2	C7	2F	21	BC	C7	3B	16	97	C7	6C	A6	9E	C7	26	56	99	C7	70	5A	A2	C7	2F	21	BC	C7	00	00	00	00	00	00	00	00	00	00	00	00	00	00	00	00	00	00	00	00
2.988	3D DATA	true	-	-	-	-	-77356.5	-81228.8	-78508.3	-83124.9	-96322.4	-77356.5	-81228.8	-78508.3	-83124.9	-96322.4	-	-	-	-	-
2.988	3D MESSAGE	48	00	A7	91	20	59	4E	8C	C6	E5	94	3C	3F	16	97	C7	77	A6	9E	C7	32	56	99	C7	6B	5A	A2	C7	43	21	BC	C7	3F	16	97	C7	77	A6	9E	C7	32	56	99	C7	6B	5A	A2	C7	43	21	BC	C7	00	00	00	00	00	00	00	00	00	00	00	00	00	00	00	00	00	00	00	00
2.988	3D DATA	true	-	-	-	-	-77356.5	-81228.9	-78508.4	-83124.8	-96322.5	-77356.5	-81228.9	-78508.4	-83124.8	-96322.5	-	-	-	-	-
3.015	3D MESSAGE	48	00	A8	91	20	59	4F	8C	C6	E5	94	3C	43	16	97	C7	88	A6	9E	C7	45	56	99	C7	69	5A	A2	C7	64	21	BC	C7	43	16	97	C7	88	A6	9E	C7	45	56	99	C7	69	5A	A2	C7	64	21	BC	C7	00	00	00	00	00	00	00	00	00	00	00	00	00	00	00	00	00	00	00	00
3.015	3D DATA	true	-	-	-	-	-77356.5	-81229.1	-78508.5	-83124.8	-96322.8	-77356.5	-81229.1	-78508.5	-83124.8	-96322.8	-	-	-	-	-
3.016	3D MESSAGE	48	00	A9	91	20	59	50	8C	C6	E5	94	3C	46	16	97	C7	A1	A6	9E	C7	5C	56	99	C7	67	5A	A2	C7	8B	21	BC	C7	46	16	97	C7	A1	A6	9E	C7	5C	56	99	C7	67	5A	A2	C7	8B	21	BC	C7	00	00	00	00	00	00	00	00	00	00	00	00	00	00	00	00	00	00	00	00
3.016	3D DATA	true	-	-	-	-	-77356.5	-81229.3	-78508.7	-83124.8	-96323.1	-77356.5	-81229.3	-78508.7	-83124.8	-96323.1	-	-	-	-	-
3.016	3D MESSAGE	48	00	AA	91	20	59	51	8C	C6	E5	94	3C	47	16	97	C7	BC	A6	9E	C7	76	56	99	C7	63	5A	A2	C7	B4	21	BC	C7	47	16	97	C7	BC	A6	9E	C7	76	56	99	C7	63	5A	A2	C7	B4	21	BC	C7	00	00	00	00	00	00	00	00	00	00	00	00	00	00	00	00	00	00	00	00
3.016	3D DATA	true	-	-	-	-	-77356.6	-81229.5	-78508.9	-83124.8	-96323.4	-77356.6	-81229.5	-78508.9	-83124.8	-96323.4	-	-	-	-	-
3.016	3D MESSAGE	48	00	AB	91	20	59	52	8C	C6	E5	94	3C	46	16	97	C7	D6	A6	9E	C7	8E	56	99	C7	5C	5A	A2	C7	D4	21	BC	C7	46	16	97	C7	D6	A6	9E	C7	8E	56	99	C7	5C	5A	A2	C7	D4	21	BC	C7	00	00	00	00	00	00	00	00	00	00	00	00	00	00	00	00	00	00	00	00
3.016	3D DATA	true	-	-	-	-	-77356.5	-81229.7	-78509.1	-83124.7	-96323.7	-77356.5	-81229.7	-78509.1	-83124.7	-96323.7	-	-	-	-	-
3.017	3D MESSAGE	48	00	AC	91	20	59	53	8C	C6	E5	94	3C	42	16	97	C7	EA	A6	9E	C7	A0	56	99	C7	50	5A	A2	C7	E4	21	BC	C7	42	16	97	C7	EA	A6	9E	C7	A0	56	99	C7	50	5A	A2	C7	E4	21	BC	C7	00	00	00	00	00	00	00	00	00	00	00	00	00	00	00	00	00	00	00	00
3.017	3D DATA	true	-	-	-	-	-77356.5	-81229.8	-78509.2	-83124.6	-96323.8	-77356.5	-81229.8	-78509.2	-83124.6	-96323.8	-	-	-	-	-
3.017	3D MESSAGE	48	00	AD	91	20	59	54	8C	C6	E5	94	3C	3C	16	97	C7	F0	A6	9E	C7	A5	56	99	C7	40	5A	A2	C7	DD	21	BC	C7	3C	16	97	C7	F0	A6	9E	C7	A5	56	99	C7	40	5A	A2	C7	DD	21	BC	C7	00	00	00	00	00	00	00	00	00	00	00	00	00	00	00	00	00	00	00	00
3.017	3D DATA	true	-	-	-	-	-77356.5	-81229.9	-78509.3	-83124.5	-96323.7	-77356.5	-81229.9	-78509.3	-83124.5	-96323.7	-	-	-	-	-
3.017	3D MESSAGE	48	00	AE	91	20	59	55	8C	C6	E5	94	3C	32	16	97	C7	E8	A6	9E	C7	9C	56	99	C7	2F	5A	A2	C7	BD	21	BC	C7	32	16	97	C7	E8	A6	9E	C7	9C	56	99	C7	2F	5A	A2	C7	BD	21	BC	C7	00	00	00	00	00	00	00	00	00	00	00	00	00	00	00	00	00	00	00	00
3.017	3D DATA	true	-	-	-	-	-77356.4	-81229.8	-78509.2	-83124.4	-96323.5	-77356.4	-81229.8	-78509.2	-83124.4	-96323.5	-	-	-	-	-
3.048	3D MESSAGE	48	00	AF	91	20	59	56	8C	C6	E5	94	3C	24	16	97	C7	D2	A6	9E	C7	86	56	99	C7	1E	5A	A2	C7	88	21	BC	C7	24	16	97	C7	D2	A6	9E	C7	86	56	99	C7	1E	5A	A2	C7	88	21	BC	C7	00	00	00	00	00	00	00	00	00	00	00	00	00	00	00	00	00	00	00	00
3.048	3D DATA	true	-	-	-	-	-77356.3	-81229.6	-78509.0	-83124.2	-96323.1	-77356.3	-81229.6	-78509.0	-83124.2	-96323.1	-	-	-	-	-
3.049	3D MESSAGE	48	00	B0	91	20	59	57	8C	C6	E5	94	3C	13	16	97	C7	B2	A6	9E	C7	68	56	99	C7	0D	5A	A2	C7	46	21	BC	C7	13	16	97	C7	B2	A6	9E	C7	68	56	99	C7	0D	5A	A2	C7	46	21	BC	C7	00	00	00	00	00	00	00	00	00	00	00	00	00	00	00	00	00	00	00	00
3.049	3D DATA	true	-	-	-	-	-77356.1	-81229.4	-78508.8	-83124.1	-96322.5	-77356.1	-81229.4	-78508.8	-83124.1	-96322.5	-	-	-	-	-
3.049	3D MESSAGE	48	00	B1	91	20	59	58	8C	C6	E5	94	3C	00	16	97	C7	8C	A6	9E	C7	48	56	99	C7	FE	59	A2	C7	02	21	BC	C7	00	16	97	C7	8C	A6	9E	C7	48	56	99	C7	FE	59	A2	C7	02	21	BC	C7	00	00	00	00	00	00	00	00	00	00	00	00	00	00	00	00	00	00	00	00
3.049	3D DATA	true	-	-	-	-	-77356.0	-81229.1	-78508.6	-83124.0	-96322.0	-77356.0	-81229.1	-78508.6	-83124.0	-96322.0	-	-	-	-	-
3.049	3D MESSAGE	48	00	B2	91	20	59	59	8C	C6	E5	94	3C	EC	15	97	C7	6A	A6	9E	C7	2C	56	99	C7	EE	59	A2	C7	C9	20	BC	C7	EC	15	97	C7	6A	A6	9E	C7	2C	56	99	C7	EE	59	A2	C7	C9	20	BC	C7	00	00	00	00	00	00	00	00	00	00	00	00	00	00	00	00	00	00	00	00
3.049	3D DATA	true	-	-	-	-	-77355.8	-81228.8	-78508.3	-83123.9	-96321.6	-77355.8	-81228.8	-78508.3	-83123.9	-96321.6	-	-	-	-	-
3.049	3D MESSAGE	48	00	B3	91	20	59	5A	8C	C6	E5	94	3C	D8	15	97	C7	50	A6	9E	C7	18	56	99	C7	DC	59	A2	C7	A2	20	BC	C7	D8	15	97	C7	50	A6	9E	C7	18	56	99	C7	DC	59	A2	C7	A2	20	BC	C7	00	00	00	00	00	00	00	00	00	00	00	00	00	00	00	00	00	00	00	00
3.049	3D DATA	true	-	-	-	-	-77355.7	-81228.6	-78508.2	-83123.7	-96321.3	-77355.7	-81228.6	-78508.2	-83123.7	-96321.3	-	-	-	-	-
3.050	3D MESSAGE	48	00	B4	91	20	59	5B	8C	C6	E5	94	3C	C6	15	97	C7	40	A6	9E	C7	0F	56	99	C7	C8	59	A2	C7	90	20	BC	C7	C6	15	97	C7	40	A6	9E	C7	0F	56	99	C7	C8	59	A2	C7	90	20	BC	C7	00	00	00	00	00	00	00	00	00	00	00	00	00	00	00	00	00	00	00	00
3.050	3D DATA	true	-	-	-	-	-77355.5	-81228.5	-78508.1	-83123.6	-96321.1	-77355.5	-81228.5	-78508.1	-83123.6	-96321.1	-	-	-	-	-
3.050	3D MESSAGE	48	00	B5	91	20	59	5C	8C	C6	E5	94	3C	B8	15	97	C7	3D	A6	9E	C7	0F	56	99	C7	B2	59	A2	C7	95	20	BC	C7	B8	15	97	C7	3D	A6	9E	C7	0F	56	99	C7	B2	59	A2	C7	95	20	BC	C7	00	00	00	00	00	00	00	00	00	00	00	00	00	00	00	00	00	00	00	00
3.050	3D DATA	true	-	-	-	-	-77355.4	-81228.5	-78508.1	-83123.4	-96321.2	-77355.4	-81228.5	-78508.1	-83123.4	-96321.2	-	-	-	-	-
3.079	3D MESSAGE	48	00	B6	91	20	59	5D	8C	C6	E5	94	3C	B0	15	97	C7	46	A6	9E	C7	16	56	99	C7	9E	59	A2	C7	AC	20	BC	C7	B0	15	97	C7	46	A6	9E	C7	16	56	99	C7	9E	59	A2	C7	AC	20	BC	C7	00	00	00	00	00	00	00	00	00	00	00	00	00	00	00	00	00	00	00	00
3.079	3D DATA	true	-	-	-	-	-77355.4	-81228.5	-78508.2	-83123.2	-96321.3	-77355.4	-81228.5	-78508.2	-83123.2	-96321.3	-	-	-	-	-
3.080	3D MESSAGE	48	00	B7	91	20	59	5E	8C	C6	E5	94	3C	B1	15	97	C7	58	A6	9E	C7	20	56	99	C7	90	59	A2	C7	D2	20	BC	C7	B1	15	97	C7	58	A6	9E	C7	20	56	99	C7	90	59	A2	C7	D2	20	BC	C7	00	00	00	00	00	00	00	00	00	00	00	00	00	00	00	00	00	00	00	00
3.080	3D DATA	true	-	-	-	-	-77355.4	-81228.7	-78508.2	-83123.1	-96321.6	-77355.4	-81228.7	-78508.2	-83123.1	-96321.6	-	-	-	-	-
3.080	3D MESSAGE	48	00	B8	91	20	59	5F	8C	C6	E5	94	3C	BA	15	97	C7	71	A6	9E	C7	29	56	99	C7	8C	59	A2	C7	00	21	BC	C7	BA	15	97	C7	71	A6	9E	C7	29	56	99	C7	8C	59	A2	C7	00	21	BC	C7	00	00	00	00	00	00	00	00	00	00	00	00	00	00	00	00	00	00	00	00
3.080	3D DATA	true	-	-	-	-	-77355.5	-81228.9	-78508.3	-83123.1	-96322.0	-77355.5	-81228.9	-78508.3	-83123.1	-96322.0	-	-	-	-	-
3.080	3D MESSAGE	48	00	B9	91	20	59	60	8C	C6	E5	94	3C	CB	15	97	C7	8C	A6	9E	C7	2E	56	99	C7	92	59	A2	C7	32	21	BC	C7	CB	15	97	C7	8C	A6	9E	C7	2E	56	99	C7	92	59	A2	C7	32	21	BC	C7	00	00	00	00	00	00	00	00	00	00	00	00	00	00	00	00	00	00	00	00
3.080	3D DATA	true	-	-	-	-	-77355.6	-81229.1	-78508.4	-83123.1	-96322.4	-77355.6	-81229.1	-78508.4	-83123.1	-96322.4	-	-	-	-	-
3.081	3D MESSAGE	48	00	BA	91	20	59	61	8C	C6	E5	94	3C	DE	15	97	C7	A5	A6	9E	C7	2C	56	99	C7	A0	59	A2	C7	63	21	BC	C7	DE	15	97	C7	A5	A6	9E	C7	2C	56	99	C7	A0	59	A2	C7	63	21	BC	C7	00	00	00	00	00	00	00	00	00	00	00	00	00	00	00	00	00	00	00	00
3.081	3D DATA	true	-	-	-	-	-77355.7	-81229.3	-78508.3	-83123.2	-96322.8	-77355.7	-81229.3	-78508.3	-83123.2	-96322.8	-	-	-	-	-
3.081	3D MESSAGE	48	00	BB	91	20	59	62	8C	C6	E5	94	3C	EE	15	97	C7	B6	A6	9E	C7	22	56	99	C7	B5	59	A2	C7	8C	21	BC	C7	EE	15	97	C7	B6	A6	9E	C7	22	56	99	C7	B5	59	A2	C7	8C	21	BC	C7	00	00	00	00	00	00	00	00	00	00	00	00	00	00	00	00	00	00	00	00
3.081	3D DATA	true	-	-	-	-	-77355.9	-81229.4	-78508.3	-83123.4	-96323.1	-77355.9	-81229.4	-78508.3	-83123.4	-96323.1	-	-	-	-	-
3.108	3D MESSAGE	48	00	BC	91	20	59	63	8C	C6	E5	94	3C	F6	15	97	C7	BC	A6	9E	C7	10	56	99	C7	CA	59	A2	C7	A8	21	BC	C7	F6	15	97	C7	BC	A6	9E	C7	10	56	99	C7	CA	59	A2	C7	A8	21	BC	C7	00	00	00	00	00	00	00	00	00	00	00	00	00	00	00	00	00	00	00	00
3.108	3D DATA	true	-	-	-	-	-77355.9	-81229.5	-78508.1	-83123.6	-96323.3	-77355.9	-81229.5	-78508.1	-83123.6	-96323.3	-	-	-	-	-
3.109	3D MESSAGE	48	00	BD	91	20	59	64	8C	CC	44	8E	3C	F2	15	97	C7	B5	A6	9E	C7	F6	55	99	C7	DB	59	A2	C7	B4	21	BC	C7	F2	15	97	C7	B5	A6	9E	C7	F6	55	99	C7	DB	59	A2	C7	B4	21	BC	C7	00	00	00	00	00	00	00	00	00	00	00	00	00	00	00	00	00	00	00	00
3.109	3D DATA	true	-	-	-	-	-77355.9	-81229.4	-78507.9	-83123.7	-96323.4	-77355.9	-81229.4	-78507.9	-83123.7	-96323.4	-	-	-	-	-
3.109	3D MESSAGE	48	00	BE	91	20	59	65	8C	CC	44	8E	3C	E2	15	97	C7	9F	A6	9E	C7	D4	55	99	C7	E5	59	A2	C7	AD	21	BC	C7	E2	15	97	C7	9F	A6	9E	C7	D4	55	99	C7	E5	59	A2	C7	AD	21	BC	C7	00	00	00	00	00	00	00	00	00	00	00	00	00	00	00	00	00	00	00	00
3.109	3D DATA	true	-	-	-	-	-77355.8	-81229.2	-78507.7	-83123.8	-96323.4	-77355.8	-81229.2	-78507.7	-83123.8	-96323.4	-	-	-	-	-
3.110	3D MESSAGE	48	00	BF	91	20	59	66	8C	CC	44	8E	3C	C6	15	97	C7	7E	A6	9E	C7	AE	55	99	C7	E6	59	A2	C7	96	21	BC	C7	C6	15	97	C7	7E	A6	9E	C7	AE	55	99	C7	E6	59	A2	C7	96	21	BC	C7	00	00	00	00	00	00	00	00	00	00	00	00	00	00	00	00	00	00	00	00
3.110	3D DATA	true	-	-	-	-	-77355.5	-81229.0	-78507.4	-83123.8	-96323.2	-77355.5	-81229.0	-78507.4	-83123.8	-96323.2	-	-	-	-	-
3.110	3D MESSAGE	48	00	C0	91	20	59	67	8C	CC	44	8E	3C	A3	15	97	C7	56	A6	9E	C7	88	55	99	C7	DE	59	A2	C7	73	21	BC	C7	A3	15	97	C7	56	A6	9E	C7	88	55	99	C7	DE	59	A2	C7	73	21	BC	C7	00	00	00	00	00	00	00	00	00	00	00	00	00	00	00	00	00	00	00	00
3.110	3D DATA	true	-	-	-	-	-77355.3	-81228.7	-78507.1	-83123.7	-96322.9	-77355.3	-81228.7	-78507.1	-83123.7	-96322.9	-	-	-	-	-
3.110	3D MESSAGE	48	00	C1	91	20	59	68	8C	CC	44	8E	3C	7E	15	97	C7	30	A6	9E	C7	62	55	99	C7	CE	59	A2	C7	4A	21	BC	C7	7E	15	97	C7	30	A6	9E	C7	62	55	99	C7	CE	59	A2	C7	4A	21	BC	C7	00	00	00	00	00	00	00	00	00	00	00	00	00	00	00	00	00	00	00	00
3.110	3D DATA	true	-	-	-	-	-77355.0	-81228.4	-78506.8	-83123.6	-96322.6	-77355.0	-81228.4	-78506.8	-83123.6	-96322.6	-	-	-	-	-
3.139	3D MESSAGE	48	00	C2	91	20	59	69	8C	CC	44	8E	3C	5A	15	97	C7	0F	A6	9E	C7	42	55	99	C7	B9	59	A2	C7	22	21	BC	C7	5A	15	97	C7	0F	A6	9E	C7	42	55	99	C7	B9	59	A2	C7	22	21	BC	C7	00	00	00	00	00	00	00	00	00	00	00	00	00	00	00	00	00	00	00	00
3.139	3D DATA	true	-	-	-	-	-77354.7	-81228.1	-78506.5	-83123.4	-96322.3	-77354.7	-81228.1	-78506.5	-83123.4	-96322.3	-	-	-	-	-
3.140	3D MESSAGE	48	00	C3	91	20	59	6A	8C	CC	44	8E	3C	3C	15	97	C7	F6	A5	9E	C7	27	55	99	C7	A1	59	A2	C7	00	21	BC	C7	3C	15	97	C7	F6	A5	9E	C7	27	55	99	C7	A1	59	A2	C7	00	21	BC	C7	00	00	00	00	00	00	00	00	00	00	00	00	00	00	00	00	00	00	00	00
3.140	3D DATA	true	-	-	-	-	-77354.5	-81227.9	-78506.3	-83123.3	-96322.0	-77354.5	-81227.9	-78506.3	-83123.3	-96322.0	-	-	-	-	-
3.140	3D MESSAGE	48	00	C4	91	20	59	6B	8C	CC	44	8E	3C	25	15	97	C7	E5	A5	9E	C7	12	55	99	C7	88	59	A2	C7	E6	20	BC	C7	25	15	97	C7	E5	A5	9E	C7	12	55	99	C7	88	59	A2	C7	E6	20	BC	C7	00	00	00	00	00	00	00	00	00	00	00	00	00	00	00	00	00	00	00	00
3.140	3D DATA	true	-	-	-	-	-77354.3	-81227.8	-78506.1	-83123.1	-96321.8	-77354.3	-81227.8	-78506.1	-83123.1	-96321.8	-	-	-	-	-
3.141	3D MESSAGE	48	00	C5	91	20	59	6C	8C	CC	44	8E	3C	14	15	97	C7	D8	A5	9E	C7	01	55	99	C7	72	59	A2	C7	D3	20	BC	C7	14	15	97	C7	D8	A5	9E	C7	01	55	99	C7	72	59	A2	C7	D3	20	BC	C7	00	00	00	00	00	00	00	00	00	00	00	00	00	00	00	00	00	00	00	00
3.141	3D DATA	true	-	-	-	-	-77354.2	-81227.7	-78506.0	-83122.9	-96321.6	-77354.2	-81227.7	-78506.0	-83122.9	-96321.6	-	-	-	-	-
3.141	3D MESSAGE	48	00	C6	91	20	59	6D	8C	CC	44	8E	3C	09	15	97	C7	CA	A5	9E	C7	F2	54	99	C7	5E	59	A2	C7	C2	20	BC	C7	09	15	97	C7	CA	A5	9E	C7	F2	54	99	C7	5E	59	A2	C7	C2	20	BC	C7	00	00	00	00	00	00	00	00	00	00	00	00	00	00	00	00	00	00	00	00
3.141	3D DATA	true	-	-	-	-	-77354.1	-81227.6	-78505.9	-83122.7	-96321.5	-77354.1	-81227.6	-78505.9	-83122.7	-96321.5	-	-	-	-	-
3.141	3D MESSAGE	48	00	C7	91	20	59	6E	8C	CC	44	8E	3C	02	15	97	C7	B6	A5	9E	C7	E3	54	99	C7	4D	59	A2	C7	AE	20	BC	C7	02	15	97	C7	B6	A5	9E	C7	E3	54	99	C7	4D	59	A2	C7	AE	20	BC	C7	00	00	00	00	00	00	00	00	00	00	00	00	00	00	00	00	00	00	00	00
3.141	3D DATA	true	-	-	-	-	-77354.0	-81227.4	-78505.8	-83122.6	-96321.4	-77354.0	-81227.4	-78505.8	-83122.6	-96321.4	-	-	-	-	-
3.173	3D MESSAGE	48	00	C8	91	20	59	6F	8C	CC	44	8E	3C	FF	14	97	C7	9D	A5	9E	C7	D4	54	99	C7	3C	59	A2	C7	92	20	BC	C7	FF	14	97	C7	9D	A5	9E	C7	D4	54	99	C7	3C	59	A2	C7	92	20	BC	C7	00	00	00	00	00	00	00	00	00	00	00	00	00	00	00	00	00	00	00	00
3.173	3D DATA	true	-	-	-	-	-77354.0	-81227.2	-78505.7	-83122.5	-96321.1	-77354.0	-81227.2	-78505.7	-83122.5	-96321.1	-	-	-	-	-
3.173	3D MESSAGE	48	00	C9	91	20	59	70	8C	CC	44	8E	3C	00	15	97	C7	80	A5	9E	C7	C6	54	99	C7	2A	59	A2	C7	6D	20	BC	C7	00	15	97	C7	80	A5	9E	C7	C6	54	99	C7	2A	59	A2	C7	6D	20	BC	C7	00	00	00	00	00	00	00	00	00	00	00	00	00	00	00	00	00	00	00	00
3.173	3D DATA	true	-	-	-	-	-77354.0	-81227.0	-78505.5	-83122.3	-96320.9	-77354.0	-81227.0	-78505.5	-83122.3	-96320.9	-	-	-	-	-
3.173	3D MESSAGE	48	00	CA	91	20	59	71	8C	CC	44	8E	3C	04	15	97	C7	64	A5	9E	C7	BD	54	99	C7	13	59	A2	C7	41	20	BC	C7	04	15	97	C7	64	A5	9E	C7	BD	54	99	C7	13	59	A2	C7	41	20	BC	C7	00	00	00	00	00	00	00	00	00	00	00	00	00	00	00	00	00	00	00	00
3.173	3D DATA	true	-	-	-	-	-77354.0	-81226.8	-78505.5	-83122.1	-96320.5	-77354.0	-81226.8	-78505.5	-83122.1	-96320.5	-	-	-	-	-
3.174	3D MESSAGE	48	00	CB	91	20	59	72	8C	CC	44	8E	3C	0C	15	97	C7	50	A5	9E	C7	BC	54	99	C7	F8	58	A2	C7	15	20	BC	C7	0C	15	97	C7	50	A5	9E	C7	BC	54	99	C7	F8	58	A2	C7	15	20	BC	C7	00	00	00	00	00	00	00	00	00	00	00	00	00	00	00	00	00	00	00	00
3.174	3D DATA	true	-	-	-	-	-77354.1	-81226.6	-78505.5	-83121.9	-96320.2	-77354.1	-81226.6	-78505.5	-83121.9	-96320.2	-	-	-	-	-
3.174	3D MESSAGE	48	00	CC	91	20	59	73	8C	CC	44	8E	3C	18	15	97	C7	47	A5	9E	C7	C6	54	99	C7	DA	58	A2	C7	EF	1F	BC	C7	18	15	97	C7	47	A5	9E	C7	C6	54	99	C7	DA	58	A2	C7	EF	1F	BC	C7	00	00	00	00	00	00	00	00	00	00	00	00	00	00	00	00	00	00	00	00
3.174	3D DATA	true	-	-	-	-	-77354.2	-81226.6	-78505.5	-83121.7	-96319.9	-77354.2	-81226.6	-78505.5	-83121.7	-96319.9	-	-	-	-	-
3.174	3D MESSAGE	48	00	CD	91	20	59	74	8C	CC	44	8E	3C	27	15	97	C7	4D	A5	9E	C7	DC	54	99	C7	BC	58	A2	C7	D4	1F	BC	C7	27	15	97	C7	4D	A5	9E	C7	DC	54	99	C7	BC	58	A2	C7	D4	1F	BC	C7	00	00	00	00	00	00	00	00	00	00	00	00	00	00	00	00	00	00	00	00
3.174	3D DATA	true	-	-	-	-	-77354.3	-81226.6	-78505.7	-83121.5	-96319.7	-77354.3	-81226.6	-78505.7	-83121.5	-96319.7	-	-	-	-	-
3.205	3D MESSAGE	48	00	CE	91	20	59	75	8C	CC	44	8E	3C	37	15	97	C7	60	A5	9E	C7	FC	54	99	C7	A1	58	A2	C7	C6	1F	BC	C7	37	15	97	C7	60	A5	9E	C7	FC	54	99	C7	A1	58	A2	C7	C6	1F	BC	C7	00	00	00	00	00	00	00	00	00	00	00	00	00	00	00	00	00	00	00	00
3.205	3D DATA	true	-	-	-	-	-77354.4	-81226.8	-78506.0	-83121.3	-96319.5	-77354.4	-81226.8	-78506.0	-83121.3	-96319.5	-	-	-	-	-
3.205	3D MESSAGE	48	00	CF	91	20	59	76	8C	CC	44	8E	3C	46	15	97	C7	7C	A5	9E	C7	1F	55	99	C7	8C	58	A2	C7	C4	1F	BC	C7	46	15	97	C7	7C	A5	9E	C7	1F	55	99	C7	8C	58	A2	C7	C4	1F	BC	C7	00	00	00	00	00	00	00	00	00	00	00	00	00	00	00	00	00	00	00	00
3.205	3D DATA	true	-	-	-	-	-77354.5	-81227.0	-78506.2	-83121.1	-96319.5	-77354.5	-81227.0	-78506.2	-83121.1	-96319.5	-	-	-	-	-
3.206	3D MESSAGE	48	00	D0	91	20	59	77	8C	CC	44	8E	3C	50	15	97	C7	9E	A5	9E	C7	41	55	99	C7	7E	58	A2	C7	C9	1F	BC	C7	50	15	97	C7	9E	A5	9E	C7	41	55	99	C7	7E	58	A2	C7	C9	1F	BC	C7	00	00	00	00	00	00	00	00	00	00	00	00	00	00	00	00	00	00	00	00
3.206	3D DATA	true	-	-	-	-	-77354.6	-81227.2	-78506.5	-83121.0	-96319.6	-77354.6	-81227.2	-78506.5	-83121.0	-96319.6	-	-	-	-	-
3.207	3D MESSAGE	48	00	D1	91	20	59	78	8C	CC	44	8E	3C	54	15	97	C7	C0	A5	9E	C7	5C	55	99	C7	78	58	A2	C7	D2	1F	BC	C7	54	15	97	C7	C0	A5	9E	C7	5C	55	99	C7	78	58	A2	C7	D2	1F	BC	C7	00	00	00	00	00	00	00	00	00	00	00	00	00	00	00	00	00	00	00	00
3.207	3D DATA	true	-	-	-	-	-77354.7	-81227.5	-78506.7	-83120.9	-96319.6	-77354.7	-81227.5	-78506.7	-83120.9	-96319.6	-	-	-	-	-
3.207	3D MESSAGE	48	00	D2	91	20	59	79	8C	CC	44	8E	3C	53	15	97	C7	DF	A5	9E	C7	6C	55	99	C7	76	58	A2	C7	DE	1F	BC	C7	53	15	97	C7	DF	A5	9E	C7	6C	55	99	C7	76	58	A2	C7	DE	1F	BC	C7	00	00	00	00	00	00	00	00	00	00	00	00	00	00	00	00	00	00	00	00
3.207	3D DATA	true	-	-	-	-	-77354.6	-81227.7	-78506.8	-83120.9	-96319.7	-77354.6	-81227.7	-78506.8	-83120.9	-96319.7	-	-	-	-	-
3.207	3D MESSAGE	48	00	D3	91	20	59	7A	8C	CC	44	8E	3C	4E	15	97	C7	FA	A5	9E	C7	72	55	99	C7	77	58	A2	C7	EA	1F	BC	C7	4E	15	97	C7	FA	A5	9E	C7	72	55	99	C7	77	58	A2	C7	EA	1F	BC	C7	00	00	00	00	00	00	00	00	00	00	00	00	00	00	00	00	00	00	00	00
3.207	3D DATA	true	-	-	-	-	-77354.6	-81228.0	-78506.9	-83120.9	-96319.8	-77354.6	-81228.0	-78506.9	-83120.9	-96319.8	-	-	-	-	-
3.207	3D MESSAGE	48	00	D4	91	20	59	7B	8C	CC	44	8E	3C	47	15	97	C7	11	A6	9E	C7	70	55	99	C7	7A	58	A2	C7	F8	1F	BC	C7	47	15	97	C7	11	A6	9E	C7	70	55	99	C7	7A	58	A2	C7	F8	1F	BC	C7	00	00	00	00	00	00	00	00	00	00	00	00	00	00	00	00	00	00	00	00
3.207	3D DATA	true	-	-	-	-	-77354.6	-81228.1	-78506.9	-83121.0	-96319.9	-77354.6	-81228.1	-78506.9	-83121.0	-96319.9	-	-	-	-	-
3.233	3D MESSAGE	48	00	D5	91	20	59	7C	8C	CC	44	8E	3C	41	15	97	C7	26	A6	9E	C7	6B	55	99	C7	7D	58	A2	C7	0C	20	BC	C7	41	15	97	C7	26	A6	9E	C7	6B	55	99	C7	7D	58	A2	C7	0C	20	BC	C7	00	00	00	00	00	00	00	00	00	00	00	00	00	00	00	00	00	00	00	00
3.233	3D DATA	true	-	-	-	-	-77354.5	-81228.3	-78506.8	-83121.0	-96320.1	-77354.5	-81228.3	-78506.8	-83121.0	-96320.1	-	-	-	-	-
3.233	3D MESSAGE	48	00	D6	91	20	59	7D	8C	CC	44	8E	3C	3F	15	97	C7	38	A6	9E	C7	69	55	99	C7	80	58	A2	C7	26	20	BC	C7	3F	15	97	C7	38	A6	9E	C7	69	55	99	C7	80	58	A2	C7	26	20	BC	C7	00	00	00	00	00	00	00	00	00	00	00	00	00	00	00	00	00	00	00	00
3.233	3D DATA	true	-	-	-	-	-77354.5	-81228.4	-78506.8	-83121.0	-96320.3	-77354.5	-81228.4	-78506.8	-83121.0	-96320.3	-	-	-	-	-
3.234	3D MESSAGE	48	00	D7	91	20	59	7E	8C	CC	44	8E	3C	41	15	97	C7	4B	A6	9E	C7	6C	55	99	C7	82	58	A2	C7	48	20	BC	C7	41	15	97	C7	4B	A6	9E	C7	6C	55	99	C7	82	58	A2	C7	48	20	BC	C7	00	00	00	00	00	00	00	00	00	00	00	00	00	00	00	00	00	00	00	00
3.234	3D DATA	true	-	-	-	-	-77354.5	-81228.6	-78506.8	-83121.0	-96320.6	-77354.5	-81228.6	-78506.8	-83121.0	-96320.6	-	-	-	-	-
3.234	3D MESSAGE	48	00	D8	91	20	59	7F	8C	CC	44	8E	3C	49	15	97	C7	5E	A6	9E	C7	76	55	99	C7	84	58	A2	C7	70	20	BC	C7	49	15	97	C7	5E	A6	9E	C7	76	55	99	C7	84	58	A2	C7	70	20	BC	C7	00	00	00	00	00	00	00	00	00	00	00	00	00	00	00	00	00	00	00	00
3.234	3D DATA	true	-	-	-	-	-77354.6	-81228.7	-78506.9	-83121.0	-96320.9	-77354.6	-81228.7	-78506.9	-83121.0	-96320.9	-	-	-	-	-
3.235	3D MESSAGE	48	00	D9	91	20	59	80	8C	CC	44	8E	3C	56	15	97	C7	70	A6	9E	C7	82	55	99	C7	83	58	A2	C7	9E	20	BC	C7	56	15	97	C7	70	A6	9E	C7	82	55	99	C7	83	58	A2	C7	9E	20	BC	C7	00	00	00	00	00	00	00	00	00	00	00	00	00	00	00	00	00	00	00	00
3.235	3D DATA	true	-	-	-	-	-77354.7	-81228.9	-78507.0	-83121.0	-96321.2	-77354.7	-81228.9	-78507.0	-83121.0	-96321.2	-	-	-	-	-
3.235	3D MESSAGE	48	00	DA	91	20	59	81	8C	CC	44	8E	3C	64	15	97	C7	7F	A6	9E	C7	8F	55	99	C7	80	58	A2	C7	CD	20	BC	C7	64	15	97	C7	7F	A6	9E	C7	8F	55	99	C7	80	58	A2	C7	CD	20	BC	C7	00	00	00	00	00	00	00	00	00	00	00	00	00	00	00	00	00	00	00	00
3.235	3D DATA	true	-	-	-	-	-77354.8	-81229.0	-78507.1	-83121.0	-96321.6	-77354.8	-81229.0	-78507.1	-83121.0	-96321.6	-	-	-	-	-
3.267	3D MESSAGE	48	00	DB	91	20	59	82	8C	CC	44	8E	3C	71	15	97	C7	8A	A6	9E	C7	95	55	99	C7	77	58	A2	C7	F7	20	BC	C7	71	15	97	C7	8A	A6	9E	C7	95	55	99	C7	77	58	A2	C7	F7	20	BC	C7	00	00	00	00	00	00	00	00	00	00	00	00	00	00	00	00	00	00	00	00
3.267	3D DATA	true	-	-	-	-	-77354.9	-81229.1	-78507.2	-83120.9	-96321.9	-77354.9	-81229.1	-78507.2	-83120.9	-96321.9	-	-	-	-	-
3.268	3D MESSAGE	48	00	DC	91	20	59	83	8C	CC	44	8E	3C	77	15	97	C7	8D	A6	9E	C7	90	55	99	C7	68	58	A2	C7	14	21	BC	C7	77	15	97	C7	8D	A6	9E	C7	90	55	99	C7	68	58	A2	C7	14	21	BC	C7	00	00	00	00	00	00	00	00	00	00	00	00	00	00	00	00	00	00	00	00
3.268	3D DATA	true	-	-	-	-	-77354.9	-81229.1	-78507.1	-83120.8	-96322.2	-77354.9	-81229.1	-78507.1	-83120.8	-96322.2	-	-	-	-	-
3.268	3D MESSAGE	48	00	DD	91	20	59	84	8C	CC	44	8E	3C	71	15	97	C7	85	A6	9E	C7	7E	55	99	C7	4F	58	A2	C7	1E	21	BC	C7	71	15	97	C7	85	A6	9E	C7	7E	55	99	C7	4F	58	A2	C7	1E	21	BC	C7	00	00	00	00	00	00	00	00	00	00	00	00	00	00	00	00	00	00	00	00
3.268	3D DATA	true	-	-	-	-	-77354.9	-81229.0	-78507.0	-83120.6	-96322.2	-77354.9	-81229.0	-78507.0	-83120.6	-96322.2	-	-	-	-	-
3.268	3D MESSAGE	48	00	DE	91	20	59	85	8C	CC	44	8E	3C	5B	15	97	C7	70	A6	9E	C7	5C	55	99	C7	2C	58	A2	C7	10	21	BC	C7	5B	15	97	C7	70	A6	9E	C7	5C	55	99	C7	2C	58	A2	C7	10	21	BC	C7	00	00	00	00	00	00	00	00	00	00	00	00	00	00	00	00	00	00	00	00
3.268	3D DATA	true	-	-	-	-	-77354.7	-81228.9	-78506.7	-83120.3	-96322.1	-77354.7	-81228.9	-78506.7	-83120.3	-96322.1	-	-	-	-	-
3.269	3D MESSAGE	48	00	DF	91	20	59	86	8C	CC	44	8E	3C	35	15	97	C7	4E	A6	9E	C7	2C	55	99	C7	FD	57	A2	C7	E8	20	BC	C7	35	15	97	C7	4E	A6	9E	C7	2C	55	99	C7	FD	57	A2	C7	E8	20	BC	C7	00	00	00	00	00	00	00	00	00	00	00	00	00	00	00	00	00	00	00	00
3.269	3D DATA	true	-	-	-	-	-77354.4	-81228.6	-78506.3	-83120.0	-96321.8	-77354.4	-81228.6	-78506.3	-83120.0	-96321.8	-	-	-	-	-
3.269	3D MESSAGE	48	00	E0	91	20	59	87	8C	CC	44	8E	3C	02	15	97	C7	20	A6	9E	C7	F3	54	99	C7	C2	57	A2	C7	AC	20	BC	C7	02	15	97	C7	20	A6	9E	C7	F3	54	99	C7	C2	57	A2	C7	AC	20	BC	C7	00	00	00	00	00	00	00	00	00	00	00	00	00	00	00	00	00	00	00	00
3.269	3D DATA	true	-	-	-	-	-77354.0	-81228.2	-78505.9	-83119.5	-96321.3	-77354.0	-81228.2	-78505.9	-83119.5	-96321.3	-	-	-	-	-
3.299	3D MESSAGE	48	00	E1	91	20	59	88	8C	CC	44	8E	3C	C6	14	97	C7	EB	A5	9E	C7	B4	54	99	C7	7B	57	A2	C7	64	20	BC	C7	C6	14	97	C7	EB	A5	9E	C7	B4	54	99	C7	7B	57	A2	C7	64	20	BC	C7	00	00	00	00	00	00	00	00	00	00	00	00	00	00	00	00	00	00	00	00
3.299	3D DATA	true	-	-	-	-	-77353.5	-81227.8	-78505.4	-83119.0	-96320.8	-77353.5	-81227.8	-78505.4	-83119.0	-96320.8	-	-	-	-	-
3.300	3D MESSAGE	48	00	E2	91	20	59	89	8C	CC	44	8E	3C	88	14	97	C7	B3	A5	9E	C7	76	54	99	C7	2B	57	A2	C7	18	20	BC	C7	88	14	97	C7	B3	A5	9E	C7	76	54	99	C7	2B	57	A2	C7	18	20	BC	C7	00	00	00	00	00	00	00	00	00	00	00	00	00	00	00	00	00	00	00	00
3.300	3D DATA	true	-	-	-	-	-77353.1	-81227.4	-78504.9	-83118.3	-96320.2	-77353.1	-81227.4	-78504.9	-83118.3	-96320.2	-	-	-	-	-
3.301	3D MESSAGE	48	00	E3	91	20	59	8A	8C	CC	44	8E	3C	4B	14	97	C7	7C	A5	9E	C7	39	54	99	C7	D2	56	A2	C7	D2	1F	BC	C7	4B	14	97	C7	7C	A5	9E	C7	39	54	99	C7	D2	56	A2	C7	D2	1F	BC	C7	00	00	00	00	00	00	00	00	00	00	00	00	00	00	00	00	00	00	00	00
3.301	3D DATA	true	-	-	-	-	-77352.6	-81227.0	-78504.4	-83117.6	-96319.6	-77352.6	-81227.0	-78504.4	-83117.6	-96319.6	-	-	-	-	-
3.301	3D MESSAGE	48	00	E4	91	20	59	8B	8C	CC	44	8E	3C	12	14	97	C7	48	A5	9E	C7	01	54	99	C7	71	56	A2	C7	99	1F	BC	C7	12	14	97	C7	48	A5	9E	C7	01	54	99	C7	71	56	A2	C7	99	1F	BC	C7	00	00	00	00	00	00	00	00	00	00	00	00	00	00	00	00	00	00	00	00
3.301	3D DATA	true	-	-	-	-	-77352.1	-81226.6	-78504.0	-83116.9	-96319.2	-77352.1	-81226.6	-78504.0	-83116.9	-96319.2	-	-	-	-	-
3.302	3D MESSAGE	48	00	E5	91	20	59	8C	8C	14	DE	B0	3C	DC	13	97	C7	18	A5	9E	C7	CC	53	99	C7	09	56	A2	C7	6A	1F	BC	C7	DC	13	97	C7	18	A5	9E	C7	CC	53	99	C7	09	56	A2	C7	6A	1F	BC	C7	00	00	00	00	00	00	00	00	00	00	00	00	00	00	00	00	00	00	00	00
3.302	3D DATA	true	-	-	-	-	-77351.7	-81226.2	-78503.6	-83116.1	-96318.8	-77351.7	-81226.2	-78503.6	-83116.1	-96318.8	-	-	-	-	-
3.302	3D MESSAGE	48	00	E6	91	20	59	8D	8C	14	DE	B0	3C	A4	13	97	C7	EC	A4	9E	C7	9A	53	99	C7	9A	55	A2	C7	43	1F	BC	C7	A4	13	97	C7	EC	A4	9E	C7	9A	53	99	C7	9A	55	A2	C7	43	1F	BC	C7	00	00	00	00	00	00	00	00	00	00	00	00	00	00	00	00	00	00	00	00
3.302	3D DATA	true	-	-	-	-	-77351.3	-81225.8	-78503.2	-83115.2	-96318.5	-77351.3	-81225.8	-78503.2	-83115.2	-96318.5	-	-	-	-	-
3.302	3D MESSAGE	48	00	E7	91	20	59	8E	8C	14	DE	B0	3C	69	13	97	C7	C2	A4	9E	C7	6A	53	99	C7	22	55	A2	C7	1B	1F	BC	C7	69	13	97	C7	C2	A4	9E	C7	6A	53	99	C7	22	55	A2	C7	1B	1F	BC	C7	00	00	00	00	00	00	00	00	00	00	00	00	00	00	00	00	00	00	00	00
3.302	3D DATA	true	-	-	-	-	-77350.8	-81225.5	-78502.8	-83114.3	-96318.2	-77350.8	-81225.5	-78502.8	-83114.3	-96318.2	-	-	-	-	-
3.331	3D MESSAGE	48	00	E8	91	20	59	8F	8C	14	DE	B0	3C	27	13	97	C7	9C	A4	9E	C7	3A	53	99	C7	A0	54	A2	C7	EE	1E	BC	C7	27	13	97	C7	9C	A4	9E	C7	3A	53	99	C7	A0	54	A2	C7	EE	1E	BC	C7	00	00	00	00	00	00	00	00	00	00	00	00	00	00	00	00	00	00	00	00
3.331	3D DATA	true	-	-	-	-	-77350.3	-81225.2	-78502.5	-83113.2	-96317.9	-77350.3	-81225.2	-78502.5	-83113.2	-96317.9	-	-	-	-	-
3.332	3D MESSAGE	48	00	E9	91	20	59	90	8C	14	DE	B0	3C	DE	12	97	C7	7A	A4	9E	C7	0A	53	99	C7	13	54	A2	C7	B9	1E	BC	C7	DE	12	97	C7	7A	A4	9E	C7	0A	53	99	C7	13	54	A2	C7	B9	1E	BC	C7	00	00	00	00	00	00	00	00	00	00	00	00	00	00	00	00	00	00	00	00
3.332	3D DATA	true	-	-	-	-	-77349.7	-81225.0	-78502.1	-83112.1	-96317.4	-77349.7	-81225.0	-78502.1	-83112.1	-96317.4	-	-	-	-	-
3.332	3D MESSAGE	48	00	EA	91	20	59	91	8C	14	DE	B0	3C	91	12	97	C7	5F	A4	9E	C7	DB	52	99	C7	79	53	A2	C7	7C	1E	BC	C7	91	12	97	C7	5F	A4	9E	C7	DB	52	99	C7	79	53	A2	C7	7C	1E	BC	C7	00	00	00	00	00	00	00	00	00	00	00	00	00	00	00	00	00	00	00	00
3.332	3D DATA	true	-	-	-	-	-77349.1	-81224.7	-78501.7	-83110.9	-96317.0	-77349.1	-81224.7	-78501.7	-83110.9	-96317.0	-	-	-	-	-
3.332	3D MESSAGE	48	00	EB	91	20	59	92	8C	14	DE	B0	3C	3E	12	97	C7	4E	A4	9E	C7	AB	52	99	C7	D1	52	A2	C7	3A	1E	BC	C7	3E	12	97	C7	4E	A4	9E	C7	AB	52	99	C7	D1	52	A2	C7	3A	1E	BC	C7	00	00	00	00	00	00	00	00	00	00	00	00	00	00	00	00	00	00	00	00
3.332	3D DATA	true	-	-	-	-	-77348.5	-81224.6	-78501.3	-83109.6	-96316.5	-77348.5	-81224.6	-78501.3	-83109.6	-96316.5	-	-	-	-	-
3.333	3D MESSAGE	48	00	EC	91	20	59	93	8C	14	DE	B0	3C	E8	11	97	C7	46	A4	9E	C7	79	52	99	C7	18	52	A2	C7	F7	1D	BC	C7	E8	11	97	C7	46	A4	9E	C7	79	52	99	C7	18	52	A2	C7	F7	1D	BC	C7	00	00	00	00	00	00	00	00	00	00	00	00	00	00	00	00	00	00	00	00
3.333	3D DATA	true	-	-	-	-	-77347.8	-81224.5	-78500.9	-83108.2	-96315.9	-77347.8	-81224.5	-78500.9	-83108.2	-96315.9	-	-	-	-	-
3.333	3D MESSAGE	48	00	ED	91	20	59	94	8C	14	DE	B0	3C	8C	11	97	C7	49	A4	9E	C7	44	52	99	C7	4D	51	A2	C7	B4	1D	BC	C7	8C	11	97	C7	49	A4	9E	C7	44	52	99	C7	4D	51	A2	C7	B4	1D	BC	C7	00	00	00	00	00	00	00	00	00	00	00	00	00	00	00	00	00	00	00	00
3.333	3D DATA	true	-	-	-	-	-77347.1	-81224.6	-78500.5	-83106.6	-96315.4	-77347.1	-81224.6	-78500.5	-83106.6	-96315.4	-	-	-	-	-
3.360	3D MESSAGE	48	00	EE	91	20	59	95	8C	14	DE	B0	3C	26	11	97	C7	50	A4	9E	C7	06	52	99	C7	6E	50	A2	C7	71	1D	BC	C7	26	11	97	C7	50	A4	9E	C7	06	52	99	C7	6E	50	A2	C7	71	1D	BC	C7	00	00	00	00	00	00	00	00	00	00	00	00	00	00	00	00	00	00	00	00
3.360	3D DATA	true	-	-	-	-	-77346.3	-81224.6	-78500.0	-83104.9	-96314.9	-77346.3	-81224.6	-78500.0	-83104.9	-96314.9	-	-	-	-	-
3.361	3D MESSAGE	48	00	EF	91	20	59	96	8C	14	DE	B0	3C	B1	10	97	C7	56	A4	9E	C7	C0	51	99	C7	77	4F	A2	C7	2A	1D	BC	C7	B1	10	97	C7	56	A4	9E	C7	C0	51	99	C7	77	4F	A2	C7	2A	1D	BC	C7	00	00	00	00	00	00	00	00	00	00	00	00	00	00	00	00	00	00	00	00
3.361	3D DATA	true	-	-	-	-	-77345.4	-81224.7	-78499.5	-83102.9	-96314.3	-77345.4	-81224.7	-78499.5	-83102.9	-96314.3	-	-	-	-	-
3.361	3D MESSAGE	48	00	F0	91	20	59	97	8C	14	DE	B0	3C	2C	10	97	C7	53	A4	9E	C7	6C	51	99	C7	68	4E	A2	C7	D9	1C	BC	C7	2C	10	97	C7	53	A4	9E	C7	6C	51	99	C7	68	4E	A2	C7	D9	1C	BC	C7	00	00	00	00	00	00	00	00	00	00	00	00	00	00	00	00	00	00	00	00
3.361	3D DATA	true	-	-	-	-	-77344.3	-81224.6	-78498.8	-83100.8	-96313.7	-77344.3	-81224.6	-78498.8	-83100.8	-96313.7	-	-	-	-	-
3.362	3D MESSAGE	48	00	F1	91	20	59	98	8C	14	DE	B0	3C	94	0F	97	C7	42	A4	9E	C7	09	51	99	C7	41	4D	A2	C7	78	1C	BC	C7	94	0F	97	C7	42	A4	9E	C7	09	51	99	C7	41	4D	A2	C7	78	1C	BC	C7	00	00	00	00	00	00	00	00	00	00	00	00	00	00	00	00	00	00	00	00
3.362	3D DATA	true	-	-	-	-	-77343.2	-81224.5	-78498.1	-83098.5	-96312.9	-77343.2	-81224.5	-78498.1	-83098.5	-96312.9	-	-	-	-	-
3.362	3D MESSAGE	48	00	F2	91	20	59	99	8C	14	DE	B0	3C	E8	0E	97	C7	1E	A4	9E	C7	96	50	99	C7	FF	4B	A2	C7	00	1C	BC	C7	E8	0E	97	C7	1E	A4	9E	C7	96	50	99	C7	FF	4B	A2	C7	00	1C	BC	C7	00	00	00	00	00	00	00	00	00	00	00	00	00	00	00	00	00	00	00	00
3.362	3D DATA	true	-	-	-	-	-77341.8	-81224.2	-78497.2	-83096.0	-96312.0	-77341.8	-81224.2	-78497.2	-83096.0	-96312.0	-	-	-	-	-
3.362	3D MESSAGE	48	00	F3	91	20	59	9A	8C	14	DE	B0	3C	29	0E	97	C7	E6	A3	9E	C7	11	50	99	C7	A0	4A	A2	C7	6E	1B	BC	C7	29	0E	97	C7	E6	A3	9E	C7	11	50	99	C7	A0	4A	A2	C7	6E	1B	BC	C7	00	00	00	00	00	00	00	00	00	00	00	00	00	00	00	00	00	00	00	00
3.362	3D DATA	true	-	-	-	-	-77340.3	-81223.8	-78496.1	-83093.2	-96310.9	-77340.3	-81223.8	-78496.1	-83093.2	-96310.9	-	-	-	-	-
3.394	3D MESSAGE	48	00	F4	91	20	59	9B	8C	14	DE	B0	3C	53	0D	97	C7	9B	A3	9E	C7	7A	4F	99	C7	22	49	A2	C7	BE	1A	BC	C7	53	0D	97	C7	9B	A3	9E	C7	7A	4F	99	C7	22	49	A2	C7	BE	1A	BC	C7	00	00	00	00	00	00	00	00	00	00	00	00	00	00	00	00	00	00	00	00
3.394	3D DATA	true	-	-	-	-	-77338.6	-81223.2	-78495.0	-83090.3	-96309.5	-77338.6	-81223.2	-78495.0	-83090.3	-96309.5	-	-	-	-	-
3.395	3D MESSAGE	48	00	F5	91	20	59	9C	8C	14	DE	B0	3C	66	0C	97	C7	40	A3	9E	C7	CF	4E	99	C7	80	47	A2	C7	F2	19	BC	C7	66	0C	97	C7	40	A3	9E	C7	CF	4E	99	C7	80	47	A2	C7	F2	19	BC	C7	00	00	00	00	00	00	00	00	00	00	00	00	00	00	00	00	00	00	00	00
3.395	3D DATA	true	-	-	-	-	-77336.8	-81222.5	-78493.6	-83087.0	-96307.9	-77336.8	-81222.5	-78493.6	-83087.0	-96307.9	-	-	-	-	-
3.395	3D MESSAGE	48	00	F6	91	20	59	9D	8C	14	DE	B0	3C	5F	0B	97	C7	D8	A2	9E	C7	12	4E	99	C7	B3	45	A2	C7	0C	19	BC	C7	5F	0B	97	C7	D8	A2	9E	C7	12	4E	99	C7	B3	45	A2	C7	0C	19	BC	C7	00	00	00	00	00	00	00	00	00	00	00	00	00	00	00	00	00	00	00	00
3.395	3D DATA	true	-	-	-	-	-77334.7	-81221.7	-78492.1	-83083.4	-96306.1	-77334.7	-81221.7	-78492.1	-83083.4	-96306.1	-	-	-	-	-
3.395	3D MESSAGE	48	00	F7	91	20	59	9E	8C	14	DE	B0	3C	3A	0A	97	C7	68	A2	9E	C7	44	4D	99	C7	B6	43	A2	C7	12	18	BC	C7	3A	0A	97	C7	68	A2	9E	C7	44	4D	99	C7	B6	43	A2	C7	12	18	BC	C7	00	00	00	00	00	00	00	00	00	00	00	00	00	00	00	00	00	00	00	00
3.395	3D DATA	true	-	-	-	-	-77332.5	-81220.8	-78490.5	-83079.4	-96304.1	-77332.5	-81220.8	-78490.5	-83079.4	-96304.1	-	-	-	-	-
3.396	3D MESSAGE	48	00	F8	91	20	59	9F	8C	14	DE	B0	3C	F5	08	97	C7	F3	A1	9E	C7	66	4C	99	C7	84	41	A2	C7	08	17	BC	C7	F5	08	97	C7	F3	A1	9E	C7	66	4C	99	C7	84	41	A2	C7	08	17	BC	C7	00	00	00	00	00	00	00	00	00	00	00	00	00	00	00	00	00	00	00	00
3.396	3D DATA	true	-	-	-	-	-77329.9	-81219.9	-78488.8	-83075.0	-96302.1	-77329.9	-81219.9	-78488.8	-83075.0	-96302.1	-	-	-	-	-
3.396	3D MESSAGE	48	00	F9	91	20	59	A0	8C	14	DE	B0	3C	8F	07	97	C7	79	A1	9E	C7	76	4B	99	C7	1B	3F	A2	C7	F2	15	BC	C7	8F	07	97	C7	79	A1	9E	C7	76	4B	99	C7	1B	3F	A2	C7	F2	15	BC	C7	00	00	00	00	00	00	00	00	00	00	00	00	00	00	00	00	00	00	00	00
3.396	3D DATA	true	-	-	-	-	-77327.1	-81218.9	-78486.9	-83070.2	-96299.9	-77327.1	-81218.9	-78486.9	-83070.2	-96299.9	-	-	-	-	-
3.396	3D MESSAGE	48	00	FA	91	20	59	A1	8C	14	DE	B0	3C	08	06	97	C7	F8	A0	9E	C7	75	4A	99	C7	76	3C	A2	C7	D0	14	BC	C7	08	06	97	C7	F8	A0	9E	C7	75	4A	99	C7	76	3C	A2	C7	D0	14	BC	C7	00	00	00	00	00	00	00	00	00	00	00	00	00	00	00	00	00	00	00	00
3.396	3D DATA	true	-	-	-	-	-77324.1	-81217.9	-78484.9	-83064.9	-96297.6	-77324.1	-81217.9	-78484.9	-83064.9	-96297.6	-	-	-	-	-
3.396	3D MESSAGE	48	00	FB	91	20	59	A2	8C	14	DE	B0	3C	61	04	97	C7	6E	A0	9E	C7	60	49	99	C7	93	39	A2	C7	9F	13	BC	C7	61	04	97	C7	6E	A0	9E	C7	60	49	99	C7	93	39	A2	C7	9F	13	BC	C7	00	00	00	00	00	00	00	00	00	00	00	00	00	00	00	00	00	00	00	00
3.396	3D DATA	true	-	-	-	-	-77320.8	-81216.9	-78482.8	-83059.1	-96295.2	-77320.8	-81216.9	-78482.8	-83059.1	-96295.2	-	-	-	-	-
3.421	3D MESSAGE	48	00	FC	91	20	59	A3	8C	14	DE	B0	3C	99	02	97	C7	D8	9F	9E	C7	36	48	99	C7	6E	36	A2	C7	5A	12	BC	C7	99	02	97	C7	D8	9F	9E	C7	36	48	99	C7	6E	36	A2	C7	5A	12	BC	C7	00	00	00	00	00	00	00	00	00	00	00	00	00	00	00	00	00	00	00	00
3.421	3D DATA	true	-	-	-	-	-77317.2	-81215.7	-78480.4	-83052.9	-96292.7	-77317.2	-81215.7	-78480.4	-83052.9	-96292.7	-	-	-	-	-
3.422	3D MESSAGE	48	00	FD	91	20	59	A4	8C	14	DE	B0	3C	AE	00	97	C7	33	9F	9E	C7	F4	46	99	C7	03	33	A2	C7	FA	10	BC	C7	AE	00	97	C7	33	9F	9E	C7	F4	46	99	C7	03	33	A2	C7	FA	10	BC	C7	00	00	00	00	00	00	00	00	00	00	00	00	00	00	00	00	00	00	00	00
3.422	3D DATA	true	-	-	-	-	-77313.4	-81214.4	-78477.9	-83046.0	-96290.0	-77313.4	-81214.4	-78477.9	-83046.0	-96290.0	-	-	-	-	-
3.422	3D MESSAGE	48	00	FE	91	20	59	A5	8C	14	DE	B0	3C	9E	FE	96	C7	7E	9E	9E	C7	9A	45	99	C7	4A	2F	A2	C7	77	0F	BC	C7	9E	FE	96	C7	7E	9E	9E	C7	9A	45	99	C7	4A	2F	A2	C7	77	0F	BC	C7	00	00	00	00	00	00	00	00	00	00	00	00	00	00	00	00	00	00	00	00
3.422	3D DATA	true	-	-	-	-	-77309.2	-81213.0	-78475.2	-83038.6	-96286.9	-77309.2	-81213.0	-78475.2	-83038.6	-96286.9	-	-	-	-	-
3.423	3D MESSAGE	48	00	FF	91	20	59	A6	8C	14	DE	B0	3C	66	FC	96	C7	BD	9D	9E	C7	28	44	99	C7	38	2B	A2	C7	CD	0D	BC	C7	66	FC	96	C7	BD	9D	9E	C7	28	44	99	C7	38	2B	A2	C7	CD	0D	BC	C7	00	00	00	00	00	00	00	00	00	00	00	00	00	00	00	00	00	00	00	00
3.423	3D DATA	true	-	-	-	-	-77304.8	-81211.5	-78472.3	-83030.4	-96283.6	-77304.8	-81211.5	-78472.3	-83030.4	-96283.6	-	-	-	-	-
3.424	3D MESSAGE	48	00	00	91	20	59	A7	8C	14	DE	B0	3C	FE	F9	96	C7	F0	9C	9E	C7	9A	42	99	C7	BC	26	A2	C7	F8	0B	BC	C7	FE	F9	96	C7	F0	9C	9E	C7	9A	42	99	C7	BC	26	A2	C7	F8	0B	BC	C7	00	00	00	00	00	00	00	00	00	00	00	00	00	00	00	00	00	00	00	00
3.424	3D DATA	true	-	-	-	-	-77300.0	-81209.9	-78469.2	-83021.5	-96279.9	-77300.0	-81209.9	-78469.2	-83021.5	-96279.9	-	-	-	-	-
3.454	3D MESSAGE	48	00	01	91	20	59	A8	8C	14	DE	B0	3C	60	F7	96	C7	1B	9C	9E	C7	F0	40	99	C7	BD	21	A2	C7	F4	09	BC	C7	60	F7	96	C7	1B	9C	9E	C7	F0	40	99	C7	BD	21	A2	C7	F4	09	BC	C7	00	00	00	00	00	00	00	00	00	00	00	00	00	00	00	00	00	00	00	00
3.454	3D DATA	true	-	-	-	-	-77294.8	-81208.2	-78465.9	-83011.5	-96275.9	-77294.8	-81208.2	-78465.9	-83011.5	-96275.9	-	-	-	-	-
3.455	3D MESSAGE	48	00	02	91	20	59	A9	8C	14	DE	B0	3C	80	F4	96	C7	3D	9B	9E	C7	23	3F	99	C7	18	1C	A2	C7	BC	07	BC	C7	80	F4	96	C7	3D	9B	9E	C7	23	3F	99	C7	18	1C	A2	C7	BC	07	BC	C7	00	00	00	00	00	00	00	00	00	00	00	00	00	00	00	00	00	00	00	00
3.455	3D DATA	true	-	-	-	-	-77289.0	-81206.5	-78462.3	-83000.2	-96271.5	-77289.0	-81206.5	-78462.3	-83000.2	-96271.5	-	-	-	-	-
3.455	3D MESSAGE	48	00	03	91	20	59	AA	8C	14	DE	B0	3C	53	F1	96	C7	52	9A	9E	C7	2C	3D	99	C7	96	15	A2	C7	48	05	BC	C7	53	F1	96	C7	52	9A	9E	C7	2C	3D	99	C7	96	15	A2	C7	48	05	BC	C7	00	00	00	00	00	00	00	00	00	00	00	00	00	00	00	00	00	00	00	00
3.455	3D DATA	true	-	-	-	-	-77282.6	-81204.6	-78458.3	-82987.2	-96266.6	-77282.6	-81204.6	-78458.3	-82987.2	-96266.6	-	-	-	-	-
3.455	3D MESSAGE	48	00	04	91	20	59	AB	8C	14	DE	B0	3C	C4	ED	96	C7	56	99	9E	C7	00	3B	99	C7	E4	0D	A2	C7	8D	02	BC	C7	C4	ED	96	C7	56	99	9E	C7	00	3B	99	C7	E4	0D	A2	C7	8D	02	BC	C7	00	00	00	00	00	00	00	00	00	00	00	00	00	00	00	00	00	00	00	00
3.455	3D DATA	true	-	-	-	-	-77275.5	-81202.7	-78454.0	-82971.8	-96261.1	-77275.5	-81202.7	-78454.0	-82971.8	-96261.1	-	-	-	-	-
3.456	3D MESSAGE	48	00	05	91	20	59	AC	8C	14	DE	B0	3C	BC	E9	96	C7	40	98	9E	C7	90	38	99	C7	90	04	A2	C7	79	FF	BB	C7	BC	E9	96	C7	40	98	9E	C7	90	38	99	C7	90	04	A2	C7	79	FF	BB	C7	00	00	00	00	00	00	00	00	00	00	00	00	00	00	00	00	00	00	00	00
3.456	3D DATA	true	-	-	-	-	-77267.5	-81200.5	-78449.1	-82953.1	-96254.9	-77267.5	-81200.5	-78449.1	-82953.1	-96254.9	-	-	-	-	-
3.456	3D MESSAGE	48	00	06	91	20	59	AD	8C	14	DE	B0	3C	1C	E5	96	C7	0A	97	9E	C7	CB	35	99	C7	F4	F8	A1	C7	F4	FB	BB	C7	1C	E5	96	C7	0A	97	9E	C7	CB	35	99	C7	F4	F8	A1	C7	F4	FB	BB	C7	00	00	00	00	00	00	00	00	00	00	00	00	00	00	00	00	00	00	00	00
3.456	3D DATA	true	-	-	-	-	-77258.2	-81198.1	-78443.6	-82929.9	-96247.9	-77258.2	-81198.1	-78443.6	-82929.9	-96247.9	-	-	-	-	-
3.457	3D MESSAGE	48	00	07	91	20	59	AE	8C	14	DE	B0	3C	BE	DF	96	C7	B0	95	9E	C7	9B	32	99	C7	2F	EA	A1	C7	DF	F7	BB	C7	BE	DF	96	C7	B0	95	9E	C7	9B	32	99	C7	2F	EA	A1	C7	DF	F7	BB	C7	00	00	00	00	00	00	00	00	00	00	00	00	00	00	00	00	00	00	00	00
3.457	3D DATA	true	-	-	-	-	-77247.5	-81195.4	-78437.2	-82900.4	-96239.7	-77247.5	-81195.4	-78437.2	-82900.4	-96239.7	-	-	-	-	-
3.484	3D MESSAGE	48	00	08	91	20	59	AF	8C	14	DE	B0	3C	71	D9	96	C7	2B	94	9E	C7	E6	2E	99	C7	19	D7	A1	C7	10	F3	BB	C7	71	D9	96	C7	2B	94	9E	C7	E6	2E	99	C7	19	D7	A1	C7	10	F3	BB	C7	00	00	00	00	00	00	00	00	00	00	00	00	00	00	00	00	00	00	00	00
3.484	3D DATA	true	-	-	-	-	-77234.9	-81192.3	-78429.8	-82862.2	-96230.1	-77234.9	-81192.3	-78429.8	-82862.2	-96230.1	-	-	-	-	-
3.484	3D MESSAGE	48	00	09	91	20	59	B0	8C	14	DE	B0	3C	F8	D1	96	C7	7B	92	9E	C7	87	2A	99	C7	42	BE	A1	C7	51	ED	BB	C7	F8	D1	96	C7	7B	92	9E	C7	87	2A	99	C7	42	BE	A1	C7	51	ED	BB	C7	00	00	00	00	00	00	00	00	00	00	00	00	00	00	00	00	00	00	00	00
3.485	3D DATA	true	-	-	-	-	-77219.9	-81189.0	-78421.1	-82812.5	-96218.6	-77219.9	-81189.0	-78421.1	-82812.5	-96218.6	-	-	-	-	-
3.485	3D MESSAGE	48	00	0A	91	20	59	B1	8C	14	DE	B0	3C	08	C9	96	C7	9D	90	9E	C7	4C	25	99	C7	15	9E	A1	C7	61	E6	BB	C7	08	C9	96	C7	9D	90	9E	C7	4C	25	99	C7	15	9E	A1	C7	61	E6	BB	C7	00	00	00	00	00	00	00	00	00	00	00	00	00	00	00	00	00	00	00	00
3.485	3D DATA	true	-	-	-	-	-77202.1	-81185.2	-78410.6	-82748.2	-96204.8	-77202.1	-81185.2	-78410.6	-82748.2	-96204.8	-	-	-	-	-
3.485	3D MESSAGE	48	00	0B	91	20	59	B2	8C	14	DE	B0	3C	4E	BE	96	C7	8E	8E	9E	C7	F4	1E	99	C7	16	75	A1	C7	EC	DD	BB	C7	4E	BE	96	C7	8E	8E	9E	C7	F4	1E	99	C7	16	75	A1	C7	EC	DD	BB	C7	00	00	00	00	00	00	00	00	00	00	00	00	00	00	00	00	00	00	00	00
3.485	3D DATA	true	-	-	-	-	-77180.6	-81181.1	-78397.9	-82666.2	-96187.8	-77180.6	-81181.1	-78397.9	-82666.2	-96187.8	-	-	-	-	-
3.485	3D MESSAGE	48	00	0C	91	20	59	B3	8C	14	DE	B0	3C	6F	B1	96	C7	48	8C	9E	C7	27	17	99	C7	5E	42	A1	C7	8F	D3	BB	C7	6F	B1	96	C7	48	8C	9E	C7	27	17	99	C7	5E	42	A1	C7	8F	D3	BB	C7	00	00	00	00	00	00	00	00	00	00	00	00	00	00	00	00	00	00	00	00
3.485	3D DATA	true	-	-	-	-	-77154.9	-81176.6	-78382.3	-82564.7	-96167.1	-77154.9	-81176.6	-78382.3	-82564.7	-96167.1	-	-	-	-	-
3.486	3D MESSAGE	48	00	0D	91	20	59	B4	8C	4E	FE	3F	42	16	A2	96	C7	C5	89	9E	C7	7C	0D	99	C7	2C	06	A1	C7	D9	C6	BB	C7	16	A2	96	C7	C5	89	9E	C7	7C	0D	99	C7	2C	06	A1	C7	D9	C6	BB	C7	00	00	00	00	00	00	00	00	00	00	00	00	00	00	00	00	00	00	00	00
3.486	3D DATA	true	-	-	-	-	-77124.2	-81171.5	-78363.0	-82444.3	-96141.7	-77124.2	-81171.5	-78363.0	-82444.3	-96141.7	-	-	-	-	-
3.515	3D MESSAGE	48	00	0E	91	20	59	B5	8C	4E	FE	3F	42	FF	8F	96	C7	FA	86	9E	C7	7F	01	99	C7	69	C2	A0	C7	50	B7	BB	C7	FF	8F	96	C7	FA	86	9E	C7	7F	01	99	C7	69	C2	A0	C7	50	B7	BB	C7	00	00	00	00	00	00	00	00	00	00	00	00	00	00	00	00	00	00	00	00
3.515	3D DATA	true	-	-	-	-	-77088.0	-81166.0	-78339.0	-82308.8	-96110.6	-77088.0	-81166.0	-78339.0	-82308.8	-96110.6	-	-	-	-	-
3.516	3D MESSAGE	48	00	0F	91	20	59	B6	8C	4E	FE	3F	42	08	7B	96	C7	DE	83	9E	C7	BE	F2	98	C7	EE	7A	A0	C7	86	A4	BB	C7	08	7B	96	C7	DE	83	9E	C7	BE	F2	98	C7	EE	7A	A0	C7	86	A4	BB	C7	00	00	00	00	00	00	00	00	00	00	00	00	00	00	00	00	00	00	00	00
3.516	3D DATA	true	-	-	-	-	-77046.1	-81159.7	-78309.5	-82165.9	-96073.0	-77046.1	-81159.7	-78309.5	-82165.9	-96073.0	-	-	-	-	-
3.516	3D MESSAGE	48	00	10	91	20	59	B7	8C	4E	FE	3F	42	3C	63	96	C7	6A	80	9E	C7	E0	E0	98	C7	51	35	A0	C7	28	8E	BB	C7	3C	63	96	C7	6A	80	9E	C7	E0	E0	98	C7	51	35	A0	C7	28	8E	BB	C7	00	00	00	00	00	00	00	00	00	00	00	00	00	00	00	00	00	00	00	00
3.516	3D DATA	true	-	-	-	-	-76998.5	-81152.8	-78273.8	-82026.6	-96028.3	-76998.5	-81152.8	-78273.8	-82026.6	-96028.3	-	-	-	-	-
3.516	3D MESSAGE	48	00	11	91	20	59	B8	8C	4E	FE	3F	42	E1	48	96	C7	99	7C	9E	C7	C1	CB	98	C7	32	F8	9F	C7	1F	74	BB	C7	E1	48	96	C7	99	7C	9E	C7	C1	CB	98	C7	32	F8	9F	C7	1F	74	BB	C7	00	00	00	00	00	00	00	00	00	00	00	00	00	00	00	00	00	00	00	00
3.516	3D DATA	true	-	-	-	-	-76945.8	-81145.2	-78231.5	-81904.4	-95976.2	-76945.8	-81145.2	-78231.5	-81904.4	-95976.2	-	-	-	-	-
3.517	3D MESSAGE	48	00	12	91	20	59	B9	8C	4E	FE	3F	42	77	2C	96	C7	6E	78	9E	C7	83	B3	98	C7	11	CA	9F	C7	A6	56	BB	C7	77	2C	96	C7	6E	78	9E	C7	83	B3	98	C7	11	CA	9F	C7	A6	56	BB	C7	00	00	00	00	00	00	00	00	00	00	00	00	00	00	00	00	00	00	00	00
3.517	3D DATA	true	-	-	-	-	-76888.9	-81136.9	-78183.0	-81812.1	-95917.3	-76888.9	-81136.9	-78183.0	-81812.1	-95917.3	-	-	-	-	-
3.518	3D MESSAGE	48	00	13	91	20	59	BA	8C	4E	FE	3F	42	B3	0E	96	C7	F2	73	9E	C7	9C	98	98	C7	06	B0	9F	C7	56	36	BB	C7	B3	0E	96	C7	F2	73	9E	C7	9C	98	98	C7	06	B0	9F	C7	56	36	BB	C7	00	00	00	00	00	00	00	00	00	00	00	00	00	00	00	00	00	00	00	00
3.518	3D DATA	true	-	-	-	-	-76829.4	-81127.9	-78129.2	-81760.0	-95852.7	-76829.4	-81127.9	-78129.2	-81760.0	-95852.7	-	-	-	-	-
3.548	3D MESSAGE	48	00	14	91	20	59	BB	8C	4E	FE	3F	42	6C	F0	95	C7	30	6F	9E	C7	CC	7B	98	C7	AE	AC	9F	C7	20	14	BB	C7	6C	F0	95	C7	30	6F	9E	C7	CC	7B	98	C7	AE	AC	9F	C7	20	14	BB	C7	00	00	00	00	00	00	00	00	00	00	00	00	00	00	00	00	00	00	00	00
3.549	3D DATA	true	-	-	-	-	-76768.8	-81118.4	-78071.6	-81753.4	-95784.2	-76768.8	-81118.4	-78071.6	-81753.4	-95784.2	-	-	-	-	-
3.549	3D MESSAGE	4C	00	15	91	22	59	BC	8C	00	00	00	80	4E	FE	3F	42	88	D2	95	C7	3B	6A	9E	C7	0F	5E	98	C7	9D	BF	9F	C7	3D	F1	BA	C7	88	D2	95	C7	3B	6A	9E	C7	0F	5E	98	C7	9D	BF	9F	C7	3D	F1	BA	C7	00	00	00	00	00	00	00	00	00	00	00	00	00	00	00	00	00	00	00	00
3.549	3D DATA	true	-	-	-	-	-76709.1	-81108.5	-78012.1	-81791.2	-95714.5	-76709.1	-81108.5	-78012.1	-81791.2	-95714.5	-	-	-	-	-
3.549	3D MESSAGE	48	00	16	91	20	59	BD	8C	4E	FE	3F	42	DE	B5	95	C7	24	65	9E	C7	70	40	98	C7	8A	E5	9F	C7	00	CF	BA	C7	DE	B5	95	C7	24	65	9E	C7	70	40	98	C7	8A	E5	9F	C7	00	CF	BA	C7	00	00	00	00	00	00	00	00	00	00	00	00	00	00	00	00	00	00	00	00
3.549	3D DATA	true	-	-	-	-	-76651.7	-81098.3	-77952.9	-81867.1	-95646.0	-76651.7	-81098.3	-77952.9	-81867.1	-95646.0	-	-	-	-	-
3.550	3D MESSAGE	48	00	17	91	20	59	BE	8C	4E	FE	3F	42	22	9B	95	C7	F6	5F	9E	C7	EE	23	98	C7	1C	19	A0	C7	A9	AE	BA	C7	22	9B	95	C7	F6	5F	9E	C7	EE	23	98	C7	1C	19	A0	C7	A9	AE	BA	C7	00	00	00	00	00	00	00	00	00	00	00	00	00	00	00	00	00	00	00	00
3.550	3D DATA	true	-	-	-	-	-76598.3	-81087.9	-77895.9	-81970.2	-95581.3	-76598.3	-81087.9	-77895.9	-81970.2	-95581.3	-	-	-	-	-
3.550	3D MESSAGE	48	00	18	91	20	59	BF	8C	4E	FE	3F	42	D7	82	95	C7	B9	5A	9E	C7	4F	09	98	C7	1A	54	A0	C7	3F	91	BA	C7	D7	82	95	C7	B9	5A	9E	C7	4F	09	98	C7	1A	54	A0	C7	3F	91	BA	C7	00	00	00	00	00	00	00	00	00	00	00	00	00	00	00	00	00	00	00	00
3.550	3D DATA	true	-	-	-	-	-76549.7	-81077.4	-77842.6	-82088.2	-95522.5	-76549.7	-81077.4	-77842.6	-82088.2	-95522.5	-	-	-	-	-
3.551	3D MESSAGE	48	00	19	91	20	59	C0	8C	4E	FE	3F	42	41	6D	95	C7	63	55	9E	C7	14	F1	97	C7	9E	90	A0	C7	70	77	BA	C7	41	6D	95	C7	63	55	9E	C7	14	F1	97	C7	9E	90	A0	C7	70	77	BA	C7	00	00	00	00	00	00	00	00	00	00	00	00	00	00	00	00	00	00	00	00
3.551	3D DATA	true	-	-	-	-	-76506.5	-81066.8	-77794.2	-82209.2	-95470.9	-76506.5	-81066.8	-77794.2	-82209.2	-95470.9	-	-	-	-	-
3.551	3D MESSAGE	48	00	1A	91	20	59	C1	8C	4E	FE	3F	42	71	5A	95	C7	E2	4F	9E	C7	74	DB	97	C7	04	CA	A0	C7	88	61	BA	C7	71	5A	95	C7	E2	4F	9E	C7	74	DB	97	C7	04	CA	A0	C7	88	61	BA	C7	00	00	00	00	00	00	00	00	00	00	00	00	00	00	00	00	00	00	00	00
3.551	3D DATA	true	-	-	-	-	-76468.9	-81055.8	-77750.9	-82324.0	-95427.1	-76468.9	-81055.8	-77750.9	-82324.0	-95427.1	-	-	-	-	-
3.583	3D MESSAGE	48	00	1B	91	20	59	C2	8C	4E	FE	3F	42	50	4A	95	C7	18	4A	9E	C7	66	C8	97	C7	57	FD	A0	C7	79	4F	BA	C7	50	4A	95	C7	18	4A	9E	C7	66	C8	97	C7	57	FD	A0	C7	79	4F	BA	C7	00	00	00	00	00	00	00	00	00	00	00	00	00	00	00	00	00	00	00	00
3.583	3D DATA	true	-	-	-	-	-76436.6	-81044.2	-77712.8	-82426.7	-95390.9	-76436.6	-81044.2	-77712.8	-82426.7	-95390.9	-	-	-	-	-
3.583	3D MESSAGE	48	00	1C	91	20	59	C3	8C	4E	FE	3F	42	B0	3C	95	C7	DF	43	9E	C7	BC	B7	97	C7	52	29	A1	C7	F8	40	BA	C7	B0	3C	95	C7	DF	43	9E	C7	BC	B7	97	C7	52	29	A1	C7	F8	40	BA	C7	00	00	00	00	00	00	00	00	00	00	00	00	00	00	00	00	00	00	00	00
3.583	3D DATA	true	-	-	-	-	-76409.4	-81031.7	-77679.5	-82514.6	-95361.9	-76409.4	-81031.7	-77679.5	-82514.6	-95361.9	-	-	-	-	-
3.583	3D MESSAGE	48	00	1D	91	20	59	C4	8C	4E	FE	3F	42	60	31	95	C7	0F	3D	9E	C7	3D	A9	97	C7	FC	4D	A1	C7	95	35	BA	C7	60	31	95	C7	0F	3D	9E	C7	3D	A9	97	C7	FC	4D	A1	C7	95	35	BA	C7	00	00	00	00	00	00	00	00	00	00	00	00	00	00	00	00	00	00	00	00
3.583	3D DATA	true	-	-	-	-	-76386.8	-81018.1	-77650.5	-82588.0	-95339.2	-76386.8	-81018.1	-77650.5	-82588.0	-95339.2	-	-	-	-	-
3.583	3D MESSAGE	48	00	1E	91	20	59	C5	8C	4E	FE	3F	42	3E	28	95	C7	7F	35	9E	C7	BE	9C	97	C7	2D	6C	A1	C7	DA	2C	BA	C7	3E	28	95	C7	7F	35	9E	C7	BE	9C	97	C7	2D	6C	A1	C7	DA	2C	BA	C7	00	00	00	00	00	00	00	00	00	00	00	00	00	00	00	00	00	00	00	00
3.583	3D DATA	true	-	-	-	-	-76368.5	-81003.0	-77625.5	-82648.4	-95321.7	-76368.5	-81003.0	-77625.5	-82648.4	-95321.7	-	-	-	-	-
3.585	3D MESSAGE	48	00	1F	91	20	59	C6	8C	4E	FE	3F	42	33	21	95	C7	0D	2D	9E	C7	2E	92	97	C7	10	85	A1	C7	62	26	BA	C7	33	21	95	C7	0D	2D	9E	C7	2E	92	97	C7	10	85	A1	C7	62	26	BA	C7	00	00	00	00	00	00	00	00	00	00	00	00	00	00	00	00	00	00	00	00
3.585	3D DATA	true	-	-	-	-	-76354.4	-80986.1	-77604.4	-82698.1	-95308.8	-76354.4	-80986.1	-77604.4	-82698.1	-95308.8	-	-	-	-	-
3.585	3D MESSAGE	48	00	20	91	20	59	C7	8C	4E	FE	3F	42	3E	1C	95	C7	93	23	9E	C7	9B	89	97	C7	D6	99	A1	C7	E0	21	BA	C7	3E	1C	95	C7	93	23	9E	C7	9B	89	97	C7	D6	99	A1	C7	E0	21	BA	C7	00	00	00	00	00	00	00	00	00	00	00	00	00	00	00	00	00	00	00	00
3.585	3D DATA	true	-	-	-	-	-76344.5	-80967.1	-77587.2	-82739.7	-95299.8	-76344.5	-80967.1	-77587.2	-82739.7	-95299.8	-	-	-	-	-
3.585	3D MESSAGE	48	00	21	91	20	59	C8	8C	4E	FE	3F	42	5E	19	95	C7	E8	18	9E	C7	2D	83	97	C7	7F	AB	A1	C7	26	1F	BA	C7	5E	19	95	C7	E8	18	9E	C7	2D	83	97	C7	7F	AB	A1	C7	26	1F	BA	C7	00	00	00	00	00	00	00	00	00	00	00	00	00	00	00	00	00	00	00	00
3.585	3D DATA	true	-	-	-	-	-76338.7	-80945.8	-77574.4	-82775.0	-95294.3	-76338.7	-80945.8	-77574.4	-82775.0	-95294.3	-	-	-	-	-
3.611	3D MESSAGE	48	00	22	91	20	59	C9	8C	4E	FE	3F	42	8F	18	95	C7	CC	0C	9E	C7	1E	7F	97	C7	D1	BA	A1	C7	1E	1E	BA	C7	8F	18	95	C7	CC	0C	9E	C7	1E	7F	97	C7	D1	BA	A1	C7	1E	1E	BA	C7	00	00	00	00	00	00	00	00	00	00	00	00	00	00	00	00	00	00	00	00
3.611	3D DATA	true	-	-	-	-	-76337.1	-80921.6	-77566.2	-82805.6	-95292.2	-76337.1	-80921.6	-77566.2	-82805.6	-95292.2	-	-	-	-	-
3.612	3D MESSAGE	48	00	23	91	20	59	CA	8C	4E	FE	3F	42	C0	19	95	C7	DA	FE	9D	C7	B4	7D	97	C7	56	C8	A1	C7	BF	1E	BA	C7	C0	19	95	C7	DA	FE	9D	C7	B4	7D	97	C7	56	C8	A1	C7	BF	1E	BA	C7	00	00	00	00	00	00	00	00	00	00	00	00	00	00	00	00	00	00	00	00
3.612	3D DATA	true	-	-	-	-	-76339.5	-80893.7	-77563.4	-82832.7	-95293.5	-76339.5	-80893.7	-77563.4	-82832.7	-95293.5	-	-	-	-	-
3.612	3D MESSAGE	48	00	24	91	20	59	CB	8C	4E	FE	3F	42	C6	1C	95	C7	70	EE	9D	C7	43	7F	97	C7	65	D4	A1	C7	0D	21	BA	C7	C6	1C	95	C7	70	EE	9D	C7	43	7F	97	C7	65	D4	A1	C7	0D	21	BA	C7	00	00	00	00	00	00	00	00	00	00	00	00	00	00	00	00	00	00	00	00
3.612	3D DATA	true	-	-	-	-	-76345.5	-80860.9	-77566.5	-82856.8	-95298.1	-76345.5	-80860.9	-77566.5	-82856.8	-95298.1	-	-	-	-	-
3.613	3D MESSAGE	48	00	25	91	20	59	CC	8C	4E	FE	3F	42	6C	21	95	C7	A6	DA	9D	C7	2F	84	97	C7	33	DF	A1	C7	14	25	BA	C7	6C	21	95	C7	A6	DA	9D	C7	2F	84	97	C7	33	DF	A1	C7	14	25	BA	C7	00	00	00	00	00	00	00	00	00	00	00	00	00	00	00	00	00	00	00	00
3.613	3D DATA	true	-	-	-	-	-76354.8	-80821.3	-77576.4	-82878.4	-95306.2	-76354.8	-80821.3	-77576.4	-82878.4	-95306.2	-	-	-	-	-
3.613	3D MESSAGE	48	00	26	91	20	59	CD	8C	4E	FE	3F	42	71	27	95	C7	4C	C2	9D	C7	EB	8C	97	C7	DF	E8	A1	C7	E6	2A	BA	C7	71	27	95	C7	4C	C2	9D	C7	EB	8C	97	C7	DF	E8	A1	C7	E6	2A	BA	C7	00	00	00	00	00	00	00	00	00	00	00	00	00	00	00	00	00	00	00	00
3.613	3D DATA	true	-	-	-	-	-76366.9	-80772.6	-77593.8	-82897.7	-95317.8	-76366.9	-80772.6	-77593.8	-82897.7	-95317.8	-	-	-	-	-
3.642	3D MESSAGE	48	00	27	91	20	59	CE	8C	4E	FE	3F	42	9B	2E	95	C7	1C	A4	9D	C7	EE	99	97	C7	80	F1	A1	C7	A5	32	BA	C7	9B	2E	95	C7	1C	A4	9D	C7	EE	99	97	C7	80	F1	A1	C7	A5	32	BA	C7	00	00	00	00	00	00	00	00	00	00	00	00	00	00	00	00	00	00	00	00
3.642	3D DATA	true	-	-	-	-	-76381.2	-80712.2	-77619.9	-82915.0	-95333.3	-76381.2	-80712.2	-77619.9	-82915.0	-95333.3	-	-	-	-	-
3.642	3D MESSAGE	48	00	28	91	20	59	CF	8C	4E	FE	3F	42	C2	36	95	C7	FE	7E	9D	C7	9F	AB	97	C7	2E	F9	A1	C7	84	3C	BA	C7	C2	36	95	C7	FE	7E	9D	C7	9F	AB	97	C7	2E	F9	A1	C7	84	3C	BA	C7	00	00	00	00	00	00	00	00	00	00	00	00	00	00	00	00	00	00	00	00
3.642	3D DATA	true	-	-	-	-	-76397.5	-80638.0	-77655.2	-82930.4	-95353.0	-76397.5	-80638.0	-77655.2	-82930.4	-95353.0	-	-	-	-	-
3.643	3D MESSAGE	48	00	29	91	20	59	D0	8C	4E	FE	3F	42	DD	3F	95	C7	68	52	9D	C7	2C	C2	97	C7	05	00	A2	C7	CA	48	BA	C7	DD	3F	95	C7	68	52	9D	C7	2C	C2	97	C7	05	00	A2	C7	CA	48	BA	C7	00	00	00	00	00	00	00	00	00	00	00	00	00	00	00	00	00	00	00	00
3.643	3D DATA	true	-	-	-	-	-76415.7	-80548.8	-77700.3	-82944.0	-95377.6	-76415.7	-80548.8	-77700.3	-82944.0	-95377.6	-	-	-	-	-
3.643	3D MESSAGE	48	00	2A	91	20	59	D1	8C	4E	FE	3F	42	02	4A	95	C7	C8	1E	9D	C7	67	DD	97	C7	28	06	A2	C7	C6	57	BA	C7	02	4A	95	C7	C8	1E	9D	C7	67	DD	97	C7	28	06	A2	C7	C6	57	BA	C7	00	00	00	00	00	00	00	00	00	00	00	00	00	00	00	00	00	00	00	00
3.643	3D DATA	true	-	-	-	-	-76436.0	-80445.6	-77754.8	-82956.3	-95407.5	-76436.0	-80445.6	-77754.8	-82956.3	-95407.5	-	-	-	-	-
3.643	3D MESSAGE	48	00	2B	91	20	59	D2	8C	4E	FE	3F	42	6C	55	95	C7	C6	E5	9C	C7	AB	FC	97	C7	B9	0B	A2	C7	C8	69	BA	C7	6C	55	95	C7	C6	E5	9C	C7	AB	FC	97	C7	B9	0B	A2	C7	C8	69	BA	C7	00	00	00	00	00	00	00	00	00	00	00	00	00	00	00	00	00	00	00	00
3.643	3D DATA	true	-	-	-	-	-76458.8	-80331.5	-77817.3	-82967.4	-95443.6	-76458.8	-80331.5	-77817.3	-82967.4	-95443.6	-	-	-	-	-
3.643	3D MESSAGE	48	00	2C	91	20	59	D3	8C	4E	FE	3F	42	6E	62	95	C7	5B	AA	9C	C7	D8	1E	98	C7	DE	10	A2	C7	06	7F	BA	C7	6E	62	95	C7	5B	AA	9C	C7	D8	1E	98	C7	DE	10	A2	C7	06	7F	BA	C7	00	00	00	00	00	00	00	00	00	00	00	00	00	00	00	00	00	00	00	00
3.643	3D DATA	true	-	-	-	-	-76484.9	-80212.7	-77885.7	-82977.7	-95486.0	-76484.9	-80212.7	-77885.7	-82977.7	-95486.0	-	-	-	-	-
3.672	3D MESSAGE	48	00	2D	91	20	59	D4	8C	4E	FE	3F	42	68	71	95	C7	90	70	9C	C7	74	42	98	C7	B2	15	A2	C7	84	97	BA	C7	68	71	95	C7	90	70	9C	C7	74	42	98	C7	B2	15	A2	C7	84	97	BA	C7	00	00	00	00	00	00	00	00	00	00	00	00	00	00	00	00	00	00	00	00
3.672	3D DATA	true	-	-	-	-	-76514.8	-80097.1	-77956.9	-82987.4	-95535.0	-76514.8	-80097.1	-77956.9	-82987.4	-95535.0	-	-	-	-	-
3.673	3D MESSAGE	48	00	2E	91	20	59	D5	8C	4E	FE	3F	42	B4	82	95	C7	0D	3D	9C	C7	D9	65	98	C7	4C	1A	A2	C7	06	B3	BA	C7	B4	82	95	C7	0D	3D	9C	C7	D9	65	98	C7	4C	1A	A2	C7	06	B3	BA	C7	00	00	00	00	00	00	00	00	00	00	00	00	00	00	00	00	00	00	00	00
3.673	3D DATA	true	-	-	-	-	-76549.4	-79994.1	-78027.7	-82996.6	-95590.0	-76549.4	-79994.1	-78027.7	-82996.6	-95590.0	-	-	-	-	-
3.673	3D MESSAGE	48	00	2F	91	20	59	D6	8C	4E	FE	3F	42	93	96	95	C7	6E	14	9C	C7	7D	87	98	C7	BA	1E	A2	C7	0A	D1	BA	C7	93	96	95	C7	6E	14	9C	C7	7D	87	98	C7	BA	1E	A2	C7	0A	D1	BA	C7	00	00	00	00	00	00	00	00	00	00	00	00	00	00	00	00	00	00	00	00
3.673	3D DATA	true	-	-	-	-	-76589.1	-79912.9	-78095.0	-83005.5	-95650.1	-76589.1	-79912.9	-78095.0	-83005.5	-95650.1	-	-	-	-	-
3.673	3D MESSAGE	48	00	30	91	20	59	D7	8C	4E	FE	3F	42	16	AD	95	C7	98	FA	9B	C7	28	A6	98	C7	02	23	A2	C7	C6	F0	BA	C7	16	AD	95	C7	98	FA	9B	C7	28	A6	98	C7	02	23	A2	C7	C6	F0	BA	C7	00	00	00	00	00	00	00	00	00	00	00	00	00	00	00	00	00	00	00	00
3.673	3D DATA	true	-	-	-	-	-76634.2	-79861.2	-78156.3	-83014.0	-95713.5	-76634.2	-79861.2	-78156.3	-83014.0	-95713.5	-	-	-	-	-
3.674	3D MESSAGE	48	00	31	91	20	59	D8	8C	4E	FE	3F	42	10	C6	95	C7	24	F2	9B	C7	1B	C1	98	C7	24	27	A2	C7	46	11	BB	C7	10	C6	95	C7	24	F2	9B	C7	1B	C1	98	C7	24	27	A2	C7	46	11	BB	C7	00	00	00	00	00	00	00	00	00	00	00	00	00	00	00	00	00	00	00	00
3.674	3D DATA	true	-	-	-	-	-76684.1	-79844.3	-78210.2	-83022.3	-95778.5	-76684.1	-79844.3	-78210.2	-83022.3	-95778.5	-	-	-	-	-
3.674	3D MESSAGE	48	00	32	91	20	59	D9	8C	4E	FE	3F	42	14	E1	95	C7	02	FC	9B	C7	14	D8	98	C7	1C	2B	A2	C7	7F	31	BB	C7	14	E1	95	C7	02	FC	9B	C7	14	D8	98	C7	1C	2B	A2	C7	7F	31	BB	C7	00	00	00	00	00	00	00	00	00	00	00	00	00	00	00	00	00	00	00	00
3.674	3D DATA	true	-	-	-	-	-76738.2	-79864.0	-78256.2	-83030.2	-95843.0	-76738.2	-79864.0	-78256.2	-83030.2	-95843.0	-	-	-	-	-
3.707	3D MESSAGE	48	00	33	91	20	59	DA	8C	4E	FE	3F	42	75	FD	95	C7	65	17	9C	C7	3E	EB	98	C7	E4	2E	A2	C7	75	50	BB	C7	75	FD	95	C7	65	17	9C	C7	3E	EB	98	C7	E4	2E	A2	C7	75	50	BB	C7	00	00	00	00	00	00	00	00	00	00	00	00	00	00	00	00	00	00	00	00
3.707	3D DATA	true	-	-	-	-	-76794.9	-79918.8	-78294.5	-83037.8	-95904.9	-76794.9	-79918.8	-78294.5	-83037.8	-95904.9	-	-	-	-	-
3.723	3D MESSAGE	48	00	34	91	20	59	DB	8C	4E	FE	3F	42	59	1A	96	C7	E8	41	9C	C7	09	FB	98	C7	74	32	A2	C7	52	6D	BB	C7	59	1A	96	C7	E8	41	9C	C7	09	FB	98	C7	74	32	A2	C7	52	6D	BB	C7	00	00	00	00	00	00	00	00	00	00	00	00	00	00	00	00	00	00	00	00
3.723	3D DATA	true	-	-	-	-	-76852.7	-80003.8	-78326.1	-83044.9	-95962.6	-76852.7	-80003.8	-78326.1	-83044.9	-95962.6	-	-	-	-	-
3.723	3D MESSAGE	48	00	35	91	20	59	DC	8C	30	B5	0A	42	D8	36	96	C7	F7	77	9C	C7	04	08	99	C7	C8	35	A2	C7	7A	87	BB	C7	D8	36	96	C7	F7	77	9C	C7	04	08	99	C7	C8	35	A2	C7	7A	87	BB	C7	00	00	00	00	00	00	00	00	00	00	00	00	00	00	00	00	00	00	00	00
3.723	3D DATA	true	-	-	-	-	-76909.7	-80111.9	-78352.0	-83051.6	-96015.0	-76909.7	-80111.9	-78352.0	-83051.6	-96015.0	-	-	-	-	-
3.723	3D MESSAGE	48	00	36	91	20	59	DD	8C	30	B5	0A	42	13	52	96	C7	50	B5	9C	C7	BF	12	99	C7	DC	38	A2	C7	96	9E	BB	C7	13	52	96	C7	50	B5	9C	C7	BF	12	99	C7	DC	38	A2	C7	96	9E	BB	C7	00	00	00	00	00	00	00	00	00	00	00	00	00	00	00	00	00	00	00	00
3.723	3D DATA	true	-	-	-	-	-76964.1	-80234.6	-78373.5	-83057.7	-96061.2	-76964.1	-80234.6	-78373.5	-83057.7	-96061.2	-	-	-	-	-
3.724	3D MESSAGE	48	00	37	91	20	59	DE	8C	30	B5	0A	42	53	6B	96	C7	90	F5	9C	C7	B2	1B	99	C7	B0	3B	A2	C7	8C	B2	BB	C7	53	6B	96	C7	90	F5	9C	C7	B2	1B	99	C7	B0	3B	A2	C7	8C	B2	BB	C7	00	00	00	00	00	00	00	00	00	00	00	00	00	00	00	00	00	00	00	00
3.724	3D DATA	true	-	-	-	-	-77014.6	-80363.1	-78391.4	-83063.4	-96101.1	-77014.6	-80363.1	-78391.4	-83063.4	-96101.1	-	-	-	-	-
3.724	3D MESSAGE	48	00	38	91	20	59	DF	8C	30	B5	0A	42	17	82	96	C7	BD	34	9D	C7	3B	23	99	C7	45	3E	A2	C7	74	C3	BB	C7	17	82	96	C7	BD	34	9D	C7	3B	23	99	C7	45	3E	A2	C7	74	C3	BB	C7	00	00	00	00	00	00	00	00	00	00	00	00	00	00	00	00	00	00	00	00
3.724	3D DATA	true	-	-	-	-	-77060.2	-80489.5	-78406.5	-83068.5	-96134.9	-77060.2	-80489.5	-78406.5	-83068.5	-96134.9	-	-	-	-	-
3.724	3D MESSAGE	48	00	39	91	20	59	E0	8C	30	B5	0A	42	1B	96	96	C7	A8	6F	9D	C7	9E	29	99	C7	9B	40	A2	C7	8E	D1	BB	C7	1B	96	96	C7	A8	6F	9D	C7	9E	29	99	C7	9B	40	A2	C7	8E	D1	BB	C7	00	00	00	00	00	00	00	00	00	00	00	00	00	00	00	00	00	00	00	00
3.724	3D DATA	true	-	-	-	-	-77100.2	-80607.3	-78419.2	-83073.2	-96163.1	-77100.2	-80607.3	-78419.2	-83073.2	-96163.1	-	-	-	-	-
3.725	3D MESSAGE	48	00	3A	91	20	59	E1	8C	30	B5	0A	42	54	A7	96	C7	24	A4	9D	C7	0C	2F	99	C7	B4	42	A2	C7	2C	DD	BB	C7	54	A7	96	C7	24	A4	9D	C7	0C	2F	99	C7	B4	42	A2	C7	2C	DD	BB	C7	00	00	00	00	00	00	00	00	00	00	00	00	00	00	00	00	00	00	00	00
3.725	3D DATA	true	-	-	-	-	-77134.7	-80712.3	-78430.1	-83077.4	-96186.3	-77134.7	-80712.3	-78430.1	-83077.4	-96186.3	-	-	-	-	-
3.725	3D MESSAGE	48	00	3B	91	20	59	E2	8C	30	B5	0A	42	E6	B5	96	C7	1A	D1	9D	C7	A8	33	99	C7	92	44	A2	C7	A8	E6	BB	C7	E6	B5	96	C7	1A	D1	9D	C7	A8	33	99	C7	92	44	A2	C7	A8	E6	BB	C7	00	00	00	00	00	00	00	00	00	00	00	00	00	00	00	00	00	00	00	00
3.725	3D DATA	true	-	-	-	-	-77163.8	-80802.2	-78439.3	-83081.1	-96205.3	-77163.8	-80802.2	-78439.3	-83081.1	-96205.3	-	-	-	-	-
3.725	3D MESSAGE	48	00	3C	91	20	59	E3	8C	30	B5	0A	42	12	C2	96	C7	60	F6	9D	C7	8C	37	99	C7	39	46	A2	C7	5E	EE	BB	C7	12	C2	96	C7	60	F6	9D	C7	8C	37	99	C7	39	46	A2	C7	5E	EE	BB	C7	00	00	00	00	00	00	00	00	00	00	00	00	00	00	00	00	00	00	00	00
3.725	3D DATA	true	-	-	-	-	-77188.1	-80876.8	-78447.1	-83084.4	-96220.7	-77188.1	-80876.8	-78447.1	-83084.4	-96220.7	-	-	-	-	-
3.726	3D MESSAGE	48	00	3D	91	20	59	E4	8C	30	B5	0A	42	29	CC	96	C7	81	14	9E	C7	D1	3A	99	C7	AB	47	A2	C7	A1	F4	BB	C7	29	CC	96	C7	81	14	9E	C7	D1	3A	99	C7	AB	47	A2	C7	A1	F4	BB	C7	00	00	00	00	00	00	00	00	00	00	00	00	00	00	00	00	00	00	00	00
3.726	3D DATA	true	-	-	-	-	-77208.3	-80937.0	-78453.6	-83087.3	-96233.3	-77208.3	-80937.0	-78453.6	-83087.3	-96233.3	-	-	-	-	-
3.736	3D MESSAGE	48	00	3E	91	20	59	E5	8C	30	B5	0A	42	80	D4	96	C7	72	2C	9E	C7	8C	3D	99	C7	EF	48	A2	C7	BD	F9	BB	C7	80	D4	96	C7	72	2C	9E	C7	8C	3D	99	C7	EF	48	A2	C7	BD	F9	BB	C7	00	00	00	00	00	00	00	00	00	00	00	00	00	00	00	00	00	00	00	00
3.736	3D DATA	true	-	-	-	-	-77225.0	-80984.9	-78459.1	-83089.9	-96243.5	-77225.0	-80984.9	-78459.1	-83089.9	-96243.5	-	-	-	-	-
3.740	3D MESSAGE	48	00	3F	91	20	59	E6	8C	30	B5	0A	42	66	DB	96	C7	50	3F	9E	C7	D3	3F	99	C7	0B	4A	A2	C7	F2	FD	BB	C7	66	DB	96	C7	50	3F	9E	C7	D3	3F	99	C7	0B	4A	A2	C7	F2	FD	BB	C7	00	00	00	00	00	00	00	00	00	00	00	00	00	00	00	00	00	00	00	00
3.740	3D DATA	true	-	-	-	-	-77238.8	-81022.6	-78463.6	-83092.1	-96251.9	-77238.8	-81022.6	-78463.6	-83092.1	-96251.9	-	-	-	-	-
3.740	3D MESSAGE	48	00	40	91	20	59	E7	8C	30	B5	0A	42	25	E1	96	C7	2D	4E	9E	C7	BC	41	99	C7	08	4B	A2	C7	79	01	BC	C7	25	E1	96	C7	2D	4E	9E	C7	BC	41	99	C7	08	4B	A2	C7	79	01	BC	C7	00	00	00	00	00	00	00	00	00	00	00	00	00	00	00	00	00	00	00	00
3.740	3D DATA	true	-	-	-	-	-77250.3	-81052.4	-78467.5	-83094.1	-96258.9	-77250.3	-81052.4	-78467.5	-83094.1	-96258.9	-	-	-	-	-
3.766	3D MESSAGE	48	00	41	91	20	59	E8	8C	30	B5	0A	42	FA	E5	96	C7	F5	59	9E	C7	5B	43	99	C7	EC	4B	A2	C7	7C	04	BC	C7	FA	E5	96	C7	F5	59	9E	C7	5B	43	99	C7	EC	4B	A2	C7	7C	04	BC	C7	00	00	00	00	00	00	00	00	00	00	00	00	00	00	00	00	00	00	00	00
3.766	3D DATA	true	-	-	-	-	-77260.0	-81075.9	-78470.7	-83095.8	-96265.0	-77260.0	-81075.9	-78470.7	-83095.8	-96265.0	-	-	-	-	-
3.766	3D MESSAGE	48	00	42	91	20	59	E9	8C	30	B5	0A	42	16	EA	96	C7	69	63	9E	C7	C4	44	99	C7	C1	4C	A2	C7	1E	07	BC	C7	16	EA	96	C7	69	63	9E	C7	C4	44	99	C7	C1	4C	A2	C7	1E	07	BC	C7	00	00	00	00	00	00	00	00	00	00	00	00	00	00	00	00	00	00	00	00
3.767	3D DATA	true	-	-	-	-	-77268.2	-81094.8	-78473.5	-83097.5	-96270.2	-77268.2	-81094.8	-78473.5	-83097.5	-96270.2	-	-	-	-	-
3.767	3D MESSAGE	48	00	43	91	20	59	EA	8C	30	B5	0A	42	A3	ED	96	C7	1B	6B	9E	C7	06	46	99	C7	89	4D	A2	C7	73	09	BC	C7	A3	ED	96	C7	1B	6B	9E	C7	06	46	99	C7	89	4D	A2	C7	73	09	BC	C7	00	00	00	00	00	00	00	00	00	00	00	00	00	00	00	00	00	00	00	00
3.767	3D DATA	true	-	-	-	-	-77275.3	-81110.2	-78476.0	-83099.1	-96274.9	-77275.3	-81110.2	-78476.0	-83099.1	-96274.9	-	-	-	-	-
3.767	3D MESSAGE	48	00	44	91	20	59	EB	8C	30	B5	0A	42	BC	F0	96	C7	78	71	9E	C7	2C	47	99	C7	46	4E	A2	C7	8B	0B	BC	C7	BC	F0	96	C7	78	71	9E	C7	2C	47	99	C7	46	4E	A2	C7	8B	0B	BC	C7	00	00	00	00	00	00	00	00	00	00	00	00	00	00	00	00	00	00	00	00
3.767	3D DATA	true	-	-	-	-	-77281.5	-81122.9	-78478.3	-83100.5	-96279.1	-77281.5	-81122.9	-78478.3	-83100.5	-96279.1	-	-	-	-	-
3.767	3D MESSAGE	48	00	45	91	20	59	EC	8C	30	B5	0A	42	79	F3	96	C7	D0	76	9E	C7	3E	48	99	C7	FA	4E	A2	C7	6B	0D	BC	C7	79	F3	96	C7	D0	76	9E	C7	3E	48	99	C7	FA	4E	A2	C7	6B	0D	BC	C7	00	00	00	00	00	00	00	00	00	00	00	00	00	00	00	00	00	00	00	00
3.768	3D DATA	true	-	-	-	-	-77286.9	-81133.6	-78480.5	-83102.0	-96282.8	-77286.9	-81133.6	-78480.5	-83102.0	-96282.8	-	-	-	-	-
3.799	3D MESSAGE	48	00	46	91	20	59	ED	8C	30	B5	0A	42	E8	F5	96	C7	5B	7B	9E	C7	3F	49	99	C7	A2	4F	A2	C7	18	0F	BC	C7	E8	F5	96	C7	5B	7B	9E	C7	3F	49	99	C7	A2	4F	A2	C7	18	0F	BC	C7	00	00	00	00	00	00	00	00	00	00	00	00	00	00	00	00	00	00	00	00
3.799	3D DATA	true	-	-	-	-	-77291.8	-81142.7	-78482.5	-83103.3	-96286.2	-77291.8	-81142.7	-78482.5	-83103.3	-96286.2	-	-	-	-	-
3.800	3D MESSAGE	48	00	47	91	20	59	EE	8C	30	B5	0A	42	14	F8	96	C7	43	7F	9E	C7	2E	4A	99	C7	3F	50	A2	C7	94	10	BC	C7	14	F8	96	C7	43	7F	9E	C7	2E	4A	99	C7	3F	50	A2	C7	94	10	BC	C7	00	00	00	00	00	00	00	00	00	00	00	00	00	00	00	00	00	00	00	00
3.800	3D DATA	true	-	-	-	-	-77296.2	-81150.5	-78484.4	-83104.5	-96289.2	-77296.2	-81150.5	-78484.4	-83104.5	-96289.2	-	-	-	-	-
3.800	3D MESSAGE	48	00	48	91	20	59	EF	8C	30	B5	0A	42	06	FA	96	C7	A5	82	9E	C7	0A	4B	99	C7	CE	50	A2	C7	E0	11	BC	C7	06	FA	96	C7	A5	82	9E	C7	0A	4B	99	C7	CE	50	A2	C7	E0	11	BC	C7	00	00	00	00	00	00	00	00	00	00	00	00	00	00	00	00	00	00	00	00
3.800	3D DATA	true	-	-	-	-	-77300.0	-81157.3	-78486.1	-83105.6	-96291.8	-77300.0	-81157.3	-78486.1	-83105.6	-96291.8	-	-	-	-	-
3.801	3D MESSAGE	48	00	49	91	20	59	F0	8C	30	B5	0A	42	C6	FB	96	C7	98	85	9E	C7	D4	4B	99	C7	50	51	A2	C7	04	13	BC	C7	C6	FB	96	C7	98	85	9E	C7	D4	4B	99	C7	50	51	A2	C7	04	13	BC	C7	00	00	00	00	00	00	00	00	00	00	00	00	00	00	00	00	00	00	00	00
3.801	3D DATA	true	-	-	-	-	-77303.5	-81163.2	-78487.7	-83106.6	-96294.0	-77303.5	-81163.2	-78487.7	-83106.6	-96294.0	-	-	-	-	-
3.801	3D MESSAGE	48	00	4A	91	20	59	F1	8C	30	B5	0A	42	59	FD	96	C7	2C	88	9E	C7	8A	4C	99	C7	C5	51	A2	C7	03	14	BC	C7	59	FD	96	C7	2C	88	9E	C7	8A	4C	99	C7	C5	51	A2	C7	03	14	BC	C7	00	00	00	00	00	00	00	00	00	00	00	00	00	00	00	00	00	00	00	00
3.801	3D DATA	true	-	-	-	-	-77306.7	-81168.3	-78489.1	-83107.5	-96296.0	-77306.7	-81168.3	-78489.1	-83107.5	-96296.0	-	-	-	-	-
3.801	3D MESSAGE	48	00	4B	91	20	59	F2	8C	30	B5	0A	42	C4	FE	96	C7	70	8A	9E	C7	30	4D	99	C7	2D	52	A2	C7	E4	14	BC	C7	C4	FE	96	C7	70	8A	9E	C7	30	4D	99	C7	2D	52	A2	C7	E4	14	BC	C7	00	00	00	00	00	00	00	00	00	00	00	00	00	00	00	00	00	00	00	00
3.801	3D DATA	true	-	-	-	-	-77309.5	-81172.9	-78490.4	-83108.4	-96297.8	-77309.5	-81172.9	-78490.4	-83108.4	-96297.8	-	-	-	-	-
3.801	3D MESSAGE	48	00	4C	91	20	59	F3	8C	30	B5	0A	42	0B	00	97	C7	6C	8C	9E	C7	C4	4D	99	C7	88	52	A2	C7	AD	15	BC	C7	0B	00	97	C7	6C	8C	9E	C7	C4	4D	99	C7	88	52	A2	C7	AD	15	BC	C7	00	00	00	00	00	00	00	00	00	00	00	00	00	00	00	00	00	00	00	00
3.801	3D DATA	true	-	-	-	-	-77312.1	-81176.8	-78491.5	-83109.1	-96299.4	-77312.1	-81176.8	-78491.5	-83109.1	-96299.4	-	-	-	-	-
3.802	3D MESSAGE	48	00	4D	91	20	59	F4	8C	30	B5	0A	42	31	01	97	C7	28	8E	9E	C7	46	4E	99	C7	D5	52	A2	C7	5E	16	BC	C7	31	01	97	C7	28	8E	9E	C7	46	4E	99	C7	D5	52	A2	C7	5E	16	BC	C7	00	00	00	00	00	00	00	00	00	00	00	00	00	00	00	00	00	00	00	00
3.802	3D DATA	true	-	-	-	-	-77314.4	-81180.3	-78492.5	-83109.7	-96300.7	-77314.4	-81180.3	-78492.5	-83109.7	-96300.7	-	-	-	-	-
3.828	3D MESSAGE	48	00	4E	91	20	59	F5	8C	30	B5	0A	42	38	02	97	C7	AC	8F	9E	C7	B7	4E	99	C7	16	53	A2	C7	F9	16	BC	C7	38	02	97	C7	AC	8F	9E	C7	B7	4E	99	C7	16	53	A2	C7	F9	16	BC	C7	00	00	00	00	00	00	00	00	00	00	00	00	00	00	00	00	00	00	00	00
3.828	3D DATA	true	-	-	-	-	-77316.4	-81183.3	-78493.4	-83110.2	-96301.9	-77316.4	-81183.3	-78493.4	-83110.2	-96301.9	-	-	-	-	-
3.829	3D MESSAGE	48	00	4F	91	20	59	F6	8C	30	B5	0A	42	20	03	97	C7	FC	90	9E	C7	16	4F	99	C7	4D	53	A2	C7	7F	17	BC	C7	20	03	97	C7	FC	90	9E	C7	16	4F	99	C7	4D	53	A2	C7	7F	17	BC	C7	00	00	00	00	00	00	00	00	00	00	00	00	00	00	00	00	00	00	00	00
3.829	3D DATA	true	-	-	-	-	-77318.2	-81186.0	-78494.2	-83110.6	-96303.0	-77318.2	-81186.0	-78494.2	-83110.6	-96303.0	-	-	-	-	-
3.830	3D MESSAGE	4C	00	50	91	22	59	F7	8C	00	00	00	00	30	B5	0A	42	EE	03	97	C7	20	92	9E	C7	65	4F	99	C7	7B	53	A2	C7	F1	17	BC	C7	EE	03	97	C7	20	92	9E	C7	65	4F	99	C7	7B	53	A2	C7	F1	17	BC	C7	00	00	00	00	00	00	00	00	00	00	00	00	00	00	00	00	00	00	00	00
3.830	3D DATA	true	-	-	-	-	-77319.9	-81188.2	-78494.8	-83111.0	-96303.9	-77319.9	-81188.2	-78494.8	-83111.0	-96303.9	-	-	-	-	-
3.830	3D MESSAGE	48	00	51	91	20	59	F8	8C	30	B5	0A	42	A4	04	97	C7	22	93	9E	C7	A6	4F	99	C7	A4	53	A2	C7	53	18	BC	C7	A4	04	97	C7	22	93	9E	C7	A6	4F	99	C7	A4	53	A2	C7	53	18	BC	C7	00	00	00	00	00	00	00	00	00	00	00	00	00	00	00	00	00	00	00	00
3.830	3D DATA	true	-	-	-	-	-77321.3	-81190.3	-78495.3	-83111.3	-96304.6	-77321.3	-81190.3	-78495.3	-83111.3	-96304.6	-	-	-	-	-
3.830	3D MESSAGE	48	00	52	91	20	59	F9	8C	30	B5	0A	42	4A	05	97	C7	0B	94	9E	C7	DE	4F	99	C7	CD	53	A2	C7	AB	18	BC	C7	4A	05	97	C7	0B	94	9E	C7	DE	4F	99	C7	CD	53	A2	C7	AB	18	BC	C7	00	00	00	00	00	00	00	00	00	00	00	00	00	00	00	00	00	00	00	00
3.830	3D DATA	true	-	-	-	-	-77322.6	-81192.1	-78495.7	-83111.6	-96305.3	-77322.6	-81192.1	-78495.7	-83111.6	-96305.3	-	-	-	-	-
3.830	3D MESSAGE	48	00	53	91	20	59	FA	8C	30	B5	0A	42	E6	05	97	C7	E7	94	9E	C7	13	50	99	C7	F7	53	A2	C7	00	19	BC	C7	E6	05	97	C7	E7	94	9E	C7	13	50	99	C7	F7	53	A2	C7	00	19	BC	C7	00	00	00	00	00	00	00	00	00	00	00	00	00	00	00	00	00	00	00	00
3.830	3D DATA	true	-	-	-	-	-77323.8	-81193.8	-78496.1	-83111.9	-96306.0	-77323.8	-81193.8	-78496.1	-83111.9	-96306.0	-	-	-	-	-
3.860	3D MESSAGE	48	00	54	91	20	59	FB	8C	30	B5	0A	42	7B	06	97	C7	BE	95	9E	C7	48	50	99	C7	24	54	A2	C7	57	19	BC	C7	7B	06	97	C7	BE	95	9E	C7	48	50	99	C7	24	54	A2	C7	57	19	BC	C7	00	00	00	00	00	00	00	00	00	00	00	00	00	00	00	00	00	00	00	00
3.860	3D DATA	true	-	-	-	-	-77325.0	-81195.5	-78496.6	-83112.3	-96306.7	-77325.0	-81195.5	-78496.6	-83112.3	-96306.7	-	-	-	-	-
3.861	3D MESSAGE	48	00	55	91	20	59	FC	8C	30	B5	0A	42	0D	07	97	C7	94	96	9E	C7	7E	50	99	C7	52	54	A2	C7	B2	19	BC	C7	0D	07	97	C7	94	96	9E	C7	7E	50	99	C7	52	54	A2	C7	B2	19	BC	C7	00	00	00	00	00	00	00	00	00	00	00	00	00	00	00	00	00	00	00	00
3.861	3D DATA	true	-	-	-	-	-77326.1	-81197.2	-78497.0	-83112.6	-96307.4	-77326.1	-81197.2	-78497.0	-83112.6	-96307.4	-	-	-	-	-
3.862	3D MESSAGE	48	00	56	91	20	59	FD	8C	30	B5	0A	42	9B	07	97	C7	68	97	9E	C7	B4	50	99	C7	81	54	A2	C7	12	1A	BC	C7	9B	07	97	C7	68	97	9E	C7	B4	50	99	C7	81	54	A2	C7	12	1A	BC	C7	00	00	00	00	00	00	00	00	00	00	00	00	00	00	00	00	00	00	00	00
3.862	3D DATA	true	-	-	-	-	-77327.2	-81198.8	-78497.4	-83113.0	-96308.1	-77327.2	-81198.8	-78497.4	-83113.0	-96308.1	-	-	-	-	-
3.862	3D MESSAGE	48	00	57	91	20	59	FE	8C	30	B5	0A	42	21	08	97	C7	35	98	9E	C7	E9	50	99	C7	AE	54	A2	C7	70	1A	BC	C7	21	08	97	C7	35	98	9E	C7	E9	50	99	C7	AE	54	A2	C7	70	1A	BC	C7	00	00	00	00	00	00	00	00	00	00	00	00	00	00	00	00	00	00	00	00
3.862	3D DATA	true	-	-	-	-	-77328.3	-81200.4	-78497.8	-83113.4	-96308.9	-77328.3	-81200.4	-78497.8	-83113.4	-96308.9	-	-	-	-	-
3.863	3D MESSAGE	48	00	58	91	20	59	FF	8C	30	B5	0A	42	9C	08	97	C7	F6	98	9E	C7	18	51	99	C7	D7	54	A2	C7	CB	1A	BC	C7	9C	08	97	C7	F6	98	9E	C7	18	51	99	C7	D7	54	A2	C7	CB	1A	BC	C7	00	00	00	00	00	00	00	00	00	00	00	00	00	00	00	00	00	00	00	00
3.863	3D DATA	true	-	-	-	-	-77329.2	-81201.9	-78498.2	-83113.7	-96309.6	-77329.2	-81201.9	-78498.2	-83113.7	-96309.6	-	-	-	-	-
3.863	3D MESSAGE	48	00	59	91	20	59	00	8C	30	B5	0A	42	08	09	97	C7	A7	99	9E	C7	3F	51	99	C7	FB	54	A2	C7	1E	1B	BC	C7	08	09	97	C7	A7	99	9E	C7	3F	51	99	C7	FB	54	A2	C7	1E	1B	BC	C7	00	00	00	00	00	00	00	00	00	00	00	00	00	00	00	00	00	00	00	00
3.863	3D DATA	true	-	-	-	-	-77330.1	-81203.3	-78498.5	-83114.0	-96310.2	-77330.1	-81203.3	-78498.5	-83114.0	-96310.2	-	-	-	-	-
3.890	3D MESSAGE	48	00	5A	91	20	59	01	8C	30	B5	0A	42	69	09	97	C7	46	9A	9E	C7	5E	51	99	C7	1A	55	A2	C7	67	1B	BC	C7	69	09	97	C7	46	9A	9E	C7	5E	51	99	C7	1A	55	A2	C7	67	1B	BC	C7	00	00	00	00	00	00	00	00	00	00	00	00	00	00	00	00	00	00	00	00
3.890	3D DATA	true	-	-	-	-	-77330.8	-81204.5	-78498.7	-83114.2	-96310.8	-77330.8	-81204.5	-78498.7	-83114.2	-96310.8	-	-	-	-	-
3.890	3D MESSAGE	48	00	5B	91	20	59	02	8C	30	B5	0A	42	C1	09	97	C7	D4	9A	9E	C7	76	51	99	C7	36	55	A2	C7	A9	1B	BC	C7	C1	09	97	C7	D4	9A	9E	C7	76	51	99	C7	36	55	A2	C7	A9	1B	BC	C7	00	00	00	00	00	00	00	00	00	00	00	00	00	00	00	00	00	00	00	00
3.890	3D DATA	true	-	-	-	-	-77331.5	-81205.7	-78498.9	-83114.4	-96311.3	-77331.5	-81205.7	-78498.9	-83114.4	-96311.3	-	-	-	-	-
3.891	3D MESSAGE	48	00	5C	91	20	59	03	8C	30	B5	0A	42	17	0A	97	C7	56	9B	9E	C7	8B	51	99	C7	50	55	A2	C7	E7	1B	BC	C7	17	0A	97	C7	56	9B	9E	C7	8B	51	99	C7	50	55	A2	C7	E7	1B	BC	C7	00	00	00	00	00	00	00	00	00	00	00	00	00	00	00	00	00	00	00	00
3.891	3D DATA	true	-	-	-	-	-77332.2	-81206.7	-78499.1	-83114.6	-96311.8	-77332.2	-81206.7	-78499.1	-83114.6	-96311.8	-	-	-	-	-
3.892	3D MESSAGE	48	00	5D	91	20	59	04	8C	C4	2B	DA	3E	70	0A	97	C7	D0	9B	9E	C7	A0	51	99	C7	6B	55	A2	C7	23	1C	BC	C7	70	0A	97	C7	D0	9B	9E	C7	A0	51	99	C7	6B	55	A2	C7	23	1C	BC	C7	00	00	00	00	00	00	00	00	00	00	00	00	00	00	00	00	00	00	00	00
3.892	3D DATA	true	-	-	-	-	-77332.9	-81207.6	-78499.2	-83114.8	-96312.3	-77332.9	-81207.6	-78499.2	-83114.8	-96312.3	-	-	-	-	-
3.892	3D MESSAGE	48	00	5E	91	20	59	05	8C	C4	2B	DA	3E	CE	0A	97	C7	44	9C	9E	C7	B8	51	99	C7	87	55	A2	C7	61	1C	BC	C7	CE	0A	97	C7	44	9C	9E	C7	B8	51	99	C7	87	55	A2	C7	61	1C	BC	C7	00	00	00	00	00	00	00	00	00	00	00	00	00	00	00	00	00	00	00	00
3.892	3D DATA	true	-	-	-	-	-77333.6	-81208.5	-78499.4	-83115.1	-96312.8	-77333.6	-81208.5	-78499.4	-83115.1	-96312.8	-	-	-	-	-
3.893	3D MESSAGE	48	00	5F	91	20	59	06	8C	C4	2B	DA	3E	32	0B	97	C7	B4	9C	9E	C7	D6	51	99	C7	A6	55	A2	C7	A2	1C	BC	C7	32	0B	97	C7	B4	9C	9E	C7	D6	51	99	C7	A6	55	A2	C7	A2	1C	BC	C7	00	00	00	00	00	00	00	00	00	00	00	00	00	00	00	00	00	00	00	00
3.893	3D DATA	true	-	-	-	-	-77334.4	-81209.4	-78499.7	-83115.3	-96313.3	-77334.4	-81209.4	-78499.7	-83115.3	-96313.3	-	-	-	-	-
3.923	3D MESSAGE	48	00	60	91	20	59	07	8C	C4	2B	DA	3E	96	0B	97	C7	1E	9D	9E	C7	FA	51	99	C7	C8	55	A2	C7	E6	1C	BC	C7	96	0B	97	C7	1E	9D	9E	C7	FA	51	99	C7	C8	55	A2	C7	E6	1C	BC	C7	00	00	00	00	00	00	00	00	00	00	00	00	00	00	00	00	00	00	00	00
3.923	3D DATA	true	-	-	-	-	-77335.2	-81210.2	-78500.0	-83115.6	-96313.8	-77335.2	-81210.2	-78500.0	-83115.6	-96313.8	-	-	-	-	-
3.940	3D MESSAGE	48	00	61	91	20	59	08	8C	C4	2B	DA	3E	F8	0B	97	C7	83	9D	9E	C7	24	52	99	C7	EC	55	A2	C7	2C	1D	BC	C7	F8	0B	97	C7	83	9D	9E	C7	24	52	99	C7	EC	55	A2	C7	2C	1D	BC	C7	00	00	00	00	00	00	00	00	00	00	00	00	00	00	00	00	00	00	00	00
3.940	3D DATA	true	-	-	-	-	-77335.9	-81211.0	-78500.3	-83115.8	-96314.3	-77335.9	-81211.0	-78500.3	-83115.8	-96314.3	-	-	-	-	-
3.940	3D MESSAGE	48	00	62	91	20	59	09	8C	C4	2B	DA	3E	52	0C	97	C7	E0	9D	9E	C7	54	52	99	C7	12	56	A2	C7	75	1D	BC	C7	52	0C	97	C7	E0	9D	9E	C7	54	52	99	C7	12	56	A2	C7	75	1D	BC	C7	00	00	00	00	00	00	00	00	00	00	00	00	00	00	00	00	00	00	00	00
3.940	3D DATA	true	-	-	-	-	-77336.6	-81211.8	-78500.7	-83116.1	-96314.9	-77336.6	-81211.8	-78500.7	-83116.1	-96314.9	-	-	-	-	-
3.940	3D MESSAGE	48	00	63	91	20	59	0A	8C	C4	2B	DA	3E	A2	0C	97	C7	34	9E	9E	C7	88	52	99	C7	38	56	A2	C7	BE	1D	BC	C7	A2	0C	97	C7	34	9E	9E	C7	88	52	99	C7	38	56	A2	C7	BE	1D	BC	C7	00	00	00	00	00	00	00	00	00	00	00	00	00	00	00	00	00	00	00	00
3.940	3D DATA	true	-	-	-	-	-77337.3	-81212.4	-78501.1	-83116.4	-96315.5	-77337.3	-81212.4	-78501.1	-83116.4	-96315.5	-	-	-	-	-
3.942	3D MESSAGE	48	00	64	91	20	59	0B	8C	C4	2B	DA	3E	E9	0C	97	C7	81	9E	9E	C7	BD	52	99	C7	5C	56	A2	C7	06	1E	BC	C7	E9	0C	97	C7	81	9E	9E	C7	BD	52	99	C7	5C	56	A2	C7	06	1E	BC	C7	00	00	00	00	00	00	00	00	00	00	00	00	00	00	00	00	00	00	00	00
3.942	3D DATA	true	-	-	-	-	-77337.8	-81213.0	-78501.5	-83116.7	-96316.0	-77337.8	-81213.0	-78501.5	-83116.7	-96316.0	-	-	-	-	-
3.942	3D MESSAGE	48	00	65	91	20	59	0C	8C	C4	2B	DA	3E	28	0D	97	C7	C8	9E	9E	C7	F0	52	99	C7	7C	56	A2	C7	4C	1E	BC	C7	28	0D	97	C7	C8	9E	9E	C7	F0	52	99	C7	7C	56	A2	C7	4C	1E	BC	C7	00	00	00	00	00	00	00	00	00	00	00	00	00	00	00	00	00	00	00	00
3.942	3D DATA	true	-	-	-	-	-77338.3	-81213.6	-78501.9	-83117.0	-96316.6	-77338.3	-81213.6	-78501.9	-83117.0	-96316.6	-	-	-	-	-
3.942	3D MESSAGE	48	00	66	91	20	59	0D	8C	C4	2B	DA	3E	64	0D	97	C7	0D	9F	9E	C7	20	53	99	C7	9A	56	A2	C7	8F	1E	BC	C7	64	0D	97	C7	0D	9F	9E	C7	20	53	99	C7	9A	56	A2	C7	8F	1E	BC	C7	00	00	00	00	00	00	00	00	00	00	00	00	00	00	00	00	00	00	00	00
3.942	3D DATA	true	-	-	-	-	-77338.8	-81214.1	-78502.2	-83117.2	-96317.1	-77338.8	-81214.1	-78502.2	-83117.2	-96317.1	-	-	-	-	-
3.942	3D MESSAGE	48	00	67	91	20	59	0E	8C	C4	2B	DA	3E	A0	0D	97	C7	51	9F	9E	C7	4C	53	99	C7	B7	56	A2	C7	D2	1E	BC	C7	A0	0D	97	C7	51	9F	9E	C7	4C	53	99	C7	B7	56	A2	C7	D2	1E	BC	C7	00	00	00	00	00	00	00	00	00	00	00	00	00	00	00	00	00	00	00	00
3.942	3D DATA	true	-	-	-	-	-77339.2	-81214.6	-78502.6	-83117.4	-96317.6	-77339.2	-81214.6	-78502.6	-83117.4	-96317.6	-	-	-	-	-
3.944	3D MESSAGE	48	00	68	91	20	59	0F	8C	C4	2B	DA	3E	E0	0D	97	C7	96	9F	9E	C7	75	53	99	C7	D4	56	A2	C7	14	1F	BC	C7	E0	0D	97	C7	96	9F	9E	C7	75	53	99	C7	D4	56	A2	C7	14	1F	BC	C7	00	00	00	00	00	00	00	00	00	00	00	00	00	00	00	00	00	00	00	00
3.944	3D DATA	true	-	-	-	-	-77339.8	-81215.2	-78502.9	-83117.7	-96318.2	-77339.8	-81215.2	-78502.9	-83117.7	-96318.2	-	-	-	-	-
3.944	3D MESSAGE	48	00	69	91	20	59	10	8C	C4	2B	DA	3E	21	0E	97	C7	DE	9F	9E	C7	99	53	99	C7	F0	56	A2	C7	55	1F	BC	C7	21	0E	97	C7	DE	9F	9E	C7	99	53	99	C7	F0	56	A2	C7	55	1F	BC	C7	00	00	00	00	00	00	00	00	00	00	00	00	00	00	00	00	00	00	00	00
3.944	3D DATA	true	-	-	-	-	-77340.3	-81215.7	-78503.2	-83117.9	-96318.7	-77340.3	-81215.7	-78503.2	-83117.9	-96318.7	-	-	-	-	-
3.958	3D MESSAGE	48	00	6A	91	20	59	11	8C	C4	2B	DA	3E	64	0E	97	C7	28	A0	9E	C7	B9	53	99	C7	0D	57	A2	C7	94	1F	BC	C7	64	0E	97	C7	28	A0	9E	C7	B9	53	99	C7	0D	57	A2	C7	94	1F	BC	C7	00	00	00	00	00	00	00	00	00	00	00	00	00	00	00	00	00	00	00	00
3.958	3D DATA	true	-	-	-	-	-77340.8	-81216.3	-78503.4	-83118.1	-96319.2	-77340.8	-81216.3	-78503.4	-83118.1	-96319.2	-	-	-	-	-
3.973	3D MESSAGE	48	00	6B	91	20	59	12	8C	C4	2B	DA	3E	A4	0E	97	C7	72	A0	9E	C7	D3	53	99	C7	28	57	A2	C7	CA	1F	BC	C7	A4	0E	97	C7	72	A0	9E	C7	D3	53	99	C7	28	57	A2	C7	CA	1F	BC	C7	00	00	00	00	00	00	00	00	00	00	00	00	00	00	00	00	00	00	00	00
3.973	3D DATA	true	-	-	-	-	-77341.3	-81216.9	-78503.6	-83118.3	-96319.6	-77341.3	-81216.9	-78503.6	-83118.3	-96319.6	-	-	-	-	-
3.974	3D MESSAGE	48	00	6C	91	20	59	13	8C	C4	2B	DA	3E	E0	0E	97	C7	BA	A0	9E	C7	E5	53	99	C7	40	57	A2	C7	F4	1F	BC	C7	E0	0E	97	C7	BA	A0	9E	C7	E5	53	99	C7	40	57	A2	C7	F4	1F	BC	C7	00	00	00	00	00	00	00	00	00	00	00	00	00	00	00	00	00	00	00	00
3.974	3D DATA	true	-	-	-	-	-77341.8	-81217.5	-78503.8	-83118.5	-96319.9	-77341.8	-81217.5	-78503.8	-83118.5	-96319.9	-	-	-	-	-
3.974	3D MESSAGE	48	00	6D	91	20	59	14	8C	C4	2B	DA	3E	14	0F	97	C7	FD	A0	9E	C7	EF	53	99	C7	52	57	A2	C7	0D	20	BC	C7	14	0F	97	C7	FD	A0	9E	C7	EF	53	99	C7	52	57	A2	C7	0D	20	BC	C7	00	00	00	00	00	00	00	00	00	00	00	00	00	00	00	00	00	00	00	00
3.974	3D DATA	true	-	-	-	-	-77342.2	-81218.0	-78503.9	-83118.6	-96320.1	-77342.2	-81218.0	-78503.9	-83118.6	-96320.1	-	-	-	-	-
3.975	3D MESSAGE	48	00	6E	91	20	59	15	8C	C4	2B	DA	3E	3F	0F	97	C7	39	A1	9E	C7	F1	53	99	C7	60	57	A2	C7	14	20	BC	C7	3F	0F	97	C7	39	A1	9E	C7	F1	53	99	C7	60	57	A2	C7	14	20	BC	C7	00	00	00	00	00	00	00	00	00	00	00	00	00	00	00	00	00	00	00	00
3.975	3D DATA	true	-	-	-	-	-77342.5	-81218.4	-78503.9	-83118.8	-96320.2	-77342.5	-81218.4	-78503.9	-83118.8	-96320.2	-	-	-	-	-
3.975	3D MESSAGE	48	00	6F	91	20	59	16	8C	C4	2B	DA	3E	64	0F	97	C7	6E	A1	9E	C7	ED	53	99	C7	6A	57	A2	C7	0C	20	BC	C7	64	0F	97	C7	6E	A1	9E	C7	ED	53	99	C7	6A	57	A2	C7	0C	20	BC	C7	00	00	00	00	00	00	00	00	00	00	00	00	00	00	00	00	00	00	00	00
3.975	3D DATA	true	-	-	-	-	-77342.8	-81218.9	-78503.9	-83118.8	-96320.1	-77342.8	-81218.9	-78503.9	-83118.8	-96320.1	-	-	-	-	-
3.975	3D MESSAGE	48	00	70	91	20	59	17	8C	C4	2B	DA	3E	85	0F	97	C7	9C	A1	9E	C7	E8	53	99	C7	73	57	A2	C7	FD	1F	BC	C7	85	0F	97	C7	9C	A1	9E	C7	E8	53	99	C7	73	57	A2	C7	FD	1F	BC	C7	00	00	00	00	00	00	00	00	00	00	00	00	00	00	00	00	00	00	00	00
3.975	3D DATA	true	-	-	-	-	-77343.0	-81219.2	-78503.8	-83118.9	-96320.0	-77343.0	-81219.2	-78503.8	-83118.9	-96320.0	-	-	-	-	-
3.985	3D MESSAGE	48	00	71	91	20	59	18	8C	C4	2B	DA	3E	A9	0F	97	C7	C5	A1	9E	C7	E4	53	99	C7	7E	57	A2	C7	F0	1F	BC	C7	A9	0F	97	C7	C5	A1	9E	C7	E4	53	99	C7	7E	57	A2	C7	F0	1F	BC	C7	00	00	00	00	00	00	00	00	00	00	00	00	00	00	00	00	00	00	00	00
3.985	3D DATA	true	-	-	-	-	-77343.3	-81219.5	-78503.8	-83119.0	-96319.9	-77343.3	-81219.5	-78503.8	-83119.0	-96319.9	-	-	-	-	-
3.990	3D MESSAGE	48	00	72	91	20	59	19	8C	C4	2B	DA	3E	D3	0F	97	C7	ED	A1	9E	C7	E8	53	99	C7	8D	57	A2	C7	ED	1F	BC	C7	D3	0F	97	C7	ED	A1	9E	C7	E8	53	99	C7	8D	57	A2	C7	ED	1F	BC	C7	00	00	00	00	00	00	00	00	00	00	00	00	00	00	00	00	00	00	00	00
3.990	3D DATA	true	-	-	-	-	-77343.6	-81219.9	-78503.8	-83119.1	-96319.9	-77343.6	-81219.9	-78503.8	-83119.1	-96319.9	-	-	-	-	-
3.991	3D MESSAGE	48	00	73	91	20	59	1A	8C	C4	2B	DA	3E	06	10	97	C7	16	A2	9E	C7	F6	53	99	C7	9E	57	A2	C7	FA	1F	BC	C7	06	10	97	C7	16	A2	9E	C7	F6	53	99	C7	9E	57	A2	C7	FA	1F	BC	C7	00	00	00	00	00	00	00	00	00	00	00	00	00	00	00	00	00	00	00	00
3.991	3D DATA	true	-	-	-	-	-77344.0	-81220.2	-78503.9	-83119.2	-96320.0	-77344.0	-81220.2	-78503.9	-83119.2	-96320.0	-	-	-	-	-
4.019	3D MESSAGE	48	00	74	91	20	59	1B	8C	C4	2B	DA	3E	44	10	97	C7	44	A2	9E	C7	0F	54	99	C7	B1	57	A2	C7	16	20	BC	C7	44	10	97	C7	44	A2	9E	C7	0F	54	99	C7	B1	57	A2	C7	16	20	BC	C7	00	00	00	00	00	00	00	00	00	00	00	00	00	00	00	00	00	00	00	00
4.019	3D DATA	true	-	-	-	-	-77344.5	-81220.5	-78504.1	-83119.4	-96320.2	-77344.5	-81220.5	-78504.1	-83119.4	-96320.2	-	-	-	-	-
4.023	3D MESSAGE	48	00	75	91	20	59	1C	8C	C4	2B	DA	3E	8A	10	97	C7	76	A2	9E	C7	35	54	99	C7	C4	57	A2	C7	41	20	BC	C7	8A	10	97	C7	76	A2	9E	C7	35	54	99	C7	C4	57	A2	C7	41	20	BC	C7	00	00	00	00	00	00	00	00	00	00	00	00	00	00	00	00	00	00	00	00
4.023	3D DATA	true	-	-	-	-	-77345.1	-81220.9	-78504.4	-83119.5	-96320.5	-77345.1	-81220.9	-78504.4	-83119.5	-96320.5	-	-	-	-	-
4.024	3D MESSAGE	48	00	76	91	20	59	1D	8C	C4	2B	DA	3E	D4	10	97	C7	AF	A2	9E	C7	65	54	99	C7	D6	57	A2	C7	74	20	BC	C7	D4	10	97	C7	AF	A2	9E	C7	65	54	99	C7	D6	57	A2	C7	74	20	BC	C7	00	00	00	00	00	00	00	00	00	00	00	00	00	00	00	00	00	00	00	00
4.024	3D DATA	true	-	-	-	-	-77345.7	-81221.4	-78504.8	-83119.7	-96320.9	-77345.7	-81221.4	-78504.8	-83119.7	-96320.9	-	-	-	-	-
4.024	3D MESSAGE	48	00	77	91	20	59	1E	8C	C4	2B	DA	3E	1E	11	97	C7	EB	A2	9E	C7	9C	54	99	C7	E7	57	A2	C7	AA	20	BC	C7	1E	11	97	C7	EB	A2	9E	C7	9C	54	99	C7	E7	57	A2	C7	AA	20	BC	C7	00	00	00	00	00	00	00	00	00	00	00	00	00	00	00	00	00	00	00	00
4.024	3D DATA	true	-	-	-	-	-77346.2	-81221.8	-78505.2	-83119.8	-96321.3	-77346.2	-81221.8	-78505.2	-83119.8	-96321.3	-	-	-	-	-
4.025	3D MESSAGE	48	00	78	91	20	59	1F	8C	C4	2B	DA	3E	65	11	97	C7	28	A3	9E	C7	D4	54	99	C7	F7	57	A2	C7	E0	20	BC	C7	65	11	97	C7	28	A3	9E	C7	D4	54	99	C7	F7	57	A2	C7	E0	20	BC	C7	00	00	00	00	00	00	00	00	00	00	00	00	00	00	00	00	00	00	00	00
4.025	3D DATA	true	-	-	-	-	-77346.8	-81222.3	-78505.7	-83119.9	-96321.8	-77346.8	-81222.3	-78505.7	-83119.9	-96321.8	-	-	-	-	-
4.025	3D MESSAGE	48	00	79	91	20	59	20	8C	C4	2B	DA	3E	A6	11	97	C7	61	A3	9E	C7	09	55	99	C7	08	58	A2	C7	11	21	BC	C7	A6	11	97	C7	61	A3	9E	C7	09	55	99	C7	08	58	A2	C7	11	21	BC	C7	00	00	00	00	00	00	00	00	00	00	00	00	00	00	00	00	00	00	00	00
4.025	3D DATA	true	-	-	-	-	-77347.3	-81222.8	-78506.1	-83120.1	-96322.1	-77347.3	-81222.8	-78506.1	-83120.1	-96322.1	-	-	-	-	-
4.026	3D MESSAGE	48	00	7A	91	20	59	21	8C	C4	2B	DA	3E	DF	11	97	C7	93	A3	9E	C7	35	55	99	C7	19	58	A2	C7	3C	21	BC	C7	DF	11	97	C7	93	A3	9E	C7	35	55	99	C7	19	58	A2	C7	3C	21	BC	C7	00	00	00	00	00	00	00	00	00	00	00	00	00	00	00	00	00	00	00	00
4.026	3D DATA	true	-	-	-	-	-77347.7	-81223.1	-78506.4	-83120.2	-96322.5	-77347.7	-81223.1	-78506.4	-83120.2	-96322.5	-	-	-	-	-
4.048	3D MESSAGE	48	00	7B	91	20	59	22	8C	C4	2B	DA	3E	10	12	97	C7	BB	A3	9E	C7	54	55	99	C7	29	58	A2	C7	60	21	BC	C7	10	12	97	C7	BB	A3	9E	C7	54	55	99	C7	29	58	A2	C7	60	21	BC	C7	00	00	00	00	00	00	00	00	00	00	00	00	00	00	00	00	00	00	00	00
4.048	3D DATA	true	-	-	-	-	-77348.1	-81223.5	-78506.7	-83120.3	-96322.8	-77348.1	-81223.5	-78506.7	-83120.3	-96322.8	-	-	-	-	-
4.057	3D MESSAGE	48	00	7C	91	20	59	23	8C	C4	2B	DA	3E	37	12	97	C7	D7	A3	9E	C7	65	55	99	C7	39	58	A2	C7	7C	21	BC	C7	37	12	97	C7	D7	A3	9E	C7	65	55	99	C7	39	58	A2	C7	7C	21	BC	C7	00	00	00	00	00	00	00	00	00	00	00	00	00	00	00	00	00	00	00	00
4.057	3D DATA	true	-	-	-	-	-77348.4	-81223.7	-78506.8	-83120.4	-96323.0	-77348.4	-81223.7	-78506.8	-83120.4	-96323.0	-	-	-	-	-
4.057	3D MESSAGE	48	00	7D	91	20	59	24	8C	C4	2B	DA	3E	56	12	97	C7	E6	A3	9E	C7	66	55	99	C7	47	58	A2	C7	8E	21	BC	C7	56	12	97	C7	E6	A3	9E	C7	66	55	99	C7	47	58	A2	C7	8E	21	BC	C7	00	00	00	00	00	00	00	00	00	00	00	00	00	00	00	00	00	00	00	00
4.057	3D DATA	true	-	-	-	-	-77348.7	-81223.8	-78506.8	-83120.6	-96323.1	-77348.7	-81223.8	-78506.8	-83120.6	-96323.1	-	-	-	-	-
4.057	3D MESSAGE	48	00	7E	91	20	59	25	8C	C4	2B	DA	3E	6E	12	97	C7	ED	A3	9E	C7	5C	55	99	C7	55	58	A2	C7	96	21	BC	C7	6E	12	97	C7	ED	A3	9E	C7	5C	55	99	C7	55	58	A2	C7	96	21	BC	C7	00	00	00	00	00	00	00	00	00	00	00	00	00	00	00	00	00	00	00	00
4.057	3D DATA	true	-	-	-	-	-77348.9	-81223.9	-78506.7	-83120.7	-96323.2	-77348.9	-81223.9	-78506.7	-83120.7	-96323.2	-	-	-	-	-
4.058	3D MESSAGE	48	00	7F	91	20	59	26	8C	C4	2B	DA	3E	7E	12	97	C7	EE	A3	9E	C7	4A	55	99	C7	63	58	A2	C7	94	21	BC	C7	7E	12	97	C7	EE	A3	9E	C7	4A	55	99	C7	63	58	A2	C7	94	21	BC	C7	00	00	00	00	00	00	00	00	00	00	00	00	00	00	00	00	00	00	00	00
4.058	3D DATA	true	-	-	-	-	-77349.0	-81223.9	-78506.6	-83120.8	-96323.2	-77349.0	-81223.9	-78506.6	-83120.8	-96323.2	-	-	-	-	-
4.058	3D MESSAGE	48	00	80	91	20	59	27	8C	C4	2B	DA	3E	89	12	97	C7	EC	A3	9E	C7	37	55	99	C7	73	58	A2	C7	8A	21	BC	C7	89	12	97	C7	EC	A3	9E	C7	37	55	99	C7	73	58	A2	C7	8A	21	BC	C7	00	00	00	00	00	00	00	00	00	00	00	00	00	00	00	00	00	00	00	00
4.058	3D DATA	true	-	-	-	-	-77349.1	-81223.8	-78506.4	-83120.9	-96323.1	-77349.1	-81223.8	-78506.4	-83120.9	-96323.1	-	-	-	-	-
4.079	3D MESSAGE	48	00	81	91	20	59	28	8C	C4	2B	DA	3E	92	12	97	C7	EC	A3	9E	C7	28	55	99	C7	86	58	A2	C7	7A	21	BC	C7	92	12	97	C7	EC	A3	9E	C7	28	55	99	C7	86	58	A2	C7	7A	21	BC	C7	00	00	00	00	00	00	00	00	00	00	00	00	00	00	00	00	00	00	00	00
4.079	3D DATA	true	-	-	-	-	-77349.1	-81223.8	-78506.3	-83121.0	-96323.0	-77349.1	-81223.8	-78506.3	-83121.0	-96323.0	-	-	-	-	-
4.079	3D MESSAGE	48	00	82	91	20	59	29	8C	C4	2B	DA	3E	9A	12	97	C7	EE	A3	9E	C7	20	55	99	C7	98	58	A2	C7	66	21	BC	C7	9A	12	97	C7	EE	A3	9E	C7	20	55	99	C7	98	58	A2	C7	66	21	BC	C7	00	00	00	00	00	00	00	00	00	00	00	00	00	00	00	00	00	00	00	00
4.079	3D DATA	true	-	-	-	-	-77349.2	-81223.9	-78506.2	-83121.2	-96322.8	-77349.2	-81223.9	-78506.2	-83121.2	-96322.8	-	-	-	-	-
4.080	3D MESSAGE	48	00	83	91	20	59	2A	8C	C4	2B	DA	3E	A3	12	97	C7	F4	A3	9E	C7	21	55	99	C7	AB	58	A2	C7	52	21	BC	C7	A3	12	97	C7	F4	A3	9E	C7	21	55	99	C7	AB	58	A2	C7	52	21	BC	C7	00	00	00	00	00	00	00	00	00	00	00	00	00	00	00	00	00	00	00	00
4.080	3D DATA	true	-	-	-	-	-77349.3	-81223.9	-78506.3	-83121.3	-96322.6	-77349.3	-81223.9	-78506.3	-83121.3	-96322.6	-	-	-	-	-
4.081	3D MESSAGE	48	00	84	91	20	59	2B	8C	C4	2B	DA	3E	B0	12	97	C7	FC	A3	9E	C7	2C	55	99	C7	BC	58	A2	C7	41	21	BC	C7	B0	12	97	C7	FC	A3	9E	C7	2C	55	99	C7	BC	58	A2	C7	41	21	BC	C7	00	00	00	00	00	00	00	00	00	00	00	00	00	00	00	00	00	00	00	00
4.081	3D DATA	true	-	-	-	-	-77349.4	-81224.0	-78506.3	-83121.5	-96322.5	-77349.4	-81224.0	-78506.3	-83121.5	-96322.5	-	-	-	-	-
4.081	3D MESSAGE	48	00	85	91	20	59	2C	8C	58	D0	BF	3C	C1	12	97	C7	06	A4	9E	C7	3E	55	99	C7	CA	58	A2	C7	38	21	BC	C7	C1	12	97	C7	06	A4	9E	C7	3E	55	99	C7	CA	58	A2	C7	38	21	BC	C7	00	00	00	00	00	00	00	00	00	00	00	00	00	00	00	00	00	00	00	00
4.081	3D DATA	true	-	-	-	-	-77349.5	-81224.0	-78506.5	-83121.6	-96322.4	-77349.5	-81224.0	-78506.5	-83121.6	-96322.4	-	-	-	-	-
4.110	3D MESSAGE	48	00	86	91	20	59	2D	8C	58	D0	BF	3C	D8	12	97	C7	13	A4	9E	C7	58	55	99	C7	D7	58	A2	C7	38	21	BC	C7	D8	12	97	C7	13	A4	9E	C7	58	55	99	C7	D7	58	A2	C7	38	21	BC	C7	00	00	00	00	00	00	00	00	00	00	00	00	00	00	00	00	00	00	00	00
4.110	3D DATA	true	-	-	-	-	-77349.7	-81224.1	-78506.7	-83121.7	-96322.4	-77349.7	-81224.1	-78506.7	-83121.7	-96322.4	-	-	-	-	-
4.111	3D MESSAGE	48	00	87	91	20	59	2E	8C	58	D0	BF	3C	F5	12	97	C7	24	A4	9E	C7	75	55	99	C7	E5	58	A2	C7	46	21	BC	C7	F5	12	97	C7	24	A4	9E	C7	75	55	99	C7	E5	58	A2	C7	46	21	BC	C7	00	00	00	00	00	00	00	00	00	00	00	00	00	00	00	00	00	00	00	00
4.111	3D DATA	true	-	-	-	-	-77349.9	-81224.3	-78506.9	-83121.8	-96322.5	-77349.9	-81224.3	-78506.9	-83121.8	-96322.5	-	-	-	-	-
4.111	3D MESSAGE	48	00	88	91	20	59	2F	8C	58	D0	BF	3C	16	13	97	C7	39	A4	9E	C7	92	55	99	C7	F7	58	A2	C7	61	21	BC	C7	16	13	97	C7	39	A4	9E	C7	92	55	99	C7	F7	58	A2	C7	61	21	BC	C7	00	00	00	00	00	00	00	00	00	00	00	00	00	00	00	00	00	00	00	00
4.111	3D DATA	true	-	-	-	-	-77350.2	-81224.4	-78507.1	-83121.9	-96322.8	-77350.2	-81224.4	-78507.1	-83121.9	-96322.8	-	-	-	-	-
4.111	3D MESSAGE	48	00	89	91	20	59	30	8C	58	D0	BF	3C	38	13	97	C7	52	A4	9E	C7	AD	55	99	C7	0D	59	A2	C7	88	21	BC	C7	38	13	97	C7	52	A4	9E	C7	AD	55	99	C7	0D	59	A2	C7	88	21	BC	C7	00	00	00	00	00	00	00	00	00	00	00	00	00	00	00	00	00	00	00	00
4.111	3D DATA	true	-	-	-	-	-77350.4	-81224.6	-78507.4	-83122.1	-96323.1	-77350.4	-81224.6	-78507.4	-83122.1	-96323.1	-	-	-	-	-
4.112	3D MESSAGE	48	00	8A	91	20	59	31	8C	58	D0	BF	3C	58	13	97	C7	6E	A4	9E	C7	C1	55	99	C7	26	59	A2	C7	B7	21	BC	C7	58	13	97	C7	6E	A4	9E	C7	C1	55	99	C7	26	59	A2	C7	B7	21	BC	C7	00	00	00	00	00	00	00	00	00	00	00	00	00	00	00	00	00	00	00	00
4.112	3D DATA	true	-	-	-	-	-77350.7	-81224.9	-78507.5	-83122.3	-96323.4	-77350.7	-81224.9	-78507.5	-83122.3	-96323.4	-	-	-	-	-
4.112	3D MESSAGE	48	00	8B	91	20	59	32	8C	58	D0	BF	3C	76	13	97	C7	8A	A4	9E	C7	CC	55	99	C7	40	59	A2	C7	E6	21	BC	C7	76	13	97	C7	8A	A4	9E	C7	CC	55	99	C7	40	59	A2	C7	E6	21	BC	C7	00	00	00	00	00	00	00	00	00	00	00	00	00	00	00	00	00	00	00	00
4.112	3D DATA	true	-	-	-	-	-77350.9	-81225.1	-78507.6	-83122.5	-96323.8	-77350.9	-81225.1	-78507.6	-83122.5	-96323.8	-	-	-	-	-
4.140	3D MESSAGE	48	00	8C	91	20	59	33	8C	58	D0	BF	3C	8E	13	97	C7	A1	A4	9E	C7	CE	55	99	C7	57	59	A2	C7	11	22	BC	C7	8E	13	97	C7	A1	A4	9E	C7	CE	55	99	C7	57	59	A2	C7	11	22	BC	C7	00	00	00	00	00	00	00	00	00	00	00	00	00	00	00	00	00	00	00	00
4.140	3D DATA	true	-	-	-	-	-77351.1	-81225.3	-78507.6	-83122.7	-96324.1	-77351.1	-81225.3	-78507.6	-83122.7	-96324.1	-	-	-	-	-
4.140	3D MESSAGE	48	00	8D	91	20	59	34	8C	58	D0	BF	3C	A0	13	97	C7	B2	A4	9E	C7	C8	55	99	C7	67	59	A2	C7	30	22	BC	C7	A0	13	97	C7	B2	A4	9E	C7	C8	55	99	C7	67	59	A2	C7	30	22	BC	C7	00	00	00	00	00	00	00	00	00	00	00	00	00	00	00	00	00	00	00	00
4.140	3D DATA	true	-	-	-	-	-77351.2	-81225.4	-78507.6	-83122.8	-96324.4	-77351.2	-81225.4	-78507.6	-83122.8	-96324.4	-	-	-	-	-
4.141	3D MESSAGE	48	00	8E	91	20	59	35	8C	58	D0	BF	3C	AF	13	97	C7	BC	A4	9E	C7	BC	55	99	C7	6F	59	A2	C7	40	22	BC	C7	AF	13	97	C7	BC	A4	9E	C7	BC	55	99	C7	6F	59	A2	C7	40	22	BC	C7	00	00	00	00	00	00	00	00	00	00	00	00	00	00	00	00	00	00	00	00
4.141	3D DATA	true	-	-	-	-	-77351.4	-81225.5	-78507.5	-83122.9	-96324.5	-77351.4	-81225.5	-78507.5	-83122.9	-96324.5	-	-	-	-	-
4.141	3D MESSAGE	48	00	8F	91	20	59	36	8C	58	D0	BF	3C	BD	13	97	C7	C0	A4	9E	C7	AE	55	99	C7	70	59	A2	C7	40	22	BC	C7	BD	13	97	C7	C0	A4	9E	C7	AE	55	99	C7	70	59	A2	C7	40	22	BC	C7	00	00	00	00	00	00	00	00	00	00	00	00	00	00	00	00	00	00	00	00
4.141	3D DATA	true	-	-	-	-	-77351.5	-81225.5	-78507.4	-83122.9	-96324.5	-77351.5	-81225.5	-78507.4	-83122.9	-96324.5	-	-	-	-	-
4.142	3D MESSAGE	48	00	90	91	20	59	37	8C	58	D0	BF	3C	CC	13	97	C7	C2	A4	9E	C7	A1	55	99	C7	6C	59	A2	C7	32	22	BC	C7	CC	13	97	C7	C2	A4	9E	C7	A1	55	99	C7	6C	59	A2	C7	32	22	BC	C7	00	00	00	00	00	00	00	00	00	00	00	00	00	00	00	00	00	00	00	00
4.142	3D DATA	true	-	-	-	-	-77351.6	-81225.5	-78507.3	-83122.8	-96324.4	-77351.6	-81225.5	-78507.3	-83122.8	-96324.4	-	-	-	-	-
4.142	3D MESSAGE	48	00	91	91	20	59	38	8C	58	D0	BF	3C	DF	13	97	C7	C6	A4	9E	C7	97	55	99	C7	67	59	A2	C7	18	22	BC	C7	DF	13	97	C7	C6	A4	9E	C7	97	55	99	C7	67	59	A2	C7	18	22	BC	C7	00	00	00	00	00	00	00	00	00	00	00	00	00	00	00	00	00	00	00	00
4.142	3D DATA	true	-	-	-	-	-77351.7	-81225.5	-78507.2	-83122.8	-96324.2	-77351.7	-81225.5	-78507.2	-83122.8	-96324.2	-	-	-	-	-
4.143	3D MESSAGE	48	00	92	91	20	59	39	8C	58	D0	BF	3C	F4	13	97	C7	D0	A4	9E	C7	91	55	99	C7	65	59	A2	C7	F8	21	BC	C7	F4	13	97	C7	D0	A4	9E	C7	91	55	99	C7	65	59	A2	C7	F8	21	BC	C7	00	00	00	00	00	00	00	00	00	00	00	00	00	00	00	00	00	00	00	00
4.143	3D DATA	true	-	-	-	-	-77351.9	-81225.6	-78507.1	-83122.8	-96323.9	-77351.9	-81225.6	-78507.1	-83122.8	-96323.9	-	-	-	-	-
4.173	3D MESSAGE	48	00	93	91	20	59	3A	8C	58	D0	BF	3C	0B	14	97	C7	E1	A4	9E	C7	8D	55	99	C7	68	59	A2	C7	D8	21	BC	C7	0B	14	97	C7	E1	A4	9E	C7	8D	55	99	C7	68	59	A2	C7	D8	21	BC	C7	00	00	00	00	00	00	00	00	00	00	00	00	00	00	00	00	00	00	00	00
4.173	3D DATA	true	-	-	-	-	-77352.1	-81225.8	-78507.1	-83122.8	-96323.7	-77352.1	-81225.8	-78507.1	-83122.8	-96323.7	-	-	-	-	-
4.174	3D MESSAGE	48	00	94	91	20	59	3B	8C	58	D0	BF	3C	22	14	97	C7	FA	A4	9E	C7	88	55	99	C7	70	59	A2	C7	B9	21	BC	C7	22	14	97	C7	FA	A4	9E	C7	88	55	99	C7	70	59	A2	C7	B9	21	BC	C7	00	00	00	00	00	00	00	00	00	00	00	00	00	00	00	00	00	00	00	00
4.174	3D DATA	true	-	-	-	-	-77352.3	-81226.0	-78507.1	-83122.9	-96323.4	-77352.3	-81226.0	-78507.1	-83122.9	-96323.4	-	-	-	-	-
4.174	3D MESSAGE	48	00	95	91	20	59	3C	8C	58	D0	BF	3C	38	14	97	C7	19	A5	9E	C7	82	55	99	C7	7A	59	A2	C7	A1	21	BC	C7	38	14	97	C7	19	A5	9E	C7	82	55	99	C7	7A	59	A2	C7	A1	21	BC	C7	00	00	00	00	00	00	00	00	00	00	00	00	00	00	00	00	00	00	00	00
4.174	3D DATA	true	-	-	-	-	-77352.4	-81226.2	-78507.0	-83123.0	-96323.3	-77352.4	-81226.2	-78507.0	-83123.0	-96323.3	-	-	-	-	-
4.174	3D MESSAGE	48	00	96	91	20	59	3D	8C	58	D0	BF	3C	4B	14	97	C7	3C	A5	9E	C7	7A	55	99	C7	85	59	A2	C7	93	21	BC	C7	4B	14	97	C7	3C	A5	9E	C7	7A	55	99	C7	85	59	A2	C7	93	21	BC	C7	00	00	00	00	00	00	00	00	00	00	00	00	00	00	00	00	00	00	00	00
4.174	3D DATA	true	-	-	-	-	-77352.6	-81226.5	-78507.0	-83123.0	-96323.1	-77352.6	-81226.5	-78507.0	-83123.0	-96323.1	-	-	-	-	-
4.175	3D MESSAGE	48	00	97	91	20	59	3E	8C	58	D0	BF	3C	5C	14	97	C7	5E	A5	9E	C7	71	55	99	C7	8D	59	A2	C7	91	21	BC	C7	5C	14	97	C7	5E	A5	9E	C7	71	55	99	C7	8D	59	A2	C7	91	21	BC	C7	00	00	00	00	00	00	00	00	00	00	00	00	00	00	00	00	00	00	00	00
4.175	3D DATA	true	-	-	-	-	-77352.7	-81226.7	-78506.9	-83123.1	-96323.1	-77352.7	-81226.7	-78506.9	-83123.1	-96323.1	-	-	-	-	-
4.175	3D MESSAGE	48	00	98	91	20	59	3F	8C	58	D0	BF	3C	6C	14	97	C7	7D	A5	9E	C7	68	55	99	C7	91	59	A2	C7	9C	21	BC	C7	6C	14	97	C7	7D	A5	9E	C7	68	55	99	C7	91	59	A2	C7	9C	21	BC	C7	00	00	00	00	00	00	00	00	00	00	00	00	00	00	00	00	00	00	00	00
4.175	3D DATA	true	-	-	-	-	-77352.8	-81227.0	-78506.8	-83123.1	-96323.2	-77352.8	-81227.0	-78506.8	-83123.1	-96323.2	-	-	-	-	-
4.175	3D MESSAGE	48	00	99	91	20	59	40	8C	58	D0	BF	3C	7A	14	97	C7	96	A5	9E	C7	62	55	99	C7	90	59	A2	C7	B2	21	BC	C7	7A	14	97	C7	96	A5	9E	C7	62	55	99	C7	90	59	A2	C7	B2	21	BC	C7	00	00	00	00	00	00	00	00	00	00	00	00	00	00	00	00	00	00	00	00
4.175	3D DATA	true	-	-	-	-	-77353.0	-81227.2	-78506.8	-83123.1	-96323.4	-77353.0	-81227.2	-78506.8	-83123.1	-96323.4	-	-	-	-	-
4.206	3D MESSAGE	48	00	9A	91	20	59	41	8C	58	D0	BF	3C	89	14	97	C7	A8	A5	9E	C7	61	55	99	C7	88	59	A2	C7	CF	21	BC	C7	89	14	97	C7	A8	A5	9E	C7	61	55	99	C7	88	59	A2	C7	CF	21	BC	C7	00	00	00	00	00	00	00	00	00	00	00	00	00	00	00	00	00	00	00	00
4.206	3D DATA	true	-	-	-	-	-77353.1	-81227.3	-78506.8	-83123.1	-96323.6	-77353.1	-81227.3	-78506.8	-83123.1	-96323.6	-	-	-	-	-
4.206	3D MESSAGE	48	00	9B	91	20	59	42	8C	58	D0	BF	3C	97	14	97	C7	B4	A5	9E	C7	66	55	99	C7	7A	59	A2	C7	EE	21	BC	C7	97	14	97	C7	B4	A5	9E	C7	66	55	99	C7	7A	59	A2	C7	EE	21	BC	C7	00	00	00	00	00	00	00	00	00	00	00	00	00	00	00	00	00	00	00	00
4.206	3D DATA	true	-	-	-	-	-77353.2	-81227.4	-78506.8	-83123.0	-96323.9	-77353.2	-81227.4	-78506.8	-83123.0	-96323.9	-	-	-	-	-
4.207	3D MESSAGE	48	00	9C	91	20	59	43	8C	58	D0	BF	3C	A4	14	97	C7	BB	A5	9E	C7	70	55	99	C7	69	59	A2	C7	08	22	BC	C7	A4	14	97	C7	BB	A5	9E	C7	70	55	99	C7	69	59	A2	C7	08	22	BC	C7	00	00	00	00	00	00	00	00	00	00	00	00	00	00	00	00	00	00	00	00
4.207	3D DATA	true	-	-	-	-	-77353.3	-81227.5	-78506.9	-83122.8	-96324.1	-77353.3	-81227.5	-78506.9	-83122.8	-96324.1	-	-	-	-	-
4.207	3D MESSAGE	48	00	9D	91	20	59	44	8C	58	D0	BF	3C	B1	14	97	C7	BE	A5	9E	C7	7F	55	99	C7	56	59	A2	C7	17	22	BC	C7	B1	14	97	C7	BE	A5	9E	C7	7F	55	99	C7	56	59	A2	C7	17	22	BC	C7	00	00	00	00	00	00	00	00	00	00	00	00	00	00	00	00	00	00	00	00
4.207	3D DATA	true	-	-	-	-	-77353.4	-81227.5	-78507.0	-83122.7	-96324.2	-77353.4	-81227.5	-78507.0	-83122.7	-96324.2	-	-	-	-	-
4.207	3D MESSAGE	48	00	9E	91	20	59	45	8C	58	D0	BF	3C	BD	14	97	C7	C1	A5	9E	C7	90	55	99	C7	46	59	A2	C7	1A	22	BC	C7	BD	14	97	C7	C1	A5	9E	C7	90	55	99	C7	46	59	A2	C7	1A	22	BC	C7	00	00	00	00	00	00	00	00	00	00	00	00	00	00	00	00	00	00	00	00
4.207	3D DATA	true	-	-	-	-	-77353.5	-81227.5	-78507.1	-83122.5	-96324.2	-77353.5	-81227.5	-78507.1	-83122.5	-96324.2	-	-	-	-	-
4.207	3D MESSAGE	48	00	9F	91	20	59	46	8C	58	D0	BF	3C	CA	14	97	C7	C6	A5	9E	C7	A2	55	99	C7	3C	59	A2	C7	13	22	BC	C7	CA	14	97	C7	C6	A5	9E	C7	A2	55	99	C7	3C	59	A2	C7	13	22	BC	C7	00	00	00	00	00	00	00	00	00	00	00	00	00	00	00	00	00	00	00	00
4.208	3D DATA	true	-	-	-	-	-77353.6	-81227.5	-78507.3	-83122.5	-96324.1	-77353.6	-81227.5	-78507.3	-83122.5	-96324.1	-	-	-	-	-
4.234	3D MESSAGE	48	00	A0	91	20	59	47	8C	58	D0	BF	3C	DB	14	97	C7	D2	A5	9E	C7	B4	55	99	C7	3C	59	A2	C7	07	22	BC	C7	DB	14	97	C7	D2	A5	9E	C7	B4	55	99	C7	3C	59	A2	C7	07	22	BC	C7	00	00	00	00	00	00	00	00	00	00	00	00	00	00	00	00	00	00	00	00
4.234	3D DATA	true	-	-	-	-	-77353.7	-81227.6	-78507.4	-83122.5	-96324.1	-77353.7	-81227.6	-78507.4	-83122.5	-96324.1	-	-	-	-	-
4.235	3D MESSAGE	48	00	A1	91	20	59	48	8C	58	D0	BF	3C	EF	14	97	C7	E5	A5	9E	C7	C4	55	99	C7	48	59	A2	C7	FC	21	BC	C7	EF	14	97	C7	E5	A5	9E	C7	C4	55	99	C7	48	59	A2	C7	FC	21	BC	C7	00	00	00	00	00	00	00	00	00	00	00	00	00	00	00	00	00	00	00	00
4.235	3D DATA	true	-	-	-	-	-77353.9	-81227.8	-78507.5	-83122.6	-96324.0	-77353.9	-81227.8	-78507.5	-83122.6	-96324.0	-	-	-	-	-
4.235	3D MESSAGE	48	00	A2	91	20	59	49	8C	58	D0	BF	3C	07	15	97	C7	FF	A5	9E	C7	D3	55	99	C7	60	59	A2	C7	F7	21	BC	C7	07	15	97	C7	FF	A5	9E	C7	D3	55	99	C7	60	59	A2	C7	F7	21	BC	C7	00	00	00	00	00	00	00	00	00	00	00	00	00	00	00	00	00	00	00	00
4.235	3D DATA	true	-	-	-	-	-77354.1	-81228.0	-78507.6	-83122.8	-96323.9	-77354.1	-81228.0	-78507.6	-83122.8	-96323.9	-	-	-	-	-
4.235	3D MESSAGE	48	00	A3	91	20	59	4A	8C	58	D0	BF	3C	22	15	97	C7	1B	A6	9E	C7	DF	55	99	C7	83	59	A2	C7	FB	21	BC	C7	22	15	97	C7	1B	A6	9E	C7	DF	55	99	C7	83	59	A2	C7	FB	21	BC	C7	00	00	00	00	00	00	00	00	00	00	00	00	00	00	00	00	00	00	00	00
4.235	3D DATA	true	-	-	-	-	-77354.3	-81228.2	-78507.7	-83123.0	-96324.0	-77354.3	-81228.2	-78507.7	-83123.0	-96324.0	-	-	-	-	-
4.236	3D MESSAGE	48	00	A4	91	20	59	4B	8C	58	D0	BF	3C	3E	15	97	C7	36	A6	9E	C7	E6	55	99	C7	AC	59	A2	C7	06	22	BC	C7	3E	15	97	C7	36	A6	9E	C7	E6	55	99	C7	AC	59	A2	C7	06	22	BC	C7	00	00	00	00	00	00	00	00	00	00	00	00	00	00	00	00	00	00	00	00
4.236	3D DATA	true	-	-	-	-	-77354.5	-81228.4	-78507.8	-83123.3	-96324.0	-77354.5	-81228.4	-78507.8	-83123.3	-96324.0	-	-	-	-	-
4.236	3D MESSAGE	48	00	A5	91	20	59	4C	8C	58	D0	BF	3C	55	15	97	C7	49	A6	9E	C7	E7	55	99	C7	D4	59	A2	C7	12	22	BC	C7	55	15	97	C7	49	A6	9E	C7	E7	55	99	C7	D4	59	A2	C7	12	22	BC	C7	00	00	00	00	00	00	00	00	00	00	00	00	00	00	00	00	00	00	00	00
4.236	3D DATA	true	-	-	-	-	-77354.7	-81228.6	-78507.8	-83123.7	-96324.1	-77354.7	-81228.6	-78507.8	-83123.7	-96324.1	-	-	-	-	-
4.266	3D MESSAGE	48	00	A6	91	20	59	4D	8C	58	D0	BF	3C	64	15	97	C7	4F	A6	9E	C7	E1	55	99	C7	F6	59	A2	C7	19	22	BC	C7	64	15	97	C7	4F	A6	9E	C7	E1	55	99	C7	F6	59	A2	C7	19	22	BC	C7	00	00	00	00	00	00	00	00	00	00	00	00	00	00	00	00	00	00	00	00
4.266	3D DATA	true	-	-	-	-	-77354.8	-81228.6	-78507.8	-83123.9	-96324.2	-77354.8	-81228.6	-78507.8	-83123.9	-96324.2	-	-	-	-	-
4.266	3D MESSAGE	48	00	A7	91	20	59	4E	8C	58	D0	BF	3C	67	15	97	C7	45	A6	9E	C7	D4	55	99	C7	0B	5A	A2	C7	16	22	BC	C7	67	15	97	C7	45	A6	9E	C7	D4	55	99	C7	0B	5A	A2	C7	16	22	BC	C7	00	00	00	00	00	00	00	00	00	00	00	00	00	00	00	00	00	00	00	00
4.266	3D DATA	true	-	-	-	-	-77354.8	-81228.5	-78507.7	-83124.1	-96324.2	-77354.8	-81228.5	-78507.7	-83124.1	-96324.2	-	-	-	-	-
4.267	3D MESSAGE	48	00	A8	91	20	59	4F	8C	58	D0	BF	3C	5E	15	97	C7	2E	A6	9E	C7	C2	55	99	C7	12	5A	A2	C7	08	22	BC	C7	5E	15	97	C7	2E	A6	9E	C7	C2	55	99	C7	12	5A	A2	C7	08	22	BC	C7	00	00	00	00	00	00	00	00	00	00	00	00	00	00	00	00	00	00	00	00
4.267	3D DATA	true	-	-	-	-	-77354.7	-81228.4	-78507.5	-83124.1	-96324.1	-77354.7	-81228.4	-78507.5	-83124.1	-96324.1	-	-	-	-	-
4.267	3D MESSAGE	48	00	A9	91	20	59	50	8C	58	D0	BF	3C	4B	15	97	C7	0D	A6	9E	C7	AE	55	99	C7	09	5A	A2	C7	EE	21	BC	C7	4B	15	97	C7	0D	A6	9E	C7	AE	55	99	C7	09	5A	A2	C7	EE	21	BC	C7	00	00	00	00	00	00	00	00	00	00	00	00	00	00	00	00	00	00	00	00
4.268	3D DATA	true	-	-	-	-	-77354.6	-81228.1	-78507.4	-83124.1	-96323.9	-77354.6	-81228.1	-78507.4	-83124.1	-96323.9	-	-	-	-	-
4.268	3D MESSAGE	48	00	AA	91	20	59	51	8C	58	D0	BF	3C	32	15	97	C7	EA	A5	9E	C7	9A	55	99	C7	F5	59	A2	C7	CE	21	BC	C7	32	15	97	C7	EA	A5	9E	C7	9A	55	99	C7	F5	59	A2	C7	CE	21	BC	C7	00	00	00	00	00	00	00	00	00	00	00	00	00	00	00	00	00	00	00	00
4.268	3D DATA	true	-	-	-	-	-77354.4	-81227.8	-78507.2	-83123.9	-96323.6	-77354.4	-81227.8	-78507.2	-83123.9	-96323.6	-	-	-	-	-
4.268	3D MESSAGE	48	00	AB	91	20	59	52	8C	58	D0	BF	3C	19	15	97	C7	CD	A5	9E	C7	8B	55	99	C7	DC	59	A2	C7	AD	21	BC	C7	19	15	97	C7	CD	A5	9E	C7	8B	55	99	C7	DC	59	A2	C7	AD	21	BC	C7	00	00	00	00	00	00	00	00	00	00	00	00	00	00	00	00	00	00	00	00
4.269	3D DATA	true	-	-	-	-	-77354.2	-81227.6	-78507.1	-83123.7	-96323.4	-77354.2	-81227.6	-78507.1	-83123.7	-96323.4	-	-	-	-	-
4.299	3D MESSAGE	48	00	AC	91	20	59	53	8C	58	D0	BF	3C	04	15	97	C7	B9	A5	9E	C7	81	55	99	C7	C1	59	A2	C7	8F	21	BC	C7	04	15	97	C7	B9	A5	9E	C7	81	55	99	C7	C1	59	A2	C7	8F	21	BC	C7	00	00	00	00	00	00	00	00	00	00	00	00	00	00	00	00	00	00	00	00
4.300	3D DATA	true	-	-	-	-	-77354.0	-81227.4	-78507.0	-83123.5	-96323.1	-77354.0	-81227.4	-78507.0	-83123.5	-96323.1	-	-	-	-	-
4.300	3D MESSAGE	48	00	AD	91	20	59	54	8C	C8	39	7E	3C	F9	14	97	C7	B0	A5	9E	C7	7C	55	99	C7	AA	59	A2	C7	75	21	BC	C7	F9	14	97	C7	B0	A5	9E	C7	7C	55	99	C7	AA	59	A2	C7	75	21	BC	C7	00	00	00	00	00	00	00	00	00	00	00	00	00	00	00	00	00	00	00	00
4.300	3D DATA	true	-	-	-	-	-77353.9	-81227.4	-78507.0	-83123.3	-96322.9	-77353.9	-81227.4	-78507.0	-83123.3	-96322.9	-	-	-	-	-
4.300	3D MESSAGE	48	00	AE	91	20	59	55	8C	C8	39	7E	3C	F7	14	97	C7	B1	A5	9E	C7	7C	55	99	C7	98	59	A2	C7	5F	21	BC	C7	F7	14	97	C7	B1	A5	9E	C7	7C	55	99	C7	98	59	A2	C7	5F	21	BC	C7	00	00	00	00	00	00	00	00	00	00	00	00	00	00	00	00	00	00	00	00
4.300	3D DATA	true	-	-	-	-	-77353.9	-81227.4	-78507.0	-83123.2	-96322.7	-77353.9	-81227.4	-78507.0	-83123.2	-96322.7	-	-	-	-	-
4.300	3D MESSAGE	48	00	AF	91	20	59	56	8C	C8	39	7E	3C	FC	14	97	C7	B6	A5	9E	C7	7F	55	99	C7	8C	59	A2	C7	4A	21	BC	C7	FC	14	97	C7	B6	A5	9E	C7	7F	55	99	C7	8C	59	A2	C7	4A	21	BC	C7	00	00	00	00	00	00	00	00	00	00	00	00	00	00	00	00	00	00	00	00
4.301	3D DATA	true	-	-	-	-	-77354.0	-81227.4	-78507.0	-83123.1	-96322.6	-77354.0	-81227.4	-78507.0	-83123.1	-96322.6	-	-	-	-	-
4.301	3D MESSAGE	48	00	B0	91	20	59	57	8C	C8	39	7E	3C	06	15	97	C7	BD	A5	9E	C7	82	55	99	C7	84	59	A2	C7	36	21	BC	C7	06	15	97	C7	BD	A5	9E	C7	82	55	99	C7	84	59	A2	C7	36	21	BC	C7	00	00	00	00	00	00	00	00	00	00	00	00	00	00	00	00	00	00	00	00
4.301	3D DATA	true	-	-	-	-	-77354.0	-81227.5	-78507.0	-83123.0	-96322.4	-77354.0	-81227.5	-78507.0	-83123.0	-96322.4	-	-	-	-	-
4.301	3D MESSAGE	48	00	B1	91	20	59	58	8C	C8	39	7E	3C	0F	15	97	C7	C2	A5	9E	C7	84	55	99	C7	7E	59	A2	C7	22	21	BC	C7	0F	15	97	C7	C2	A5	9E	C7	84	55	99	C7	7E	59	A2	C7	22	21	BC	C7	00	00	00	00	00	00	00	00	00	00	00	00	00	00	00	00	00	00	00	00
4.301	3D DATA	true	-	-	-	-	-77354.1	-81227.5	-78507.0	-83123.0	-96322.3	-77354.1	-81227.5	-78507.0	-83123.0	-96322.3	-	-	-	-	-
4.301	3D MESSAGE	48	00	B2	91	20	59	59	8C	C8	39	7E	3C	16	15	97	C7	C4	A5	9E	C7	84	55	99	C7	78	59	A2	C7	0E	21	BC	C7	16	15	97	C7	C4	A5	9E	C7	84	55	99	C7	78	59	A2	C7	0E	21	BC	C7	00	00	00	00	00	00	00	00	00	00	00	00	00	00	00	00	00	00	00	00
4.301	3D DATA	true	-	-	-	-	-77354.2	-81227.5	-78507.0	-83122.9	-96322.1	-77354.2	-81227.5	-78507.0	-83122.9	-96322.1	-	-	-	-	-
4.330	3D MESSAGE	48	00	B3	91	20	59	5A	8C	C8	39	7E	3C	1A	15	97	C7	C4	A5	9E	C7	81	55	99	C7	70	59	A2	C7	FC	20	BC	C7	1A	15	97	C7	C4	A5	9E	C7	81	55	99	C7	70	59	A2	C7	FC	20	BC	C7	00	00	00	00	00	00	00	00	00	00	00	00	00	00	00	00	00	00	00	00
4.330	3D DATA	true	-	-	-	-	-77354.2	-81227.5	-78507.0	-83122.9	-96322.0	-77354.2	-81227.5	-78507.0	-83122.9	-96322.0	-	-	-	-	-
4.331	3D MESSAGE	48	00	B4	91	20	59	5B	8C	C8	39	7E	3C	1A	15	97	C7	C5	A5	9E	C7	7C	55	99	C7	68	59	A2	C7	EE	20	BC	C7	1A	15	97	C7	C5	A5	9E	C7	7C	55	99	C7	68	59	A2	C7	EE	20	BC	C7	00	00	00	00	00	00	00	00	00	00	00	00	00	00	00	00	00	00	00	00
4.331	3D DATA	true	-	-	-	-	-77354.2	-81227.5	-78507.0	-83122.8	-96321.9	-77354.2	-81227.5	-78507.0	-83122.8	-96321.9	-	-	-	-	-
4.332	3D MESSAGE	48	00	B5	91	20	59	5C	8C	C8	39	7E	3C	18	15	97	C7	C7	A5	9E	C7	74	55	99	C7	61	59	A2	C7	E6	20	BC	C7	18	15	97	C7	C7	A5	9E	C7	74	55	99	C7	61	59	A2	C7	E6	20	BC	C7	00	00	00	00	00	00	00	00	00	00	00	00	00	00	00	00	00	00	00	00
4.332	3D DATA	true	-	-	-	-	-77354.2	-81227.6	-78506.9	-83122.8	-96321.8	-77354.2	-81227.6	-78506.9	-83122.8	-96321.8	-	-	-	-	-
4.332	3D MESSAGE	48	00	B6	91	20	59	5D	8C	C8	39	7E	3C	17	15	97	C7	CA	A5	9E	C7	6C	55	99	C7	5D	59	A2	C7	E4	20	BC	C7	17	15	97	C7	CA	A5	9E	C7	6C	55	99	C7	5D	59	A2	C7	E4	20	BC	C7	00	00	00	00	00	00	00	00	00	00	00	00	00	00	00	00	00	00	00	00
4.332	3D DATA	true	-	-	-	-	-77354.2	-81227.6	-78506.8	-83122.7	-96321.8	-77354.2	-81227.6	-78506.8	-83122.7	-96321.8	-	-	-	-	-
4.332	3D MESSAGE	48	00	B7	91	20	59	5E	8C	C8	39	7E	3C	18	15	97	C7	CF	A5	9E	C7	66	55	99	C7	5E	59	A2	C7	E9	20	BC	C7	18	15	97	C7	CF	A5	9E	C7	66	55	99	C7	5E	59	A2	C7	E9	20	BC	C7	00	00	00	00	00	00	00	00	00	00	00	00	00	00	00	00	00	00	00	00
4.332	3D DATA	true	-	-	-	-	-77354.2	-81227.6	-78506.8	-83122.7	-96321.8	-77354.2	-81227.6	-78506.8	-83122.7	-96321.8	-	-	-	-	-
4.333	3D MESSAGE	48	00	B8	91	20	59	5F	8C	C8	39	7E	3C	1C	15	97	C7	D5	A5	9E	C7	64	55	99	C7	65	59	A2	C7	F4	20	BC	C7	1C	15	97	C7	D5	A5	9E	C7	64	55	99	C7	65	59	A2	C7	F4	20	BC	C7	00	00	00	00	00	00	00	00	00	00	00	00	00	00	00	00	00	00	00	00
4.333	3D DATA	true	-	-	-	-	-77354.2	-81227.7	-78506.8	-83122.8	-96321.9	-77354.2	-81227.7	-78506.8	-83122.8	-96321.9	-	-	-	-	-
4.360	3D MESSAGE	48	00	B9	91	20	59	60	8C	C8	39	7E	3C	24	15	97	C7	DF	A5	9E	C7	68	55	99	C7	73	59	A2	C7	03	21	BC	C7	24	15	97	C7	DF	A5	9E	C7	68	55	99	C7	73	59	A2	C7	03	21	BC	C7	00	00	00	00	00	00	00	00	00	00	00	00	00	00	00	00	00	00	00	00
4.360	3D DATA	true	-	-	-	-	-77354.3	-81227.7	-78506.8	-83122.9	-96322.0	-77354.3	-81227.7	-78506.8	-83122.9	-96322.0	-	-	-	-	-
4.361	3D MESSAGE	48	00	BA	91	20	59	61	8C	C8	39	7E	3C	2F	15	97	C7	EC	A5	9E	C7	72	55	99	C7	86	59	A2	C7	16	21	BC	C7	2F	15	97	C7	EC	A5	9E	C7	72	55	99	C7	86	59	A2	C7	16	21	BC	C7	00	00	00	00	00	00	00	00	00	00	00	00	00	00	00	00	00	00	00	00
4.361	3D DATA	true	-	-	-	-	-77354.4	-81227.8	-78506.9	-83123.0	-96322.2	-77354.4	-81227.8	-78506.9	-83123.0	-96322.2	-	-	-	-	-
4.362	3D MESSAGE	48	00	BB	91	20	59	62	8C	C8	39	7E	3C	3D	15	97	C7	FF	A5	9E	C7	83	55	99	C7	9C	59	A2	C7	2B	21	BC	C7	3D	15	97	C7	FF	A5	9E	C7	83	55	99	C7	9C	59	A2	C7	2B	21	BC	C7	00	00	00	00	00	00	00	00	00	00	00	00	00	00	00	00	00	00	00	00
4.362	3D DATA	true	-	-	-	-	-77354.5	-81228.0	-78507.0	-83123.2	-96322.3	-77354.5	-81228.0	-78507.0	-83123.2	-96322.3	-	-	-	-	-
4.362	3D MESSAGE	48	00	BC	91	20	59	63	8C	C8	39	7E	3C	4D	15	97	C7	16	A6	9E	C7	99	55	99	C7	B4	59	A2	C7	43	21	BC	C7	4D	15	97	C7	16	A6	9E	C7	99	55	99	C7	B4	59	A2	C7	43	21	BC	C7	00	00	00	00	00	00	00	00	00	00	00	00	00	00	00	00	00	00	00	00
4.362	3D DATA	true	-	-	-	-	-77354.6	-81228.2	-78507.2	-83123.4	-96322.5	-77354.6	-81228.2	-78507.2	-83123.4	-96322.5	-	-	-	-	-
4.362	3D MESSAGE	48	00	BD	91	20	59	64	8C	C8	39	7E	3C	5F	15	97	C7	30	A6	9E	C7	B3	55	99	C7	CA	59	A2	C7	5E	21	BC	C7	5F	15	97	C7	30	A6	9E	C7	B3	55	99	C7	CA	59	A2	C7	5E	21	BC	C7	00	00	00	00	00	00	00	00	00	00	00	00	00	00	00	00	00	00	00	00
4.362	3D DATA	true	-	-	-	-	-77354.7	-81228.4	-78507.4	-83123.6	-96322.7	-77354.7	-81228.4	-78507.4	-83123.6	-96322.7	-	-	-	-	-
4.363	3D MESSAGE	48	00	BE	91	20	59	65	8C	C8	39	7E	3C	73	15	97	C7	4D	A6	9E	C7	CE	55	99	C7	DF	59	A2	C7	7F	21	BC	C7	73	15	97	C7	4D	A6	9E	C7	CE	55	99	C7	DF	59	A2	C7	7F	21	BC	C7	00	00	00	00	00	00	00	00	00	00	00	00	00	00	00	00	00	00	00	00
4.363	3D DATA	true	-	-	-	-	-77354.9	-81228.6	-78507.6	-83123.7	-96323.0	-77354.9	-81228.6	-78507.6	-83123.7	-96323.0	-	-	-	-	-
4.395	3D MESSAGE	48	00	BF	91	20	59	66	8C	C8	39	7E	3C	88	15	97	C7	68	A6	9E	C7	EA	55	99	C7	F2	59	A2	C7	A5	21	BC	C7	88	15	97	C7	68	A6	9E	C7	EA	55	99	C7	F2	59	A2	C7	A5	21	BC	C7	00	00	00	00	00	00	00	00	00	00	00	00	00	00	00	00	00	00	00	00
4.395	3D DATA	true	-	-	-	-	-77355.1	-81228.8	-78507.8	-83123.9	-96323.3	-77355.1	-81228.8	-78507.8	-83123.9	-96323.3	-	-	-	-	-
4.395	3D MESSAGE	48	00	C0	91	20	59	67	8C	C8	39	7E	3C	9C	15	97	C7	7F	A6	9E	C7	04	56	99	C7	04	5A	A2	C7	D0	21	BC	C7	9C	15	97	C7	7F	A6	9E	C7	04	56	99	C7	04	5A	A2	C7	D0	21	BC	C7	00	00	00	00	00	00	00	00	00	00	00	00	00	00	00	00	00	00	00	00
4.395	3D DATA	true	-	-	-	-	-77355.2	-81229.0	-78508.0	-83124.0	-96323.6	-77355.2	-81229.0	-78508.0	-83124.0	-96323.6	-	-	-	-	-
4.396	3D MESSAGE	48	00	C1	91	20	59	68	8C	C8	39	7E	3C	AE	15	97	C7	90	A6	9E	C7	1B	56	99	C7	18	5A	A2	C7	FC	21	BC	C7	AE	15	97	C7	90	A6	9E	C7	1B	56	99	C7	18	5A	A2	C7	FC	21	BC	C7	00	00	00	00	00	00	00	00	00	00	00	00	00	00	00	00	00	00	00	00
4.396	3D DATA	true	-	-	-	-	-77355.4	-81229.1	-78508.2	-83124.2	-96324.0	-77355.4	-81229.1	-78508.2	-83124.2	-96324.0	-	-	-	-	-
4.396	3D MESSAGE	48	00	C2	91	20	59	69	8C	C8	39	7E	3C	BE	15	97	C7	9B	A6	9E	C7	2E	56	99	C7	2C	5A	A2	C7	26	22	BC	C7	BE	15	97	C7	9B	A6	9E	C7	2E	56	99	C7	2C	5A	A2	C7	26	22	BC	C7	00	00	00	00	00	00	00	00	00	00	00	00	00	00	00	00	00	00	00	00
4.396	3D DATA	true	-	-	-	-	-77355.5	-81229.2	-78508.4	-83124.3	-96324.3	-77355.5	-81229.2	-78508.4	-83124.3	-96324.3	-	-	-	-	-
4.396	3D MESSAGE	48	00	C3	91	20	59	6A	8C	C8	39	7E	3C	C9	15	97	C7	9C	A6	9E	C7	3A	56	99	C7	42	5A	A2	C7	48	22	BC	C7	C9	15	97	C7	9C	A6	9E	C7	3A	56	99	C7	42	5A	A2	C7	48	22	BC	C7	00	00	00	00	00	00	00	00	00	00	00	00	00	00	00	00	00	00	00	00
4.396	3D DATA	true	-	-	-	-	-77355.6	-81229.2	-78508.5	-83124.5	-96324.6	-77355.6	-81229.2	-78508.5	-83124.5	-96324.6	-	-	-	-	-
4.397	3D MESSAGE	48	00	C4	91	20	59	6B	8C	C8	39	7E	3C	D1	15	97	C7	95	A6	9E	C7	3D	56	99	C7	5A	5A	A2	C7	5E	22	BC	C7	D1	15	97	C7	95	A6	9E	C7	3D	56	99	C7	5A	5A	A2	C7	5E	22	BC	C7	00	00	00	00	00	00	00	00	00	00	00	00	00	00	00	00	00	00	00	00
4.397	3D DATA	true	-	-	-	-	-77355.6	-81229.2	-78508.5	-83124.7	-96324.7	-77355.6	-81229.2	-78508.5	-83124.7	-96324.7	-	-	-	-	-
4.397	3D MESSAGE	48	00	C5	91	20	59	6C	8C	C8	39	7E	3C	D7	15	97	C7	87	A6	9E	C7	37	56	99	C7	71	5A	A2	C7	6A	22	BC	C7	D7	15	97	C7	87	A6	9E	C7	37	56	99	C7	71	5A	A2	C7	6A	22	BC	C7	00	00	00	00	00	00	00	00	00	00	00	00	00	00	00	00	00	00	00	00
4.397	3D DATA	true	-	-	-	-	-77355.7	-81229.1	-78508.4	-83124.9	-96324.8	-77355.7	-81229.1	-78508.4	-83124.9	-96324.8	-	-	-	-	-
4.424	3D MESSAGE	48	00	C6	91	20	59	6D	8C	C8	39	7E	3C	DD	15	97	C7	72	A6	9E	C7	28	56	99	C7	85	5A	A2	C7	6A	22	BC	C7	DD	15	97	C7	72	A6	9E	C7	28	56	99	C7	85	5A	A2	C7	6A	22	BC	C7	00	00	00	00	00	00	00	00	00	00	00	00	00	00	00	00	00	00	00	00
4.424	3D DATA	true	-	-	-	-	-77355.7	-81228.9	-78508.3	-83125.0	-96324.8	-77355.7	-81228.9	-78508.3	-83125.0	-96324.8	-	-	-	-	-
4.425	3D MESSAGE	48	00	C7	91	20	59	6E	8C	C8	39	7E	3C	E4	15	97	C7	5D	A6	9E	C7	16	56	99	C7	94	5A	A2	C7	62	22	BC	C7	E4	15	97	C7	5D	A6	9E	C7	16	56	99	C7	94	5A	A2	C7	62	22	BC	C7	00	00	00	00	00	00	00	00	00	00	00	00	00	00	00	00	00	00	00	00
4.425	3D DATA	true	-	-	-	-	-77355.8	-81228.7	-78508.2	-83125.2	-96324.8	-77355.8	-81228.7	-78508.2	-83125.2	-96324.8	-	-	-	-	-
4.426	3D MESSAGE	48	00	C8	91	20	59	6F	8C	C8	39	7E	3C	ED	15	97	C7	4A	A6	9E	C7	06	56	99	C7	9D	5A	A2	C7	57	22	BC	C7	ED	15	97	C7	4A	A6	9E	C7	06	56	99	C7	9D	5A	A2	C7	57	22	BC	C7	00	00	00	00	00	00	00	00	00	00	00	00	00	00	00	00	00	00	00	00
4.426	3D DATA	true	-	-	-	-	-77355.9	-81228.6	-78508.0	-83125.2	-96324.7	-77355.9	-81228.6	-78508.0	-83125.2	-96324.7	-	-	-	-	-
4.426	3D MESSAGE	48	00	C9	91	20	59	70	8C	C8	39	7E	3C	FA	15	97	C7	3C	A6	9E	C7	FC	55	99	C7	9E	5A	A2	C7	4A	22	BC	C7	FA	15	97	C7	3C	A6	9E	C7	FC	55	99	C7	9E	5A	A2	C7	4A	22	BC	C7	00	00	00	00	00	00	00	00	00	00	00	00	00	00	00	00	00	00	00	00
4.426	3D DATA	true	-	-	-	-	-77356.0	-81228.5	-78508.0	-83125.2	-96324.6	-77356.0	-81228.5	-78508.0	-83125.2	-96324.6	-	-	-	-	-
4.426	3D MESSAGE	48	00	CA	91	20	59	71	8C	C8	39	7E	3C	08	16	97	C7	37	A6	9E	C7	FD	55	99	C7	99	5A	A2	C7	3C	22	BC	C7	08	16	97	C7	37	A6	9E	C7	FD	55	99	C7	99	5A	A2	C7	3C	22	BC	C7	00	00	00	00	00	00	00	00	00	00	00	00	00	00	00	00	00	00	00	00
4.426	3D DATA	true	-	-	-	-	-77356.1	-81228.4	-78508.0	-83125.2	-96324.5	-77356.1	-81228.4	-78508.0	-83125.2	-96324.5	-	-	-	-	-
4.427	3D MESSAGE	48	00	CB	91	20	59	72	8C	C8	39	7E	3C	16	16	97	C7	39	A6	9E	C7	05	56	99	C7	8E	5A	A2	C7	2C	22	BC	C7	16	16	97	C7	39	A6	9E	C7	05	56	99	C7	8E	5A	A2	C7	2C	22	BC	C7	00	00	00	00	00	00	00	00	00	00	00	00	00	00	00	00	00	00	00	00
4.427	3D DATA	true	-	-	-	-	-77356.2	-81228.4	-78508.0	-83125.1	-96324.3	-77356.2	-81228.4	-78508.0	-83125.1	-96324.3	-	-	-	-	-
4.455	3D MESSAGE	48	00	CC	91	20	59	73	8C	C8	39	7E	3C	20	16	97	C7	41	A6	9E	C7	12	56	99	C7	80	5A	A2	C7	1A	22	BC	C7	20	16	97	C7	41	A6	9E	C7	12	56	99	C7	80	5A	A2	C7	1A	22	BC	C7	00	00	00	00	00	00	00	00	00	00	00	00	00	00	00	00	00	00	00	00
4.456	3D DATA	true	-	-	-	-	-77356.2	-81228.5	-78508.1	-83125.0	-96324.2	-77356.2	-81228.5	-78508.1	-83125.0	-96324.2	-	-	-	-	-
4.456	3D MESSAGE	48	00	CD	91	20	59	74	8C	C8	39	7E	3C	25	16	97	C7	4C	A6	9E	C7	1E	56	99	C7	6E	5A	A2	C7	02	22	BC	C7	25	16	97	C7	4C	A6	9E	C7	1E	56	99	C7	6E	5A	A2	C7	02	22	BC	C7	00	00	00	00	00	00	00	00	00	00	00	00	00	00	00	00	00	00	00	00
4.456	3D DATA	true	-	-	-	-	-77356.3	-81228.6	-78508.2	-83124.9	-96324.0	-77356.3	-81228.6	-78508.2	-83124.9	-96324.0	-	-	-	-	-
4.456	3D MESSAGE	48	00	CE	91	20	59	75	8C	C8	39	7E	3C	23	16	97	C7	58	A6	9E	C7	25	56	99	C7	5A	5A	A2	C7	E7	21	BC	C7	23	16	97	C7	58	A6	9E	C7	25	56	99	C7	5A	5A	A2	C7	E7	21	BC	C7	00	00	00	00	00	00	00	00	00	00	00	00	00	00	00	00	00	00	00	00
4.456	3D DATA	true	-	-	-	-	-77356.3	-81228.7	-78508.3	-83124.7	-96323.8	-77356.3	-81228.7	-78508.3	-83124.7	-96323.8	-	-	-	-	-
4.457	3D MESSAGE	48	00	CF	91	20	59	76	8C	C8	39	7E	3C	1A	16	97	C7	64	A6	9E	C7	25	56	99	C7	45	5A	A2	C7	CB	21	BC	C7	1A	16	97	C7	64	A6	9E	C7	25	56	99	C7	45	5A	A2	C7	CB	21	BC	C7	00	00	00	00	00	00	00	00	00	00	00	00	00	00	00	00	00	00	00	00
4.457	3D DATA	true	-	-	-	-	-77356.2	-81228.8	-78508.3	-83124.5	-96323.6	-77356.2	-81228.8	-78508.3	-83124.5	-96323.6	-	-	-	-	-
4.457	3D MESSAGE	48	00	D0	91	20	59	77	8C	C8	39	7E	3C	0A	16	97	C7	6E	A6	9E	C7	20	56	99	C7	30	5A	A2	C7	B2	21	BC	C7	0A	16	97	C7	6E	A6	9E	C7	20	56	99	C7	30	5A	A2	C7	B2	21	BC	C7	00	00	00	00	00	00	00	00	00	00	00	00	00	00	00	00	00	00	00	00
4.457	3D DATA	true	-	-	-	-	-77356.1	-81228.9	-78508.2	-83124.4	-96323.4	-77356.1	-81228.9	-78508.2	-83124.4	-96323.4	-	-	-	-	-
4.457	3D MESSAGE	48	00	D1	91	20	59	78	8C	C8	39	7E	3C	F6	15	97	C7	77	A6	9E	C7	1A	56	99	C7	1E	5A	A2	C7	9E	21	BC	C7	F6	15	97	C7	77	A6	9E	C7	1A	56	99	C7	1E	5A	A2	C7	9E	21	BC	C7	00	00	00	00	00	00	00	00	00	00	00	00	00	00	00	00	00	00	00	00
4.457	3D DATA	true	-	-	-	-	-77355.9	-81228.9	-78508.2	-83124.2	-96323.2	-77355.9	-81228.9	-78508.2	-83124.2	-96323.2	-	-	-	-	-
4.485	3D MESSAGE	48	00	D2	91	20	59	79	8C	C8	39	7E	3C	E1	15	97	C7	81	A6	9E	C7	17	56	99	C7	0F	5A	A2	C7	94	21	BC	C7	E1	15	97	C7	81	A6	9E	C7	17	56	99	C7	0F	5A	A2	C7	94	21	BC	C7	00	00	00	00	00	00	00	00	00	00	00	00	00	00	00	00	00	00	00	00
4.485	3D DATA	true	-	-	-	-	-77355.8	-81229.0	-78508.2	-83124.1	-96323.2	-77355.8	-81229.0	-78508.2	-83124.1	-96323.2	-	-	-	-	-
4.486	3D MESSAGE	48	00	D3	91	20	59	7A	8C	C8	39	7E	3C	CC	15	97	C7	89	A6	9E	C7	16	56	99	C7	05	5A	A2	C7	94	21	BC	C7	CC	15	97	C7	89	A6	9E	C7	16	56	99	C7	05	5A	A2	C7	94	21	BC	C7	00	00	00	00	00	00	00	00	00	00	00	00	00	00	00	00	00	00	00	00
4.486	3D DATA	true	-	-	-	-	-77355.6	-81229.1	-78508.2	-83124.0	-96323.2	-77355.6	-81229.1	-78508.2	-83124.0	-96323.2	-	-	-	-	-
4.486	3D MESSAGE	48	00	D4	91	20	59	7B	8C	C8	39	7E	3C	BA	15	97	C7	90	A6	9E	C7	19	56	99	C7	01	5A	A2	C7	9E	21	BC	C7	BA	15	97	C7	90	A6	9E	C7	19	56	99	C7	01	5A	A2	C7	9E	21	BC	C7	00	00	00	00	00	00	00	00	00	00	00	00	00	00	00	00	00	00	00	00
4.486	3D DATA	true	-	-	-	-	-77355.5	-81229.1	-78508.2	-83124.0	-96323.2	-77355.5	-81229.1	-78508.2	-83124.0	-96323.2	-	-	-	-	-
4.486	3D MESSAGE	48	00	D5	91	20	59	7C	8C	3C	C2	81	3C	AD	15	97	C7	92	A6	9E	C7	1C	56	99	C7	02	5A	A2	C7	AF	21	BC	C7	AD	15	97	C7	92	A6	9E	C7	1C	56	99	C7	02	5A	A2	C7	AF	21	BC	C7	00	00	00	00	00	00	00	00	00	00	00	00	00	00	00	00	00	00	00	00
4.486	3D DATA	true	-	-	-	-	-77355.4	-81229.1	-78508.2	-83124.0	-96323.4	-77355.4	-81229.1	-78508.2	-83124.0	-96323.4	-	-	-	-	-
4.486	3D MESSAGE	48	00	D6	91	20	59	7D	8C	3C	C2	81	3C	A6	15	97	C7	90	A6	9E	C7	1B	56	99	C7	07	5A	A2	C7	C3	21	BC	C7	A6	15	97	C7	90	A6	9E	C7	1B	56	99	C7	07	5A	A2	C7	C3	21	BC	C7	00	00	00	00	00	00	00	00	00	00	00	00	00	00	00	00	00	00	00	00
4.486	3D DATA	true	-	-	-	-	-77355.3	-81229.1	-78508.2	-83124.1	-96323.5	-77355.3	-81229.1	-78508.2	-83124.1	-96323.5	-	-	-	-	-
4.487	3D MESSAGE	48	00	D7	91	20	59	7E	8C	3C	C2	81	3C	A4	15	97	C7	89	A6	9E	C7	16	56	99	C7	0C	5A	A2	C7	D6	21	BC	C7	A4	15	97	C7	89	A6	9E	C7	16	56	99	C7	0C	5A	A2	C7	D6	21	BC	C7	00	00	00	00	00	00	00	00	00	00	00	00	00	00	00	00	00	00	00	00
4.487	3D DATA	true	-	-	-	-	-77355.3	-81229.1	-78508.2	-83124.1	-96323.7	-77355.3	-81229.1	-78508.2	-83124.1	-96323.7	-	-	-	-	-
4.516	3D MESSAGE	48	00	D8	91	20	59	7F	8C	3C	C2	81	3C	A8	15	97	C7	7D	A6	9E	C7	0C	56	99	C7	0E	5A	A2	C7	E3	21	BC	C7	A8	15	97	C7	7D	A6	9E	C7	0C	56	99	C7	0E	5A	A2	C7	E3	21	BC	C7	00	00	00	00	00	00	00	00	00	00	00	00	00	00	00	00	00	00	00	00
4.516	3D DATA	true	-	-	-	-	-77355.3	-81229.0	-78508.1	-83124.1	-96323.8	-77355.3	-81229.0	-78508.1	-83124.1	-96323.8	-	-	-	-	-
4.517	3D MESSAGE	48	00	D9	91	20	59	80	8C	3C	C2	81	3C	AE	15	97	C7	6C	A6	9E	C7	02	56	99	C7	0B	5A	A2	C7	E8	21	BC	C7	AE	15	97	C7	6C	A6	9E	C7	02	56	99	C7	0B	5A	A2	C7	E8	21	BC	C7	00	00	00	00	00	00	00	00	00	00	00	00	00	00	00	00	00	00	00	00
4.517	3D DATA	true	-	-	-	-	-77355.4	-81228.8	-78508.0	-83124.1	-96323.8	-77355.4	-81228.8	-78508.0	-83124.1	-96323.8	-	-	-	-	-
4.517	3D MESSAGE	48	00	DA	91	20	59	81	8C	3C	C2	81	3C	B6	15	97	C7	58	A6	9E	C7	F9	55	99	C7	02	5A	A2	C7	E3	21	BC	C7	B6	15	97	C7	58	A6	9E	C7	F9	55	99	C7	02	5A	A2	C7	E3	21	BC	C7	00	00	00	00	00	00	00	00	00	00	00	00	00	00	00	00	00	00	00	00
4.517	3D DATA	true	-	-	-	-	-77355.4	-81228.7	-78507.9	-83124.0	-96323.8	-77355.4	-81228.7	-78507.9	-83124.0	-96323.8	-	-	-	-	-
4.518	3D MESSAGE	48	00	DB	91	20	59	82	8C	3C	C2	81	3C	BE	15	97	C7	41	A6	9E	C7	F5	55	99	C7	F6	59	A2	C7	D3	21	BC	C7	BE	15	97	C7	41	A6	9E	C7	F5	55	99	C7	F6	59	A2	C7	D3	21	BC	C7	00	00	00	00	00	00	00	00	00	00	00	00	00	00	00	00	00	00	00	00
4.518	3D DATA	true	-	-	-	-	-77355.5	-81228.5	-78507.9	-83123.9	-96323.6	-77355.5	-81228.5	-78507.9	-83123.9	-96323.6	-	-	-	-	-
4.518	3D MESSAGE	48	00	DC	91	20	59	83	8C	3C	C2	81	3C	C6	15	97	C7	27	A6	9E	C7	F5	55	99	C7	E6	59	A2	C7	BB	21	BC	C7	C6	15	97	C7	27	A6	9E	C7	F5	55	99	C7	E6	59	A2	C7	BB	21	BC	C7	00	00	00	00	00	00	00	00	00	00	00	00	00	00	00	00	00	00	00	00
4.518	3D DATA	true	-	-	-	-	-77355.5	-81228.3	-78507.9	-83123.8	-96323.5	-77355.5	-81228.3	-78507.9	-83123.8	-96323.5	-	-	-	-	-
4.518	3D MESSAGE	48	00	DD	91	20	59	84	8C	3C	C2	81	3C	CA	15	97	C7	0C	A6	9E	C7	F8	55	99	C7	D5	59	A2	C7	9E	21	BC	C7	CA	15	97	C7	0C	A6	9E	C7	F8	55	99	C7	D5	59	A2	C7	9E	21	BC	C7	00	00	00	00	00	00	00	00	00	00	00	00	00	00	00	00	00	00	00	00
4.518	3D DATA	true	-	-	-	-	-77355.6	-81228.1	-78507.9	-83123.7	-96323.2	-77355.6	-81228.1	-78507.9	-83123.7	-96323.2	-	-	-	-	-
4.551	3D MESSAGE	48	00	DE	91	20	59	85	8C	3C	C2	81	3C	CD	15	97	C7	F2	A5	9E	C7	FA	55	99	C7	C6	59	A2	C7	81	21	BC	C7	CD	15	97	C7	F2	A5	9E	C7	FA	55	99	C7	C6	59	A2	C7	81	21	BC	C7	00	00	00	00	00	00	00	00	00	00	00	00	00	00	00	00	00	00	00	00
4.551	3D DATA	true	-	-	-	-	-77355.6	-81227.9	-78508.0	-83123.5	-96323.0	-77355.6	-81227.9	-78508.0	-83123.5	-96323.0	-	-	-	-	-
4.551	3D MESSAGE	48	00	DF	91	20	59	86	8C	3C	C2	81	3C	CF	15	97	C7	DE	A5	9E	C7	FA	55	99	C7	B9	59	A2	C7	68	21	BC	C7	CF	15	97	C7	DE	A5	9E	C7	FA	55	99	C7	B9	59	A2	C7	68	21	BC	C7	00	00	00	00	00	00	00	00	00	00	00	00	00	00	00	00	00	00	00	00
4.551	3D DATA	true	-	-	-	-	-77355.6	-81227.7	-78508.0	-83123.4	-96322.8	-77355.6	-81227.7	-78508.0	-83123.4	-96322.8	-	-	-	-	-
4.551	3D MESSAGE	48	00	E0	91	20	59	87	8C	3C	C2	81	3C	D0	15	97	C7	D2	A5	9E	C7	F4	55	99	C7	B1	59	A2	C7	58	21	BC	C7	D0	15	97	C7	D2	A5	9E	C7	F4	55	99	C7	B1	59	A2	C7	58	21	BC	C7	00	00	00	00	00	00	00	00	00	00	00	00	00	00	00	00	00	00	00	00
4.551	3D DATA	true	-	-	-	-	-77355.6	-81227.6	-78507.9	-83123.4	-96322.7	-77355.6	-81227.6	-78507.9	-83123.4	-96322.7	-	-	-	-	-
4.552	3D MESSAGE	48	00	E1	91	20	59	88	8C	3C	C2	81	3C	D4	15	97	C7	D2	A5	9E	C7	EC	55	99	C7	B1	59	A2	C7	52	21	BC	C7	D4	15	97	C7	D2	A5	9E	C7	EC	55	99	C7	B1	59	A2	C7	52	21	BC	C7	00	00	00	00	00	00	00	00	00	00	00	00	00	00	00	00	00	00	00	00
4.552	3D DATA	true	-	-	-	-	-77355.7	-81227.6	-78507.8	-83123.4	-96322.6	-77355.7	-81227.6	-78507.8	-83123.4	-96322.6	-	-	-	-	-
4.552	3D MESSAGE	48	00	E2	91	20	59	89	8C	3C	C2	81	3C	DB	15	97	C7	E0	A5	9E	C7	E2	55	99	C7	B9	59	A2	C7	57	21	BC	C7	DB	15	97	C7	E0	A5	9E	C7	E2	55	99	C7	B9	59	A2	C7	57	21	BC	C7	00	00	00	00	00	00	00	00	00	00	00	00	00	00	00	00	00	00	00	00
4.552	3D DATA	true	-	-	-	-	-77355.7	-81227.8	-78507.8	-83123.4	-96322.7	-77355.7	-81227.8	-78507.8	-83123.4	-96322.7	-	-	-	-	-
4.552	3D MESSAGE	48	00	E3	91	20	59	8A	8C	3C	C2	81	3C	E6	15	97	C7	F8	A5	9E	C7	DC	55	99	C7	CA	59	A2	C7	66	21	BC	C7	E6	15	97	C7	F8	A5	9E	C7	DC	55	99	C7	CA	59	A2	C7	66	21	BC	C7	00	00	00	00	00	00	00	00	00	00	00	00	00	00	00	00	00	00	00	00
4.552	3D DATA	true	-	-	-	-	-77355.8	-81227.9	-78507.7	-83123.6	-96322.8	-77355.8	-81227.9	-78507.7	-83123.6	-96322.8	-	-	-	-	-
4.553	3D MESSAGE	48	00	E4	91	20	59	8B	8C	3C	C2	81	3C	F3	15	97	C7	16	A6	9E	C7	DA	55	99	C7	E4	59	A2	C7	7E	21	BC	C7	F3	15	97	C7	16	A6	9E	C7	DA	55	99	C7	E4	59	A2	C7	7E	21	BC	C7	00	00	00	00	00	00	00	00	00	00	00	00	00	00	00	00	00	00	00	00
4.553	3D DATA	true	-	-	-	-	-77355.9	-81228.2	-78507.7	-83123.8	-96323.0	-77355.9	-81228.2	-78507.7	-83123.8	-96323.0	-	-	-	-	-
4.553	3D MESSAGE	48	00	E5	91	20	59	8C	8C	3C	C2	81	3C	01	16	97	C7	36	A6	9E	C7	E1	55	99	C7	04	5A	A2	C7	99	21	BC	C7	01	16	97	C7	36	A6	9E	C7	E1	55	99	C7	04	5A	A2	C7	99	21	BC	C7	00	00	00	00	00	00	00	00	00	00	00	00	00	00	00	00	00	00	00	00
4.553	3D DATA	true	-	-	-	-	-77356.0	-81228.4	-78507.8	-83124.0	-96323.2	-77356.0	-81228.4	-78507.8	-83124.0	-96323.2	-	-	-	-	-
4.579	3D MESSAGE	48	00	E6	91	20	59	8D	8C	3C	C2	81	3C	0E	16	97	C7	54	A6	9E	C7	EE	55	99	C7	26	5A	A2	C7	B6	21	BC	C7	0E	16	97	C7	54	A6	9E	C7	EE	55	99	C7	26	5A	A2	C7	B6	21	BC	C7	00	00	00	00	00	00	00	00	00	00	00	00	00	00	00	00	00	00	00	00
4.579	3D DATA	true	-	-	-	-	-77356.1	-81228.7	-78507.9	-83124.3	-96323.4	-77356.1	-81228.7	-78507.9	-83124.3	-96323.4	-	-	-	-	-
4.580	3D MESSAGE	48	00	E7	91	20	59	8E	8C	3C	C2	81	3C	16	16	97	C7	6B	A6	9E	C7	00	56	99	C7	43	5A	A2	C7	CF	21	BC	C7	16	16	97	C7	6B	A6	9E	C7	00	56	99	C7	43	5A	A2	C7	CF	21	BC	C7	00	00	00	00	00	00	00	00	00	00	00	00	00	00	00	00	00	00	00	00
4.580	3D DATA	true	-	-	-	-	-77356.2	-81228.8	-78508.0	-83124.5	-96323.6	-77356.2	-81228.8	-78508.0	-83124.5	-96323.6	-	-	-	-	-
4.581	3D MESSAGE	48	00	E8	91	20	59	8F	8C	3C	C2	81	3C	1C	16	97	C7	7B	A6	9E	C7	14	56	99	C7	5A	5A	A2	C7	E4	21	BC	C7	1C	16	97	C7	7B	A6	9E	C7	14	56	99	C7	5A	5A	A2	C7	E4	21	BC	C7	00	00	00	00	00	00	00	00	00	00	00	00	00	00	00	00	00	00	00	00
4.581	3D DATA	true	-	-	-	-	-77356.2	-81229.0	-78508.2	-83124.7	-96323.8	-77356.2	-81229.0	-78508.2	-83124.7	-96323.8	-	-	-	-	-
4.581	3D MESSAGE	48	00	E9	91	20	59	90	8C	3C	C2	81	3C	1D	16	97	C7	84	A6	9E	C7	24	56	99	C7	67	5A	A2	C7	F3	21	BC	C7	1D	16	97	C7	84	A6	9E	C7	24	56	99	C7	67	5A	A2	C7	F3	21	BC	C7	00	00	00	00	00	00	00	00	00	00	00	00	00	00	00	00	00	00	00	00
4.581	3D DATA	true	-	-	-	-	-77356.2	-81229.0	-78508.3	-83124.8	-96323.9	-77356.2	-81229.0	-78508.3	-83124.8	-96323.9	-	-	-	-	-
4.581	3D MESSAGE	48	00	EA	91	20	59	91	8C	3C	C2	81	3C	1C	16	97	C7	8A	A6	9E	C7	30	56	99	C7	6A	5A	A2	C7	FD	21	BC	C7	1C	16	97	C7	8A	A6	9E	C7	30	56	99	C7	6A	5A	A2	C7	FD	21	BC	C7	00	00	00	00	00	00	00	00	00	00	00	00	00	00	00	00	00	00	00	00
4.581	3D DATA	true	-	-	-	-	-77356.2	-81229.1	-78508.4	-83124.8	-96324.0	-77356.2	-81229.1	-78508.4	-83124.8	-96324.0	-	-	-	-	-
4.581	3D MESSAGE	48	00	EB	91	20	59	92	8C	3C	C2	81	3C	1A	16	97	C7	8C	A6	9E	C7	37	56	99	C7	63	5A	A2	C7	03	22	BC	C7	1A	16	97	C7	8C	A6	9E	C7	37	56	99	C7	63	5A	A2	C7	03	22	BC	C7	00	00	00	00	00	00	00	00	00	00	00	00	00	00	00	00	00	00	00	00
4.581	3D DATA	true	-	-	-	-	-77356.2	-81229.1	-78508.4	-83124.8	-96324.0	-77356.2	-81229.1	-78508.4	-83124.8	-96324.0	-	-	-	-	-
4.610	3D MESSAGE	48	00	EC	91	20	59	93	8C	3C	C2	81	3C	17	16	97	C7	8C	A6	9E	C7	37	56	99	C7	56	5A	A2	C7	06	22	BC	C7	17	16	97	C7	8C	A6	9E	C7	37	56	99	C7	56	5A	A2	C7	06	22	BC	C7	00	00	00	00	00	00	00	00	00	00	00	00	00	00	00	00	00	00	00	00
4.610	3D DATA	true	-	-	-	-	-77356.2	-81229.1	-78508.4	-83124.7	-96324.0	-77356.2	-81229.1	-78508.4	-83124.7	-96324.0	-	-	-	-	-
4.610	3D MESSAGE	48	00	ED	91	20	59	94	8C	3C	C2	81	3C	13	16	97	C7	8A	A6	9E	C7	32	56	99	C7	43	5A	A2	C7	04	22	BC	C7	13	16	97	C7	8A	A6	9E	C7	32	56	99	C7	43	5A	A2	C7	04	22	BC	C7	00	00	00	00	00	00	00	00	00	00	00	00	00	00	00	00	00	00	00	00
4.610	3D DATA	true	-	-	-	-	-77356.1	-81229.1	-78508.4	-83124.5	-96324.0	-77356.1	-81229.1	-78508.4	-83124.5	-96324.0	-	-	-	-	-
4.611	3D MESSAGE	48	00	EE	91	20	59	95	8C	3C	C2	81	3C	0D	16	97	C7	84	A6	9E	C7	2B	56	99	C7	2E	5A	A2	C7	FB	21	BC	C7	0D	16	97	C7	84	A6	9E	C7	2B	56	99	C7	2E	5A	A2	C7	FB	21	BC	C7	00	00	00	00	00	00	00	00	00	00	00	00	00	00	00	00	00	00	00	00
4.611	3D DATA	true	-	-	-	-	-77356.1	-81229.0	-78508.3	-83124.4	-96324.0	-77356.1	-81229.0	-78508.3	-83124.4	-96324.0	-	-	-	-	-
4.611	3D MESSAGE	48	00	EF	91	20	59	96	8C	3C	C2	81	3C	04	16	97	C7	7D	A6	9E	C7	24	56	99	C7	1A	5A	A2	C7	EB	21	BC	C7	04	16	97	C7	7D	A6	9E	C7	24	56	99	C7	1A	5A	A2	C7	EB	21	BC	C7	00	00	00	00	00	00	00	00	00	00	00	00	00	00	00	00	00	00	00	00
4.611	3D DATA	true	-	-	-	-	-77356.0	-81229.0	-78508.3	-83124.2	-96323.8	-77356.0	-81229.0	-78508.3	-83124.2	-96323.8	-	-	-	-	-
4.611	3D MESSAGE	48	00	F0	91	20	59	97	8C	3C	C2	81	3C	F9	15	97	C7	73	A6	9E	C7	1D	56	99	C7	08	5A	A2	C7	D1	21	BC	C7	F9	15	97	C7	73	A6	9E	C7	1D	56	99	C7	08	5A	A2	C7	D1	21	BC	C7	00	00	00	00	00	00	00	00	00	00	00	00	00	00	00	00	00	00	00	00
4.611	3D DATA	true	-	-	-	-	-77355.9	-81228.9	-78508.2	-83124.1	-96323.6	-77355.9	-81228.9	-78508.2	-83124.1	-96323.6	-	-	-	-	-
4.611	3D MESSAGE	48	00	F1	91	20	59	98	8C	3C	C2	81	3C	EC	15	97	C7	69	A6	9E	C7	19	56	99	C7	FC	59	A2	C7	AE	21	BC	C7	EC	15	97	C7	69	A6	9E	C7	19	56	99	C7	FC	59	A2	C7	AE	21	BC	C7	00	00	00	00	00	00	00	00	00	00	00	00	00	00	00	00	00	00	00	00
4.611	3D DATA	true	-	-	-	-	-77355.8	-81228.8	-78508.2	-83124.0	-96323.4	-77355.8	-81228.8	-78508.2	-83124.0	-96323.4	-	-	-	-	-
4.644	3D MESSAGE	48	00	F2	91	20	59	99	8C	3C	C2	81	3C	E0	15	97	C7	5E	A6	9E	C7	16	56	99	C7	F7	59	A2	C7	85	21	BC	C7	E0	15	97	C7	5E	A6	9E	C7	16	56	99	C7	F7	59	A2	C7	85	21	BC	C7	00	00	00	00	00	00	00	00	00	00	00	00	00	00	00	00	00	00	00	00
4.644	3D DATA	true	-	-	-	-	-77355.8	-81228.7	-78508.2	-83123.9	-96323.0	-77355.8	-81228.7	-78508.2	-83123.9	-96323.0	-	-	-	-	-
4.644	3D MESSAGE	48	00	F3	91	20	59	9A	8C	3C	C2	81	3C	D6	15	97	C7	52	A6	9E	C7	14	56	99	C7	F9	59	A2	C7	5A	21	BC	C7	D6	15	97	C7	52	A6	9E	C7	14	56	99	C7	F9	59	A2	C7	5A	21	BC	C7	00	00	00	00	00	00	00	00	00	00	00	00	00	00	00	00	00	00	00	00
4.644	3D DATA	true	-	-	-	-	-77355.7	-81228.6	-78508.2	-83123.9	-96322.7	-77355.7	-81228.6	-78508.2	-83123.9	-96322.7	-	-	-	-	-
4.645	3D MESSAGE	48	00	F4	91	20	59	9B	8C	3C	C2	81	3C	CF	15	97	C7	47	A6	9E	C7	10	56	99	C7	01	5A	A2	C7	32	21	BC	C7	CF	15	97	C7	47	A6	9E	C7	10	56	99	C7	01	5A	A2	C7	32	21	BC	C7	00	00	00	00	00	00	00	00	00	00	00	00	00	00	00	00	00	00	00	00
4.645	3D DATA	true	-	-	-	-	-77355.6	-81228.6	-78508.1	-83124.0	-96322.4	-77355.6	-81228.6	-78508.1	-83124.0	-96322.4	-	-	-	-	-
4.645	3D MESSAGE	48	00	F5	91	20	59	9C	8C	3C	C2	81	3C	CC	15	97	C7	3C	A6	9E	C7	08	56	99	C7	0A	5A	A2	C7	12	21	BC	C7	CC	15	97	C7	3C	A6	9E	C7	08	56	99	C7	0A	5A	A2	C7	12	21	BC	C7	00	00	00	00	00	00	00	00	00	00	00	00	00	00	00	00	00	00	00	00
4.645	3D DATA	true	-	-	-	-	-77355.6	-81228.5	-78508.1	-83124.1	-96322.1	-77355.6	-81228.5	-78508.1	-83124.1	-96322.1	-	-	-	-	-
4.645	3D MESSAGE	48	00	F6	91	20	59	9D	8C	3C	C2	81	3C	CB	15	97	C7	33	A6	9E	C7	FE	55	99	C7	11	5A	A2	C7	FD	20	BC	C7	CB	15	97	C7	33	A6	9E	C7	FE	55	99	C7	11	5A	A2	C7	FD	20	BC	C7	00	00	00	00	00	00	00	00	00	00	00	00	00	00	00	00	00	00	00	00
4.646	3D DATA	true	-	-	-	-	-77355.6	-81228.4	-78508.0	-83124.1	-96322.0	-77355.6	-81228.4	-78508.0	-83124.1	-96322.0	-	-	-	-	-
4.646	3D MESSAGE	48	00	F7	91	20	59	9E	8C	3C	C2	81	3C	CC	15	97	C7	2E	A6	9E	C7	F2	55	99	C7	11	5A	A2	C7	F4	20	BC	C7	CC	15	97	C7	2E	A6	9E	C7	F2	55	99	C7	11	5A	A2	C7	F4	20	BC	C7	00	00	00	00	00	00	00	00	00	00	00	00	00	00	00	00	00	00	00	00
4.646	3D DATA	true	-	-	-	-	-77355.6	-81228.4	-78507.9	-83124.1	-96321.9	-77355.6	-81228.4	-78507.9	-83124.1	-96321.9	-	-	-	-	-
4.646	3D MESSAGE	48	00	F8	91	20	59	9F	8C	3C	C2	81	3C	CF	15	97	C7	32	A6	9E	C7	E8	55	99	C7	08	5A	A2	C7	F7	20	BC	C7	CF	15	97	C7	32	A6	9E	C7	E8	55	99	C7	08	5A	A2	C7	F7	20	BC	C7	00	00	00	00	00	00	00	00	00	00	00	00	00	00	00	00	00	00	00	00
4.646	3D DATA	true	-	-	-	-	-77355.6	-81228.4	-78507.8	-83124.1	-96321.9	-77355.6	-81228.4	-78507.8	-83124.1	-96321.9	-	-	-	-	-
4.675	3D MESSAGE	48	00	F9	91	20	59	A0	8C	3C	C2	81	3C	D6	15	97	C7	40	A6	9E	C7	E2	55	99	C7	F8	59	A2	C7	04	21	BC	C7	D6	15	97	C7	40	A6	9E	C7	E2	55	99	C7	F8	59	A2	C7	04	21	BC	C7	00	00	00	00	00	00	00	00	00	00	00	00	00	00	00	00	00	00	00	00
4.675	3D DATA	true	-	-	-	-	-77355.7	-81228.5	-78507.8	-83123.9	-96322.0	-77355.7	-81228.5	-78507.8	-83123.9	-96322.0	-	-	-	-	-
4.676	3D MESSAGE	48	00	FA	91	20	59	A1	8C	3C	C2	81	3C	E4	15	97	C7	5A	A6	9E	C7	E2	55	99	C7	E6	59	A2	C7	18	21	BC	C7	E4	15	97	C7	5A	A6	9E	C7	E2	55	99	C7	E6	59	A2	C7	18	21	BC	C7	00	00	00	00	00	00	00	00	00	00	00	00	00	00	00	00	00	00	00	00
4.676	3D DATA	true	-	-	-	-	-77355.8	-81228.7	-78507.8	-83123.8	-96322.2	-77355.8	-81228.7	-78507.8	-83123.8	-96322.2	-	-	-	-	-
4.676	3D MESSAGE	48	00	FB	91	20	59	A2	8C	3C	C2	81	3C	FC	15	97	C7	80	A6	9E	C7	EC	55	99	C7	D7	59	A2	C7	32	21	BC	C7	FC	15	97	C7	80	A6	9E	C7	EC	55	99	C7	D7	59	A2	C7	32	21	BC	C7	00	00	00	00	00	00	00	00	00	00	00	00	00	00	00	00	00	00	00	00
4.676	3D DATA	true	-	-	-	-	-77356.0	-81229.0	-78507.8	-83123.7	-96322.4	-77356.0	-81229.0	-78507.8	-83123.7	-96322.4	-	-	-	-	-
4.677	3D MESSAGE	48	00	FC	91	20	59	A3	8C	3C	C2	81	3C	1D	16	97	C7	AE	A6	9E	C7	FE	55	99	C7	D0	59	A2	C7	50	21	BC	C7	1D	16	97	C7	AE	A6	9E	C7	FE	55	99	C7	D0	59	A2	C7	50	21	BC	C7	00	00	00	00	00	00	00	00	00	00	00	00	00	00	00	00	00	00	00	00
4.677	3D DATA	true	-	-	-	-	-77356.2	-81229.4	-78508.0	-83123.6	-96322.6	-77356.2	-81229.4	-78508.0	-83123.6	-96322.6	-	-	-	-	-
4.677	3D MESSAGE	48	00	FD	91	20	59	A4	8C	7E	55	8A	3C	45	16	97	C7	DA	A6	9E	C7	16	56	99	C7	D2	59	A2	C7	71	21	BC	C7	45	16	97	C7	DA	A6	9E	C7	16	56	99	C7	D2	59	A2	C7	71	21	BC	C7	00	00	00	00	00	00	00	00	00	00	00	00	00	00	00	00	00	00	00	00
4.677	3D DATA	true	-	-	-	-	-77356.5	-81229.7	-78508.2	-83123.6	-96322.9	-77356.5	-81229.7	-78508.2	-83123.6	-96322.9	-	-	-	-	-
4.678	3D MESSAGE	48	00	FE	91	20	59	A5	8C	7E	55	8A	3C	6F	16	97	C7	00	A7	9E	C7	30	56	99	C7	DE	59	A2	C7	92	21	BC	C7	6F	16	97	C7	00	A7	9E	C7	30	56	99	C7	DE	59	A2	C7	92	21	BC	C7	00	00	00	00	00	00	00	00	00	00	00	00	00	00	00	00	00	00	00	00
4.678	3D DATA	true	-	-	-	-	-77356.9	-81230.0	-78508.4	-83123.7	-96323.1	-77356.9	-81230.0	-78508.4	-83123.7	-96323.1	-	-	-	-	-
4.705	3D MESSAGE	48	00	FF	91	20	59	A6	8C	7E	55	8A	3C	92	16	97	C7	17	A7	9E	C7	48	56	99	C7	F0	59	A2	C7	B4	21	BC	C7	92	16	97	C7	17	A7	9E	C7	48	56	99	C7	F0	59	A2	C7	B4	21	BC	C7	00	00	00	00	00	00	00	00	00	00	00	00	00	00	00	00	00	00	00	00
4.705	3D DATA	true	-	-	-	-	-77357.1	-81230.2	-78508.6	-83123.9	-96323.4	-77357.1	-81230.2	-78508.6	-83123.9	-96323.4	-	-	-	-	-
4.705	3D MESSAGE	48	00	00	91	20	59	A7	8C	7E	55	8A	3C	AA	16	97	C7	1B	A7	9E	C7	5A	56	99	C7	04	5A	A2	C7	D5	21	BC	C7	AA	16	97	C7	1B	A7	9E	C7	5A	56	99	C7	04	5A	A2	C7	D5	21	BC	C7	00	00	00	00	00	00	00	00	00	00	00	00	00	00	00	00	00	00	00	00
4.705	3D DATA	true	-	-	-	-	-77357.3	-81230.2	-78508.7	-83124.0	-96323.7	-77357.3	-81230.2	-78508.7	-83124.0	-96323.7	-	-	-	-	-
4.706	3D MESSAGE	48	00	01	91	20	59	A8	8C	7E	55	8A	3C	B0	16	97	C7	0C	A7	9E	C7	65	56	99	C7	14	5A	A2	C7	F2	21	BC	C7	B0	16	97	C7	0C	A7	9E	C7	65	56	99	C7	14	5A	A2	C7	F2	21	BC	C7	00	00	00	00	00	00	00	00	00	00	00	00	00	00	00	00	00	00	00	00
4.706	3D DATA	true	-	-	-	-	-77357.4	-81230.1	-78508.8	-83124.2	-96323.9	-77357.4	-81230.1	-78508.8	-83124.2	-96323.9	-	-	-	-	-
4.707	3D MESSAGE	48	00	02	91	20	59	A9	8C	7E	55	8A	3C	A7	16	97	C7	ED	A6	9E	C7	67	56	99	C7	1E	5A	A2	C7	0C	22	BC	C7	A7	16	97	C7	ED	A6	9E	C7	67	56	99	C7	1E	5A	A2	C7	0C	22	BC	C7	00	00	00	00	00	00	00	00	00	00	00	00	00	00	00	00	00	00	00	00
4.707	3D DATA	true	-	-	-	-	-77357.3	-81229.9	-78508.8	-83124.2	-96324.1	-77357.3	-81229.9	-78508.8	-83124.2	-96324.1	-	-	-	-	-
4.707	3D MESSAGE	48	00	03	91	20	59	AA	8C	7E	55	8A	3C	93	16	97	C7	C2	A6	9E	C7	61	56	99	C7	22	5A	A2	C7	20	22	BC	C7	93	16	97	C7	C2	A6	9E	C7	61	56	99	C7	22	5A	A2	C7	20	22	BC	C7	00	00	00	00	00	00	00	00	00	00	00	00	00	00	00	00	00	00	00	00
4.707	3D DATA	true	-	-	-	-	-77357.1	-81229.5	-78508.8	-83124.3	-96324.2	-77357.1	-81229.5	-78508.8	-83124.3	-96324.2	-	-	-	-	-
4.708	3D MESSAGE	48	00	04	91	20	59	AB	8C	7E	55	8A	3C	7A	16	97	C7	94	A6	9E	C7	56	56	99	C7	24	5A	A2	C7	2F	22	BC	C7	7A	16	97	C7	94	A6	9E	C7	56	56	99	C7	24	5A	A2	C7	2F	22	BC	C7	00	00	00	00	00	00	00	00	00	00	00	00	00	00	00	00	00	00	00	00
4.708	3D DATA	true	-	-	-	-	-77357.0	-81229.2	-78508.7	-83124.3	-96324.4	-77357.0	-81229.2	-78508.7	-83124.3	-96324.4	-	-	-	-	-
4.734	3D MESSAGE	48	00	05	91	20	59	AC	8C	7E	55	8A	3C	62	16	97	C7	69	A6	9E	C7	4B	56	99	C7	28	5A	A2	C7	38	22	BC	C7	62	16	97	C7	69	A6	9E	C7	4B	56	99	C7	28	5A	A2	C7	38	22	BC	C7	00	00	00	00	00	00	00	00	00	00	00	00	00	00	00	00	00	00	00	00
4.734	3D DATA	true	-	-	-	-	-77356.8	-81228.8	-78508.6	-83124.3	-96324.4	-77356.8	-81228.8	-78508.6	-83124.3	-96324.4	-	-	-	-	-
4.734	3D MESSAGE	48	00	06	91	20	59	AD	8C	7E	55	8A	3C	4F	16	97	C7	46	A6	9E	C7	41	56	99	C7	31	5A	A2	C7	3D	22	BC	C7	4F	16	97	C7	46	A6	9E	C7	41	56	99	C7	31	5A	A2	C7	3D	22	BC	C7	00	00	00	00	00	00	00	00	00	00	00	00	00	00	00	00	00	00	00	00
4.734	3D DATA	true	-	-	-	-	-77356.6	-81228.5	-78508.5	-83124.4	-96324.5	-77356.6	-81228.5	-78508.5	-83124.4	-96324.5	-	-	-	-	-
4.735	3D MESSAGE	48	00	07	91	20	59	AE	8C	7E	55	8A	3C	42	16	97	C7	2C	A6	9E	C7	3C	56	99	C7	41	5A	A2	C7	3C	22	BC	C7	42	16	97	C7	2C	A6	9E	C7	3C	56	99	C7	41	5A	A2	C7	3C	22	BC	C7	00	00	00	00	00	00	00	00	00	00	00	00	00	00	00	00	00	00	00	00
4.735	3D DATA	true	-	-	-	-	-77356.5	-81228.3	-78508.5	-83124.5	-96324.5	-77356.5	-81228.3	-78508.5	-83124.5	-96324.5	-	-	-	-	-
4.735	3D MESSAGE	48	00	08	91	20	59	AF	8C	7E	55	8A	3C	38	16	97	C7	1E	A6	9E	C7	3B	56	99	C7	56	5A	A2	C7	37	22	BC	C7	38	16	97	C7	1E	A6	9E	C7	3B	56	99	C7	56	5A	A2	C7	37	22	BC	C7	00	00	00	00	00	00	00	00	00	00	00	00	00	00	00	00	00	00	00	00
4.735	3D DATA	true	-	-	-	-	-77356.4	-81228.2	-78508.5	-83124.7	-96324.4	-77356.4	-81228.2	-78508.5	-83124.7	-96324.4	-	-	-	-	-
4.736	3D MESSAGE	48	00	09	91	20	59	B0	8C	7E	55	8A	3C	2C	16	97	C7	19	A6	9E	C7	3C	56	99	C7	6D	5A	A2	C7	2D	22	BC	C7	2C	16	97	C7	19	A6	9E	C7	3C	56	99	C7	6D	5A	A2	C7	2D	22	BC	C7	00	00	00	00	00	00	00	00	00	00	00	00	00	00	00	00	00	00	00	00
4.736	3D DATA	true	-	-	-	-	-77356.3	-81228.2	-78508.5	-83124.9	-96324.4	-77356.3	-81228.2	-78508.5	-83124.9	-96324.4	-	-	-	-	-
4.736	3D MESSAGE	48	00	0A	91	20	59	B1	8C	7E	55	8A	3C	1B	16	97	C7	1A	A6	9E	C7	3A	56	99	C7	7F	5A	A2	C7	1D	22	BC	C7	1B	16	97	C7	1A	A6	9E	C7	3A	56	99	C7	7F	5A	A2	C7	1D	22	BC	C7	00	00	00	00	00	00	00	00	00	00	00	00	00	00	00	00	00	00	00	00
4.736	3D DATA	true	-	-	-	-	-77356.2	-81228.2	-78508.5	-83125.0	-96324.2	-77356.2	-81228.2	-78508.5	-83125.0	-96324.2	-	-	-	-	-
4.767	3D MESSAGE	48	00	0B	91	20	59	B2	8C	7E	55	8A	3C	05	16	97	C7	1D	A6	9E	C7	32	56	99	C7	87	5A	A2	C7	07	22	BC	C7	05	16	97	C7	1D	A6	9E	C7	32	56	99	C7	87	5A	A2	C7	07	22	BC	C7	00	00	00	00	00	00	00	00	00	00	00	00	00	00	00	00	00	00	00	00
4.767	3D DATA	true	-	-	-	-	-77356.0	-81228.2	-78508.4	-83125.1	-96324.1	-77356.0	-81228.2	-78508.4	-83125.1	-96324.1	-	-	-	-	-
4.768	3D MESSAGE	48	00	0C	91	20	59	B3	8C	7E	55	8A	3C	EB	15	97	C7	1F	A6	9E	C7	22	56	99	C7	83	5A	A2	C7	EC	21	BC	C7	EB	15	97	C7	1F	A6	9E	C7	22	56	99	C7	83	5A	A2	C7	EC	21	BC	C7	00	00	00	00	00	00	00	00	00	00	00	00	00	00	00	00	00	00	00	00
4.768	3D DATA	true	-	-	-	-	-77355.8	-81228.2	-78508.3	-83125.0	-96323.8	-77355.8	-81228.2	-78508.3	-83125.0	-96323.8	-	-	-	-	-
4.768	3D MESSAGE	48	00	0D	91	20	59	B4	8C	7E	55	8A	3C	D1	15	97	C7	1D	A6	9E	C7	0B	56	99	C7	73	5A	A2	C7	D0	21	BC	C7	D1	15	97	C7	1D	A6	9E	C7	0B	56	99	C7	73	5A	A2	C7	D0	21	BC	C7	00	00	00	00	00	00	00	00	00	00	00	00	00	00	00	00	00	00	00	00
4.768	3D DATA	true	-	-	-	-	-77355.6	-81228.2	-78508.1	-83124.9	-96323.6	-77355.6	-81228.2	-78508.1	-83124.9	-96323.6	-	-	-	-	-
4.769	3D MESSAGE	48	00	0E	91	20	59	B5	8C	7E	55	8A	3C	BC	15	97	C7	16	A6	9E	C7	F0	55	99	C7	5A	5A	A2	C7	B4	21	BC	C7	BC	15	97	C7	16	A6	9E	C7	F0	55	99	C7	5A	5A	A2	C7	B4	21	BC	C7	00	00	00	00	00	00	00	00	00	00	00	00	00	00	00	00	00	00	00	00
4.769	3D DATA	true	-	-	-	-	-77355.5	-81228.2	-78507.9	-83124.7	-96323.4	-77355.5	-81228.2	-78507.9	-83124.7	-96323.4	-	-	-	-	-
4.769	3D MESSAGE	48	00	0F	91	20	59	B6	8C	7E	55	8A	3C	AD	15	97	C7	0C	A6	9E	C7	D6	55	99	C7	3C	5A	A2	C7	9E	21	BC	C7	AD	15	97	C7	0C	A6	9E	C7	D6	55	99	C7	3C	5A	A2	C7	9E	21	BC	C7	00	00	00	00	00	00	00	00	00	00	00	00	00	00	00	00	00	00	00	00
4.769	3D DATA	true	-	-	-	-	-77355.4	-81228.1	-78507.7	-83124.5	-96323.2	-77355.4	-81228.1	-78507.7	-83124.5	-96323.2	-	-	-	-	-
4.769	3D MESSAGE	48	00	10	91	20	59	B7	8C	7E	55	8A	3C	A6	15	97	C7	00	A6	9E	C7	C1	55	99	C7	1D	5A	A2	C7	8C	21	BC	C7	A6	15	97	C7	00	A6	9E	C7	C1	55	99	C7	1D	5A	A2	C7	8C	21	BC	C7	00	00	00	00	00	00	00	00	00	00	00	00	00	00	00	00	00	00	00	00
4.769	3D DATA	true	-	-	-	-	-77355.3	-81228.0	-78507.5	-83124.2	-96323.1	-77355.3	-81228.0	-78507.5	-83124.2	-96323.1	-	-	-	-	-
4.769	3D MESSAGE	48	00	11	91	20	59	B8	8C	7E	55	8A	3C	A4	15	97	C7	F4	A5	9E	C7	B4	55	99	C7	02	5A	A2	C7	80	21	BC	C7	A4	15	97	C7	F4	A5	9E	C7	B4	55	99	C7	02	5A	A2	C7	80	21	BC	C7	00	00	00	00	00	00	00	00	00	00	00	00	00	00	00	00	00	00	00	00
4.769	3D DATA	true	-	-	-	-	-77355.3	-81227.9	-78507.4	-83124.0	-96323.0	-77355.3	-81227.9	-78507.4	-83124.0	-96323.0	-	-	-	-	-
4.798	3D MESSAGE	48	00	12	91	20	59	B9	8C	7E	55	8A	3C	A3	15	97	C7	EE	A5	9E	C7	B0	55	99	C7	EC	59	A2	C7	73	21	BC	C7	A3	15	97	C7	EE	A5	9E	C7	B0	55	99	C7	EC	59	A2	C7	73	21	BC	C7	00	00	00	00	00	00	00	00	00	00	00	00	00	00	00	00	00	00	00	00
4.798	3D DATA	true	-	-	-	-	-77355.3	-81227.9	-78507.4	-83123.8	-96322.9	-77355.3	-81227.9	-78507.4	-83123.8	-96322.9	-	-	-	-	-
4.798	3D MESSAGE	48	00	13	91	20	59	BA	8C	7E	55	8A	3C	A0	15	97	C7	EE	A5	9E	C7	B3	55	99	C7	DB	59	A2	C7	62	21	BC	C7	A0	15	97	C7	EE	A5	9E	C7	B3	55	99	C7	DB	59	A2	C7	62	21	BC	C7	00	00	00	00	00	00	00	00	00	00	00	00	00	00	00	00	00	00	00	00
4.798	3D DATA	true	-	-	-	-	-77355.2	-81227.9	-78507.4	-83123.7	-96322.8	-77355.2	-81227.9	-78507.4	-83123.7	-96322.8	-	-	-	-	-
4.798	3D MESSAGE	48	00	14	91	20	59	BB	8C	7E	55	8A	3C	9B	15	97	C7	F7	A5	9E	C7	BA	55	99	C7	D0	59	A2	C7	4A	21	BC	C7	9B	15	97	C7	F7	A5	9E	C7	BA	55	99	C7	D0	59	A2	C7	4A	21	BC	C7	00	00	00	00	00	00	00	00	00	00	00	00	00	00	00	00	00	00	00	00
4.798	3D DATA	true	-	-	-	-	-77355.2	-81227.9	-78507.5	-83123.6	-96322.6	-77355.2	-81227.9	-78507.5	-83123.6	-96322.6	-	-	-	-	-
4.799	3D MESSAGE	48	00	15	91	20	59	BC	8C	7E	55	8A	3C	94	15	97	C7	08	A6	9E	C7	C2	55	99	C7	C9	59	A2	C7	2A	21	BC	C7	94	15	97	C7	08	A6	9E	C7	C2	55	99	C7	C9	59	A2	C7	2A	21	BC	C7	00	00	00	00	00	00	00	00	00	00	00	00	00	00	00	00	00	00	00	00
4.799	3D DATA	true	-	-	-	-	-77355.2	-81228.1	-78507.5	-83123.6	-96322.3	-77355.2	-81228.1	-78507.5	-83123.6	-96322.3	-	-	-	-	-
4.799	3D MESSAGE	48	00	16	91	20	59	BD	8C	7E	55	8A	3C	8C	15	97	C7	1F	A6	9E	C7	C6	55	99	C7	C6	59	A2	C7	03	21	BC	C7	8C	15	97	C7	1F	A6	9E	C7	C6	55	99	C7	C6	59	A2	C7	03	21	BC	C7	00	00	00	00	00	00	00	00	00	00	00	00	00	00	00	00	00	00	00	00
4.799	3D DATA	true	-	-	-	-	-77355.1	-81228.2	-78507.5	-83123.5	-96322.0	-77355.1	-81228.2	-78507.5	-83123.5	-96322.0	-	-	-	-	-
4.829	3D MESSAGE	48	00	17	91	20	59	BE	8C	7E	55	8A	3C	88	15	97	C7	3A	A6	9E	C7	C8	55	99	C7	C8	59	A2	C7	DA	20	BC	C7	88	15	97	C7	3A	A6	9E	C7	C8	55	99	C7	C8	59	A2	C7	DA	20	BC	C7	00	00	00	00	00	00	00	00	00	00	00	00	00	00	00	00	00	00	00	00
4.829	3D DATA	true	-	-	-	-	-77355.1	-81228.5	-78507.6	-83123.6	-96321.7	-77355.1	-81228.5	-78507.6	-83123.6	-96321.7	-	-	-	-	-
4.829	3D MESSAGE	48	00	18	91	20	59	BF	8C	7E	55	8A	3C	88	15	97	C7	56	A6	9E	C7	C5	55	99	C7	CC	59	A2	C7	B4	20	BC	C7	88	15	97	C7	56	A6	9E	C7	C5	55	99	C7	CC	59	A2	C7	B4	20	BC	C7	00	00	00	00	00	00	00	00	00	00	00	00	00	00	00	00	00	00	00	00
4.829	3D DATA	true	-	-	-	-	-77355.1	-81228.7	-78507.5	-83123.6	-96321.4	-77355.1	-81228.7	-78507.5	-83123.6	-96321.4	-	-	-	-	-
4.830	3D MESSAGE	48	00	19	91	20	59	C0	8C	7E	55	8A	3C	8E	15	97	C7	71	A6	9E	C7	C0	55	99	C7	D3	59	A2	C7	95	20	BC	C7	8E	15	97	C7	71	A6	9E	C7	C0	55	99	C7	D3	59	A2	C7	95	20	BC	C7	00	00	00	00	00	00	00	00	00	00	00	00	00	00	00	00	00	00	00	00
4.830	3D DATA	true	-	-	-	-	-77355.1	-81228.9	-78507.5	-83123.6	-96321.2	-77355.1	-81228.9	-78507.5	-83123.6	-96321.2	-	-	-	-	-
4.831	3D MESSAGE	48	00	1A	91	20	59	C1	8C	7E	55	8A	3C	98	15	97	C7	88	A6	9E	C7	BA	55	99	C7	DB	59	A2	C7	82	20	BC	C7	98	15	97	C7	88	A6	9E	C7	BA	55	99	C7	DB	59	A2	C7	82	20	BC	C7	00	00	00	00	00	00	00	00	00	00	00	00	00	00	00	00	00	00	00	00
4.831	3D DATA	true	-	-	-	-	-77355.2	-81229.1	-78507.5	-83123.7	-96321.0	-77355.2	-81229.1	-78507.5	-83123.7	-96321.0	-	-	-	-	-
4.831	3D MESSAGE	48	00	1B	91	20	59	C2	8C	7E	55	8A	3C	A1	15	97	C7	9B	A6	9E	C7	B2	55	99	C7	E3	59	A2	C7	7C	20	BC	C7	A1	15	97	C7	9B	A6	9E	C7	B2	55	99	C7	E3	59	A2	C7	7C	20	BC	C7	00	00	00	00	00	00	00	00	00	00	00	00	00	00	00	00	00	00	00	00
4.831	3D DATA	true	-	-	-	-	-77355.3	-81229.2	-78507.4	-83123.8	-96321.0	-77355.3	-81229.2	-78507.4	-83123.8	-96321.0	-	-	-	-	-
4.832	3D MESSAGE	48	00	1C	91	20	59	C3	8C	7E	55	8A	3C	A7	15	97	C7	A7	A6	9E	C7	A9	55	99	C7	EA	59	A2	C7	82	20	BC	C7	A7	15	97	C7	A7	A6	9E	C7	A9	55	99	C7	EA	59	A2	C7	82	20	BC	C7	00	00	00	00	00	00	00	00	00	00	00	00	00	00	00	00	00	00	00	00
4.832	3D DATA	true	-	-	-	-	-77355.3	-81229.3	-78507.3	-83123.8	-96321.0	-77355.3	-81229.3	-78507.3	-83123.8	-96321.0	-	-	-	-	-
4.832	3D MESSAGE	48	00	1D	91	20	59	C4	8C	7E	55	8A	3C	A8	15	97	C7	AC	A6	9E	C7	9E	55	99	C7	EE	59	A2	C7	8F	20	BC	C7	A8	15	97	C7	AC	A6	9E	C7	9E	55	99	C7	EE	59	A2	C7	8F	20	BC	C7	00	00	00	00	00	00	00	00	00	00	00	00	00	00	00	00	00	00	00	00
4.832	3D DATA	true	-	-	-	-	-77355.3	-81229.3	-78507.2	-83123.9	-96321.1	-77355.3	-81229.3	-78507.2	-83123.9	-96321.1	-	-	-	-	-
4.862	3D MESSAGE	48	00	1E	91	20	59	C5	8C	7E	55	8A	3C	A5	15	97	C7	A8	A6	9E	C7	91	55	99	C7	F2	59	A2	C7	A1	20	BC	C7	A5	15	97	C7	A8	A6	9E	C7	91	55	99	C7	F2	59	A2	C7	A1	20	BC	C7	00	00	00	00	00	00	00	00	00	00	00	00	00	00	00	00	00	00	00	00
4.862	3D DATA	true	-	-	-	-	-77355.3	-81229.3	-78507.1	-83123.9	-96321.3	-77355.3	-81229.3	-78507.1	-83123.9	-96321.3	-	-	-	-	-
4.863	3D MESSAGE	48	00	1F	91	20	59	C6	8C	7E	55	8A	3C	9F	15	97	C7	9C	A6	9E	C7	82	55	99	C7	F6	59	A2	C7	B2	20	BC	C7	9F	15	97	C7	9C	A6	9E	C7	82	55	99	C7	F6	59	A2	C7	B2	20	BC	C7	00	00	00	00	00	00	00	00	00	00	00	00	00	00	00	00	00	00	00	00
4.863	3D DATA	true	-	-	-	-	-77355.2	-81229.2	-78507.0	-83123.9	-96321.4	-77355.2	-81229.2	-78507.0	-83123.9	-96321.4	-	-	-	-	-
4.863	3D MESSAGE	48	00	20	91	20	59	C7	8C	7E	55	8A	3C	97	15	97	C7	8B	A6	9E	C7	72	55	99	C7	FC	59	A2	C7	BE	20	BC	C7	97	15	97	C7	8B	A6	9E	C7	72	55	99	C7	FC	59	A2	C7	BE	20	BC	C7	00	00	00	00	00	00	00	00	00	00	00	00	00	00	00	00	00	00	00	00
4.863	3D DATA	true	-	-	-	-	-77355.2	-81229.1	-78506.9	-83124.0	-96321.5	-77355.2	-81229.1	-78506.9	-83124.0	-96321.5	-	-	-	-	-
4.863	3D MESSAGE	48	00	21	91	20	59	C8	8C	7E	55	8A	3C	8F	15	97	C7	74	A6	9E	C7	63	55	99	C7	06	5A	A2	C7	C1	20	BC	C7	8F	15	97	C7	74	A6	9E	C7	63	55	99	C7	06	5A	A2	C7	C1	20	BC	C7	00	00	00	00	00	00	00	00	00	00	00	00	00	00	00	00	00	00	00	00
4.863	3D DATA	true	-	-	-	-	-77355.1	-81228.9	-78506.8	-83124.0	-96321.5	-77355.1	-81228.9	-78506.8	-83124.0	-96321.5	-	-	-	-	-
4.863	3D MESSAGE	48	00	22	91	20	59	C9	8C	7E	55	8A	3C	86	15	97	C7	5A	A6	9E	C7	55	55	99	C7	14	5A	A2	C7	B7	20	BC	C7	86	15	97	C7	5A	A6	9E	C7	55	55	99	C7	14	5A	A2	C7	B7	20	BC	C7	00	00	00	00	00	00	00	00	00	00	00	00	00	00	00	00	00	00	00	00
4.863	3D DATA	true	-	-	-	-	-77355.0	-81228.7	-78506.7	-83124.2	-96321.4	-77355.0	-81228.7	-78506.7	-83124.2	-96321.4	-	-	-	-	-
4.864	3D MESSAGE	48	00	23	91	20	59	CA	8C	7E	55	8A	3C	7D	15	97	C7	40	A6	9E	C7	48	55	99	C7	25	5A	A2	C7	9F	20	BC	C7	7D	15	97	C7	40	A6	9E	C7	48	55	99	C7	25	5A	A2	C7	9F	20	BC	C7	00	00	00	00	00	00	00	00	00	00	00	00	00	00	00	00	00	00	00	00
4.864	3D DATA	true	-	-	-	-	-77355.0	-81228.5	-78506.6	-83124.3	-96321.2	-77355.0	-81228.5	-78506.6	-83124.3	-96321.2	-	-	-	-	-
4.891	3D MESSAGE	48	00	24	91	20	59	CB	8C	7E	55	8A	3C	72	15	97	C7	25	A6	9E	C7	3C	55	99	C7	36	5A	A2	C7	7D	20	BC	C7	72	15	97	C7	25	A6	9E	C7	3C	55	99	C7	36	5A	A2	C7	7D	20	BC	C7	00	00	00	00	00	00	00	00	00	00	00	00	00	00	00	00	00	00	00	00
4.891	3D DATA	true	-	-	-	-	-77354.9	-81228.3	-78506.5	-83124.4	-96321.0	-77354.9	-81228.3	-78506.5	-83124.4	-96321.0	-	-	-	-	-
4.891	3D MESSAGE	48	00	25	91	20	59	CC	8C	7C	15	72	3C	66	15	97	C7	0A	A6	9E	C7	30	55	99	C7	42	5A	A2	C7	55	20	BC	C7	66	15	97	C7	0A	A6	9E	C7	30	55	99	C7	42	5A	A2	C7	55	20	BC	C7	00	00	00	00	00	00	00	00	00	00	00	00	00	00	00	00	00	00	00	00
4.891	3D DATA	true	-	-	-	-	-77354.8	-81228.1	-78506.4	-83124.5	-96320.7	-77354.8	-81228.1	-78506.4	-83124.5	-96320.7	-	-	-	-	-
4.892	3D MESSAGE	48	00	26	91	20	59	CD	8C	7C	15	72	3C	57	15	97	C7	F0	A5	9E	C7	24	55	99	C7	47	5A	A2	C7	2E	20	BC	C7	57	15	97	C7	F0	A5	9E	C7	24	55	99	C7	47	5A	A2	C7	2E	20	BC	C7	00	00	00	00	00	00	00	00	00	00	00	00	00	00	00	00	00	00	00	00
4.892	3D DATA	true	-	-	-	-	-77354.7	-81227.9	-78506.3	-83124.6	-96320.4	-77354.7	-81227.9	-78506.3	-83124.6	-96320.4	-	-	-	-	-
4.892	3D MESSAGE	48	00	27	91	20	59	CE	8C	7C	15	72	3C	46	15	97	C7	D6	A5	9E	C7	18	55	99	C7	42	5A	A2	C7	0C	20	BC	C7	46	15	97	C7	D6	A5	9E	C7	18	55	99	C7	42	5A	A2	C7	0C	20	BC	C7	00	00	00	00	00	00	00	00	00	00	00	00	00	00	00	00	00	00	00	00
4.892	3D DATA	true	-	-	-	-	-77354.5	-81227.7	-78506.2	-83124.5	-96320.1	-77354.5	-81227.7	-78506.2	-83124.5	-96320.1	-	-	-	-	-
4.892	3D MESSAGE	48	00	28	91	20	59	CF	8C	7C	15	72	3C	34	15	97	C7	BD	A5	9E	C7	0E	55	99	C7	30	5A	A2	C7	F3	1F	BC	C7	34	15	97	C7	BD	A5	9E	C7	0E	55	99	C7	30	5A	A2	C7	F3	1F	BC	C7	00	00	00	00	00	00	00	00	00	00	00	00	00	00	00	00	00	00	00	00
4.892	3D DATA	true	-	-	-	-	-77354.4	-81227.5	-78506.1	-83124.4	-96319.9	-77354.4	-81227.5	-78506.1	-83124.4	-96319.9	-	-	-	-	-
4.893	3D MESSAGE	48	00	29	91	20	59	D0	8C	7C	15	72	3C	20	15	97	C7	A4	A5	9E	C7	06	55	99	C7	15	5A	A2	C7	E3	1F	BC	C7	20	15	97	C7	A4	A5	9E	C7	06	55	99	C7	15	5A	A2	C7	E3	1F	BC	C7	00	00	00	00	00	00	00	00	00	00	00	00	00	00	00	00	00	00	00	00
4.893	3D DATA	true	-	-	-	-	-77354.2	-81227.3	-78506.0	-83124.2	-96319.8	-77354.2	-81227.3	-78506.0	-83124.2	-96319.8	-	-	-	-	-
4.925	3D MESSAGE	48	00	2A	91	20	59	D1	8C	7C	15	72	3C	08	15	97	C7	8D	A5	9E	C7	00	55	99	C7	F4	59	A2	C7	D8	1F	BC	C7	08	15	97	C7	8D	A5	9E	C7	00	55	99	C7	F4	59	A2	C7	D8	1F	BC	C7	00	00	00	00	00	00	00	00	00	00	00	00	00	00	00	00	00	00	00	00
4.926	3D DATA	true	-	-	-	-	-77354.1	-81227.1	-78506.0	-83123.9	-96319.7	-77354.1	-81227.1	-78506.0	-83123.9	-96319.7	-	-	-	-	-
4.926	3D MESSAGE	48	00	2B	91	20	59	D2	8C	7C	15	72	3C	EE	14	97	C7	76	A5	9E	C7	FC	54	99	C7	CF	59	A2	C7	D0	1F	BC	C7	EE	14	97	C7	76	A5	9E	C7	FC	54	99	C7	CF	59	A2	C7	D0	1F	BC	C7	00	00	00	00	00	00	00	00	00	00	00	00	00	00	00	00	00	00	00	00
4.926	3D DATA	true	-	-	-	-	-77353.9	-81226.9	-78506.0	-83123.6	-96319.6	-77353.9	-81226.9	-78506.0	-83123.6	-96319.6	-	-	-	-	-
4.926	3D MESSAGE	48	00	2C	91	20	59	D3	8C	7C	15	72	3C	D2	14	97	C7	62	A5	9E	C7	F9	54	99	C7	AE	59	A2	C7	C7	1F	BC	C7	D2	14	97	C7	62	A5	9E	C7	F9	54	99	C7	AE	59	A2	C7	C7	1F	BC	C7	00	00	00	00	00	00	00	00	00	00	00	00	00	00	00	00	00	00	00	00
4.926	3D DATA	true	-	-	-	-	-77353.6	-81226.8	-78505.9	-83123.4	-96319.6	-77353.6	-81226.8	-78505.9	-83123.4	-96319.6	-	-	-	-	-
4.927	3D MESSAGE	48	00	2D	91	20	59	D4	8C	7C	15	72	3C	B9	14	97	C7	50	A5	9E	C7	F6	54	99	C7	93	59	A2	C7	BD	1F	BC	C7	B9	14	97	C7	50	A5	9E	C7	F6	54	99	C7	93	59	A2	C7	BD	1F	BC	C7	00	00	00	00	00	00	00	00	00	00	00	00	00	00	00	00	00	00	00	00
4.927	3D DATA	true	-	-	-	-	-77353.4	-81226.6	-78505.9	-83123.1	-96319.5	-77353.4	-81226.6	-78505.9	-83123.1	-96319.5	-	-	-	-	-
4.927	3D MESSAGE	48	00	2E	91	20	59	D5	8C	7C	15	72	3C	A7	14	97	C7	43	A5	9E	C7	F2	54	99	C7	84	59	A2	C7	B4	1F	BC	C7	A7	14	97	C7	43	A5	9E	C7	F2	54	99	C7	84	59	A2	C7	B4	1F	BC	C7	00	00	00	00	00	00	00	00	00	00	00	00	00	00	00	00	00	00	00	00
4.927	3D DATA	true	-	-	-	-	-77353.3	-81226.5	-78505.9	-83123.0	-96319.4	-77353.3	-81226.5	-78505.9	-83123.0	-96319.4	-	-	-	-	-
4.927	3D MESSAGE	48	00	2F	91	20	59	D6	8C	7C	15	72	3C	A0	14	97	C7	3D	A5	9E	C7	ED	54	99	C7	81	59	A2	C7	B0	1F	BC	C7	A0	14	97	C7	3D	A5	9E	C7	ED	54	99	C7	81	59	A2	C7	B0	1F	BC	C7	00	00	00	00	00	00	00	00	00	00	00	00	00	00	00	00	00	00	00	00
4.927	3D DATA	true	-	-	-	-	-77353.2	-81226.5	-78505.9	-83123.0	-96319.4	-77353.2	-81226.5	-78505.9	-83123.0	-96319.4	-	-	-	-	-
4.927	3D MESSAGE	48	00	30	91	20	59	D7	8C	7C	15	72	3C	A8	14	97	C7	40	A5	9E	C7	E6	54	99	C7	8A	59	A2	C7	B7	1F	BC	C7	A8	14	97	C7	40	A5	9E	C7	E6	54	99	C7	8A	59	A2	C7	B7	1F	BC	C7	00	00	00	00	00	00	00	00	00	00	00	00	00	00	00	00	00	00	00	00
4.928	3D DATA	true	-	-	-	-	-77353.3	-81226.5	-78505.8	-83123.1	-96319.4	-77353.3	-81226.5	-78505.8	-83123.1	-96319.4	-	-	-	-	-
4.928	3D MESSAGE	48	00	31	91	20	59	D8	8C	7C	15	72	3C	BD	14	97	C7	4C	A5	9E	C7	DF	54	99	C7	9C	59	A2	C7	CA	1F	BC	C7	BD	14	97	C7	4C	A5	9E	C7	DF	54	99	C7	9C	59	A2	C7	CA	1F	BC	C7	00	00	00	00	00	00	00	00	00	00	00	00	00	00	00	00	00	00	00	00
4.928	3D DATA	true	-	-	-	-	-77353.5	-81226.6	-78505.7	-83123.2	-96319.6	-77353.5	-81226.6	-78505.7	-83123.2	-96319.6	-	-	-	-	-
4.956	3D MESSAGE	48	00	32	91	20	59	D9	8C	7C	15	72	3C	DD	14	97	C7	62	A5	9E	C7	D8	54	99	C7	B2	59	A2	C7	EA	1F	BC	C7	DD	14	97	C7	62	A5	9E	C7	D8	54	99	C7	B2	59	A2	C7	EA	1F	BC	C7	00	00	00	00	00	00	00	00	00	00	00	00	00	00	00	00	00	00	00	00
4.956	3D DATA	true	-	-	-	-	-77353.7	-81226.8	-78505.7	-83123.4	-96319.8	-77353.7	-81226.8	-78505.7	-83123.4	-96319.8	-	-	-	-	-
4.956	3D MESSAGE	48	00	33	91	20	59	DA	8C	7C	15	72	3C	03	15	97	C7	7E	A5	9E	C7	D2	54	99	C7	C5	59	A2	C7	10	20	BC	C7	03	15	97	C7	7E	A5	9E	C7	D2	54	99	C7	C5	59	A2	C7	10	20	BC	C7	00	00	00	00	00	00	00	00	00	00	00	00	00	00	00	00	00	00	00	00
4.956	3D DATA	true	-	-	-	-	-77354.0	-81227.0	-78505.6	-83123.5	-96320.1	-77354.0	-81227.0	-78505.6	-83123.5	-96320.1	-	-	-	-	-
4.956	3D MESSAGE	48	00	34	91	20	59	DB	8C	7C	15	72	3C	28	15	97	C7	9F	A5	9E	C7	CE	54	99	C7	D0	59	A2	C7	3A	20	BC	C7	28	15	97	C7	9F	A5	9E	C7	CE	54	99	C7	D0	59	A2	C7	3A	20	BC	C7	00	00	00	00	00	00	00	00	00	00	00	00	00	00	00	00	00	00	00	00
4.956	3D DATA	true	-	-	-	-	-77354.3	-81227.2	-78505.6	-83123.6	-96320.5	-77354.3	-81227.2	-78505.6	-83123.6	-96320.5	-	-	-	-	-
4.957	3D MESSAGE	48	00	35	91	20	59	DC	8C	7C	15	72	3C	48	15	97	C7	C0	A5	9E	C7	CD	54	99	C7	CF	59	A2	C7	5F	20	BC	C7	48	15	97	C7	C0	A5	9E	C7	CD	54	99	C7	CF	59	A2	C7	5F	20	BC	C7	00	00	00	00	00	00	00	00	00	00	00	00	00	00	00	00	00	00	00	00
4.957	3D DATA	true	-	-	-	-	-77354.6	-81227.5	-78505.6	-83123.6	-96320.7	-77354.6	-81227.5	-78505.6	-83123.6	-96320.7	-	-	-	-	-
4.957	3D MESSAGE	48	00	36	91	20	59	DD	8C	7C	15	72	3C	60	15	97	C7	DD	A5	9E	C7	D0	54	99	C7	C1	59	A2	C7	7B	20	BC	C7	60	15	97	C7	DD	A5	9E	C7	D0	54	99	C7	C1	59	A2	C7	7B	20	BC	C7	00	00	00	00	00	00	00	00	00	00	00	00	00	00	00	00	00	00	00	00
4.957	3D DATA	true	-	-	-	-	-77354.8	-81227.7	-78505.6	-83123.5	-96321.0	-77354.8	-81227.7	-78505.6	-83123.5	-96321.0	-	-	-	-	-
4.957	3D MESSAGE	48	00	37	91	20	59	DE	8C	7C	15	72	3C	6F	15	97	C7	F5	A5	9E	C7	D7	54	99	C7	A7	59	A2	C7	8B	20	BC	C7	6F	15	97	C7	F5	A5	9E	C7	D7	54	99	C7	A7	59	A2	C7	8B	20	BC	C7	00	00	00	00	00	00	00	00	00	00	00	00	00	00	00	00	00	00	00	00
4.957	3D DATA	true	-	-	-	-	-77354.9	-81227.9	-78505.7	-83123.3	-96321.1	-77354.9	-81227.9	-78505.7	-83123.3	-96321.1	-	-	-	-	-
4.988	3D MESSAGE	48	00	38	91	20	59	DF	8C	7C	15	72	3C	76	15	97	C7	08	A6	9E	C7	E4	54	99	C7	87	59	A2	C7	8D	20	BC	C7	76	15	97	C7	08	A6	9E	C7	E4	54	99	C7	87	59	A2	C7	8D	20	BC	C7	00	00	00	00	00	00	00	00	00	00	00	00	00	00	00	00	00	00	00	00
4.988	3D DATA	true	-	-	-	-	-77354.9	-81228.1	-78505.8	-83123.1	-96321.1	-77354.9	-81228.1	-78505.8	-83123.1	-96321.1	-	-	-	-	-
4.988	3D MESSAGE	48	00	39	91	20	59	E0	8C	7C	15	72	3C	76	15	97	C7	14	A6	9E	C7	F4	54	99	C7	66	59	A2	C7	82	20	BC	C7	76	15	97	C7	14	A6	9E	C7	F4	54	99	C7	66	59	A2	C7	82	20	BC	C7	00	00	00	00	00	00	00	00	00	00	00	00	00	00	00	00	00	00	00	00
4.988	3D DATA	true	-	-	-	-	-77354.9	-81228.2	-78505.9	-83122.8	-96321.0	-77354.9	-81228.2	-78505.9	-83122.8	-96321.0	-	-	-	-	-
4.989	3D MESSAGE	48	00	3A	91	20	59	E1	8C	7C	15	72	3C	70	15	97	C7	1A	A6	9E	C7	07	55	99	C7	49	59	A2	C7	6B	20	BC	C7	70	15	97	C7	1A	A6	9E	C7	07	55	99	C7	49	59	A2	C7	6B	20	BC	C7	00	00	00	00	00	00	00	00	00	00	00	00	00	00	00	00	00	00	00	00
4.989	3D DATA	true	-	-	-	-	-77354.9	-81228.2	-78506.1	-83122.6	-96320.8	-77354.9	-81228.2	-78506.1	-83122.6	-96320.8	-	-	-	-	-
4.989	3D MESSAGE	48	00	3B	91	20	59	E2	8C	7C	15	72	3C	68	15	97	C7	19	A6	9E	C7	1A	55	99	C7	32	59	A2	C7	4C	20	BC	C7	68	15	97	C7	19	A6	9E	C7	1A	55	99	C7	32	59	A2	C7	4C	20	BC	C7	00	00	00	00	00	00	00	00	00	00	00	00	00	00	00	00	00	00	00	00
4.989	3D DATA	true	-	-	-	-	-77354.8	-81228.2	-78506.2	-83122.4	-96320.6	-77354.8	-81228.2	-78506.2	-83122.4	-96320.6	-	-	-	-	-
4.989	3D MESSAGE	48	00	3C	91	20	59	E3	8C	7C	15	72	3C	5E	15	97	C7	0E	A6	9E	C7	2A	55	99	C7	24	59	A2	C7	27	20	BC	C7	5E	15	97	C7	0E	A6	9E	C7	2A	55	99	C7	24	59	A2	C7	27	20	BC	C7	00	00	00	00	00	00	00	00	00	00	00	00	00	00	00	00	00	00	00	00
4.989	3D DATA	true	-	-	-	-	-77354.7	-81228.1	-78506.3	-83122.3	-96320.3	-77354.7	-81228.1	-78506.3	-83122.3	-96320.3	-	-	-	-	-
4.989	3D MESSAGE	48	00	3D	91	20	59	E4	8C	7C	15	72	3C	56	15	97	C7	F9	A5	9E	C7	38	55	99	C7	1E	59	A2	C7	FF	1F	BC	C7	56	15	97	C7	F9	A5	9E	C7	38	55	99	C7	1E	59	A2	C7	FF	1F	BC	C7	00	00	00	00	00	00	00	00	00	00	00	00	00	00	00	00	00	00	00	00
4.989	3D DATA	true	-	-	-	-	-77354.7	-81227.9	-78506.4	-83122.2	-96320.0	-77354.7	-81227.9	-78506.4	-83122.2	-96320.0	-	-	-	-	-
4.990	3D MESSAGE	48	00	3E	91	20	59	E5	8C	7C	15	72	3C	52	15	97	C7	DB	A5	9E	C7	41	55	99	C7	1E	59	A2	C7	DA	1F	BC	C7	52	15	97	C7	DB	A5	9E	C7	41	55	99	C7	1E	59	A2	C7	DA	1F	BC	C7	00	00	00	00	00	00	00	00	00	00	00	00	00	00	00	00	00	00	00	00
4.990	3D DATA	true	-	-	-	-	-77354.6	-81227.7	-78506.5	-83122.2	-96319.7	-77354.6	-81227.7	-78506.5	-83122.2	-96319.7	-	-	-	-	-
5.016	3D MESSAGE	48	00	3F	91	20	59	E6	8C	7C	15	72	3C	53	15	97	C7	B6	A5	9E	C7	48	55	99	C7	24	59	A2	C7	B8	1F	BC	C7	53	15	97	C7	B6	A5	9E	C7	48	55	99	C7	24	59	A2	C7	B8	1F	BC	C7	00	00	00	00	00	00	00	00	00	00	00	00	00	00	00	00	00	00	00	00
5.016	3D DATA	true	-	-	-	-	-77354.6	-81227.4	-78506.6	-83122.3	-96319.4	-77354.6	-81227.4	-78506.6	-83122.3	-96319.4	-	-	-	-	-
5.016	3D MESSAGE	48	00	40	91	20	59	E7	8C	7C	15	72	3C	58	15	97	C7	8D	A5	9E	C7	4D	55	99	C7	2D	59	A2	C7	9D	1F	BC	C7	58	15	97	C7	8D	A5	9E	C7	4D	55	99	C7	2D	59	A2	C7	9D	1F	BC	C7	00	00	00	00	00	00	00	00	00	00	00	00	00	00	00	00	00	00	00	00
5.016	3D DATA	true	-	-	-	-	-77354.7	-81227.1	-78506.6	-83122.4	-96319.2	-77354.7	-81227.1	-78506.6	-83122.4	-96319.2	-	-	-	-	-
5.016	3D MESSAGE	48	00	41	91	20	59	E8	8C	7C	15	72	3C	60	15	97	C7	66	A5	9E	C7	52	55	99	C7	38	59	A2	C7	86	1F	BC	C7	60	15	97	C7	66	A5	9E	C7	52	55	99	C7	38	59	A2	C7	86	1F	BC	C7	00	00	00	00	00	00	00	00	00	00	00	00	00	00	00	00	00	00	00	00
5.016	3D DATA	true	-	-	-	-	-77354.8	-81226.8	-78506.6	-83122.4	-96319.0	-77354.8	-81226.8	-78506.6	-83122.4	-96319.0	-	-	-	-	-
5.017	3D MESSAGE	48	00	42	91	20	59	E9	8C	7C	15	72	3C	68	15	97	C7	43	A5	9E	C7	56	55	99	C7	45	59	A2	C7	73	1F	BC	C7	68	15	97	C7	43	A5	9E	C7	56	55	99	C7	45	59	A2	C7	73	1F	BC	C7	00	00	00	00	00	00	00	00	00	00	00	00	00	00	00	00	00	00	00	00
5.017	3D DATA	true	-	-	-	-	-77354.8	-81226.5	-78506.7	-83122.5	-96318.9	-77354.8	-81226.5	-78506.7	-83122.5	-96318.9	-	-	-	-	-
5.017	3D MESSAGE	48	00	43	91	20	59	EA	8C	7C	15	72	3C	6C	15	97	C7	28	A5	9E	C7	5A	55	99	C7	50	59	A2	C7	62	1F	BC	C7	6C	15	97	C7	28	A5	9E	C7	5A	55	99	C7	50	59	A2	C7	62	1F	BC	C7	00	00	00	00	00	00	00	00	00	00	00	00	00	00	00	00	00	00	00	00
5.017	3D DATA	true	-	-	-	-	-77354.8	-81226.3	-78506.7	-83122.6	-96318.8	-77354.8	-81226.3	-78506.7	-83122.6	-96318.8	-	-	-	-	-
5.046	3D MESSAGE	48	00	44	91	20	59	EB	8C	7C	15	72	3C	6C	15	97	C7	15	A5	9E	C7	5B	55	99	C7	58	59	A2	C7	52	1F	BC	C7	6C	15	97	C7	15	A5	9E	C7	5B	55	99	C7	58	59	A2	C7	52	1F	BC	C7	00	00	00	00	00	00	00	00	00	00	00	00	00	00	00	00	00	00	00	00
5.046	3D DATA	true	-	-	-	-	-77354.8	-81226.2	-78506.7	-83122.7	-96318.6	-77354.8	-81226.2	-78506.7	-83122.7	-96318.6	-	-	-	-	-
5.047	3D MESSAGE	48	00	45	91	20	59	EC	8C	7C	15	72	3C	64	15	97	C7	09	A5	9E	C7	59	55	99	C7	59	59	A2	C7	43	1F	BC	C7	64	15	97	C7	09	A5	9E	C7	59	55	99	C7	59	59	A2	C7	43	1F	BC	C7	00	00	00	00	00	00	00	00	00	00	00	00	00	00	00	00	00	00	00	00
5.047	3D DATA	true	-	-	-	-	-77354.8	-81226.1	-78506.7	-83122.7	-96318.5	-77354.8	-81226.1	-78506.7	-83122.7	-96318.5	-	-	-	-	-
5.047	3D MESSAGE	48	00	46	91	20	59	ED	8C	7C	15	72	3C	54	15	97	C7	01	A5	9E	C7	54	55	99	C7	53	59	A2	C7	35	1F	BC	C7	54	15	97	C7	01	A5	9E	C7	54	55	99	C7	53	59	A2	C7	35	1F	BC	C7	00	00	00	00	00	00	00	00	00	00	00	00	00	00	00	00	00	00	00	00
5.047	3D DATA	true	-	-	-	-	-77354.7	-81226.0	-78506.7	-83122.6	-96318.4	-77354.7	-81226.0	-78506.7	-83122.6	-96318.4	-	-	-	-	-
5.049	3D MESSAGE	48	00	47	91	20	59	EE	8C	7C	15	72	3C	3E	15	97	C7	FA	A4	9E	C7	4B	55	99	C7	47	59	A2	C7	28	1F	BC	C7	3E	15	97	C7	FA	A4	9E	C7	4B	55	99	C7	47	59	A2	C7	28	1F	BC	C7	00	00	00	00	00	00	00	00	00	00	00	00	00	00	00	00	00	00	00	00
5.049	3D DATA	true	-	-	-	-	-77354.5	-81226.0	-78506.6	-83122.6	-96318.3	-77354.5	-81226.0	-78506.6	-83122.6	-96318.3	-	-	-	-	-
5.049	3D MESSAGE	48	00	48	91	20	59	EF	8C	7C	15	72	3C	21	15	97	C7	F1	A4	9E	C7	3F	55	99	C7	36	59	A2	C7	1C	1F	BC	C7	21	15	97	C7	F1	A4	9E	C7	3F	55	99	C7	36	59	A2	C7	1C	1F	BC	C7	00	00	00	00	00	00	00	00	00	00	00	00	00	00	00	00	00	00	00	00
5.049	3D DATA	true	-	-	-	-	-77354.3	-81225.9	-78506.5	-83122.4	-96318.2	-77354.3	-81225.9	-78506.5	-83122.4	-96318.2	-	-	-	-	-
5.049	3D MESSAGE	48	00	49	91	20	59	F0	8C	7C	15	72	3C	FF	14	97	C7	E4	A4	9E	C7	30	55	99	C7	22	59	A2	C7	0E	1F	BC	C7	FF	14	97	C7	E4	A4	9E	C7	30	55	99	C7	22	59	A2	C7	0E	1F	BC	C7	00	00	00	00	00	00	00	00	00	00	00	00	00	00	00	00	00	00	00	00
5.049	3D DATA	true	-	-	-	-	-77354.0	-81225.8	-78506.4	-83122.3	-96318.1	-77354.0	-81225.8	-78506.4	-83122.3	-96318.1	-	-	-	-	-
5.050	3D MESSAGE	48	00	4A	91	20	59	F1	8C	7C	15	72	3C	DA	14	97	C7	D4	A4	9E	C7	1F	55	99	C7	0E	59	A2	C7	FD	1E	BC	C7	DA	14	97	C7	D4	A4	9E	C7	1F	55	99	C7	0E	59	A2	C7	FD	1E	BC	C7	00	00	00	00	00	00	00	00	00	00	00	00	00	00	00	00	00	00	00	00
5.050	3D DATA	true	-	-	-	-	-77353.7	-81225.7	-78506.2	-83122.1	-96318.0	-77353.7	-81225.7	-78506.2	-83122.1	-96318.0	-	-	-	-	-
5.079	3D MESSAGE	48	00	4B	91	20	59	F2	8C	7C	15	72	3C	B4	14	97	C7	C2	A4	9E	C7	08	55	99	C7	FC	58	A2	C7	E6	1E	BC	C7	B4	14	97	C7	C2	A4	9E	C7	08	55	99	C7	FC	58	A2	C7	E6	1E	BC	C7	00	00	00	00	00	00	00	00	00	00	00	00	00	00	00	00	00	00	00	00
5.079	3D DATA	true	-	-	-	-	-77353.4	-81225.5	-78506.1	-83122.0	-96317.8	-77353.4	-81225.5	-78506.1	-83122.0	-96317.8	-	-	-	-	-
5.079	3D MESSAGE	48	00	4C	91	20	59	F3	8C	7C	15	72	3C	90	14	97	C7	AE	A4	9E	C7	EA	54	99	C7	EE	58	A2	C7	C8	1E	BC	C7	90	14	97	C7	AE	A4	9E	C7	EA	54	99	C7	EE	58	A2	C7	C8	1E	BC	C7	00	00	00	00	00	00	00	00	00	00	00	00	00	00	00	00	00	00	00	00
5.079	3D DATA	true	-	-	-	-	-77353.1	-81225.4	-78505.8	-83121.9	-96317.6	-77353.1	-81225.4	-78505.8	-83121.9	-96317.6	-	-	-	-	-
5.079	3D MESSAGE	48	00	4D	91	20	59	F4	8C	72	93	87	3C	71	14	97	C7	9D	A4	9E	C7	C5	54	99	C7	E2	58	A2	C7	A5	1E	BC	C7	71	14	97	C7	9D	A4	9E	C7	C5	54	99	C7	E2	58	A2	C7	A5	1E	BC	C7	00	00	00	00	00	00	00	00	00	00	00	00	00	00	00	00	00	00	00	00
5.079	3D DATA	true	-	-	-	-	-77352.9	-81225.2	-78505.5	-83121.8	-96317.3	-77352.9	-81225.2	-78505.5	-83121.8	-96317.3	-	-	-	-	-
5.080	3D MESSAGE	48	00	4E	91	20	59	F5	8C	72	93	87	3C	5A	14	97	C7	91	A4	9E	C7	9A	54	99	C7	D8	58	A2	C7	82	1E	BC	C7	5A	14	97	C7	91	A4	9E	C7	9A	54	99	C7	D8	58	A2	C7	82	1E	BC	C7	00	00	00	00	00	00	00	00	00	00	00	00	00	00	00	00	00	00	00	00
5.080	3D DATA	true	-	-	-	-	-77352.7	-81225.1	-78505.2	-83121.7	-96317.0	-77352.7	-81225.1	-78505.2	-83121.7	-96317.0	-	-	-	-	-
5.080	3D MESSAGE	48	00	4F	91	20	59	F6	8C	72	93	87	3C	4C	14	97	C7	8B	A4	9E	C7	6D	54	99	C7	CF	58	A2	C7	66	1E	BC	C7	4C	14	97	C7	8B	A4	9E	C7	6D	54	99	C7	CF	58	A2	C7	66	1E	BC	C7	00	00	00	00	00	00	00	00	00	00	00	00	00	00	00	00	00	00	00	00
5.080	3D DATA	true	-	-	-	-	-77352.6	-81225.1	-78504.9	-83121.6	-96316.8	-77352.6	-81225.1	-78504.9	-83121.6	-96316.8	-	-	-	-	-
5.080	3D MESSAGE	48	00	50	91	20	59	F7	8C	72	93	87	3C	4B	14	97	C7	8C	A4	9E	C7	44	54	99	C7	C8	58	A2	C7	59	1E	BC	C7	4B	14	97	C7	8C	A4	9E	C7	44	54	99	C7	C8	58	A2	C7	59	1E	BC	C7	00	00	00	00	00	00	00	00	00	00	00	00	00	00	00	00	00	00	00	00
5.080	3D DATA	true	-	-	-	-	-77352.6	-81225.1	-78504.5	-83121.6	-96316.7	-77352.6	-81225.1	-78504.5	-83121.6	-96316.7	-	-	-	-	-
5.109	3D MESSAGE	48	00	51	91	20	59	F8	8C	72	93	87	3C	54	14	97	C7	95	A4	9E	C7	26	54	99	C7	C3	58	A2	C7	5F	1E	BC	C7	54	14	97	C7	95	A4	9E	C7	26	54	99	C7	C3	58	A2	C7	5F	1E	BC	C7	00	00	00	00	00	00	00	00	00	00	00	00	00	00	00	00	00	00	00	00
5.109	3D DATA	true	-	-	-	-	-77352.7	-81225.2	-78504.3	-83121.5	-96316.7	-77352.7	-81225.2	-78504.3	-83121.5	-96316.7	-	-	-	-	-
5.110	3D MESSAGE	48	00	52	91	20	59	F9	8C	72	93	87	3C	68	14	97	C7	A4	A4	9E	C7	17	54	99	C7	C2	58	A2	C7	7D	1E	BC	C7	68	14	97	C7	A4	A4	9E	C7	17	54	99	C7	C2	58	A2	C7	7D	1E	BC	C7	00	00	00	00	00	00	00	00	00	00	00	00	00	00	00	00	00	00	00	00
5.110	3D DATA	true	-	-	-	-	-77352.8	-81225.3	-78504.2	-83121.5	-96317.0	-77352.8	-81225.3	-78504.2	-83121.5	-96317.0	-	-	-	-	-
5.110	3D MESSAGE	48	00	53	91	20	59	FA	8C	72	93	87	3C	82	14	97	C7	BA	A4	9E	C7	1A	54	99	C7	C3	58	A2	C7	AE	1E	BC	C7	82	14	97	C7	BA	A4	9E	C7	1A	54	99	C7	C3	58	A2	C7	AE	1E	BC	C7	00	00	00	00	00	00	00	00	00	00	00	00	00	00	00	00	00	00	00	00
5.110	3D DATA	true	-	-	-	-	-77353.0	-81225.5	-78504.2	-83121.5	-96317.4	-77353.0	-81225.5	-78504.2	-83121.5	-96317.4	-	-	-	-	-
5.110	3D MESSAGE	48	00	54	91	20	59	FB	8C	72	93	87	3C	9E	14	97	C7	D4	A4	9E	C7	2C	54	99	C7	C8	58	A2	C7	EE	1E	BC	C7	9E	14	97	C7	D4	A4	9E	C7	2C	54	99	C7	C8	58	A2	C7	EE	1E	BC	C7	00	00	00	00	00	00	00	00	00	00	00	00	00	00	00	00	00	00	00	00
5.110	3D DATA	true	-	-	-	-	-77353.2	-81225.7	-78504.3	-83121.6	-96317.9	-77353.2	-81225.7	-78504.3	-83121.6	-96317.9	-	-	-	-	-
5.111	3D MESSAGE	48	00	55	91	20	59	FC	8C	72	93	87	3C	B9	14	97	C7	F3	A4	9E	C7	4A	54	99	C7	CE	58	A2	C7	33	1F	BC	C7	B9	14	97	C7	F3	A4	9E	C7	4A	54	99	C7	CE	58	A2	C7	33	1F	BC	C7	00	00	00	00	00	00	00	00	00	00	00	00	00	00	00	00	00	00	00	00
5.111	3D DATA	true	-	-	-	-	-77353.4	-81225.9	-78504.6	-83121.6	-96318.4	-77353.4	-81225.9	-78504.6	-83121.6	-96318.4	-	-	-	-	-
5.111	3D MESSAGE	48	00	56	91	20	59	FD	8C	72	93	87	3C	D2	14	97	C7	16	A5	9E	C7	6C	54	99	C7	D5	58	A2	C7	72	1F	BC	C7	D2	14	97	C7	16	A5	9E	C7	6C	54	99	C7	D5	58	A2	C7	72	1F	BC	C7	00	00	00	00	00	00	00	00	00	00	00	00	00	00	00	00	00	00	00	00
5.111	3D DATA	true	-	-	-	-	-77353.6	-81226.2	-78504.8	-83121.7	-96318.9	-77353.6	-81226.2	-78504.8	-83121.7	-96318.9	-	-	-	-	-
5.142	3D MESSAGE	48	00	57	91	20	59	FE	8C	72	93	87	3C	E6	14	97	C7	3B	A5	9E	C7	8D	54	99	C7	DD	58	A2	C7	A3	1F	BC	C7	E6	14	97	C7	3B	A5	9E	C7	8D	54	99	C7	DD	58	A2	C7	A3	1F	BC	C7	00	00	00	00	00	00	00	00	00	00	00	00	00	00	00	00	00	00	00	00
5.142	3D DATA	true	-	-	-	-	-77353.8	-81226.5	-78505.1	-83121.7	-96319.3	-77353.8	-81226.5	-78505.1	-83121.7	-96319.3	-	-	-	-	-
5.142	3D MESSAGE	48	00	58	91	20	59	FF	8C	72	93	87	3C	F6	14	97	C7	62	A5	9E	C7	A8	54	99	C7	E4	58	A2	C7	C5	1F	BC	C7	F6	14	97	C7	62	A5	9E	C7	A8	54	99	C7	E4	58	A2	C7	C5	1F	BC	C7	00	00	00	00	00	00	00	00	00	00	00	00	00	00	00	00	00	00	00	00
5.142	3D DATA	true	-	-	-	-	-77353.9	-81226.8	-78505.3	-83121.8	-96319.5	-77353.9	-81226.8	-78505.3	-83121.8	-96319.5	-	-	-	-	-
5.142	3D MESSAGE	48	00	59	91	20	59	00	8C	72	93	87	3C	04	15	97	C7	88	A5	9E	C7	BD	54	99	C7	EA	58	A2	C7	D7	1F	BC	C7	04	15	97	C7	88	A5	9E	C7	BD	54	99	C7	EA	58	A2	C7	D7	1F	BC	C7	00	00	00	00	00	00	00	00	00	00	00	00	00	00	00	00	00	00	00	00
5.143	3D DATA	true	-	-	-	-	-77354.0	-81227.1	-78505.5	-83121.8	-96319.7	-77354.0	-81227.1	-78505.5	-83121.8	-96319.7	-	-	-	-	-
5.143	3D MESSAGE	48	00	5A	91	20	59	01	8C	72	93	87	3C	12	15	97	C7	AA	A5	9E	C7	CC	54	99	C7	EF	58	A2	C7	DE	1F	BC	C7	12	15	97	C7	AA	A5	9E	C7	CC	54	99	C7	EF	58	A2	C7	DE	1F	BC	C7	00	00	00	00	00	00	00	00	00	00	00	00	00	00	00	00	00	00	00	00
5.143	3D DATA	true	-	-	-	-	-77354.1	-81227.3	-78505.6	-83121.9	-96319.7	-77354.1	-81227.3	-78505.6	-83121.9	-96319.7	-	-	-	-	-
5.143	3D MESSAGE	48	00	5B	91	20	59	02	8C	72	93	87	3C	20	15	97	C7	C6	A5	9E	C7	D5	54	99	C7	F5	58	A2	C7	E0	1F	BC	C7	20	15	97	C7	C6	A5	9E	C7	D5	54	99	C7	F5	58	A2	C7	E0	1F	BC	C7	00	00	00	00	00	00	00	00	00	00	00	00	00	00	00	00	00	00	00	00
5.143	3D DATA	true	-	-	-	-	-77354.2	-81227.5	-78505.7	-83121.9	-96319.8	-77354.2	-81227.5	-78505.7	-83121.9	-96319.8	-	-	-	-	-
5.143	3D MESSAGE	48	00	5C	91	20	59	03	8C	72	93	87	3C	30	15	97	C7	DA	A5	9E	C7	DB	54	99	C7	FA	58	A2	C7	E0	1F	BC	C7	30	15	97	C7	DA	A5	9E	C7	DB	54	99	C7	FA	58	A2	C7	E0	1F	BC	C7	00	00	00	00	00	00	00	00	00	00	00	00	00	00	00	00	00	00	00	00
5.143	3D DATA	true	-	-	-	-	-77354.4	-81227.7	-78505.7	-83122.0	-96319.8	-77354.4	-81227.7	-78505.7	-83122.0	-96319.8	-	-	-	-	-
5.173	3D MESSAGE	48	00	5D	91	20	59	04	8C	72	93	87	3C	3E	15	97	C7	E3	A5	9E	C7	DF	54	99	C7	FD	58	A2	C7	E0	1F	BC	C7	3E	15	97	C7	E3	A5	9E	C7	DF	54	99	C7	FD	58	A2	C7	E0	1F	BC	C7	00	00	00	00	00	00	00	00	00	00	00	00	00	00	00	00	00	00	00	00
5.173	3D DATA	true	-	-	-	-	-77354.5	-81227.8	-78505.7	-83122.0	-96319.8	-77354.5	-81227.8	-78505.7	-83122.0	-96319.8	-	-	-	-	-
5.173	3D MESSAGE	48	00	5E	91	20	59	05	8C	72	93	87	3C	4A	15	97	C7	E2	A5	9E	C7	E2	54	99	C7	FE	58	A2	C7	DE	1F	BC	C7	4A	15	97	C7	E2	A5	9E	C7	E2	54	99	C7	FE	58	A2	C7	DE	1F	BC	C7	00	00	00	00	00	00	00	00	00	00	00	00	00	00	00	00	00	00	00	00
5.173	3D DATA	true	-	-	-	-	-77354.6	-81227.8	-78505.8	-83122.0	-96319.7	-77354.6	-81227.8	-78505.8	-83122.0	-96319.7	-	-	-	-	-
5.174	3D MESSAGE	48	00	5F	91	20	59	06	8C	72	93	87	3C	51	15	97	C7	D7	A5	9E	C7	E2	54	99	C7	FC	58	A2	C7	D5	1F	BC	C7	51	15	97	C7	D7	A5	9E	C7	E2	54	99	C7	FC	58	A2	C7	D5	1F	BC	C7	00	00	00	00	00	00	00	00	00	00	00	00	00	00	00	00	00	00	00	00
5.174	3D DATA	true	-	-	-	-	-77354.6	-81227.7	-78505.8	-83122.0	-96319.7	-77354.6	-81227.7	-78505.8	-83122.0	-96319.7	-	-	-	-	-
5.174	3D MESSAGE	48	00	60	91	20	59	07	8C	72	93	87	3C	50	15	97	C7	C6	A5	9E	C7	E0	54	99	C7	F8	58	A2	C7	C0	1F	BC	C7	50	15	97	C7	C6	A5	9E	C7	E0	54	99	C7	F8	58	A2	C7	C0	1F	BC	C7	00	00	00	00	00	00	00	00	00	00	00	00	00	00	00	00	00	00	00	00
5.174	3D DATA	true	-	-	-	-	-77354.6	-81227.5	-78505.8	-83121.9	-96319.5	-77354.6	-81227.5	-78505.8	-83121.9	-96319.5	-	-	-	-	-
5.174	3D MESSAGE	48	00	61	91	20	59	08	8C	72	93	87	3C	45	15	97	C7	B2	A5	9E	C7	D8	54	99	C7	F1	58	A2	C7	9E	1F	BC	C7	45	15	97	C7	B2	A5	9E	C7	D8	54	99	C7	F1	58	A2	C7	9E	1F	BC	C7	00	00	00	00	00	00	00	00	00	00	00	00	00	00	00	00	00	00	00	00
5.174	3D DATA	true	-	-	-	-	-77354.5	-81227.4	-78505.7	-83121.9	-96319.2	-77354.5	-81227.4	-78505.7	-83121.9	-96319.2	-	-	-	-	-
5.174	3D MESSAGE	48	00	62	91	20	59	09	8C	72	93	87	3C	31	15	97	C7	9E	A5	9E	C7	CB	54	99	C7	EA	58	A2	C7	6E	1F	BC	C7	31	15	97	C7	9E	A5	9E	C7	CB	54	99	C7	EA	58	A2	C7	6E	1F	BC	C7	00	00	00	00	00	00	00	00	00	00	00	00	00	00	00	00	00	00	00	00
5.174	3D DATA	true	-	-	-	-	-77354.4	-81227.2	-78505.6	-83121.8	-96318.9	-77354.4	-81227.2	-78505.6	-83121.8	-96318.9	-	-	-	-	-
5.175	3D MESSAGE	48	00	63	91	20	59	0A	8C	72	93	87	3C	17	15	97	C7	8D	A5	9E	C7	B9	54	99	C7	E5	58	A2	C7	35	1F	BC	C7	17	15	97	C7	8D	A5	9E	C7	B9	54	99	C7	E5	58	A2	C7	35	1F	BC	C7	00	00	00	00	00	00	00	00	00	00	00	00	00	00	00	00	00	00	00	00
5.175	3D DATA	true	-	-	-	-	-77354.2	-81227.1	-78505.4	-83121.8	-96318.4	-77354.2	-81227.1	-78505.4	-83121.8	-96318.4	-	-	-	-	-
5.203	3D MESSAGE	48	00	64	91	20	59	0B	8C	72	93	87	3C	FA	14	97	C7	82	A5	9E	C7	A4	54	99	C7	E2	58	A2	C7	F8	1E	BC	C7	FA	14	97	C7	82	A5	9E	C7	A4	54	99	C7	E2	58	A2	C7	F8	1E	BC	C7	00	00	00	00	00	00	00	00	00	00	00	00	00	00	00	00	00	00	00	00
5.203	3D DATA	true	-	-	-	-	-77354.0	-81227.0	-78505.3	-83121.8	-96317.9	-77354.0	-81227.0	-78505.3	-83121.8	-96317.9	-	-	-	-	-
5.203	3D MESSAGE	48	00	65	91	20	59	0C	8C	72	93	87	3C	DE	14	97	C7	7E	A5	9E	C7	8E	54	99	C7	E2	58	A2	C7	BE	1E	BC	C7	DE	14	97	C7	7E	A5	9E	C7	8E	54	99	C7	E2	58	A2	C7	BE	1E	BC	C7	00	00	00	00	00	00	00	00	00	00	00	00	00	00	00	00	00	00	00	00
5.203	3D DATA	true	-	-	-	-	-77353.7	-81227.0	-78505.1	-83121.8	-96317.5	-77353.7	-81227.0	-78505.1	-83121.8	-96317.5	-	-	-	-	-
5.203	3D MESSAGE	48	00	66	91	20	59	0D	8C	72	93	87	3C	C6	14	97	C7	80	A5	9E	C7	7B	54	99	C7	E2	58	A2	C7	8D	1E	BC	C7	C6	14	97	C7	80	A5	9E	C7	7B	54	99	C7	E2	58	A2	C7	8D	1E	BC	C7	00	00	00	00	00	00	00	00	00	00	00	00	00	00	00	00	00	00	00	00
5.203	3D DATA	true	-	-	-	-	-77353.5	-81227.0	-78505.0	-83121.8	-96317.1	-77353.5	-81227.0	-78505.0	-83121.8	-96317.1	-	-	-	-	-
5.204	3D MESSAGE	48	00	67	91	20	59	0E	8C	72	93	87	3C	B3	14	97	C7	84	A5	9E	C7	6E	54	99	C7	E2	58	A2	C7	6A	1E	BC	C7	B3	14	97	C7	84	A5	9E	C7	6E	54	99	C7	E2	58	A2	C7	6A	1E	BC	C7	00	00	00	00	00	00	00	00	00	00	00	00	00	00	00	00	00	00	00	00
5.204	3D DATA	true	-	-	-	-	-77353.4	-81227.0	-78504.9	-83121.8	-96316.8	-77353.4	-81227.0	-78504.9	-83121.8	-96316.8	-	-	-	-	-
5.204	3D MESSAGE	48	00	68	91	20	59	0F	8C	72	93	87	3C	A6	14	97	C7	8A	A5	9E	C7	68	54	99	C7	E0	58	A2	C7	56	1E	BC	C7	A6	14	97	C7	8A	A5	9E	C7	68	54	99	C7	E0	58	A2	C7	56	1E	BC	C7	00	00	00	00	00	00	00	00	00	00	00	00	00	00	00	00	00	00	00	00
5.204	3D DATA	true	-	-	-	-	-77353.3	-81227.1	-78504.8	-83121.8	-96316.7	-77353.3	-81227.1	-78504.8	-83121.8	-96316.7	-	-	-	-	-
5.235	3D MESSAGE	48	00	69	91	20	59	10	8C	72	93	87	3C	9C	14	97	C7	8D	A5	9E	C7	6C	54	99	C7	DC	58	A2	C7	53	1E	BC	C7	9C	14	97	C7	8D	A5	9E	C7	6C	54	99	C7	DC	58	A2	C7	53	1E	BC	C7	00	00	00	00	00	00	00	00	00	00	00	00	00	00	00	00	00	00	00	00
5.235	3D DATA	true	-	-	-	-	-77353.2	-81227.1	-78504.8	-83121.7	-96316.6	-77353.2	-81227.1	-78504.8	-83121.7	-96316.6	-	-	-	-	-
5.236	3D MESSAGE	48	00	6A	91	20	59	11	8C	72	93	87	3C	97	14	97	C7	8C	A5	9E	C7	78	54	99	C7	D7	58	A2	C7	60	1E	BC	C7	97	14	97	C7	8C	A5	9E	C7	78	54	99	C7	D7	58	A2	C7	60	1E	BC	C7	00	00	00	00	00	00	00	00	00	00	00	00	00	00	00	00	00	00	00	00
5.236	3D DATA	true	-	-	-	-	-77353.2	-81227.1	-78504.9	-83121.7	-96316.8	-77353.2	-81227.1	-78504.9	-83121.7	-96316.8	-	-	-	-	-
5.236	3D MESSAGE	48	00	6B	91	20	59	12	8C	72	93	87	3C	96	14	97	C7	86	A5	9E	C7	8B	54	99	C7	D3	58	A2	C7	79	1E	BC	C7	96	14	97	C7	86	A5	9E	C7	8B	54	99	C7	D3	58	A2	C7	79	1E	BC	C7	00	00	00	00	00	00	00	00	00	00	00	00	00	00	00	00	00	00	00	00
5.236	3D DATA	true	-	-	-	-	-77353.2	-81227.0	-78505.1	-83121.6	-96316.9	-77353.2	-81227.0	-78505.1	-83121.6	-96316.9	-	-	-	-	-
5.236	3D MESSAGE	48	00	6C	91	20	59	13	8C	72	93	87	3C	9A	14	97	C7	7C	A5	9E	C7	A2	54	99	C7	D2	58	A2	C7	99	1E	BC	C7	9A	14	97	C7	7C	A5	9E	C7	A2	54	99	C7	D2	58	A2	C7	99	1E	BC	C7	00	00	00	00	00	00	00	00	00	00	00	00	00	00	00	00	00	00	00	00
5.236	3D DATA	true	-	-	-	-	-77353.2	-81227.0	-78505.3	-83121.6	-96317.2	-77353.2	-81227.0	-78505.3	-83121.6	-96317.2	-	-	-	-	-
5.236	3D MESSAGE	48	00	6D	91	20	59	14	8C	72	93	87	3C	A3	14	97	C7	6F	A5	9E	C7	B9	54	99	C7	D3	58	A2	C7	BB	1E	BC	C7	A3	14	97	C7	6F	A5	9E	C7	B9	54	99	C7	D3	58	A2	C7	BB	1E	BC	C7	00	00	00	00	00	00	00	00	00	00	00	00	00	00	00	00	00	00	00	00
5.236	3D DATA	true	-	-	-	-	-77353.3	-81226.9	-78505.4	-83121.6	-96317.5	-77353.3	-81226.9	-78505.4	-83121.6	-96317.5	-	-	-	-	-
5.237	3D MESSAGE	48	00	6E	91	20	59	15	8C	72	93	87	3C	B2	14	97	C7	61	A5	9E	C7	CF	54	99	C7	D4	58	A2	C7	D8	1E	BC	C7	B2	14	97	C7	61	A5	9E	C7	CF	54	99	C7	D4	58	A2	C7	D8	1E	BC	C7	00	00	00	00	00	00	00	00	00	00	00	00	00	00	00	00	00	00	00	00
5.237	3D DATA	true	-	-	-	-	-77353.4	-81226.8	-78505.6	-83121.7	-96317.7	-77353.4	-81226.8	-78505.6	-83121.7	-96317.7	-	-	-	-	-
5.237	3D MESSAGE	48	00	6F	91	20	59	16	8C	72	93	87	3C	C5	14	97	C7	55	A5	9E	C7	E2	54	99	C7	D6	58	A2	C7	EE	1E	BC	C7	C5	14	97	C7	55	A5	9E	C7	E2	54	99	C7	D6	58	A2	C7	EE	1E	BC	C7	00	00	00	00	00	00	00	00	00	00	00	00	00	00	00	00	00	00	00	00
5.237	3D DATA	true	-	-	-	-	-77353.5	-81226.7	-78505.8	-83121.7	-96317.9	-77353.5	-81226.7	-78505.8	-83121.7	-96317.9	-	-	-	-	-
5.266	3D MESSAGE	48	00	70	91	20	59	17	8C	72	93	87	3C	DB	14	97	C7	4E	A5	9E	C7	F1	54	99	C7	D5	58	A2	C7	FB	1E	BC	C7	DB	14	97	C7	4E	A5	9E	C7	F1	54	99	C7	D5	58	A2	C7	FB	1E	BC	C7	00	00	00	00	00	00	00	00	00	00	00	00	00	00	00	00	00	00	00	00
5.266	3D DATA	true	-	-	-	-	-77353.7	-81226.6	-78505.9	-83121.7	-96318.0	-77353.7	-81226.6	-78505.9	-83121.7	-96318.0	-	-	-	-	-
5.267	3D MESSAGE	48	00	71	91	20	59	18	8C	72	93	87	3C	F4	14	97	C7	4D	A5	9E	C7	FC	54	99	C7	D4	58	A2	C7	02	1F	BC	C7	F4	14	97	C7	4D	A5	9E	C7	FC	54	99	C7	D4	58	A2	C7	02	1F	BC	C7	00	00	00	00	00	00	00	00	00	00	00	00	00	00	00	00	00	00	00	00
5.267	3D DATA	true	-	-	-	-	-77353.9	-81226.6	-78506.0	-83121.7	-96318.0	-77353.9	-81226.6	-78506.0	-83121.7	-96318.0	-	-	-	-	-
5.267	3D MESSAGE	48	00	72	91	20	59	19	8C	72	93	87	3C	0C	15	97	C7	53	A5	9E	C7	03	55	99	C7	D6	58	A2	C7	08	1F	BC	C7	0C	15	97	C7	53	A5	9E	C7	03	55	99	C7	D6	58	A2	C7	08	1F	BC	C7	00	00	00	00	00	00	00	00	00	00	00	00	00	00	00	00	00	00	00	00
5.267	3D DATA	true	-	-	-	-	-77354.1	-81226.6	-78506.0	-83121.7	-96318.1	-77354.1	-81226.6	-78506.0	-83121.7	-96318.1	-	-	-	-	-
5.267	3D MESSAGE	48	00	73	91	20	59	1A	8C	72	93	87	3C	24	15	97	C7	60	A5	9E	C7	06	55	99	C7	DE	58	A2	C7	11	1F	BC	C7	24	15	97	C7	60	A5	9E	C7	06	55	99	C7	DE	58	A2	C7	11	1F	BC	C7	00	00	00	00	00	00	00	00	00	00	00	00	00	00	00	00	00	00	00	00
5.267	3D DATA	true	-	-	-	-	-77354.3	-81226.8	-78506.0	-83121.7	-96318.1	-77354.3	-81226.8	-78506.0	-83121.7	-96318.1	-	-	-	-	-
5.267	3D MESSAGE	48	00	74	91	20	59	1B	8C	72	93	87	3C	3A	15	97	C7	71	A5	9E	C7	05	55	99	C7	EE	58	A2	C7	1D	1F	BC	C7	3A	15	97	C7	71	A5	9E	C7	05	55	99	C7	EE	58	A2	C7	1D	1F	BC	C7	00	00	00	00	00	00	00	00	00	00	00	00	00	00	00	00	00	00	00	00
5.267	3D DATA	true	-	-	-	-	-77354.5	-81226.9	-78506.0	-83121.9	-96318.2	-77354.5	-81226.9	-78506.0	-83121.9	-96318.2	-	-	-	-	-
5.268	3D MESSAGE	48	00	75	91	20	59	1C	8C	24	1C	77	3C	4C	15	97	C7	84	A5	9E	C7	FF	54	99	C7	04	59	A2	C7	29	1F	BC	C7	4C	15	97	C7	84	A5	9E	C7	FF	54	99	C7	04	59	A2	C7	29	1F	BC	C7	00	00	00	00	00	00	00	00	00	00	00	00	00	00	00	00	00	00	00	00
5.268	3D DATA	true	-	-	-	-	-77354.6	-81227.0	-78506.0	-83122.0	-96318.3	-77354.6	-81227.0	-78506.0	-83122.0	-96318.3	-	-	-	-	-
5.296	3D MESSAGE	48	00	76	91	20	59	1D	8C	24	1C	77	3C	59	15	97	C7	94	A5	9E	C7	F5	54	99	C7	1E	59	A2	C7	2F	1F	BC	C7	59	15	97	C7	94	A5	9E	C7	F5	54	99	C7	1E	59	A2	C7	2F	1F	BC	C7	00	00	00	00	00	00	00	00	00	00	00	00	00	00	00	00	00	00	00	00
5.296	3D DATA	true	-	-	-	-	-77354.7	-81227.2	-78505.9	-83122.2	-96318.4	-77354.7	-81227.2	-78505.9	-83122.2	-96318.4	-	-	-	-	-
5.296	3D MESSAGE	48	00	77	91	20	59	1E	8C	24	1C	77	3C	60	15	97	C7	9D	A5	9E	C7	E7	54	99	C7	36	59	A2	C7	28	1F	BC	C7	60	15	97	C7	9D	A5	9E	C7	E7	54	99	C7	36	59	A2	C7	28	1F	BC	C7	00	00	00	00	00	00	00	00	00	00	00	00	00	00	00	00	00	00	00	00
5.296	3D DATA	true	-	-	-	-	-77354.8	-81227.2	-78505.8	-83122.4	-96318.3	-77354.8	-81227.2	-78505.8	-83122.4	-96318.3	-	-	-	-	-
5.297	3D MESSAGE	48	00	78	91	20	59	1F	8C	24	1C	77	3C	60	15	97	C7	9E	A5	9E	C7	D6	54	99	C7	44	59	A2	C7	13	1F	BC	C7	60	15	97	C7	9E	A5	9E	C7	D6	54	99	C7	44	59	A2	C7	13	1F	BC	C7	00	00	00	00	00	00	00	00	00	00	00	00	00	00	00	00	00	00	00	00
5.297	3D DATA	true	-	-	-	-	-77354.8	-81227.2	-78505.7	-83122.5	-96318.1	-77354.8	-81227.2	-78505.7	-83122.5	-96318.1	-	-	-	-	-
5.297	3D MESSAGE	48	00	79	91	20	59	20	8C	24	1C	77	3C	5B	15	97	C7	97	A5	9E	C7	C4	54	99	C7	47	59	A2	C7	F2	1E	BC	C7	5B	15	97	C7	97	A5	9E	C7	C4	54	99	C7	47	59	A2	C7	F2	1E	BC	C7	00	00	00	00	00	00	00	00	00	00	00	00	00	00	00	00	00	00	00	00
5.297	3D DATA	true	-	-	-	-	-77354.7	-81227.2	-78505.5	-83122.6	-96317.9	-77354.7	-81227.2	-78505.5	-83122.6	-96317.9	-	-	-	-	-
5.297	3D MESSAGE	48	00	7A	91	20	59	21	8C	24	1C	77	3C	54	15	97	C7	89	A5	9E	C7	B4	54	99	C7	3E	59	A2	C7	CC	1E	BC	C7	54	15	97	C7	89	A5	9E	C7	B4	54	99	C7	3E	59	A2	C7	CC	1E	BC	C7	00	00	00	00	00	00	00	00	00	00	00	00	00	00	00	00	00	00	00	00
5.297	3D DATA	true	-	-	-	-	-77354.7	-81227.1	-78505.4	-83122.5	-96317.6	-77354.7	-81227.1	-78505.4	-83122.5	-96317.6	-	-	-	-	-
5.298	3D MESSAGE	48	00	7B	91	20	59	22	8C	24	1C	77	3C	4E	15	97	C7	79	A5	9E	C7	AB	54	99	C7	2E	59	A2	C7	AC	1E	BC	C7	4E	15	97	C7	79	A5	9E	C7	AB	54	99	C7	2E	59	A2	C7	AC	1E	BC	C7	00	00	00	00	00	00	00	00	00	00	00	00	00	00	00	00	00	00	00	00
5.298	3D DATA	true	-	-	-	-	-77354.6	-81226.9	-78505.3	-83122.4	-96317.3	-77354.6	-81226.9	-78505.3	-83122.4	-96317.3	-	-	-	-	-
5.298	3D MESSAGE	48	00	7C	91	20	59	23	8C	24	1C	77	3C	4C	15	97	C7	6A	A5	9E	C7	AA	54	99	C7	1D	59	A2	C7	9C	1E	BC	C7	4C	15	97	C7	6A	A5	9E	C7	AA	54	99	C7	1D	59	A2	C7	9C	1E	BC	C7	00	00	00	00	00	00	00	00	00	00	00	00	00	00	00	00	00	00	00	00
5.298	3D DATA	true	-	-	-	-	-77354.6	-81226.8	-78505.3	-83122.2	-96317.2	-77354.6	-81226.8	-78505.3	-83122.2	-96317.2	-	-	-	-	-
5.328	3D MESSAGE	48	00	7D	91	20	59	24	8C	24	1C	77	3C	4E	15	97	C7	60	A5	9E	C7	B0	54	99	C7	0F	59	A2	C7	9F	1E	BC	C7	4E	15	97	C7	60	A5	9E	C7	B0	54	99	C7	0F	59	A2	C7	9F	1E	BC	C7	00	00	00	00	00	00	00	00	00	00	00	00	00	00	00	00	00	00	00	00
5.328	3D DATA	true	-	-	-	-	-77354.6	-81226.8	-78505.4	-83122.1	-96317.2	-77354.6	-81226.8	-78505.4	-83122.1	-96317.2	-	-	-	-	-
5.328	3D MESSAGE	48	00	7E	91	20	59	25	8C	24	1C	77	3C	52	15	97	C7	5A	A5	9E	C7	BC	54	99	C7	08	59	A2	C7	B1	1E	BC	C7	52	15	97	C7	5A	A5	9E	C7	BC	54	99	C7	08	59	A2	C7	B1	1E	BC	C7	00	00	00	00	00	00	00	00	00	00	00	00	00	00	00	00	00	00	00	00
5.328	3D DATA	true	-	-	-	-	-77354.6	-81226.7	-78505.5	-83122.1	-96317.4	-77354.6	-81226.7	-78505.5	-83122.1	-96317.4	-	-	-	-	-
5.329	3D MESSAGE	48	00	7F	91	20	59	26	8C	24	1C	77	3C	55	15	97	C7	59	A5	9E	C7	CA	54	99	C7	0A	59	A2	C7	CB	1E	BC	C7	55	15	97	C7	59	A5	9E	C7	CA	54	99	C7	0A	59	A2	C7	CB	1E	BC	C7	00	00	00	00	00	00	00	00	00	00	00	00	00	00	00	00	00	00	00	00
5.329	3D DATA	true	-	-	-	-	-77354.7	-81226.7	-78505.6	-83122.1	-96317.6	-77354.7	-81226.7	-78505.6	-83122.1	-96317.6	-	-	-	-	-
5.329	3D MESSAGE	48	00	80	91	20	59	27	8C	24	1C	77	3C	53	15	97	C7	5A	A5	9E	C7	D6	54	99	C7	13	59	A2	C7	E2	1E	BC	C7	53	15	97	C7	5A	A5	9E	C7	D6	54	99	C7	13	59	A2	C7	E2	1E	BC	C7	00	00	00	00	00	00	00	00	00	00	00	00	00	00	00	00	00	00	00	00
5.329	3D DATA	true	-	-	-	-	-77354.6	-81226.7	-78505.7	-83122.1	-96317.8	-77354.6	-81226.7	-78505.7	-83122.1	-96317.8	-	-	-	-	-
5.330	3D MESSAGE	48	00	81	91	20	59	28	8C	24	1C	77	3C	4C	15	97	C7	5B	A5	9E	C7	DC	54	99	C7	20	59	A2	C7	EE	1E	BC	C7	4C	15	97	C7	5B	A5	9E	C7	DC	54	99	C7	20	59	A2	C7	EE	1E	BC	C7	00	00	00	00	00	00	00	00	00	00	00	00	00	00	00	00	00	00	00	00
5.330	3D DATA	true	-	-	-	-	-77354.6	-81226.7	-78505.7	-83122.2	-96317.9	-77354.6	-81226.7	-78505.7	-83122.2	-96317.9	-	-	-	-	-
5.330	3D MESSAGE	48	00	82	91	20	59	29	8C	24	1C	77	3C	3E	15	97	C7	59	A5	9E	C7	DB	54	99	C7	2F	59	A2	C7	EB	1E	BC	C7	3E	15	97	C7	59	A5	9E	C7	DB	54	99	C7	2F	59	A2	C7	EB	1E	BC	C7	00	00	00	00	00	00	00	00	00	00	00	00	00	00	00	00	00	00	00	00
5.330	3D DATA	true	-	-	-	-	-77354.5	-81226.7	-78505.7	-83122.4	-96317.8	-77354.5	-81226.7	-78505.7	-83122.4	-96317.8	-	-	-	-	-
5.330	3D MESSAGE	48	00	83	91	20	59	2A	8C	24	1C	77	3C	2C	15	97	C7	53	A5	9E	C7	D2	54	99	C7	3C	59	A2	C7	DD	1E	BC	C7	2C	15	97	C7	53	A5	9E	C7	D2	54	99	C7	3C	59	A2	C7	DD	1E	BC	C7	00	00	00	00	00	00	00	00	00	00	00	00	00	00	00	00	00	00	00	00
5.330	3D DATA	true	-	-	-	-	-77354.3	-81226.6	-78505.6	-83122.5	-96317.7	-77354.3	-81226.6	-78505.6	-83122.5	-96317.7	-	-	-	-	-
5.360	3D MESSAGE	48	00	84	91	20	59	2B	8C	24	1C	77	3C	19	15	97	C7	4A	A5	9E	C7	C4	54	99	C7	46	59	A2	C7	C9	1E	BC	C7	19	15	97	C7	4A	A5	9E	C7	C4	54	99	C7	46	59	A2	C7	C9	1E	BC	C7	00	00	00	00	00	00	00	00	00	00	00	00	00	00	00	00	00	00	00	00
5.360	3D DATA	true	-	-	-	-	-77354.2	-81226.6	-78505.5	-83122.5	-96317.6	-77354.2	-81226.6	-78505.5	-83122.5	-96317.6	-	-	-	-	-
5.360	3D MESSAGE	48	00	85	91	20	59	2C	8C	24	1C	77	3C	08	15	97	C7	42	A5	9E	C7	B4	54	99	C7	49	59	A2	C7	B6	1E	BC	C7	08	15	97	C7	42	A5	9E	C7	B4	54	99	C7	49	59	A2	C7	B6	1E	BC	C7	00	00	00	00	00	00	00	00	00	00	00	00	00	00	00	00	00	00	00	00
5.360	3D DATA	true	-	-	-	-	-77354.1	-81226.5	-78505.4	-83122.6	-96317.4	-77354.1	-81226.5	-78505.4	-83122.6	-96317.4	-	-	-	-	-
5.361	3D MESSAGE	48	00	86	91	20	59	2D	8C	24	1C	77	3C	FA	14	97	C7	3E	A5	9E	C7	A8	54	99	C7	45	59	A2	C7	A6	1E	BC	C7	FA	14	97	C7	3E	A5	9E	C7	A8	54	99	C7	45	59	A2	C7	A6	1E	BC	C7	00	00	00	00	00	00	00	00	00	00	00	00	00	00	00	00	00	00	00	00
5.361	3D DATA	true	-	-	-	-	-77354.0	-81226.5	-78505.3	-83122.5	-96317.3	-77354.0	-81226.5	-78505.3	-83122.5	-96317.3	-	-	-	-	-
5.361	3D MESSAGE	48	00	87	91	20	59	2E	8C	24	1C	77	3C	F1	14	97	C7	42	A5	9E	C7	A1	54	99	C7	3A	59	A2	C7	9C	1E	BC	C7	F1	14	97	C7	42	A5	9E	C7	A1	54	99	C7	3A	59	A2	C7	9C	1E	BC	C7	00	00	00	00	00	00	00	00	00	00	00	00	00	00	00	00	00	00	00	00
5.361	3D DATA	true	-	-	-	-	-77353.9	-81226.5	-78505.3	-83122.5	-96317.2	-77353.9	-81226.5	-78505.3	-83122.5	-96317.2	-	-	-	-	-
5.361	3D MESSAGE	48	00	88	91	20	59	2F	8C	24	1C	77	3C	EC	14	97	C7	50	A5	9E	C7	A2	54	99	C7	2A	59	A2	C7	96	1E	BC	C7	EC	14	97	C7	50	A5	9E	C7	A2	54	99	C7	2A	59	A2	C7	96	1E	BC	C7	00	00	00	00	00	00	00	00	00	00	00	00	00	00	00	00	00	00	00	00
5.361	3D DATA	true	-	-	-	-	-77353.8	-81226.6	-78505.3	-83122.3	-96317.2	-77353.8	-81226.6	-78505.3	-83122.3	-96317.2	-	-	-	-	-
5.362	3D MESSAGE	48	00	89	91	20	59	30	8C	24	1C	77	3C	EB	14	97	C7	67	A5	9E	C7	AB	54	99	C7	16	59	A2	C7	91	1E	BC	C7	EB	14	97	C7	67	A5	9E	C7	AB	54	99	C7	16	59	A2	C7	91	1E	BC	C7	00	00	00	00	00	00	00	00	00	00	00	00	00	00	00	00	00	00	00	00
5.362	3D DATA	true	-	-	-	-	-77353.8	-81226.8	-78505.3	-83122.2	-96317.1	-77353.8	-81226.8	-78505.3	-83122.2	-96317.1	-	-	-	-	-
5.392	3D MESSAGE	48	00	8A	91	20	59	31	8C	24	1C	77	3C	EB	14	97	C7	84	A5	9E	C7	B8	54	99	C7	02	59	A2	C7	8A	1E	BC	C7	EB	14	97	C7	84	A5	9E	C7	B8	54	99	C7	02	59	A2	C7	8A	1E	BC	C7	00	00	00	00	00	00	00	00	00	00	00	00	00	00	00	00	00	00	00	00
5.392	3D DATA	true	-	-	-	-	-77353.8	-81227.0	-78505.4	-83122.0	-96317.1	-77353.8	-81227.0	-78505.4	-83122.0	-96317.1	-	-	-	-	-
5.392	3D MESSAGE	48	00	8B	91	20	59	32	8C	24	1C	77	3C	EB	14	97	C7	A2	A5	9E	C7	C6	54	99	C7	ED	58	A2	C7	82	1E	BC	C7	EB	14	97	C7	A2	A5	9E	C7	C6	54	99	C7	ED	58	A2	C7	82	1E	BC	C7	00	00	00	00	00	00	00	00	00	00	00	00	00	00	00	00	00	00	00	00
5.392	3D DATA	true	-	-	-	-	-77353.8	-81227.3	-78505.5	-83121.9	-96317.0	-77353.8	-81227.3	-78505.5	-83121.9	-96317.0	-	-	-	-	-
5.393	3D MESSAGE	48	00	8C	91	20	59	33	8C	24	1C	77	3C	EA	14	97	C7	BA	A5	9E	C7	D1	54	99	C7	D8	58	A2	C7	79	1E	BC	C7	EA	14	97	C7	BA	A5	9E	C7	D1	54	99	C7	D8	58	A2	C7	79	1E	BC	C7	00	00	00	00	00	00	00	00	00	00	00	00	00	00	00	00	00	00	00	00
5.393	3D DATA	true	-	-	-	-	-77353.8	-81227.5	-78505.6	-83121.7	-96316.9	-77353.8	-81227.5	-78505.6	-83121.7	-96316.9	-	-	-	-	-
5.393	3D MESSAGE	48	00	8D	91	20	59	34	8C	24	1C	77	3C	E6	14	97	C7	C7	A5	9E	C7	D8	54	99	C7	C4	58	A2	C7	71	1E	BC	C7	E6	14	97	C7	C7	A5	9E	C7	D8	54	99	C7	C4	58	A2	C7	71	1E	BC	C7	00	00	00	00	00	00	00	00	00	00	00	00	00	00	00	00	00	00	00	00
5.393	3D DATA	true	-	-	-	-	-77353.8	-81227.6	-78505.7	-83121.5	-96316.9	-77353.8	-81227.6	-78505.7	-83121.5	-96316.9	-	-	-	-	-
5.393	3D MESSAGE	48	00	8E	91	20	59	35	8C	24	1C	77	3C	E1	14	97	C7	C8	A5	9E	C7	D9	54	99	C7	AE	58	A2	C7	6C	1E	BC	C7	E1	14	97	C7	C8	A5	9E	C7	D9	54	99	C7	AE	58	A2	C7	6C	1E	BC	C7	00	00	00	00	00	00	00	00	00	00	00	00	00	00	00	00	00	00	00	00
5.393	3D DATA	true	-	-	-	-	-77353.8	-81227.6	-78505.7	-83121.4	-96316.8	-77353.8	-81227.6	-78505.7	-83121.4	-96316.8	-	-	-	-	-
5.393	3D MESSAGE	48	00	8F	91	20	59	36	8C	24	1C	77	3C	DB	14	97	C7	BF	A5	9E	C7	D8	54	99	C7	97	58	A2	C7	69	1E	BC	C7	DB	14	97	C7	BF	A5	9E	C7	D8	54	99	C7	97	58	A2	C7	69	1E	BC	C7	00	00	00	00	00	00	00	00	00	00	00	00	00	00	00	00	00	00	00	00
5.394	3D DATA	true	-	-	-	-	-77353.7	-81227.5	-78505.7	-83121.2	-96316.8	-77353.7	-81227.5	-78505.7	-83121.2	-96316.8	-	-	-	-	-
5.423	3D MESSAGE	48	00	90	91	20	59	37	8C	24	1C	77	3C	D6	14	97	C7	B0	A5	9E	C7	D7	54	99	C7	81	58	A2	C7	68	1E	BC	C7	D6	14	97	C7	B0	A5	9E	C7	D7	54	99	C7	81	58	A2	C7	68	1E	BC	C7	00	00	00	00	00	00	00	00	00	00	00	00	00	00	00	00	00	00	00	00
5.423	3D DATA	true	-	-	-	-	-77353.7	-81227.4	-78505.7	-83121.0	-96316.8	-77353.7	-81227.4	-78505.7	-83121.0	-96316.8	-	-	-	-	-
5.424	3D MESSAGE	48	00	91	91	20	59	38	8C	24	1C	77	3C	D4	14	97	C7	A0	A5	9E	C7	DA	54	99	C7	6D	58	A2	C7	6A	1E	BC	C7	D4	14	97	C7	A0	A5	9E	C7	DA	54	99	C7	6D	58	A2	C7	6A	1E	BC	C7	00	00	00	00	00	00	00	00	00	00	00	00	00	00	00	00	00	00	00	00
5.424	3D DATA	true	-	-	-	-	-77353.7	-81227.2	-78505.7	-83120.9	-96316.8	-77353.7	-81227.2	-78505.7	-83120.9	-96316.8	-	-	-	-	-
5.424	3D MESSAGE	48	00	92	91	20	59	39	8C	24	1C	77	3C	D7	14	97	C7	96	A5	9E	C7	E3	54	99	C7	5D	58	A2	C7	6E	1E	BC	C7	D7	14	97	C7	96	A5	9E	C7	E3	54	99	C7	5D	58	A2	C7	6E	1E	BC	C7	00	00	00	00	00	00	00	00	00	00	00	00	00	00	00	00	00	00	00	00
5.424	3D DATA	true	-	-	-	-	-77353.7	-81227.2	-78505.8	-83120.7	-96316.9	-77353.7	-81227.2	-78505.8	-83120.7	-96316.9	-	-	-	-	-
5.424	3D MESSAGE	48	00	93	91	20	59	3A	8C	24	1C	77	3C	DD	14	97	C7	94	A5	9E	C7	F2	54	99	C7	52	58	A2	C7	78	1E	BC	C7	DD	14	97	C7	94	A5	9E	C7	F2	54	99	C7	52	58	A2	C7	78	1E	BC	C7	00	00	00	00	00	00	00	00	00	00	00	00	00	00	00	00	00	00	00	00
5.424	3D DATA	true	-	-	-	-	-77353.7	-81227.2	-78505.9	-83120.6	-96316.9	-77353.7	-81227.2	-78505.9	-83120.6	-96316.9	-	-	-	-	-
5.424	3D MESSAGE	48	00	94	91	20	59	3B	8C	24	1C	77	3C	E7	14	97	C7	9C	A5	9E	C7	08	55	99	C7	4E	58	A2	C7	89	1E	BC	C7	E7	14	97	C7	9C	A5	9E	C7	08	55	99	C7	4E	58	A2	C7	89	1E	BC	C7	00	00	00	00	00	00	00	00	00	00	00	00	00	00	00	00	00	00	00	00
5.424	3D DATA	true	-	-	-	-	-77353.8	-81227.2	-78506.1	-83120.6	-96317.1	-77353.8	-81227.2	-78506.1	-83120.6	-96317.1	-	-	-	-	-
5.425	3D MESSAGE	48	00	95	91	20	59	3C	8C	24	1C	77	3C	F4	14	97	C7	AD	A5	9E	C7	20	55	99	C7	50	58	A2	C7	A5	1E	BC	C7	F4	14	97	C7	AD	A5	9E	C7	20	55	99	C7	50	58	A2	C7	A5	1E	BC	C7	00	00	00	00	00	00	00	00	00	00	00	00	00	00	00	00	00	00	00	00
5.425	3D DATA	true	-	-	-	-	-77353.9	-81227.4	-78506.2	-83120.6	-96317.3	-77353.9	-81227.4	-78506.2	-83120.6	-96317.3	-	-	-	-	-
5.425	3D MESSAGE	48	00	96	91	20	59	3D	8C	24	1C	77	3C	04	15	97	C7	C4	A5	9E	C7	3A	55	99	C7	54	58	A2	C7	CA	1E	BC	C7	04	15	97	C7	C4	A5	9E	C7	3A	55	99	C7	54	58	A2	C7	CA	1E	BC	C7	00	00	00	00	00	00	00	00	00	00	00	00	00	00	00	00	00	00	00	00
5.425	3D DATA	true	-	-	-	-	-77354.0	-81227.5	-78506.5	-83120.7	-96317.6	-77354.0	-81227.5	-78506.5	-83120.7	-96317.6	-	-	-	-	-
5.453	3D MESSAGE	48	00	97	91	20	59	3E	8C	24	1C	77	3C	14	15	97	C7	DE	A5	9E	C7	52	55	99	C7	5C	58	A2	C7	F5	1E	BC	C7	14	15	97	C7	DE	A5	9E	C7	52	55	99	C7	5C	58	A2	C7	F5	1E	BC	C7	00	00	00	00	00	00	00	00	00	00	00	00	00	00	00	00	00	00	00	00
5.453	3D DATA	true	-	-	-	-	-77354.2	-81227.7	-78506.6	-83120.7	-96317.9	-77354.2	-81227.7	-78506.6	-83120.7	-96317.9	-	-	-	-	-
5.454	3D MESSAGE	48	00	98	91	20	59	3F	8C	24	1C	77	3C	24	15	97	C7	F6	A5	9E	C7	64	55	99	C7	64	58	A2	C7	21	1F	BC	C7	24	15	97	C7	F6	A5	9E	C7	64	55	99	C7	64	58	A2	C7	21	1F	BC	C7	00	00	00	00	00	00	00	00	00	00	00	00	00	00	00	00	00	00	00	00
5.454	3D DATA	true	-	-	-	-	-77354.3	-81227.9	-78506.8	-83120.8	-96318.3	-77354.3	-81227.9	-78506.8	-83120.8	-96318.3	-	-	-	-	-
5.454	3D MESSAGE	48	00	99	91	20	59	40	8C	24	1C	77	3C	30	15	97	C7	09	A6	9E	C7	70	55	99	C7	6A	58	A2	C7	47	1F	BC	C7	30	15	97	C7	09	A6	9E	C7	70	55	99	C7	6A	58	A2	C7	47	1F	BC	C7	00	00	00	00	00	00	00	00	00	00	00	00	00	00	00	00	00	00	00	00
5.454	3D DATA	true	-	-	-	-	-77354.4	-81228.1	-78506.9	-83120.8	-96318.6	-77354.4	-81228.1	-78506.9	-83120.8	-96318.6	-	-	-	-	-
5.454	3D MESSAGE	48	00	9A	91	20	59	41	8C	24	1C	77	3C	38	15	97	C7	14	A6	9E	C7	71	55	99	C7	6C	58	A2	C7	60	1F	BC	C7	38	15	97	C7	14	A6	9E	C7	71	55	99	C7	6C	58	A2	C7	60	1F	BC	C7	00	00	00	00	00	00	00	00	00	00	00	00	00	00	00	00	00	00	00	00
5.454	3D DATA	true	-	-	-	-	-77354.4	-81228.2	-78506.9	-83120.8	-96318.8	-77354.4	-81228.2	-78506.9	-83120.8	-96318.8	-	-	-	-	-
5.454	3D MESSAGE	48	00	9B	91	20	59	42	8C	24	1C	77	3C	38	15	97	C7	17	A6	9E	C7	68	55	99	C7	69	58	A2	C7	6C	1F	BC	C7	38	15	97	C7	17	A6	9E	C7	68	55	99	C7	69	58	A2	C7	6C	1F	BC	C7	00	00	00	00	00	00	00	00	00	00	00	00	00	00	00	00	00	00	00	00
5.454	3D DATA	true	-	-	-	-	-77354.4	-81228.2	-78506.8	-83120.8	-96318.8	-77354.4	-81228.2	-78506.8	-83120.8	-96318.8	-	-	-	-	-
5.455	3D MESSAGE	48	00	9C	91	20	59	43	8C	24	1C	77	3C	31	15	97	C7	10	A6	9E	C7	54	55	99	C7	5E	58	A2	C7	68	1F	BC	C7	31	15	97	C7	10	A6	9E	C7	54	55	99	C7	5E	58	A2	C7	68	1F	BC	C7	00	00	00	00	00	00	00	00	00	00	00	00	00	00	00	00	00	00	00	00
5.455	3D DATA	true	-	-	-	-	-77354.4	-81228.1	-78506.7	-83120.7	-96318.8	-77354.4	-81228.1	-78506.7	-83120.7	-96318.8	-	-	-	-	-
5.485	3D MESSAGE	48	00	9D	91	20	59	44	8C	6C	D2	89	3C	23	15	97	C7	03	A6	9E	C7	39	55	99	C7	4B	58	A2	C7	58	1F	BC	C7	23	15	97	C7	03	A6	9E	C7	39	55	99	C7	4B	58	A2	C7	58	1F	BC	C7	00	00	00	00	00	00	00	00	00	00	00	00	00	00	00	00	00	00	00	00
5.485	3D DATA	true	-	-	-	-	-77354.3	-81228.0	-78506.4	-83120.6	-96318.7	-77354.3	-81228.0	-78506.4	-83120.6	-96318.7	-	-	-	-	-
5.487	3D MESSAGE	48	00	9E	91	20	59	45	8C	6C	D2	89	3C	10	15	97	C7	F2	A5	9E	C7	19	55	99	C7	32	58	A2	C7	44	1F	BC	C7	10	15	97	C7	F2	A5	9E	C7	19	55	99	C7	32	58	A2	C7	44	1F	BC	C7	00	00	00	00	00	00	00	00	00	00	00	00	00	00	00	00	00	00	00	00
5.487	3D DATA	true	-	-	-	-	-77354.1	-81227.9	-78506.2	-83120.4	-96318.5	-77354.1	-81227.9	-78506.2	-83120.4	-96318.5	-	-	-	-	-
5.487	3D MESSAGE	48	00	9F	91	20	59	46	8C	6C	D2	89	3C	FC	14	97	C7	E0	A5	9E	C7	F8	54	99	C7	14	58	A2	C7	2F	1F	BC	C7	FC	14	97	C7	E0	A5	9E	C7	F8	54	99	C7	14	58	A2	C7	2F	1F	BC	C7	00	00	00	00	00	00	00	00	00	00	00	00	00	00	00	00	00	00	00	00
5.487	3D DATA	true	-	-	-	-	-77354.0	-81227.8	-78505.9	-83120.2	-96318.4	-77354.0	-81227.8	-78505.9	-83120.2	-96318.4	-	-	-	-	-
5.488	3D MESSAGE	48	00	A0	91	20	59	47	8C	6C	D2	89	3C	E6	14	97	C7	CE	A5	9E	C7	DB	54	99	C7	F3	57	A2	C7	1E	1F	BC	C7	E6	14	97	C7	CE	A5	9E	C7	DB	54	99	C7	F3	57	A2	C7	1E	1F	BC	C7	00	00	00	00	00	00	00	00	00	00	00	00	00	00	00	00	00	00	00	00
5.488	3D DATA	true	-	-	-	-	-77353.8	-81227.6	-78505.7	-83119.9	-96318.2	-77353.8	-81227.6	-78505.7	-83119.9	-96318.2	-	-	-	-	-
5.488	3D MESSAGE	48	00	A1	91	20	59	48	8C	6C	D2	89	3C	CF	14	97	C7	BE	A5	9E	C7	C2	54	99	C7	D3	57	A2	C7	12	1F	BC	C7	CF	14	97	C7	BE	A5	9E	C7	C2	54	99	C7	D3	57	A2	C7	12	1F	BC	C7	00	00	00	00	00	00	00	00	00	00	00	00	00	00	00	00	00	00	00	00
5.488	3D DATA	true	-	-	-	-	-77353.6	-81227.5	-78505.5	-83119.6	-96318.1	-77353.6	-81227.5	-78505.5	-83119.6	-96318.1	-	-	-	-	-
5.488	3D MESSAGE	48	00	A2	91	20	59	49	8C	6C	D2	89	3C	B6	14	97	C7	AE	A5	9E	C7	AF	54	99	C7	B4	57	A2	C7	09	1F	BC	C7	B6	14	97	C7	AE	A5	9E	C7	AF	54	99	C7	B4	57	A2	C7	09	1F	BC	C7	00	00	00	00	00	00	00	00	00	00	00	00	00	00	00	00	00	00	00	00
5.488	3D DATA	true	-	-	-	-	-77353.4	-81227.4	-78505.4	-83119.4	-96318.1	-77353.4	-81227.4	-78505.4	-83119.4	-96318.1	-	-	-	-	-
5.518	3D MESSAGE	48	00	A3	91	20	59	4A	8C	6C	D2	89	3C	99	14	97	C7	9D	A5	9E	C7	9E	54	99	C7	97	57	A2	C7	FF	1E	BC	C7	99	14	97	C7	9D	A5	9E	C7	9E	54	99	C7	97	57	A2	C7	FF	1E	BC	C7	00	00	00	00	00	00	00	00	00	00	00	00	00	00	00	00	00	00	00	00
5.518	3D DATA	true	-	-	-	-	-77353.2	-81227.2	-78505.2	-83119.2	-96318.0	-77353.2	-81227.2	-78505.2	-83119.2	-96318.0	-	-	-	-	-
5.518	3D MESSAGE	48	00	A4	91	20	59	4B	8C	6C	D2	89	3C	77	14	97	C7	89	A5	9E	C7	8F	54	99	C7	7A	57	A2	C7	F0	1E	BC	C7	77	14	97	C7	89	A5	9E	C7	8F	54	99	C7	7A	57	A2	C7	F0	1E	BC	C7	00	00	00	00	00	00	00	00	00	00	00	00	00	00	00	00	00	00	00	00
5.518	3D DATA	true	-	-	-	-	-77352.9	-81227.1	-78505.1	-83119.0	-96317.9	-77352.9	-81227.1	-78505.1	-83119.0	-96317.9	-	-	-	-	-
5.519	3D MESSAGE	48	00	A5	91	20	59	4C	8C	6C	D2	89	3C	51	14	97	C7	74	A5	9E	C7	7F	54	99	C7	5A	57	A2	C7	DB	1E	BC	C7	51	14	97	C7	74	A5	9E	C7	7F	54	99	C7	5A	57	A2	C7	DB	1E	BC	C7	00	00	00	00	00	00	00	00	00	00	00	00	00	00	00	00	00	00	00	00
5.519	3D DATA	true	-	-	-	-	-77352.6	-81226.9	-78505.0	-83118.7	-96317.7	-77352.6	-81226.9	-78505.0	-83118.7	-96317.7	-	-	-	-	-
5.519	3D MESSAGE	48	00	A6	91	20	59	4D	8C	6C	D2	89	3C	28	14	97	C7	5D	A5	9E	C7	6C	54	99	C7	33	57	A2	C7	BF	1E	BC	C7	28	14	97	C7	5D	A5	9E	C7	6C	54	99	C7	33	57	A2	C7	BF	1E	BC	C7	00	00	00	00	00	00	00	00	00	00	00	00	00	00	00	00	00	00	00	00
5.519	3D DATA	true	-	-	-	-	-77352.3	-81226.7	-78504.8	-83118.4	-96317.5	-77352.3	-81226.7	-78504.8	-83118.4	-96317.5	-	-	-	-	-
5.519	3D MESSAGE	48	00	A7	91	20	59	4E	8C	6C	D2	89	3C	FC	13	97	C7	49	A5	9E	C7	56	54	99	C7	02	57	A2	C7	A1	1E	BC	C7	FC	13	97	C7	49	A5	9E	C7	56	54	99	C7	02	57	A2	C7	A1	1E	BC	C7	00	00	00	00	00	00	00	00	00	00	00	00	00	00	00	00	00	00	00	00
5.519	3D DATA	true	-	-	-	-	-77352.0	-81226.6	-78504.7	-83118.0	-96317.3	-77352.0	-81226.6	-78504.7	-83118.0	-96317.3	-	-	-	-	-
5.520	3D MESSAGE	48	00	A8	91	20	59	4F	8C	6C	D2	89	3C	D1	13	97	C7	3A	A5	9E	C7	3D	54	99	C7	C2	56	A2	C7	84	1E	BC	C7	D1	13	97	C7	3A	A5	9E	C7	3D	54	99	C7	C2	56	A2	C7	84	1E	BC	C7	00	00	00	00	00	00	00	00	00	00	00	00	00	00	00	00	00	00	00	00
5.520	3D DATA	true	-	-	-	-	-77351.6	-81226.5	-78504.5	-83117.5	-96317.0	-77351.6	-81226.5	-78504.5	-83117.5	-96317.0	-	-	-	-	-
5.520	3D MESSAGE	48	00	A9	91	20	59	50	8C	6C	D2	89	3C	A7	13	97	C7	30	A5	9E	C7	20	54	99	C7	74	56	A2	C7	69	1E	BC	C7	A7	13	97	C7	30	A5	9E	C7	20	54	99	C7	74	56	A2	C7	69	1E	BC	C7	00	00	00	00	00	00	00	00	00	00	00	00	00	00	00	00	00	00	00	00
5.520	3D DATA	true	-	-	-	-	-77351.3	-81226.4	-78504.2	-83116.9	-96316.8	-77351.3	-81226.4	-78504.2	-83116.9	-96316.8	-	-	-	-	-
5.550	3D MESSAGE	48	00	AA	91	20	59	51	8C	6C	D2	89	3C	7D	13	97	C7	2C	A5	9E	C7	FE	53	99	C7	16	56	A2	C7	51	1E	BC	C7	7D	13	97	C7	2C	A5	9E	C7	FE	53	99	C7	16	56	A2	C7	51	1E	BC	C7	00	00	00	00	00	00	00	00	00	00	00	00	00	00	00	00	00	00	00	00
5.550	3D DATA	true	-	-	-	-	-77351.0	-81226.3	-78504.0	-83116.2	-96316.6	-77351.0	-81226.3	-78504.0	-83116.2	-96316.6	-	-	-	-	-
5.550	3D MESSAGE	48	00	AB	91	20	59	52	8C	6C	D2	89	3C	52	13	97	C7	29	A5	9E	C7	D9	53	99	C7	AB	55	A2	C7	38	1E	BC	C7	52	13	97	C7	29	A5	9E	C7	D9	53	99	C7	AB	55	A2	C7	38	1E	BC	C7	00	00	00	00	00	00	00	00	00	00	00	00	00	00	00	00	00	00	00	00
5.550	3D DATA	true	-	-	-	-	-77350.6	-81226.3	-78503.7	-83115.3	-96316.4	-77350.6	-81226.3	-78503.7	-83115.3	-96316.4	-	-	-	-	-
5.551	3D MESSAGE	48	00	AC	91	20	59	53	8C	6C	D2	89	3C	24	13	97	C7	24	A5	9E	C7	B0	53	99	C7	38	55	A2	C7	1C	1E	BC	C7	24	13	97	C7	24	A5	9E	C7	B0	53	99	C7	38	55	A2	C7	1C	1E	BC	C7	00	00	00	00	00	00	00	00	00	00	00	00	00	00	00	00	00	00	00	00
5.551	3D DATA	true	-	-	-	-	-77350.3	-81226.3	-78503.4	-83114.4	-96316.2	-77350.3	-81226.3	-78503.4	-83114.4	-96316.2	-	-	-	-	-
5.551	3D MESSAGE	48	00	AD	91	20	59	54	8C	6C	D2	89	3C	F2	12	97	C7	1A	A5	9E	C7	82	53	99	C7	BF	54	A2	C7	F9	1D	BC	C7	F2	12	97	C7	1A	A5	9E	C7	82	53	99	C7	BF	54	A2	C7	F9	1D	BC	C7	00	00	00	00	00	00	00	00	00	00	00	00	00	00	00	00	00	00	00	00
5.551	3D DATA	true	-	-	-	-	-77349.9	-81226.2	-78503.0	-83113.5	-96315.9	-77349.9	-81226.2	-78503.0	-83113.5	-96315.9	-	-	-	-	-
5.552	3D MESSAGE	48	00	AE	91	20	59	55	8C	6C	D2	89	3C	BA	12	97	C7	09	A5	9E	C7	52	53	99	C7	46	54	A2	C7	CF	1D	BC	C7	BA	12	97	C7	09	A5	9E	C7	52	53	99	C7	46	54	A2	C7	CF	1D	BC	C7	00	00	00	00	00	00	00	00	00	00	00	00	00	00	00	00	00	00	00	00
5.552	3D DATA	true	-	-	-	-	-77349.5	-81226.1	-78502.6	-83112.5	-96315.6	-77349.5	-81226.1	-78502.6	-83112.5	-96315.6	-	-	-	-	-
5.552	3D MESSAGE	48	00	AF	91	20	59	56	8C	6C	D2	89	3C	7B	12	97	C7	EF	A4	9E	C7	20	53	99	C7	CD	53	A2	C7	A0	1D	BC	C7	7B	12	97	C7	EF	A4	9E	C7	20	53	99	C7	CD	53	A2	C7	A0	1D	BC	C7	00	00	00	00	00	00	00	00	00	00	00	00	00	00	00	00	00	00	00	00
5.552	3D DATA	true	-	-	-	-	-77349.0	-81225.9	-78502.2	-83111.6	-96315.2	-77349.0	-81225.9	-78502.2	-83111.6	-96315.2	-	-	-	-	-
5.581	3D MESSAGE	48	00	B0	91	20	59	57	8C	6C	D2	89	3C	35	12	97	C7	CF	A4	9E	C7	ED	52	99	C7	54	53	A2	C7	71	1D	BC	C7	35	12	97	C7	CF	A4	9E	C7	ED	52	99	C7	54	53	A2	C7	71	1D	BC	C7	00	00	00	00	00	00	00	00	00	00	00	00	00	00	00	00	00	00	00	00
5.581	3D DATA	true	-	-	-	-	-77348.4	-81225.6	-78501.9	-83110.7	-96314.9	-77348.4	-81225.6	-78501.9	-83110.7	-96314.9	-	-	-	-	-
5.581	3D MESSAGE	48	00	B1	91	20	59	58	8C	6C	D2	89	3C	E8	11	97	C7	AA	A4	9E	C7	BA	52	99	C7	D9	52	A2	C7	46	1D	BC	C7	E8	11	97	C7	AA	A4	9E	C7	BA	52	99	C7	D9	52	A2	C7	46	1D	BC	C7	00	00	00	00	00	00	00	00	00	00	00	00	00	00	00	00	00	00	00	00
5.581	3D DATA	true	-	-	-	-	-77347.8	-81225.3	-78501.5	-83109.7	-96314.5	-77347.8	-81225.3	-78501.5	-83109.7	-96314.5	-	-	-	-	-
5.582	3D MESSAGE	48	00	B2	91	20	59	59	8C	6C	D2	89	3C	94	11	97	C7	82	A4	9E	C7	87	52	99	C7	57	52	A2	C7	1F	1D	BC	C7	94	11	97	C7	82	A4	9E	C7	87	52	99	C7	57	52	A2	C7	1F	1D	BC	C7	00	00	00	00	00	00	00	00	00	00	00	00	00	00	00	00	00	00	00	00
5.582	3D DATA	true	-	-	-	-	-77347.2	-81225.0	-78501.1	-83108.7	-96314.2	-77347.2	-81225.0	-78501.1	-83108.7	-96314.2	-	-	-	-	-
5.582	3D MESSAGE	48	00	B3	91	20	59	5A	8C	6C	D2	89	3C	39	11	97	C7	59	A4	9E	C7	52	52	99	C7	CA	51	A2	C7	FA	1C	BC	C7	39	11	97	C7	59	A4	9E	C7	52	52	99	C7	CA	51	A2	C7	FA	1C	BC	C7	00	00	00	00	00	00	00	00	00	00	00	00	00	00	00	00	00	00	00	00
5.582	3D DATA	true	-	-	-	-	-77346.4	-81224.7	-78500.6	-83107.6	-96314.0	-77346.4	-81224.7	-78500.6	-83107.6	-96314.0	-	-	-	-	-
5.582	3D MESSAGE	48	00	B4	91	20	59	5B	8C	6C	D2	89	3C	D8	10	97	C7	30	A4	9E	C7	1A	52	99	C7	2F	51	A2	C7	D3	1C	BC	C7	D8	10	97	C7	30	A4	9E	C7	1A	52	99	C7	2F	51	A2	C7	D3	1C	BC	C7	00	00	00	00	00	00	00	00	00	00	00	00	00	00	00	00	00	00	00	00
5.582	3D DATA	true	-	-	-	-	-77345.7	-81224.4	-78500.2	-83106.4	-96313.6	-77345.7	-81224.4	-78500.2	-83106.4	-96313.6	-	-	-	-	-
5.583	3D MESSAGE	48	00	B5	91	20	59	5C	8C	6C	D2	89	3C	72	10	97	C7	06	A4	9E	C7	DA	51	99	C7	82	50	A2	C7	A4	1C	BC	C7	72	10	97	C7	06	A4	9E	C7	DA	51	99	C7	82	50	A2	C7	A4	1C	BC	C7	00	00	00	00	00	00	00	00	00	00	00	00	00	00	00	00	00	00	00	00
5.583	3D DATA	true	-	-	-	-	-77344.9	-81224.0	-78499.7	-83105.0	-96313.3	-77344.9	-81224.0	-78499.7	-83105.0	-96313.3	-	-	-	-	-
5.610	3D MESSAGE	48	00	B6	91	20	59	5D	8C	6C	D2	89	3C	04	10	97	C7	D9	A3	9E	C7	8D	51	99	C7	C0	4F	A2	C7	66	1C	BC	C7	04	10	97	C7	D9	A3	9E	C7	8D	51	99	C7	C0	4F	A2	C7	66	1C	BC	C7	00	00	00	00	00	00	00	00	00	00	00	00	00	00	00	00	00	00	00	00
5.610	3D DATA	true	-	-	-	-	-77344.0	-81223.7	-78499.1	-83103.5	-96312.8	-77344.0	-81223.7	-78499.1	-83103.5	-96312.8	-	-	-	-	-
5.611	3D MESSAGE	48	00	B7	91	20	59	5E	8C	6C	D2	89	3C	8D	0F	97	C7	A6	A3	9E	C7	30	51	99	C7	E5	4E	A2	C7	16	1C	BC	C7	8D	0F	97	C7	A6	A3	9E	C7	30	51	99	C7	E5	4E	A2	C7	16	1C	BC	C7	00	00	00	00	00	00	00	00	00	00	00	00	00	00	00	00	00	00	00	00
5.611	3D DATA	true	-	-	-	-	-77343.1	-81223.3	-78498.4	-83101.8	-96312.2	-77343.1	-81223.3	-78498.4	-83101.8	-96312.2	-	-	-	-	-
5.611	3D MESSAGE	48	00	B8	91	20	59	5F	8C	6C	D2	89	3C	0B	0F	97	C7	6A	A3	9E	C7	C1	50	99	C7	EE	4D	A2	C7	B2	1B	BC	C7	0B	0F	97	C7	6A	A3	9E	C7	C1	50	99	C7	EE	4D	A2	C7	B2	1B	BC	C7	00	00	00	00	00	00	00	00	00	00	00	00	00	00	00	00	00	00	00	00
5.611	3D DATA	true	-	-	-	-	-77342.1	-81222.8	-78497.5	-83099.9	-96311.4	-77342.1	-81222.8	-78497.5	-83099.9	-96311.4	-	-	-	-	-
5.611	3D MESSAGE	48	00	B9	91	20	59	60	8C	6C	D2	89	3C	7C	0E	97	C7	23	A3	9E	C7	40	50	99	C7	D9	4C	A2	C7	3A	1B	BC	C7	7C	0E	97	C7	23	A3	9E	C7	40	50	99	C7	D9	4C	A2	C7	3A	1B	BC	C7	00	00	00	00	00	00	00	00	00	00	00	00	00	00	00	00	00	00	00	00
5.611	3D DATA	true	-	-	-	-	-77341.0	-81222.3	-78496.5	-83097.7	-96310.5	-77341.0	-81222.3	-78496.5	-83097.7	-96310.5	-	-	-	-	-
5.611	3D MESSAGE	48	00	BA	91	20	59	61	8C	6C	D2	89	3C	DE	0D	97	C7	D0	A2	9E	C7	AF	4F	99	C7	A4	4B	A2	C7	AF	1A	BC	C7	DE	0D	97	C7	D0	A2	9E	C7	AF	4F	99	C7	A4	4B	A2	C7	AF	1A	BC	C7	00	00	00	00	00	00	00	00	00	00	00	00	00	00	00	00	00	00	00	00
5.611	3D DATA	true	-	-	-	-	-77339.7	-81221.6	-78495.4	-83095.3	-96309.4	-77339.7	-81221.6	-78495.4	-83095.3	-96309.4	-	-	-	-	-
5.612	3D MESSAGE	48	00	BB	91	20	59	62	8C	6C	D2	89	3C	32	0D	97	C7	71	A2	9E	C7	12	4F	99	C7	4C	4A	A2	C7	11	1A	BC	C7	32	0D	97	C7	71	A2	9E	C7	12	4F	99	C7	4C	4A	A2	C7	11	1A	BC	C7	00	00	00	00	00	00	00	00	00	00	00	00	00	00	00	00	00	00	00	00
5.612	3D DATA	true	-	-	-	-	-77338.4	-81220.9	-78494.1	-83092.6	-96308.1	-77338.4	-81220.9	-78494.1	-83092.6	-96308.1	-	-	-	-	-
5.641	3D MESSAGE	48	00	BC	91	20	59	63	8C	6C	D2	89	3C	75	0C	97	C7	0A	A2	9E	C7	6B	4E	99	C7	D3	48	A2	C7	63	19	BC	C7	75	0C	97	C7	0A	A2	9E	C7	6B	4E	99	C7	D3	48	A2	C7	63	19	BC	C7	00	00	00	00	00	00	00	00	00	00	00	00	00	00	00	00	00	00	00	00
5.641	3D DATA	true	-	-	-	-	-77336.9	-81220.1	-78492.8	-83089.6	-96306.8	-77336.9	-81220.1	-78492.8	-83089.6	-96306.8	-	-	-	-	-
5.641	3D MESSAGE	48	00	BD	91	20	59	64	8C	6C	D2	89	3C	A6	0B	97	C7	9D	A1	9E	C7	BC	4D	99	C7	36	47	A2	C7	A4	18	BC	C7	A6	0B	97	C7	9D	A1	9E	C7	BC	4D	99	C7	36	47	A2	C7	A4	18	BC	C7	00	00	00	00	00	00	00	00	00	00	00	00	00	00	00	00	00	00	00	00
5.641	3D DATA	true	-	-	-	-	-77335.3	-81219.2	-78491.5	-83086.4	-96305.3	-77335.3	-81219.2	-78491.5	-83086.4	-96305.3	-	-	-	-	-
5.641	3D MESSAGE	48	00	BE	91	20	59	65	8C	6C	D2	89	3C	C4	0A	97	C7	2E	A1	9E	C7	04	4D	99	C7	76	45	A2	C7	D6	17	BC	C7	C4	0A	97	C7	2E	A1	9E	C7	04	4D	99	C7	76	45	A2	C7	D6	17	BC	C7	00	00	00	00	00	00	00	00	00	00	00	00	00	00	00	00	00	00	00	00
5.642	3D DATA	true	-	-	-	-	-77333.5	-81218.4	-78490.0	-83082.9	-96303.7	-77333.5	-81218.4	-78490.0	-83082.9	-96303.7	-	-	-	-	-
5.642	3D MESSAGE	48	00	BF	91	20	59	66	8C	6C	D2	89	3C	C8	09	97	C7	C0	A0	9E	C7	40	4C	99	C7	8B	43	A2	C7	FC	16	BC	C7	C8	09	97	C7	C0	A0	9E	C7	40	4C	99	C7	8B	43	A2	C7	FC	16	BC	C7	00	00	00	00	00	00	00	00	00	00	00	00	00	00	00	00	00	00	00	00
5.642	3D DATA	true	-	-	-	-	-77331.6	-81217.5	-78488.5	-83079.1	-96302.0	-77331.6	-81217.5	-78488.5	-83079.1	-96302.0	-	-	-	-	-
5.642	3D MESSAGE	48	00	C0	91	20	59	67	8C	6C	D2	89	3C	B0	08	97	C7	52	A0	9E	C7	6C	4B	99	C7	70	41	A2	C7	13	16	BC	C7	B0	08	97	C7	52	A0	9E	C7	6C	4B	99	C7	70	41	A2	C7	13	16	BC	C7	00	00	00	00	00	00	00	00	00	00	00	00	00	00	00	00	00	00	00	00
5.642	3D DATA	true	-	-	-	-	-77329.4	-81216.6	-78486.8	-83074.9	-96300.1	-77329.4	-81216.6	-78486.8	-83074.9	-96300.1	-	-	-	-	-
5.642	3D MESSAGE	48	00	C1	91	20	59	68	8C	6C	D2	89	3C	77	07	97	C7	E4	9F	9E	C7	84	4A	99	C7	16	3F	A2	C7	1B	15	BC	C7	77	07	97	C7	E4	9F	9E	C7	84	4A	99	C7	16	3F	A2	C7	1B	15	BC	C7	00	00	00	00	00	00	00	00	00	00	00	00	00	00	00	00	00	00	00	00
5.642	3D DATA	true	-	-	-	-	-77326.9	-81215.8	-78485.0	-83070.2	-96298.2	-77326.9	-81215.8	-78485.0	-83070.2	-96298.2	-	-	-	-	-
5.643	3D MESSAGE	48	00	C2	91	20	59	69	8C	6C	D2	89	3C	16	06	97	C7	70	9F	9E	C7	82	49	99	C7	6C	3C	A2	C7	0D	14	BC	C7	16	06	97	C7	70	9F	9E	C7	82	49	99	C7	6C	3C	A2	C7	0D	14	BC	C7	00	00	00	00	00	00	00	00	00	00	00	00	00	00	00	00	00	00	00	00
5.643	3D DATA	true	-	-	-	-	-77324.2	-81214.9	-78483.0	-83064.8	-96296.1	-77324.2	-81214.9	-78483.0	-83064.8	-96296.1	-	-	-	-	-
5.673	3D MESSAGE	48	00	C3	91	20	59	6A	8C	6C	D2	89	3C	87	04	97	C7	F1	9E	9E	C7	5C	48	99	C7	5C	39	A2	C7	E1	12	BC	C7	87	04	97	C7	F1	9E	9E	C7	5C	48	99	C7	5C	39	A2	C7	E1	12	BC	C7	00	00	00	00	00	00	00	00	00	00	00	00	00	00	00	00	00	00	00	00
5.673	3D DATA	true	-	-	-	-	-77321.1	-81213.9	-78480.7	-83058.7	-96293.8	-77321.1	-81213.9	-78480.7	-83058.7	-96293.8	-	-	-	-	-
5.674	3D MESSAGE	48	00	C4	91	20	59	6B	8C	6C	D2	89	3C	C4	02	97	C7	62	9E	9E	C7	07	47	99	C7	C8	35	A2	C7	8B	11	BC	C7	C4	02	97	C7	62	9E	9E	C7	07	47	99	C7	C8	35	A2	C7	8B	11	BC	C7	00	00	00	00	00	00	00	00	00	00	00	00	00	00	00	00	00	00	00	00
5.674	3D DATA	true	-	-	-	-	-77317.5	-81212.8	-78478.1	-83051.6	-96291.1	-77317.5	-81212.8	-78478.1	-83051.6	-96291.1	-	-	-	-	-
5.675	3D MESSAGE	48	00	C5	91	20	59	6C	8C	1E	7D	70	3F	C6	00	97	C7	BC	9D	9E	C7	74	45	99	C7	88	31	A2	C7	FE	0F	BC	C7	C6	00	97	C7	BC	9D	9E	C7	74	45	99	C7	88	31	A2	C7	FE	0F	BC	C7	00	00	00	00	00	00	00	00	00	00	00	00	00	00	00	00	00	00	00	00
5.675	3D DATA	true	-	-	-	-	-77313.5	-81211.5	-78474.9	-83043.1	-96288.0	-77313.5	-81211.5	-78474.9	-83043.1	-96288.0	-	-	-	-	-
5.675	3D MESSAGE	48	00	C6	91	20	59	6D	8C	1E	7D	70	3F	84	FE	96	C7	FE	9C	9E	C7	8E	43	99	C7	68	2C	A2	C7	2B	0E	BC	C7	84	FE	96	C7	FE	9C	9E	C7	8E	43	99	C7	68	2C	A2	C7	2B	0E	BC	C7	00	00	00	00	00	00	00	00	00	00	00	00	00	00	00	00	00	00	00	00
5.675	3D DATA	true	-	-	-	-	-77309.0	-81210.0	-78471.1	-83032.8	-96284.3	-77309.0	-81210.0	-78471.1	-83032.8	-96284.3	-	-	-	-	-
5.677	3D MESSAGE	48	00	C7	91	20	59	6E	8C	1E	7D	70	3F	F4	FB	96	C7	24	9C	9E	C7	3E	41	99	C7	19	26	A2	C7	03	0C	BC	C7	F4	FB	96	C7	24	9C	9E	C7	3E	41	99	C7	19	26	A2	C7	03	0C	BC	C7	00	00	00	00	00	00	00	00	00	00	00	00	00	00	00	00	00	00	00	00
5.677	3D DATA	true	-	-	-	-	-77303.9	-81208.3	-78466.5	-83020.2	-96280.0	-77303.9	-81208.3	-78466.5	-83020.2	-96280.0	-	-	-	-	-
5.677	3D MESSAGE	48	00	C8	91	20	59	6F	8C	1E	7D	70	3F	0B	F9	96	C7	2E	9B	9E	C7	64	3E	99	C7	28	1E	A2	C7	73	09	BC	C7	0B	F9	96	C7	2E	9B	9E	C7	64	3E	99	C7	28	1E	A2	C7	73	09	BC	C7	00	00	00	00	00	00	00	00	00	00	00	00	00	00	00	00	00	00	00	00
5.677	3D DATA	true	-	-	-	-	-77298.1	-81206.4	-78460.8	-83004.3	-96274.9	-77298.1	-81206.4	-78460.8	-83004.3	-96274.9	-	-	-	-	-
5.705	3D MESSAGE	48	00	C9	91	20	59	70	8C	1E	7D	70	3F	B6	F5	96	C7	19	9A	9E	C7	D6	3A	99	C7	E2	13	A2	C7	60	06	BC	C7	B6	F5	96	C7	19	9A	9E	C7	D6	3A	99	C7	E2	13	A2	C7	60	06	BC	C7	00	00	00	00	00	00	00	00	00	00	00	00	00	00	00	00	00	00	00	00
5.705	3D DATA	true	-	-	-	-	-77291.4	-81204.2	-78453.7	-82983.8	-96268.8	-77291.4	-81204.2	-78453.7	-82983.8	-96268.8	-	-	-	-	-
5.705	3D MESSAGE	48	00	CA	91	20	59	71	8C	1E	7D	70	3F	DA	F1	96	C7	DF	98	9E	C7	57	36	99	C7	46	06	A2	C7	A5	02	BC	C7	DA	F1	96	C7	DF	98	9E	C7	57	36	99	C7	46	06	A2	C7	A5	02	BC	C7	00	00	00	00	00	00	00	00	00	00	00	00	00	00	00	00	00	00	00	00
5.706	3D DATA	true	-	-	-	-	-77283.7	-81201.7	-78444.7	-82956.5	-96261.3	-77283.7	-81201.7	-78444.7	-82956.5	-96261.3	-	-	-	-	-
5.706	3D MESSAGE	48	00	CB	91	20	59	72	8C	1E	7D	70	3F	54	ED	96	C7	78	97	9E	C7	8B	30	99	C7	FC	F3	A1	C7	08	FE	BB	C7	54	ED	96	C7	78	97	9E	C7	8B	30	99	C7	FC	F3	A1	C7	08	FE	BB	C7	00	00	00	00	00	00	00	00	00	00	00	00	00	00	00	00	00	00	00	00
5.706	3D DATA	true	-	-	-	-	-77274.7	-81198.9	-78433.1	-82920.0	-96252.1	-77274.7	-81198.9	-78433.1	-82920.0	-96252.1	-	-	-	-	-
5.706	3D MESSAGE	48	00	CC	91	20	59	73	8C	1E	7D	70	3F	F1	E7	96	C7	D6	95	9E	C7	F4	28	99	C7	72	DB	A1	C7	3E	F8	BB	C7	F1	E7	96	C7	D6	95	9E	C7	F4	28	99	C7	72	DB	A1	C7	3E	F8	BB	C7	00	00	00	00	00	00	00	00	00	00	00	00	00	00	00	00	00	00	00	00
5.706	3D DATA	true	-	-	-	-	-77263.9	-81195.7	-78417.9	-82870.9	-96240.5	-77263.9	-81195.7	-78417.9	-82870.9	-96240.5	-	-	-	-	-
5.706	3D MESSAGE	48	00	CD	91	20	59	74	8C	1E	7D	70	3F	72	E1	96	C7	EE	93	9E	C7	F3	1E	99	C7	1D	BB	A1	C7	E1	F0	BB	C7	72	E1	96	C7	EE	93	9E	C7	F3	1E	99	C7	1D	BB	A1	C7	E1	F0	BB	C7	00	00	00	00	00	00	00	00	00	00	00	00	00	00	00	00	00	00	00	00
5.706	3D DATA	true	-	-	-	-	-77250.9	-81191.9	-78397.9	-82806.2	-96225.8	-77250.9	-81191.9	-78397.9	-82806.2	-96225.8	-	-	-	-	-
5.707	3D MESSAGE	48	00	CE	91	20	59	75	8C	1E	7D	70	3F	84	D9	96	C7	B2	91	9E	C7	DD	11	99	C7	F3	91	A1	C7	74	E7	BB	C7	84	D9	96	C7	B2	91	9E	C7	DD	11	99	C7	F3	91	A1	C7	74	E7	BB	C7	00	00	00	00	00	00	00	00	00	00	00	00	00	00	00	00	00	00	00	00
5.707	3D DATA	true	-	-	-	-	-77235.0	-81187.4	-78371.7	-82723.9	-96206.9	-77235.0	-81187.4	-78371.7	-82723.9	-96206.9	-	-	-	-	-
5.707	3D MESSAGE	48	00	CF	91	20	59	76	8C	1E	7D	70	3F	CB	CF	96	C7	1A	8F	9E	C7	1B	01	99	C7	FA	5F	A1	C7	6F	DB	BB	C7	CB	CF	96	C7	1A	8F	9E	C7	1B	01	99	C7	FA	5F	A1	C7	6F	DB	BB	C7	00	00	00	00	00	00	00	00	00	00	00	00	00	00	00	00	00	00	00	00
5.707	3D DATA	true	-	-	-	-	-77215.6	-81182.2	-78338.2	-82624.0	-96182.9	-77215.6	-81182.2	-78338.2	-82624.0	-96182.9	-	-	-	-	-
5.736	3D MESSAGE	48	00	D0	91	20	59	77	8C	1E	7D	70	3F	DD	C3	96	C7	1C	8C	9E	C7	54	EC	98	C7	CC	26	A1	C7	4B	CC	BB	C7	DD	C3	96	C7	1C	8C	9E	C7	54	EC	98	C7	CC	26	A1	C7	4B	CC	BB	C7	00	00	00	00	00	00	00	00	00	00	00	00	00	00	00	00	00	00	00	00
5.736	3D DATA	true	-	-	-	-	-77191.7	-81176.2	-78296.7	-82509.6	-96152.6	-77191.7	-81176.2	-78296.7	-82509.6	-96152.6	-	-	-	-	-
5.737	3D MESSAGE	48	00	D1	91	20	59	78	8C	1E	7D	70	3F	55	B5	96	C7	BA	88	9E	C7	94	D3	98	C7	D2	E9	A0	C7	9D	B9	BB	C7	55	B5	96	C7	BA	88	9E	C7	94	D3	98	C7	D2	E9	A0	C7	9D	B9	BB	C7	00	00	00	00	00	00	00	00	00	00	00	00	00	00	00	00	00	00	00	00
5.737	3D DATA	true	-	-	-	-	-77162.7	-81169.5	-78247.2	-82387.6	-96115.2	-77162.7	-81169.5	-78247.2	-82387.6	-96115.2	-	-	-	-	-
5.737	3D MESSAGE	48	00	D2	91	20	59	79	8C	1E	7D	70	3F	E0	A3	96	C7	F4	84	9E	C7	64	B7	98	C7	13	AE	A0	C7	34	A3	BB	C7	E0	A3	96	C7	F4	84	9E	C7	64	B7	98	C7	13	AE	A0	C7	34	A3	BB	C7	00	00	00	00	00	00	00	00	00	00	00	00	00	00	00	00	00	00	00	00
5.737	3D DATA	true	-	-	-	-	-77127.8	-81161.9	-78190.8	-82268.1	-96070.4	-77127.8	-81161.9	-78190.8	-82268.1	-96070.4	-	-	-	-	-
5.738	3D MESSAGE	48	00	D3	91	20	59	7A	8C	1E	7D	70	3F	5A	8F	96	C7	CF	80	9E	C7	D0	98	98	C7	7E	79	A0	C7	37	89	BB	C7	5A	8F	96	C7	CF	80	9E	C7	D0	98	98	C7	7E	79	A0	C7	37	89	BB	C7	00	00	00	00	00	00	00	00	00	00	00	00	00	00	00	00	00	00	00	00
5.738	3D DATA	true	-	-	-	-	-77086.7	-81153.6	-78129.6	-82163.0	-96018.4	-77086.7	-81153.6	-78129.6	-82163.0	-96018.4	-	-	-	-	-
5.738	3D MESSAGE	48	00	D4	91	20	59	7B	8C	1E	7D	70	3F	DC	77	96	C7	50	7C	9E	C7	40	79	98	C7	DC	51	A0	C7	34	6C	BB	C7	DC	77	96	C7	50	7C	9E	C7	40	79	98	C7	DC	51	A0	C7	34	6C	BB	C7	00	00	00	00	00	00	00	00	00	00	00	00	00	00	00	00	00	00	00	00
5.738	3D DATA	true	-	-	-	-	-77039.7	-81144.6	-78066.5	-82083.7	-95960.4	-77039.7	-81144.6	-78066.5	-82083.7	-95960.4	-	-	-	-	-
5.738	3D MESSAGE	48	00	D5	91	20	59	7C	8C	1E	7D	70	3F	D5	5D	96	C7	7C	77	9E	C7	46	5A	98	C7	A4	3B	A0	C7	26	4D	BB	C7	D5	5D	96	C7	7C	77	9E	C7	46	5A	98	C7	A4	3B	A0	C7	26	4D	BB	C7	00	00	00	00	00	00	00	00	00	00	00	00	00	00	00	00	00	00	00	00
5.738	3D DATA	true	-	-	-	-	-76987.7	-81135.0	-78004.5	-82039.3	-95898.3	-76987.7	-81135.0	-78004.5	-82039.3	-95898.3	-	-	-	-	-
5.769	3D MESSAGE	48	00	D6	91	20	59	7D	8C	1E	7D	70	3F	09	42	96	C7	55	72	9E	C7	65	3D	98	C7	06	39	A0	C7	5C	2D	BB	C7	09	42	96	C7	55	72	9E	C7	65	3D	98	C7	06	39	A0	C7	5C	2D	BB	C7	00	00	00	00	00	00	00	00	00	00	00	00	00	00	00	00	00	00	00	00
5.769	3D DATA	true	-	-	-	-	-76932.1	-81124.7	-77946.8	-82034.0	-95834.7	-76932.1	-81124.7	-77946.8	-82034.0	-95834.7	-	-	-	-	-
5.769	3D MESSAGE	4C	00	D7	91	22	59	7E	8C	00	00	00	80	1E	7D	70	3F	88	25	96	C7	D8	6C	9E	C7	D9	23	98	C7	83	49	A0	C7	54	0E	BB	C7	88	25	96	C7	D8	6C	9E	C7	D9	23	98	C7	83	49	A0	C7	54	0E	BB	C7	00	00	00	00	00	00	00	00	00	00	00	00	00	00	00	00	00	00	00	00
5.769	3D DATA	true	-	-	-	-	-76875.1	-81113.7	-77895.7	-82067.0	-95772.7	-76875.1	-81113.7	-77895.7	-82067.0	-95772.7	-	-	-	-	-
5.770	3D MESSAGE	48	00	D8	91	20	59	7F	8C	1E	7D	70	3F	8E	09	96	C7	FA	66	9E	C7	78	0E	98	C7	1D	6A	A0	C7	82	F1	BA	C7	8E	09	96	C7	FA	66	9E	C7	78	0E	98	C7	1D	6A	A0	C7	82	F1	BA	C7	00	00	00	00	00	00	00	00	00	00	00	00	00	00	00	00	00	00	00	00
5.770	3D DATA	true	-	-	-	-	-76819.1	-81102.0	-77852.9	-82132.2	-95715.0	-76819.1	-81102.0	-77852.9	-82132.2	-95715.0	-	-	-	-	-
5.770	3D MESSAGE	48	00	D9	91	20	59	80	8C	1E	7D	70	3F	5C	EF	95	C7	A4	60	9E	C7	B4	FD	97	C7	1B	96	A0	C7	20	D8	BA	C7	5C	EF	95	C7	A4	60	9E	C7	B4	FD	97	C7	1B	96	A0	C7	20	D8	BA	C7	00	00	00	00	00	00	00	00	00	00	00	00	00	00	00	00	00	00	00	00
5.770	3D DATA	true	-	-	-	-	-76766.7	-81089.3	-77819.4	-82220.2	-95664.2	-76766.7	-81089.3	-77819.4	-82220.2	-95664.2	-	-	-	-	-
5.770	3D MESSAGE	48	00	DA	91	20	59	81	8C	1E	7D	70	3F	12	D8	95	C7	B0	59	9E	C7	AC	F1	97	C7	1E	C8	A0	C7	07	C3	BA	C7	12	D8	95	C7	B0	59	9E	C7	AC	F1	97	C7	1E	C8	A0	C7	07	C3	BA	C7	00	00	00	00	00	00	00	00	00	00	00	00	00	00	00	00	00	00	00	00
5.770	3D DATA	true	-	-	-	-	-76720.1	-81075.4	-77795.3	-82320.2	-95622.1	-76720.1	-81075.4	-77795.3	-82320.2	-95622.1	-	-	-	-	-
5.771	3D MESSAGE	48	00	DB	91	20	59	82	8C	1E	7D	70	3F	8A	C4	95	C7	E1	51	9E	C7	5F	EA	97	C7	29	FB	A0	C7	AA	B2	BA	C7	8A	C4	95	C7	E1	51	9E	C7	5F	EA	97	C7	29	FB	A0	C7	AA	B2	BA	C7	00	00	00	00	00	00	00	00	00	00	00	00	00	00	00	00	00	00	00	00
5.771	3D DATA	true	-	-	-	-	-76681.1	-81059.8	-77780.7	-82422.3	-95589.3	-76681.1	-81059.8	-77780.7	-82422.3	-95589.3	-	-	-	-	-
5.771	3D MESSAGE	48	00	DC	91	20	59	83	8C	1E	7D	70	3F	4B	B5	95	C7	E1	48	9E	C7	C4	E7	97	C7	6B	2B	A1	C7	1C	A7	BA	C7	4B	B5	95	C7	E1	48	9E	C7	C4	E7	97	C7	6B	2B	A1	C7	1C	A7	BA	C7	00	00	00	00	00	00	00	00	00	00	00	00	00	00	00	00	00	00	00	00
5.771	3D DATA	true	-	-	-	-	-76650.6	-81041.8	-77775.5	-82518.8	-95566.2	-76650.6	-81041.8	-77775.5	-82518.8	-95566.2	-	-	-	-	-
5.796	3D MESSAGE	48	00	DD	91	20	59	84	8C	1E	7D	70	3F	84	AA	95	C7	42	3E	9E	C7	EA	E9	97	C7	8C	56	A1	C7	2F	A0	BA	C7	84	AA	95	C7	42	3E	9E	C7	EA	E9	97	C7	8C	56	A1	C7	2F	A0	BA	C7	00	00	00	00	00	00	00	00	00	00	00	00	00	00	00	00	00	00	00	00
5.796	3D DATA	true	-	-	-	-	-76629.0	-81020.5	-77779.8	-82605.1	-95552.4	-76629.0	-81020.5	-77779.8	-82605.1	-95552.4	-	-	-	-	-
5.797	3D MESSAGE	48	00	DE	91	20	59	85	8C	1E	7D	70	3F	1E	A4	95	C7	8A	31	9E	C7	F4	F0	97	C7	A0	7B	A1	C7	A0	9D	BA	C7	1E	A4	95	C7	8A	31	9E	C7	F4	F0	97	C7	A0	7B	A1	C7	A0	9D	BA	C7	00	00	00	00	00	00	00	00	00	00	00	00	00	00	00	00	00	00	00	00
5.797	3D DATA	true	-	-	-	-	-76616.2	-80995.1	-77793.9	-82679.2	-95547.2	-76616.2	-80995.1	-77793.9	-82679.2	-95547.2	-	-	-	-	-
5.797	3D MESSAGE	48	00	DF	91	20	59	86	8C	1E	7D	70	3F	CD	A1	95	C7	51	22	9E	C7	02	FD	97	C7	C4	9A	A1	C7	30	9F	BA	C7	CD	A1	95	C7	51	22	9E	C7	02	FD	97	C7	C4	9A	A1	C7	30	9F	BA	C7	00	00	00	00	00	00	00	00	00	00	00	00	00	00	00	00	00	00	00	00
5.797	3D DATA	true	-	-	-	-	-76611.6	-80964.6	-77818.0	-82741.5	-95550.4	-76611.6	-80964.6	-77818.0	-82741.5	-95550.4	-	-	-	-	-
5.797	3D MESSAGE	48	00	E0	91	20	59	87	8C	1E	7D	70	3F	2C	A3	95	C7	6A	10	9E	C7	0E	0E	98	C7	AE	B4	A1	C7	BC	A4	BA	C7	2C	A3	95	C7	6A	10	9E	C7	0E	0E	98	C7	AE	B4	A1	C7	BC	A4	BA	C7	00	00	00	00	00	00	00	00	00	00	00	00	00	00	00	00	00	00	00	00
5.797	3D DATA	true	-	-	-	-	-76614.3	-80928.8	-77852.1	-82793.4	-95561.5	-76614.3	-80928.8	-77852.1	-82793.4	-95561.5	-	-	-	-	-
5.798	3D MESSAGE	48	00	E1	91	20	59	88	8C	1E	7D	70	3F	D2	A7	95	C7	15	FC	9D	C7	C5	23	98	C7	4C	CA	A1	C7	3B	AE	BA	C7	D2	A7	95	C7	15	FC	9D	C7	C5	23	98	C7	4C	CA	A1	C7	3B	AE	BA	C7	00	00	00	00	00	00	00	00	00	00	00	00	00	00	00	00	00	00	00	00
5.798	3D DATA	true	-	-	-	-	-76623.6	-80888.2	-77895.5	-82836.6	-95580.5	-76623.6	-80888.2	-77895.5	-82836.6	-95580.5	-	-	-	-	-
5.829	3D MESSAGE	48	00	E2	91	20	59	89	8C	1E	7D	70	3F	5A	AF	95	C7	1C	E6	9D	C7	75	3D	98	C7	7F	DC	A1	C7	AC	BB	BA	C7	5A	AF	95	C7	1C	E6	9D	C7	75	3D	98	C7	7F	DC	A1	C7	AC	BB	BA	C7	00	00	00	00	00	00	00	00	00	00	00	00	00	00	00	00	00	00	00	00
5.829	3D DATA	true	-	-	-	-	-76638.7	-80844.2	-77946.9	-82873.0	-95607.3	-76638.7	-80844.2	-77946.9	-82873.0	-95607.3	-	-	-	-	-
5.829	3D MESSAGE	48	00	E3	91	20	59	8A	8C	1E	7D	70	3F	73	B9	95	C7	DF	CF	9D	C7	07	5A	98	C7	FE	EB	A1	C7	FE	CC	BA	C7	73	B9	95	C7	DF	CF	9D	C7	07	5A	98	C7	FE	EB	A1	C7	FE	CC	BA	C7	00	00	00	00	00	00	00	00	00	00	00	00	00	00	00	00	00	00	00	00
5.829	3D DATA	true	-	-	-	-	-76658.9	-80799.7	-78004.1	-82904.0	-95642.0	-76658.9	-80799.7	-78004.1	-82904.0	-95642.0	-	-	-	-	-
5.829	3D MESSAGE	48	00	E4	91	20	59	8B	8C	1E	7D	70	3F	E0	C5	95	C7	2E	BB	9D	C7	19	78	98	C7	54	F9	A1	C7	F4	E1	BA	C7	E0	C5	95	C7	2E	BB	9D	C7	19	78	98	C7	54	F9	A1	C7	F4	E1	BA	C7	00	00	00	00	00	00	00	00	00	00	00	00	00	00	00	00	00	00	00	00
5.829	3D DATA	true	-	-	-	-	-76683.8	-80758.4	-78064.2	-82930.7	-95683.9	-76683.8	-80758.4	-78064.2	-82930.7	-95683.9	-	-	-	-	-
5.830	3D MESSAGE	48	00	E5	91	20	59	8C	8C	1E	7D	70	3F	70	D4	95	C7	0A	AA	9D	C7	2E	96	98	C7	E7	04	A2	C7	16	FA	BA	C7	70	D4	95	C7	0A	AA	9D	C7	2E	96	98	C7	E7	04	A2	C7	16	FA	BA	C7	00	00	00	00	00	00	00	00	00	00	00	00	00	00	00	00	00	00	00	00
5.830	3D DATA	true	-	-	-	-	-76712.9	-80724.1	-78124.4	-82953.8	-95732.2	-76712.9	-80724.1	-78124.4	-82953.8	-95732.2	-	-	-	-	-
5.830	3D MESSAGE	48	00	E6	91	20	59	8D	8C	1E	7D	70	3F	FE	E4	95	C7	4C	9E	9D	C7	E0	B2	98	C7	04	0F	A2	C7	A8	14	BB	C7	FE	E4	95	C7	4C	9E	9D	C7	E0	B2	98	C7	04	0F	A2	C7	A8	14	BB	C7	00	00	00	00	00	00	00	00	00	00	00	00	00	00	00	00	00	00	00	00
5.830	3D DATA	true	-	-	-	-	-76746.0	-80700.6	-78181.8	-82974.0	-95785.3	-76746.0	-80700.6	-78181.8	-82974.0	-95785.3	-	-	-	-	-
5.830	3D MESSAGE	48	00	E7	91	20	59	8E	8C	1E	7D	70	3F	68	F7	95	C7	49	99	9D	C7	14	CD	98	C7	E2	17	A2	C7	BE	30	BB	C7	68	F7	95	C7	49	99	9D	C7	14	CD	98	C7	E2	17	A2	C7	BE	30	BB	C7	00	00	00	00	00	00	00	00	00	00	00	00	00	00	00	00	00	00	00	00
5.830	3D DATA	true	-	-	-	-	-76782.8	-80690.6	-78234.2	-82991.8	-95841.5	-76782.8	-80690.6	-78234.2	-82991.8	-95841.5	-	-	-	-	-
5.831	3D MESSAGE	48	00	E8	91	20	59	8F	8C	1E	7D	70	3F	7C	0B	96	C7	9B	9B	9D	C7	18	E4	98	C7	B0	1F	A2	C7	4D	4D	BB	C7	7C	0B	96	C7	9B	9B	9D	C7	18	E4	98	C7	B0	1F	A2	C7	4D	4D	BB	C7	00	00	00	00	00	00	00	00	00	00	00	00	00	00	00	00	00	00	00	00
5.831	3D DATA	true	-	-	-	-	-76823.0	-80695.2	-78280.2	-83007.4	-95898.6	-76823.0	-80695.2	-78280.2	-83007.4	-95898.6	-	-	-	-	-
5.859	3D MESSAGE	48	00	E9	91	20	59	90	8C	1E	7D	70	3F	F6	20	96	C7	03	A5	9D	C7	A8	F7	98	C7	8E	26	A2	C7	49	69	BB	C7	F6	20	96	C7	03	A5	9D	C7	A8	F7	98	C7	8E	26	A2	C7	49	69	BB	C7	00	00	00	00	00	00	00	00	00	00	00	00	00	00	00	00	00	00	00	00
5.859	3D DATA	true	-	-	-	-	-76865.9	-80714.0	-78319.3	-83021.1	-95954.6	-76865.9	-80714.0	-78319.3	-83021.1	-95954.6	-	-	-	-	-
5.860	3D MESSAGE	48	00	EA	91	20	59	91	8C	1E	7D	70	3F	71	37	96	C7	84	B4	9D	C7	DC	07	99	C7	99	2C	A2	C7	C6	83	BB	C7	71	37	96	C7	84	B4	9D	C7	DC	07	99	C7	99	2C	A2	C7	C6	83	BB	C7	00	00	00	00	00	00	00	00	00	00	00	00	00	00	00	00	00	00	00	00
5.860	3D DATA	true	-	-	-	-	-76910.9	-80745.0	-78351.7	-83033.2	-96007.5	-76910.9	-80745.0	-78351.7	-83033.2	-96007.5	-	-	-	-	-
5.860	3D MESSAGE	48	00	EB	91	20	59	92	8C	1E	7D	70	3F	6A	4E	96	C7	9B	C8	9D	C7	0F	15	99	C7	E8	31	A2	C7	0B	9C	BB	C7	6A	4E	96	C7	9B	C8	9D	C7	0F	15	99	C7	E8	31	A2	C7	0B	9C	BB	C7	00	00	00	00	00	00	00	00	00	00	00	00	00	00	00	00	00	00	00	00
5.860	3D DATA	true	-	-	-	-	-76956.8	-80785.2	-78378.1	-83043.8	-96056.1	-76956.8	-80785.2	-78378.1	-83043.8	-96056.1	-	-	-	-	-
5.860	3D MESSAGE	48	00	EC	91	20	59	93	8C	1E	7D	70	3F	46	65	96	C7	86	DF	9D	C7	BA	1F	99	C7	8E	36	A2	C7	9E	B1	BB	C7	46	65	96	C7	86	DF	9D	C7	BA	1F	99	C7	8E	36	A2	C7	9E	B1	BB	C7	00	00	00	00	00	00	00	00	00	00	00	00	00	00	00	00	00	00	00	00
5.860	3D DATA	true	-	-	-	-	-77002.5	-80831.0	-78399.5	-83053.1	-96099.2	-77002.5	-80831.0	-78399.5	-83053.1	-96099.2	-	-	-	-	-
5.861	3D MESSAGE	48	00	ED	91	20	59	94	8C	3C	09	0D	42	64	7B	96	C7	8E	F7	9D	C7	54	28	99	C7	9B	3A	A2	C7	48	C4	BB	C7	64	7B	96	C7	8E	F7	9D	C7	54	28	99	C7	9B	3A	A2	C7	48	C4	BB	C7	00	00	00	00	00	00	00	00	00	00	00	00	00	00	00	00	00	00	00	00
5.861	3D DATA	true	-	-	-	-	-77046.8	-80879.1	-78416.7	-83061.2	-96136.6	-77046.8	-80879.1	-78416.7	-83061.2	-96136.6	-	-	-	-	-
5.861	3D MESSAGE	48	00	EE	91	20	59	95	8C	3C	09	0D	42	2E	90	96	C7	35	0F	9E	C7	49	2F	99	C7	1B	3E	A2	C7	07	D4	BB	C7	2E	90	96	C7	35	0F	9E	C7	49	2F	99	C7	1B	3E	A2	C7	07	D4	BB	C7	00	00	00	00	00	00	00	00	00	00	00	00	00	00	00	00	00	00	00	00
5.861	3D DATA	true	-	-	-	-	-77088.4	-80926.4	-78430.6	-83068.2	-96168.1	-77088.4	-80926.4	-78430.6	-83068.2	-96168.1	-	-	-	-	-
5.891	3D MESSAGE	48	00	EF	91	20	59	96	8C	3C	09	0D	42	28	A3	96	C7	5F	25	9E	C7	EE	34	99	C7	1C	41	A2	C7	09	E1	BB	C7	28	A3	96	C7	5F	25	9E	C7	EE	34	99	C7	1C	41	A2	C7	09	E1	BB	C7	00	00	00	00	00	00	00	00	00	00	00	00	00	00	00	00	00	00	00	00
5.891	3D DATA	true	-	-	-	-	-77126.3	-80970.7	-78441.9	-83074.2	-96194.1	-77126.3	-80970.7	-78441.9	-83074.2	-96194.1	-	-	-	-	-
5.892	3D MESSAGE	48	00	F0	91	20	59	97	8C	3C	09	0D	42	04	B4	96	C7	53	39	9E	C7	83	39	99	C7	AA	43	A2	C7	99	EB	BB	C7	04	B4	96	C7	53	39	9E	C7	83	39	99	C7	AA	43	A2	C7	99	EB	BB	C7	00	00	00	00	00	00	00	00	00	00	00	00	00	00	00	00	00	00	00	00
5.892	3D DATA	true	-	-	-	-	-77160.0	-81010.6	-78451.0	-83079.3	-96215.2	-77160.0	-81010.6	-78451.0	-83079.3	-96215.2	-	-	-	-	-
5.893	3D MESSAGE	48	00	F1	91	20	59	98	8C	3C	09	0D	42	A1	C2	96	C7	B7	4A	9E	C7	40	3D	99	C7	D4	45	A2	C7	12	F4	BB	C7	A1	C2	96	C7	B7	4A	9E	C7	40	3D	99	C7	D4	45	A2	C7	12	F4	BB	C7	00	00	00	00	00	00	00	00	00	00	00	00	00	00	00	00	00	00	00	00
5.893	3D DATA	true	-	-	-	-	-77189.3	-81045.4	-78458.5	-83083.7	-96232.1	-77189.3	-81045.4	-78458.5	-83083.7	-96232.1	-	-	-	-	-
5.893	3D MESSAGE	48	00	F2	91	20	59	99	8C	3C	09	0D	42	0A	CF	96	C7	7A	59	9E	C7	51	40	99	C7	AC	47	A2	C7	D3	FA	BB	C7	0A	CF	96	C7	7A	59	9E	C7	51	40	99	C7	AC	47	A2	C7	D3	FA	BB	C7	00	00	00	00	00	00	00	00	00	00	00	00	00	00	00	00	00	00	00	00
5.893	3D DATA	true	-	-	-	-	-77214.1	-81075.0	-78464.6	-83087.3	-96245.6	-77214.1	-81075.0	-78464.6	-83087.3	-96245.6	-	-	-	-	-
5.894	3D MESSAGE	48	00	F3	91	20	59	9A	8C	3C	09	0D	42	6B	D9	96	C7	C6	65	9E	C7	DC	42	99	C7	41	49	A2	C7	36	00	BC	C7	6B	D9	96	C7	C6	65	9E	C7	DC	42	99	C7	41	49	A2	C7	36	00	BC	C7	00	00	00	00	00	00	00	00	00	00	00	00	00	00	00	00	00	00	00	00
5.894	3D DATA	true	-	-	-	-	-77234.8	-81099.5	-78469.7	-83090.5	-96256.4	-77234.8	-81099.5	-78469.7	-83090.5	-96256.4	-	-	-	-	-
5.894	3D MESSAGE	48	00	F4	91	20	59	9B	8C	3C	09	0D	42	01	E2	96	C7	E1	6F	9E	C7	00	45	99	C7	A3	4A	A2	C7	8B	04	BC	C7	01	E2	96	C7	E1	6F	9E	C7	00	45	99	C7	A3	4A	A2	C7	8B	04	BC	C7	00	00	00	00	00	00	00	00	00	00	00	00	00	00	00	00	00	00	00	00
5.894	3D DATA	true	-	-	-	-	-77252.0	-81119.8	-78474.0	-83093.3	-96265.1	-77252.0	-81119.8	-78474.0	-83093.3	-96265.1	-	-	-	-	-
5.923	3D MESSAGE	48	00	F5	91	20	59	9C	8C	3C	09	0D	42	13	E9	96	C7	21	78	9E	C7	D5	46	99	C7	E0	4B	A2	C7	12	08	BC	C7	13	E9	96	C7	21	78	9E	C7	D5	46	99	C7	E0	4B	A2	C7	12	08	BC	C7	00	00	00	00	00	00	00	00	00	00	00	00	00	00	00	00	00	00	00	00
5.923	3D DATA	true	-	-	-	-	-77266.1	-81136.3	-78477.7	-83095.8	-96272.1	-77266.1	-81136.3	-78477.7	-83095.8	-96272.1	-	-	-	-	-
5.924	3D MESSAGE	48	00	F6	91	20	59	9D	8C	3C	09	0D	42	E3	EE	96	C7	DA	7E	9E	C7	6B	48	99	C7	FE	4C	A2	C7	FB	0A	BC	C7	E3	EE	96	C7	DA	7E	9E	C7	6B	48	99	C7	FE	4C	A2	C7	FB	0A	BC	C7	00	00	00	00	00	00	00	00	00	00	00	00	00	00	00	00	00	00	00	00
5.924	3D DATA	true	-	-	-	-	-77277.8	-81149.7	-78480.8	-83098.0	-96278.0	-77277.8	-81149.7	-78480.8	-83098.0	-96278.0	-	-	-	-	-
5.924	3D MESSAGE	48	00	F7	91	20	59	9E	8C	3C	09	0D	42	AE	F3	96	C7	58	84	9E	C7	CC	49	99	C7	02	4E	A2	C7	6B	0D	BC	C7	AE	F3	96	C7	58	84	9E	C7	CC	49	99	C7	02	4E	A2	C7	6B	0D	BC	C7	00	00	00	00	00	00	00	00	00	00	00	00	00	00	00	00	00	00	00	00
5.924	3D DATA	true	-	-	-	-	-77287.4	-81160.7	-78483.6	-83100.0	-96282.8	-77287.4	-81160.7	-78483.6	-83100.0	-96282.8	-	-	-	-	-
5.925	3D MESSAGE	48	00	F8	91	20	59	9F	8C	3C	09	0D	42	A5	F7	96	C7	D8	88	9E	C7	FF	4A	99	C7	EC	4E	A2	C7	79	0F	BC	C7	A5	F7	96	C7	D8	88	9E	C7	FF	4A	99	C7	EC	4E	A2	C7	79	0F	BC	C7	00	00	00	00	00	00	00	00	00	00	00	00	00	00	00	00	00	00	00	00
5.925	3D DATA	true	-	-	-	-	-77295.3	-81169.7	-78486.0	-83101.8	-96286.9	-77295.3	-81169.7	-78486.0	-83101.8	-96286.9	-	-	-	-	-
5.925	3D MESSAGE	48	00	F9	91	20	59	A0	8C	3C	09	0D	42	F4	FA	96	C7	8B	8C	9E	C7	08	4C	99	C7	BA	4F	A2	C7	36	11	BC	C7	F4	FA	96	C7	8B	8C	9E	C7	08	4C	99	C7	BA	4F	A2	C7	36	11	BC	C7	00	00	00	00	00	00	00	00	00	00	00	00	00	00	00	00	00	00	00	00
5.925	3D DATA	true	-	-	-	-	-77301.9	-81177.1	-78488.1	-83103.5	-96290.4	-77301.9	-81177.1	-78488.1	-83103.5	-96290.4	-	-	-	-	-
5.926	3D MESSAGE	48	00	FA	91	20	59	A1	8C	3C	09	0D	42	BE	FD	96	C7	99	8F	9E	C7	ED	4C	99	C7	6F	50	A2	C7	B0	12	BC	C7	BE	FD	96	C7	99	8F	9E	C7	ED	4C	99	C7	6F	50	A2	C7	B0	12	BC	C7	00	00	00	00	00	00	00	00	00	00	00	00	00	00	00	00	00	00	00	00
5.926	3D DATA	true	-	-	-	-	-77307.5	-81183.2	-78489.9	-83104.9	-96293.4	-77307.5	-81183.2	-78489.9	-83104.9	-96293.4	-	-	-	-	-
5.926	3D MESSAGE	48	00	FB	91	20	59	A2	8C	3C	09	0D	42	1F	00	97	C7	24	92	9E	C7	B6	4D	99	C7	0D	51	A2	C7	F3	13	BC	C7	1F	00	97	C7	24	92	9E	C7	B6	4D	99	C7	0D	51	A2	C7	F3	13	BC	C7	00	00	00	00	00	00	00	00	00	00	00	00	00	00	00	00	00	00	00	00
5.926	3D DATA	true	-	-	-	-	-77312.2	-81188.3	-78491.4	-83106.1	-96295.9	-77312.2	-81188.3	-78491.4	-83106.1	-96295.9	-	-	-	-	-
5.952	3D MESSAGE	48	00	FC	91	20	59	A3	8C	3C	09	0D	42	2C	02	97	C7	47	94	9E	C7	68	4E	99	C7	9A	51	A2	C7	0B	15	BC	C7	2C	02	97	C7	47	94	9E	C7	68	4E	99	C7	9A	51	A2	C7	0B	15	BC	C7	00	00	00	00	00	00	00	00	00	00	00	00	00	00	00	00	00	00	00	00
5.952	3D DATA	true	-	-	-	-	-77316.3	-81192.6	-78492.8	-83107.2	-96298.1	-77316.3	-81192.6	-78492.8	-83107.2	-96298.1	-	-	-	-	-
5.953	3D MESSAGE	48	00	FD	91	20	59	A4	8C	3C	09	0D	42	F8	03	97	C7	1B	96	9E	C7	0C	4F	99	C7	1F	52	A2	C7	04	16	BC	C7	F8	03	97	C7	1B	96	9E	C7	0C	4F	99	C7	1F	52	A2	C7	04	16	BC	C7	00	00	00	00	00	00	00	00	00	00	00	00	00	00	00	00	00	00	00	00
5.953	3D DATA	true	-	-	-	-	-77319.9	-81196.2	-78494.1	-83108.2	-96300.0	-77319.9	-81196.2	-78494.1	-83108.2	-96300.0	-	-	-	-	-
5.953	3D MESSAGE	48	00	FE	91	20	59	A5	8C	3C	09	0D	42	8D	05	97	C7	B2	97	9E	C7	A5	4F	99	C7	A3	52	A2	C7	E7	16	BC	C7	8D	05	97	C7	B2	97	9E	C7	A5	4F	99	C7	A3	52	A2	C7	E7	16	BC	C7	00	00	00	00	00	00	00	00	00	00	00	00	00	00	00	00	00	00	00	00
5.953	3D DATA	true	-	-	-	-	-77323.1	-81199.4	-78495.3	-83109.3	-96301.8	-77323.1	-81199.4	-78495.3	-83109.3	-96301.8	-	-	-	-	-
5.953	3D MESSAGE	48	00	FF	91	20	59	A6	8C	3C	09	0D	42	F7	06	97	C7	1A	99	9E	C7	36	50	99	C7	2C	53	A2	C7	BD	17	BC	C7	F7	06	97	C7	1A	99	9E	C7	36	50	99	C7	2C	53	A2	C7	BD	17	BC	C7	00	00	00	00	00	00	00	00	00	00	00	00	00	00	00	00	00	00	00	00
5.953	3D DATA	true	-	-	-	-	-77325.9	-81202.2	-78496.4	-83110.3	-96303.5	-77325.9	-81202.2	-78496.4	-83110.3	-96303.5	-	-	-	-	-
5.954	3D MESSAGE	48	00	00	91	20	59	A7	8C	3C	09	0D	42	3C	08	97	C7	5E	9A	9E	C7	BD	50	99	C7	BC	53	A2	C7	8A	18	BC	C7	3C	08	97	C7	5E	9A	9E	C7	BD	50	99	C7	BC	53	A2	C7	8A	18	BC	C7	00	00	00	00	00	00	00	00	00	00	00	00	00	00	00	00	00	00	00	00
5.954	3D DATA	true	-	-	-	-	-77328.5	-81204.7	-78497.5	-83111.5	-96305.1	-77328.5	-81204.7	-78497.5	-83111.5	-96305.1	-	-	-	-	-
5.988	3D MESSAGE	48	00	01	91	20	59	A8	8C	3C	09	0D	42	62	09	97	C7	82	9B	9E	C7	39	51	99	C7	51	54	A2	C7	4F	19	BC	C7	62	09	97	C7	82	9B	9E	C7	39	51	99	C7	51	54	A2	C7	4F	19	BC	C7	00	00	00	00	00	00	00	00	00	00	00	00	00	00	00	00	00	00	00	00
5.988	3D DATA	true	-	-	-	-	-77330.8	-81207.0	-78498.4	-83112.6	-96306.6	-77330.8	-81207.0	-78498.4	-83112.6	-96306.6	-	-	-	-	-
5.988	3D MESSAGE	48	00	02	91	20	59	A9	8C	3C	09	0D	42	6E	0A	97	C7	89	9C	9E	C7	A8	51	99	C7	E4	54	A2	C7	08	1A	BC	C7	6E	0A	97	C7	89	9C	9E	C7	A8	51	99	C7	E4	54	A2	C7	08	1A	BC	C7	00	00	00	00	00	00	00	00	00	00	00	00	00	00	00	00	00	00	00	00
5.988	3D DATA	true	-	-	-	-	-77332.9	-81209.1	-78499.3	-83113.8	-96308.1	-77332.9	-81209.1	-78499.3	-83113.8	-96308.1	-	-	-	-	-
5.989	3D MESSAGE	48	00	03	91	20	59	AA	8C	3C	09	0D	42	61	0B	97	C7	74	9D	9E	C7	09	52	99	C7	6F	55	A2	C7	B2	1A	BC	C7	61	0B	97	C7	74	9D	9E	C7	09	52	99	C7	6F	55	A2	C7	B2	1A	BC	C7	00	00	00	00	00	00	00	00	00	00	00	00	00	00	00	00	00	00	00	00
5.989	3D DATA	true	-	-	-	-	-77334.8	-81210.9	-78500.1	-83114.9	-96309.4	-77334.8	-81210.9	-78500.1	-83114.9	-96309.4	-	-	-	-	-
5.989	3D MESSAGE	48	00	04	91	20	59	AB	8C	3C	09	0D	42	3C	0C	97	C7	42	9E	9E	C7	5C	52	99	C7	E9	55	A2	C7	47	1B	BC	C7	3C	0C	97	C7	42	9E	9E	C7	5C	52	99	C7	E9	55	A2	C7	47	1B	BC	C7	00	00	00	00	00	00	00	00	00	00	00	00	00	00	00	00	00	00	00	00
5.989	3D DATA	true	-	-	-	-	-77336.5	-81212.5	-78500.7	-83115.8	-96310.6	-77336.5	-81212.5	-78500.7	-83115.8	-96310.6	-	-	-	-	-
5.990	3D MESSAGE	48	00	05	91	20	59	AC	8C	3C	09	0D	42	00	0D	97	C7	F4	9E	9E	C7	A3	52	99	C7	4C	56	A2	C7	C4	1B	BC	C7	00	0D	97	C7	F4	9E	9E	C7	A3	52	99	C7	4C	56	A2	C7	C4	1B	BC	C7	00	00	00	00	00	00	00	00	00	00	00	00	00	00	00	00	00	00	00	00
5.990	3D DATA	true	-	-	-	-	-77338.0	-81213.9	-78501.3	-83116.6	-96311.5	-77338.0	-81213.9	-78501.3	-83116.6	-96311.5	-	-	-	-	-
5.990	3D MESSAGE	4C	00	06	91	22	59	AD	8C	00	00	00	00	3C	09	0D	42	AD	0D	97	C7	89	9F	9E	C7	E0	52	99	C7	96	56	A2	C7	26	1C	BC	C7	AD	0D	97	C7	89	9F	9E	C7	E0	52	99	C7	96	56	A2	C7	26	1C	BC	C7	00	00	00	00	00	00	00	00	00	00	00	00	00	00	00	00	00	00	00	00
5.990	3D DATA	true	-	-	-	-	-77339.4	-81215.1	-78501.8	-83117.2	-96312.3	-77339.4	-81215.1	-78501.8	-83117.2	-96312.3	-	-	-	-	-
5.991	3D MESSAGE	48	00	07	91	20	59	AE	8C	3C	09	0D	42	45	0E	97	C7	04	A0	9E	C7	12	53	99	C7	C9	56	A2	C7	6E	1C	BC	C7	45	0E	97	C7	04	A0	9E	C7	12	53	99	C7	C9	56	A2	C7	6E	1C	BC	C7	00	00	00	00	00	00	00	00	00	00	00	00	00	00	00	00	00	00	00	00
5.991	3D DATA	true	-	-	-	-	-77340.5	-81216.0	-78502.1	-83117.6	-96312.9	-77340.5	-81216.0	-78502.1	-83117.6	-96312.9	-	-	-	-	-
5.991	3D MESSAGE	48	00	08	91	20	59	AF	8C	3C	09	0D	42	C9	0E	97	C7	66	A0	9E	C7	3A	53	99	C7	E8	56	A2	C7	9E	1C	BC	C7	C9	0E	97	C7	66	A0	9E	C7	3A	53	99	C7	E8	56	A2	C7	9E	1C	BC	C7	00	00	00	00	00	00	00	00	00	00	00	00	00	00	00	00	00	00	00	00
5.991	3D DATA	true	-	-	-	-	-77341.6	-81216.8	-78502.5	-83117.8	-96313.2	-77341.6	-81216.8	-78502.5	-83117.8	-96313.2	-	-	-	-	-
6.015	3D MESSAGE	48	00	09	91	20	59	B0	8C	3C	09	0D	42	3C	0F	97	C7	B2	A0	9E	C7	55	53	99	C7	F8	56	A2	C7	B9	1C	BC	C7	3C	0F	97	C7	B2	A0	9E	C7	55	53	99	C7	F8	56	A2	C7	B9	1C	BC	C7	00	00	00	00	00	00	00	00	00	00	00	00	00	00	00	00	00	00	00	00
6.015	3D DATA	true	-	-	-	-	-77342.5	-81217.4	-78502.7	-83117.9	-96313.4	-77342.5	-81217.4	-78502.7	-83117.9	-96313.4	-	-	-	-	-
6.015	3D MESSAGE	48	00	0A	91	20	59	B1	8C	3C	09	0D	42	A1	0F	97	C7	EC	A0	9E	C7	62	53	99	C7	01	57	A2	C7	C4	1C	BC	C7	A1	0F	97	C7	EC	A0	9E	C7	62	53	99	C7	01	57	A2	C7	C4	1C	BC	C7	00	00	00	00	00	00	00	00	00	00	00	00	00	00	00	00	00	00	00	00
6.015	3D DATA	true	-	-	-	-	-77343.3	-81217.8	-78502.8	-83118.0	-96313.5	-77343.3	-81217.8	-78502.8	-83118.0	-96313.5	-	-	-	-	-
6.016	3D MESSAGE	48	00	0B	91	20	59	B2	8C	3C	09	0D	42	F7	0F	97	C7	19	A1	9E	C7	60	53	99	C7	06	57	A2	C7	C7	1C	BC	C7	F7	0F	97	C7	19	A1	9E	C7	60	53	99	C7	06	57	A2	C7	C7	1C	BC	C7	00	00	00	00	00	00	00	00	00	00	00	00	00	00	00	00	00	00	00	00
6.016	3D DATA	true	-	-	-	-	-77343.9	-81218.2	-78502.8	-83118.0	-96313.6	-77343.9	-81218.2	-78502.8	-83118.0	-96313.6	-	-	-	-	-
6.016	3D MESSAGE	48	00	0C	91	20	59	B3	8C	3C	09	0D	42	40	10	97	C7	3E	A1	9E	C7	54	53	99	C7	0A	57	A2	C7	C8	1C	BC	C7	40	10	97	C7	3E	A1	9E	C7	54	53	99	C7	0A	57	A2	C7	C8	1C	BC	C7	00	00	00	00	00	00	00	00	00	00	00	00	00	00	00	00	00	00	00	00
6.016	3D DATA	true	-	-	-	-	-77344.5	-81218.5	-78502.7	-83118.1	-96313.6	-77344.5	-81218.5	-78502.7	-83118.1	-96313.6	-	-	-	-	-
6.016	3D MESSAGE	48	00	0D	91	20	59	B4	8C	3C	09	0D	42	7D	10	97	C7	61	A1	9E	C7	41	53	99	C7	0F	57	A2	C7	D0	1C	BC	C7	7D	10	97	C7	61	A1	9E	C7	41	53	99	C7	0F	57	A2	C7	D0	1C	BC	C7	00	00	00	00	00	00	00	00	00	00	00	00	00	00	00	00	00	00	00	00
6.016	3D DATA	true	-	-	-	-	-77345.0	-81218.8	-78502.5	-83118.1	-96313.6	-77345.0	-81218.8	-78502.5	-83118.1	-96313.6	-	-	-	-	-
6.046	3D MESSAGE	48	00	0E	91	20	59	B5	8C	3C	09	0D	42	AF	10	97	C7	88	A1	9E	C7	2D	53	99	C7	15	57	A2	C7	E4	1C	BC	C7	AF	10	97	C7	88	A1	9E	C7	2D	53	99	C7	15	57	A2	C7	E4	1C	BC	C7	00	00	00	00	00	00	00	00	00	00	00	00	00	00	00	00	00	00	00	00
6.046	3D DATA	true	-	-	-	-	-77345.4	-81219.1	-78502.4	-83118.2	-96313.8	-77345.4	-81219.1	-78502.4	-83118.2	-96313.8	-	-	-	-	-
6.047	3D MESSAGE	48	00	0F	91	20	59	B6	8C	3C	09	0D	42	DB	10	97	C7	B5	A1	9E	C7	1E	53	99	C7	1E	57	A2	C7	06	1D	BC	C7	DB	10	97	C7	B5	A1	9E	C7	1E	53	99	C7	1E	57	A2	C7	06	1D	BC	C7	00	00	00	00	00	00	00	00	00	00	00	00	00	00	00	00	00	00	00	00
6.047	3D DATA	true	-	-	-	-	-77345.7	-81219.4	-78502.2	-83118.2	-96314.0	-77345.7	-81219.4	-78502.2	-83118.2	-96314.0	-	-	-	-	-
6.047	3D MESSAGE	48	00	10	91	20	59	B7	8C	3C	09	0D	42	05	11	97	C7	EA	A1	9E	C7	19	53	99	C7	2C	57	A2	C7	35	1D	BC	C7	05	11	97	C7	EA	A1	9E	C7	19	53	99	C7	2C	57	A2	C7	35	1D	BC	C7	00	00	00	00	00	00	00	00	00	00	00	00	00	00	00	00	00	00	00	00
6.047	3D DATA	true	-	-	-	-	-77346.0	-81219.8	-78502.2	-83118.3	-96314.4	-77346.0	-81219.8	-78502.2	-83118.3	-96314.4	-	-	-	-	-
6.047	3D MESSAGE	48	00	11	91	20	59	B8	8C	3C	09	0D	42	33	11	97	C7	25	A2	9E	C7	1E	53	99	C7	3F	57	A2	C7	6C	1D	BC	C7	33	11	97	C7	25	A2	9E	C7	1E	53	99	C7	3F	57	A2	C7	6C	1D	BC	C7	00	00	00	00	00	00	00	00	00	00	00	00	00	00	00	00	00	00	00	00
6.047	3D DATA	true	-	-	-	-	-77346.4	-81220.3	-78502.2	-83118.5	-96314.8	-77346.4	-81220.3	-78502.2	-83118.5	-96314.8	-	-	-	-	-
6.047	3D MESSAGE	48	00	12	91	20	59	B9	8C	3C	09	0D	42	67	11	97	C7	63	A2	9E	C7	2F	53	99	C7	56	57	A2	C7	A2	1D	BC	C7	67	11	97	C7	63	A2	9E	C7	2F	53	99	C7	56	57	A2	C7	A2	1D	BC	C7	00	00	00	00	00	00	00	00	00	00	00	00	00	00	00	00	00	00	00	00
6.047	3D DATA	true	-	-	-	-	-77346.8	-81220.8	-78502.4	-83118.7	-96315.3	-77346.8	-81220.8	-78502.4	-83118.7	-96315.3	-	-	-	-	-
6.048	3D MESSAGE	48	00	13	91	20	59	BA	8C	3C	09	0D	42	A2	11	97	C7	A1	A2	9E	C7	49	53	99	C7	72	57	A2	C7	D2	1D	BC	C7	A2	11	97	C7	A1	A2	9E	C7	49	53	99	C7	72	57	A2	C7	D2	1D	BC	C7	00	00	00	00	00	00	00	00	00	00	00	00	00	00	00	00	00	00	00	00
6.048	3D DATA	true	-	-	-	-	-77347.3	-81221.3	-78502.6	-83118.9	-96315.6	-77347.3	-81221.3	-78502.6	-83118.9	-96315.6	-	-	-	-	-
6.048	3D MESSAGE	48	00	14	91	20	59	BB	8C	3C	09	0D	42	E2	11	97	C7	DC	A2	9E	C7	6C	53	99	C7	91	57	A2	C7	F6	1D	BC	C7	E2	11	97	C7	DC	A2	9E	C7	6C	53	99	C7	91	57	A2	C7	F6	1D	BC	C7	00	00	00	00	00	00	00	00	00	00	00	00	00	00	00	00	00	00	00	00
6.048	3D DATA	true	-	-	-	-	-77347.8	-81221.7	-78502.8	-83119.1	-96315.9	-77347.8	-81221.7	-78502.8	-83119.1	-96315.9	-	-	-	-	-
6.079	3D MESSAGE	48	00	15	91	20	59	BC	8C	38	A1	EF	3D	24	12	97	C7	12	A3	9E	C7	96	53	99	C7	B0	57	A2	C7	0F	1E	BC	C7	24	12	97	C7	12	A3	9E	C7	96	53	99	C7	B0	57	A2	C7	0F	1E	BC	C7	00	00	00	00	00	00	00	00	00	00	00	00	00	00	00	00	00	00	00	00
6.079	3D DATA	true	-	-	-	-	-77348.3	-81222.1	-78503.2	-83119.4	-96316.1	-77348.3	-81222.1	-78503.2	-83119.4	-96316.1	-	-	-	-	-
6.080	3D MESSAGE	48	00	16	91	20	59	BD	8C	38	A1	EF	3D	63	12	97	C7	44	A3	9E	C7	C7	53	99	C7	CD	57	A2	C7	22	1E	BC	C7	63	12	97	C7	44	A3	9E	C7	C7	53	99	C7	CD	57	A2	C7	22	1E	BC	C7	00	00	00	00	00	00	00	00	00	00	00	00	00	00	00	00	00	00	00	00
6.080	3D DATA	true	-	-	-	-	-77348.8	-81222.5	-78503.6	-83119.6	-96316.3	-77348.8	-81222.5	-78503.6	-83119.6	-96316.3	-	-	-	-	-
6.080	3D MESSAGE	48	00	17	91	20	59	BE	8C	38	A1	EF	3D	9E	12	97	C7	70	A3	9E	C7	FE	53	99	C7	E7	57	A2	C7	36	1E	BC	C7	9E	12	97	C7	70	A3	9E	C7	FE	53	99	C7	E7	57	A2	C7	36	1E	BC	C7	00	00	00	00	00	00	00	00	00	00	00	00	00	00	00	00	00	00	00	00
6.080	3D DATA	true	-	-	-	-	-77349.2	-81222.9	-78504.0	-83119.8	-96316.4	-77349.2	-81222.9	-78504.0	-83119.8	-96316.4	-	-	-	-	-
6.080	3D MESSAGE	48	00	18	91	20	59	BF	8C	38	A1	EF	3D	D4	12	97	C7	99	A3	9E	C7	37	54	99	C7	FE	57	A2	C7	50	1E	BC	C7	D4	12	97	C7	99	A3	9E	C7	37	54	99	C7	FE	57	A2	C7	50	1E	BC	C7	00	00	00	00	00	00	00	00	00	00	00	00	00	00	00	00	00	00	00	00
6.080	3D DATA	true	-	-	-	-	-77349.7	-81223.2	-78504.4	-83120.0	-96316.6	-77349.7	-81223.2	-78504.4	-83120.0	-96316.6	-	-	-	-	-
6.080	3D MESSAGE	48	00	19	91	20	59	C0	8C	38	A1	EF	3D	04	13	97	C7	BE	A3	9E	C7	70	54	99	C7	13	58	A2	C7	76	1E	BC	C7	04	13	97	C7	BE	A3	9E	C7	70	54	99	C7	13	58	A2	C7	76	1E	BC	C7	00	00	00	00	00	00	00	00	00	00	00	00	00	00	00	00	00	00	00	00
6.080	3D DATA	true	-	-	-	-	-77350.0	-81223.5	-78504.9	-83120.1	-96316.9	-77350.0	-81223.5	-78504.9	-83120.1	-96316.9	-	-	-	-	-
6.081	3D MESSAGE	48	00	1A	91	20	59	C1	8C	38	A1	EF	3D	30	13	97	C7	E0	A3	9E	C7	A4	54	99	C7	28	58	A2	C7	AB	1E	BC	C7	30	13	97	C7	E0	A3	9E	C7	A4	54	99	C7	28	58	A2	C7	AB	1E	BC	C7	00	00	00	00	00	00	00	00	00	00	00	00	00	00	00	00	00	00	00	00
6.081	3D DATA	true	-	-	-	-	-77350.4	-81223.8	-78505.3	-83120.3	-96317.3	-77350.4	-81223.8	-78505.3	-83120.3	-96317.3	-	-	-	-	-
6.081	3D MESSAGE	48	00	1B	91	20	59	C2	8C	38	A1	EF	3D	5A	13	97	C7	02	A4	9E	C7	D0	54	99	C7	40	58	A2	C7	EB	1E	BC	C7	5A	13	97	C7	02	A4	9E	C7	D0	54	99	C7	40	58	A2	C7	EB	1E	BC	C7	00	00	00	00	00	00	00	00	00	00	00	00	00	00	00	00	00	00	00	00
6.081	3D DATA	true	-	-	-	-	-77350.7	-81224.0	-78505.6	-83120.5	-96317.8	-77350.7	-81224.0	-78505.6	-83120.5	-96317.8	-	-	-	-	-
6.125	3D MESSAGE	48	00	1C	91	20	59	C3	8C	38	A1	EF	3D	81	13	97	C7	24	A4	9E	C7	F4	54	99	C7	5C	58	A2	C7	32	1F	BC	C7	81	13	97	C7	24	A4	9E	C7	F4	54	99	C7	5C	58	A2	C7	32	1F	BC	C7	00	00	00	00	00	00	00	00	00	00	00	00	00	00	00	00	00	00	00	00
6.125	3D DATA	true	-	-	-	-	-77351.0	-81224.3	-78505.9	-83120.7	-96318.4	-77351.0	-81224.3	-78505.9	-83120.7	-96318.4	-	-	-	-	-
6.141	3D MESSAGE	48	00	1D	91	20	59	C4	8C	38	A1	EF	3D	A5	13	97	C7	48	A4	9E	C7	11	55	99	C7	7D	58	A2	C7	7A	1F	BC	C7	A5	13	97	C7	48	A4	9E	C7	11	55	99	C7	7D	58	A2	C7	7A	1F	BC	C7	00	00	00	00	00	00	00	00	00	00	00	00	00	00	00	00	00	00	00	00
6.141	3D DATA	true	-	-	-	-	-77351.3	-81224.6	-78506.1	-83121.0	-96319.0	-77351.3	-81224.6	-78506.1	-83121.0	-96319.0	-	-	-	-	-
6.142	3D MESSAGE	48	00	1E	91	20	59	C5	8C	38	A1	EF	3D	C4	13	97	C7	70	A4	9E	C7	28	55	99	C7	A4	58	A2	C7	BB	1F	BC	C7	C4	13	97	C7	70	A4	9E	C7	28	55	99	C7	A4	58	A2	C7	BB	1F	BC	C7	00	00	00	00	00	00	00	00	00	00	00	00	00	00	00	00	00	00	00	00
6.142	3D DATA	true	-	-	-	-	-77351.5	-81224.9	-78506.3	-83121.3	-96319.5	-77351.5	-81224.9	-78506.3	-83121.3	-96319.5	-	-	-	-	-
6.142	3D MESSAGE	48	00	1F	91	20	59	C6	8C	38	A1	EF	3D	DD	13	97	C7	9D	A4	9E	C7	3D	55	99	C7	CD	58	A2	C7	EF	1F	BC	C7	DD	13	97	C7	9D	A4	9E	C7	3D	55	99	C7	CD	58	A2	C7	EF	1F	BC	C7	00	00	00	00	00	00	00	00	00	00	00	00	00	00	00	00	00	00	00	00
6.142	3D DATA	true	-	-	-	-	-77351.7	-81225.2	-78506.5	-83121.6	-96319.9	-77351.7	-81225.2	-78506.5	-83121.6	-96319.9	-	-	-	-	-
6.142	3D MESSAGE	48	00	20	91	20	59	C7	8C	38	A1	EF	3D	F0	13	97	C7	CA	A4	9E	C7	51	55	99	C7	F8	58	A2	C7	14	20	BC	C7	F0	13	97	C7	CA	A4	9E	C7	51	55	99	C7	F8	58	A2	C7	14	20	BC	C7	00	00	00	00	00	00	00	00	00	00	00	00	00	00	00	00	00	00	00	00
6.142	3D DATA	true	-	-	-	-	-77351.9	-81225.6	-78506.6	-83121.9	-96320.2	-77351.9	-81225.6	-78506.6	-83121.9	-96320.2	-	-	-	-	-
6.143	3D MESSAGE	48	00	21	91	20	59	C8	8C	38	A1	EF	3D	FF	13	97	C7	F7	A4	9E	C7	65	55	99	C7	1F	59	A2	C7	2A	20	BC	C7	FF	13	97	C7	F7	A4	9E	C7	65	55	99	C7	1F	59	A2	C7	2A	20	BC	C7	00	00	00	00	00	00	00	00	00	00	00	00	00	00	00	00	00	00	00	00
6.143	3D DATA	true	-	-	-	-	-77352.0	-81225.9	-78506.8	-83122.2	-96320.3	-77352.0	-81225.9	-78506.8	-83122.2	-96320.3	-	-	-	-	-
6.143	3D MESSAGE	48	00	22	91	20	59	C9	8C	38	A1	EF	3D	0C	14	97	C7	1D	A5	9E	C7	76	55	99	C7	42	59	A2	C7	34	20	BC	C7	0C	14	97	C7	1D	A5	9E	C7	76	55	99	C7	42	59	A2	C7	34	20	BC	C7	00	00	00	00	00	00	00	00	00	00	00	00	00	00	00	00	00	00	00	00
6.143	3D DATA	true	-	-	-	-	-77352.1	-81226.2	-78506.9	-83122.5	-96320.4	-77352.1	-81226.2	-78506.9	-83122.5	-96320.4	-	-	-	-	-
6.143	3D MESSAGE	48	00	23	91	20	59	CA	8C	38	A1	EF	3D	1C	14	97	C7	3A	A5	9E	C7	86	55	99	C7	5E	59	A2	C7	36	20	BC	C7	1C	14	97	C7	3A	A5	9E	C7	86	55	99	C7	5E	59	A2	C7	36	20	BC	C7	00	00	00	00	00	00	00	00	00	00	00	00	00	00	00	00	00	00	00	00
6.143	3D DATA	true	-	-	-	-	-77352.2	-81226.5	-78507.0	-83122.7	-96320.4	-77352.2	-81226.5	-78507.0	-83122.7	-96320.4	-	-	-	-	-
6.144	3D MESSAGE	48	00	24	91	20	59	CB	8C	38	A1	EF	3D	32	14	97	C7	4F	A5	9E	C7	92	55	99	C7	73	59	A2	C7	38	20	BC	C7	32	14	97	C7	4F	A5	9E	C7	92	55	99	C7	73	59	A2	C7	38	20	BC	C7	00	00	00	00	00	00	00	00	00	00	00	00	00	00	00	00	00	00	00	00
6.144	3D DATA	true	-	-	-	-	-77352.4	-81226.6	-78507.1	-83122.9	-96320.4	-77352.4	-81226.6	-78507.1	-83122.9	-96320.4	-	-	-	-	-
6.144	3D MESSAGE	48	00	25	91	20	59	CC	8C	38	A1	EF	3D	4E	14	97	C7	5C	A5	9E	C7	9B	55	99	C7	83	59	A2	C7	3E	20	BC	C7	4E	14	97	C7	5C	A5	9E	C7	9B	55	99	C7	83	59	A2	C7	3E	20	BC	C7	00	00	00	00	00	00	00	00	00	00	00	00	00	00	00	00	00	00	00	00
6.144	3D DATA	true	-	-	-	-	-77352.6	-81226.7	-78507.2	-83123.0	-96320.5	-77352.6	-81226.7	-78507.2	-83123.0	-96320.5	-	-	-	-	-
6.144	3D MESSAGE	48	00	26	91	20	59	CD	8C	38	A1	EF	3D	71	14	97	C7	63	A5	9E	C7	A4	55	99	C7	90	59	A2	C7	4A	20	BC	C7	71	14	97	C7	63	A5	9E	C7	A4	55	99	C7	90	59	A2	C7	4A	20	BC	C7	00	00	00	00	00	00	00	00	00	00	00	00	00	00	00	00	00	00	00	00
6.144	3D DATA	true	-	-	-	-	-77352.9	-81226.8	-78507.3	-83123.1	-96320.6	-77352.9	-81226.8	-78507.3	-83123.1	-96320.6	-	-	-	-	-
6.145	3D MESSAGE	48	00	27	91	20	59	CE	8C	38	A1	EF	3D	96	14	97	C7	68	A5	9E	C7	AE	55	99	C7	99	59	A2	C7	5C	20	BC	C7	96	14	97	C7	68	A5	9E	C7	AE	55	99	C7	99	59	A2	C7	5C	20	BC	C7	00	00	00	00	00	00	00	00	00	00	00	00	00	00	00	00	00	00	00	00
6.145	3D DATA	true	-	-	-	-	-77353.2	-81226.8	-78507.4	-83123.2	-96320.7	-77353.2	-81226.8	-78507.4	-83123.2	-96320.7	-	-	-	-	-
6.145	3D MESSAGE	48	00	28	91	20	59	CF	8C	38	A1	EF	3D	B8	14	97	C7	6C	A5	9E	C7	BA	55	99	C7	A0	59	A2	C7	70	20	BC	C7	B8	14	97	C7	6C	A5	9E	C7	BA	55	99	C7	A0	59	A2	C7	70	20	BC	C7	00	00	00	00	00	00	00	00	00	00	00	00	00	00	00	00	00	00	00	00
6.145	3D DATA	true	-	-	-	-	-77353.4	-81226.8	-78507.5	-83123.2	-96320.9	-77353.4	-81226.8	-78507.5	-83123.2	-96320.9	-	-	-	-	-
6.173	3D MESSAGE	48	00	29	91	20	59	D0	8C	38	A1	EF	3D	D4	14	97	C7	71	A5	9E	C7	C6	55	99	C7	A6	59	A2	C7	82	20	BC	C7	D4	14	97	C7	71	A5	9E	C7	C6	55	99	C7	A6	59	A2	C7	82	20	BC	C7	00	00	00	00	00	00	00	00	00	00	00	00	00	00	00	00	00	00	00	00
6.173	3D DATA	true	-	-	-	-	-77353.7	-81226.9	-78507.5	-83123.3	-96321.0	-77353.7	-81226.9	-78507.5	-83123.3	-96321.0	-	-	-	-	-
6.174	3D MESSAGE	48	00	2A	91	20	59	D1	8C	38	A1	EF	3D	E8	14	97	C7	74	A5	9E	C7	D2	55	99	C7	AA	59	A2	C7	8E	20	BC	C7	E8	14	97	C7	74	A5	9E	C7	D2	55	99	C7	AA	59	A2	C7	8E	20	BC	C7	00	00	00	00	00	00	00	00	00	00	00	00	00	00	00	00	00	00	00	00
6.174	3D DATA	true	-	-	-	-	-77353.8	-81226.9	-78507.6	-83123.3	-96321.1	-77353.8	-81226.9	-78507.6	-83123.3	-96321.1	-	-	-	-	-
6.174	3D MESSAGE	48	00	2B	91	20	59	D2	8C	38	A1	EF	3D	F6	14	97	C7	77	A5	9E	C7	DA	55	99	C7	AC	59	A2	C7	94	20	BC	C7	F6	14	97	C7	77	A5	9E	C7	DA	55	99	C7	AC	59	A2	C7	94	20	BC	C7	00	00	00	00	00	00	00	00	00	00	00	00	00	00	00	00	00	00	00	00
6.174	3D DATA	true	-	-	-	-	-77353.9	-81226.9	-78507.7	-83123.3	-96321.2	-77353.9	-81226.9	-78507.7	-83123.3	-96321.2	-	-	-	-	-
6.174	3D MESSAGE	48	00	2C	91	20	59	D3	8C	38	A1	EF	3D	00	15	97	C7	78	A5	9E	C7	DE	55	99	C7	AE	59	A2	C7	94	20	BC	C7	00	15	97	C7	78	A5	9E	C7	DE	55	99	C7	AE	59	A2	C7	94	20	BC	C7	00	00	00	00	00	00	00	00	00	00	00	00	00	00	00	00	00	00	00	00
6.174	3D DATA	true	-	-	-	-	-77354.0	-81226.9	-78507.7	-83123.4	-96321.2	-77354.0	-81226.9	-78507.7	-83123.4	-96321.2	-	-	-	-	-
6.174	3D MESSAGE	48	00	2D	91	20	59	D4	8C	38	A1	EF	3D	0A	15	97	C7	77	A5	9E	C7	DE	55	99	C7	AF	59	A2	C7	8E	20	BC	C7	0A	15	97	C7	77	A5	9E	C7	DE	55	99	C7	AF	59	A2	C7	8E	20	BC	C7	00	00	00	00	00	00	00	00	00	00	00	00	00	00	00	00	00	00	00	00
6.175	3D DATA	true	-	-	-	-	-77354.1	-81226.9	-78507.7	-83123.4	-96321.1	-77354.1	-81226.9	-78507.7	-83123.4	-96321.1	-	-	-	-	-
6.175	3D MESSAGE	48	00	2E	91	20	59	D5	8C	38	A1	EF	3D	14	15	97	C7	77	A5	9E	C7	D8	55	99	C7	B0	59	A2	C7	86	20	BC	C7	14	15	97	C7	77	A5	9E	C7	D8	55	99	C7	B0	59	A2	C7	86	20	BC	C7	00	00	00	00	00	00	00	00	00	00	00	00	00	00	00	00	00	00	00	00
6.175	3D DATA	true	-	-	-	-	-77354.2	-81226.9	-78507.7	-83123.4	-96321.0	-77354.2	-81226.9	-78507.7	-83123.4	-96321.0	-	-	-	-	-
6.206	3D MESSAGE	48	00	2F	91	20	59	D6	8C	38	A1	EF	3D	1E	15	97	C7	78	A5	9E	C7	D1	55	99	C7	B0	59	A2	C7	7C	20	BC	C7	1E	15	97	C7	78	A5	9E	C7	D1	55	99	C7	B0	59	A2	C7	7C	20	BC	C7	00	00	00	00	00	00	00	00	00	00	00	00	00	00	00	00	00	00	00	00
6.207	3D DATA	true	-	-	-	-	-77354.2	-81226.9	-78507.6	-83123.4	-96321.0	-77354.2	-81226.9	-78507.6	-83123.4	-96321.0	-	-	-	-	-
6.207	3D MESSAGE	48	00	30	91	20	59	D7	8C	38	A1	EF	3D	26	15	97	C7	7D	A5	9E	C7	C8	55	99	C7	AD	59	A2	C7	6E	20	BC	C7	26	15	97	C7	7D	A5	9E	C7	C8	55	99	C7	AD	59	A2	C7	6E	20	BC	C7	00	00	00	00	00	00	00	00	00	00	00	00	00	00	00	00	00	00	00	00
6.207	3D DATA	true	-	-	-	-	-77354.3	-81227.0	-78507.6	-83123.4	-96320.9	-77354.3	-81227.0	-78507.6	-83123.4	-96320.9	-	-	-	-	-
6.208	3D MESSAGE	48	00	31	91	20	59	D8	8C	38	A1	EF	3D	29	15	97	C7	85	A5	9E	C7	C0	55	99	C7	A7	59	A2	C7	5C	20	BC	C7	29	15	97	C7	85	A5	9E	C7	C0	55	99	C7	A7	59	A2	C7	5C	20	BC	C7	00	00	00	00	00	00	00	00	00	00	00	00	00	00	00	00	00	00	00	00
6.208	3D DATA	true	-	-	-	-	-77354.3	-81227.0	-78507.5	-83123.3	-96320.7	-77354.3	-81227.0	-78507.5	-83123.3	-96320.7	-	-	-	-	-
6.208	3D MESSAGE	48	00	32	91	20	59	D9	8C	38	A1	EF	3D	27	15	97	C7	91	A5	9E	C7	B8	55	99	C7	9E	59	A2	C7	43	20	BC	C7	27	15	97	C7	91	A5	9E	C7	B8	55	99	C7	9E	59	A2	C7	43	20	BC	C7	00	00	00	00	00	00	00	00	00	00	00	00	00	00	00	00	00	00	00	00
6.208	3D DATA	true	-	-	-	-	-77354.3	-81227.1	-78507.4	-83123.2	-96320.5	-77354.3	-81227.1	-78507.4	-83123.2	-96320.5	-	-	-	-	-
6.208	3D MESSAGE	48	00	33	91	20	59	DA	8C	38	A1	EF	3D	22	15	97	C7	A0	A5	9E	C7	B1	55	99	C7	93	59	A2	C7	25	20	BC	C7	22	15	97	C7	A0	A5	9E	C7	B1	55	99	C7	93	59	A2	C7	25	20	BC	C7	00	00	00	00	00	00	00	00	00	00	00	00	00	00	00	00	00	00	00	00
6.208	3D DATA	true	-	-	-	-	-77354.3	-81227.2	-78507.4	-83123.1	-96320.3	-77354.3	-81227.2	-78507.4	-83123.1	-96320.3	-	-	-	-	-
6.209	3D MESSAGE	48	00	34	91	20	59	DB	8C	38	A1	EF	3D	1C	15	97	C7	B3	A5	9E	C7	AC	55	99	C7	8A	59	A2	C7	05	20	BC	C7	1C	15	97	C7	B3	A5	9E	C7	AC	55	99	C7	8A	59	A2	C7	05	20	BC	C7	00	00	00	00	00	00	00	00	00	00	00	00	00	00	00	00	00	00	00	00
6.209	3D DATA	true	-	-	-	-	-77354.2	-81227.4	-78507.3	-83123.1	-96320.0	-77354.2	-81227.4	-78507.3	-83123.1	-96320.0	-	-	-	-	-
6.234	3D MESSAGE	48	00	35	91	20	59	DC	8C	38	A1	EF	3D	19	15	97	C7	C8	A5	9E	C7	AA	55	99	C7	86	59	A2	C7	E7	1F	BC	C7	19	15	97	C7	C8	A5	9E	C7	AA	55	99	C7	86	59	A2	C7	E7	1F	BC	C7	00	00	00	00	00	00	00	00	00	00	00	00	00	00	00	00	00	00	00	00
6.234	3D DATA	true	-	-	-	-	-77354.2	-81227.6	-78507.3	-83123.0	-96319.8	-77354.2	-81227.6	-78507.3	-83123.0	-96319.8	-	-	-	-	-
6.234	3D MESSAGE	48	00	36	91	20	59	DD	8C	38	A1	EF	3D	1C	15	97	C7	DC	A5	9E	C7	AA	55	99	C7	8A	59	A2	C7	D0	1F	BC	C7	1C	15	97	C7	DC	A5	9E	C7	AA	55	99	C7	8A	59	A2	C7	D0	1F	BC	C7	00	00	00	00	00	00	00	00	00	00	00	00	00	00	00	00	00	00	00	00
6.234	3D DATA	true	-	-	-	-	-77354.2	-81227.7	-78507.3	-83123.1	-96319.6	-77354.2	-81227.7	-78507.3	-83123.1	-96319.6	-	-	-	-	-
6.235	3D MESSAGE	48	00	37	91	20	59	DE	8C	38	A1	EF	3D	27	15	97	C7	EE	A5	9E	C7	AD	55	99	C7	94	59	A2	C7	C2	1F	BC	C7	27	15	97	C7	EE	A5	9E	C7	AD	55	99	C7	94	59	A2	C7	C2	1F	BC	C7	00	00	00	00	00	00	00	00	00	00	00	00	00	00	00	00	00	00	00	00
6.235	3D DATA	true	-	-	-	-	-77354.3	-81227.9	-78507.4	-83123.2	-96319.5	-77354.3	-81227.9	-78507.4	-83123.2	-96319.5	-	-	-	-	-
6.235	3D MESSAGE	48	00	38	91	20	59	DF	8C	38	A1	EF	3D	38	15	97	C7	F9	A5	9E	C7	B2	55	99	C7	A3	59	A2	C7	BF	1F	BC	C7	38	15	97	C7	F9	A5	9E	C7	B2	55	99	C7	A3	59	A2	C7	BF	1F	BC	C7	00	00	00	00	00	00	00	00	00	00	00	00	00	00	00	00	00	00	00	00
6.235	3D DATA	true	-	-	-	-	-77354.4	-81227.9	-78507.4	-83123.3	-96319.5	-77354.4	-81227.9	-78507.4	-83123.3	-96319.5	-	-	-	-	-
6.236	3D MESSAGE	48	00	39	91	20	59	E0	8C	38	A1	EF	3D	4A	15	97	C7	FB	A5	9E	C7	B7	55	99	C7	B1	59	A2	C7	C3	1F	BC	C7	4A	15	97	C7	FB	A5	9E	C7	B7	55	99	C7	B1	59	A2	C7	C3	1F	BC	C7	00	00	00	00	00	00	00	00	00	00	00	00	00	00	00	00	00	00	00	00
6.236	3D DATA	true	-	-	-	-	-77354.6	-81228.0	-78507.4	-83123.4	-96319.5	-77354.6	-81228.0	-78507.4	-83123.4	-96319.5	-	-	-	-	-
6.236	3D MESSAGE	48	00	3A	91	20	59	E1	8C	38	A1	EF	3D	5B	15	97	C7	F2	A5	9E	C7	BA	55	99	C7	BC	59	A2	C7	C8	1F	BC	C7	5B	15	97	C7	F2	A5	9E	C7	BA	55	99	C7	BC	59	A2	C7	C8	1F	BC	C7	00	00	00	00	00	00	00	00	00	00	00	00	00	00	00	00	00	00	00	00
6.236	3D DATA	true	-	-	-	-	-77354.7	-81227.9	-78507.5	-83123.5	-96319.6	-77354.7	-81227.9	-78507.5	-83123.5	-96319.6	-	-	-	-	-
6.267	3D MESSAGE	48	00	3B	91	20	59	E2	8C	38	A1	EF	3D	66	15	97	C7	DC	A5	9E	C7	BD	55	99	C7	C0	59	A2	C7	C9	1F	BC	C7	66	15	97	C7	DC	A5	9E	C7	BD	55	99	C7	C0	59	A2	C7	C9	1F	BC	C7	00	00	00	00	00	00	00	00	00	00	00	00	00	00	00	00	00	00	00	00
6.267	3D DATA	true	-	-	-	-	-77354.8	-81227.7	-78507.5	-83123.5	-96319.6	-77354.8	-81227.7	-78507.5	-83123.5	-96319.6	-	-	-	-	-
6.267	3D MESSAGE	48	00	3C	91	20	59	E3	8C	38	A1	EF	3D	69	15	97	C7	BE	A5	9E	C7	BE	55	99	C7	BE	59	A2	C7	C1	1F	BC	C7	69	15	97	C7	BE	A5	9E	C7	BE	55	99	C7	BE	59	A2	C7	C1	1F	BC	C7	00	00	00	00	00	00	00	00	00	00	00	00	00	00	00	00	00	00	00	00
6.267	3D DATA	true	-	-	-	-	-77354.8	-81227.5	-78507.5	-83123.5	-96319.5	-77354.8	-81227.5	-78507.5	-83123.5	-96319.5	-	-	-	-	-
6.268	3D MESSAGE	48	00	3D	91	20	59	E4	8C	AA	07	86	3C	64	15	97	C7	9A	A5	9E	C7	BE	55	99	C7	BC	59	A2	C7	B0	1F	BC	C7	64	15	97	C7	9A	A5	9E	C7	BE	55	99	C7	BC	59	A2	C7	B0	1F	BC	C7	00	00	00	00	00	00	00	00	00	00	00	00	00	00	00	00	00	00	00	00
6.268	3D DATA	true	-	-	-	-	-77354.8	-81227.2	-78507.5	-83123.5	-96319.4	-77354.8	-81227.2	-78507.5	-83123.5	-96319.4	-	-	-	-	-
6.268	3D MESSAGE	48	00	3E	91	20	59	E5	8C	AA	07	86	3C	58	15	97	C7	78	A5	9E	C7	C2	55	99	C7	BC	59	A2	C7	9B	1F	BC	C7	58	15	97	C7	78	A5	9E	C7	C2	55	99	C7	BC	59	A2	C7	9B	1F	BC	C7	00	00	00	00	00	00	00	00	00	00	00	00	00	00	00	00	00	00	00	00
6.268	3D DATA	true	-	-	-	-	-77354.7	-81226.9	-78507.5	-83123.5	-96319.2	-77354.7	-81226.9	-78507.5	-83123.5	-96319.2	-	-	-	-	-
6.268	3D MESSAGE	48	00	3F	91	20	59	E6	8C	AA	07	86	3C	4A	15	97	C7	5D	A5	9E	C7	CA	55	99	C7	C1	59	A2	C7	8A	1F	BC	C7	4A	15	97	C7	5D	A5	9E	C7	CA	55	99	C7	C1	59	A2	C7	8A	1F	BC	C7	00	00	00	00	00	00	00	00	00	00	00	00	00	00	00	00	00	00	00	00
6.268	3D DATA	true	-	-	-	-	-77354.6	-81226.7	-78507.6	-83123.5	-96319.1	-77354.6	-81226.7	-78507.6	-83123.5	-96319.1	-	-	-	-	-
6.269	3D MESSAGE	48	00	40	91	20	59	E7	8C	AA	07	86	3C	3F	15	97	C7	4E	A5	9E	C7	D6	55	99	C7	CC	59	A2	C7	84	1F	BC	C7	3F	15	97	C7	4E	A5	9E	C7	D6	55	99	C7	CC	59	A2	C7	84	1F	BC	C7	00	00	00	00	00	00	00	00	00	00	00	00	00	00	00	00	00	00	00	00
6.269	3D DATA	true	-	-	-	-	-77354.5	-81226.6	-78507.7	-83123.6	-96319.0	-77354.5	-81226.6	-78507.7	-83123.6	-96319.0	-	-	-	-	-
6.299	3D MESSAGE	48	00	41	91	20	59	E8	8C	AA	07	86	3C	3B	15	97	C7	4E	A5	9E	C7	E7	55	99	C7	DA	59	A2	C7	8D	1F	BC	C7	3B	15	97	C7	4E	A5	9E	C7	E7	55	99	C7	DA	59	A2	C7	8D	1F	BC	C7	00	00	00	00	00	00	00	00	00	00	00	00	00	00	00	00	00	00	00	00
6.299	3D DATA	true	-	-	-	-	-77354.5	-81226.6	-78507.8	-83123.7	-96319.1	-77354.5	-81226.6	-78507.8	-83123.7	-96319.1	-	-	-	-	-
6.300	3D MESSAGE	48	00	42	91	20	59	E9	8C	AA	07	86	3C	41	15	97	C7	5C	A5	9E	C7	F9	55	99	C7	E7	59	A2	C7	A5	1F	BC	C7	41	15	97	C7	5C	A5	9E	C7	F9	55	99	C7	E7	59	A2	C7	A5	1F	BC	C7	00	00	00	00	00	00	00	00	00	00	00	00	00	00	00	00	00	00	00	00
6.300	3D DATA	true	-	-	-	-	-77354.5	-81226.7	-78507.9	-83123.8	-96319.3	-77354.5	-81226.7	-78507.9	-83123.8	-96319.3	-	-	-	-	-
6.300	3D MESSAGE	48	00	43	91	20	59	EA	8C	AA	07	86	3C	50	15	97	C7	74	A5	9E	C7	0A	56	99	C7	EE	59	A2	C7	C9	1F	BC	C7	50	15	97	C7	74	A5	9E	C7	0A	56	99	C7	EE	59	A2	C7	C9	1F	BC	C7	00	00	00	00	00	00	00	00	00	00	00	00	00	00	00	00	00	00	00	00
6.300	3D DATA	true	-	-	-	-	-77354.6	-81226.9	-78508.1	-83123.9	-96319.6	-77354.6	-81226.9	-78508.1	-83123.9	-96319.6	-	-	-	-	-
6.301	3D MESSAGE	48	00	44	91	20	59	EB	8C	AA	07	86	3C	68	15	97	C7	94	A5	9E	C7	17	56	99	C7	EC	59	A2	C7	F0	1F	BC	C7	68	15	97	C7	94	A5	9E	C7	17	56	99	C7	EC	59	A2	C7	F0	1F	BC	C7	00	00	00	00	00	00	00	00	00	00	00	00	00	00	00	00	00	00	00	00
6.301	3D DATA	true	-	-	-	-	-77354.8	-81227.2	-78508.2	-83123.8	-96319.9	-77354.8	-81227.2	-78508.2	-83123.8	-96319.9	-	-	-	-	-
6.301	3D MESSAGE	48	00	45	91	20	59	EC	8C	AA	07	86	3C	83	15	97	C7	B5	A5	9E	C7	20	56	99	C7	E2	59	A2	C7	14	20	BC	C7	83	15	97	C7	B5	A5	9E	C7	20	56	99	C7	E2	59	A2	C7	14	20	BC	C7	00	00	00	00	00	00	00	00	00	00	00	00	00	00	00	00	00	00	00	00
6.302	3D DATA	true	-	-	-	-	-77355.0	-81227.4	-78508.2	-83123.8	-96320.2	-77355.0	-81227.4	-78508.2	-83123.8	-96320.2	-	-	-	-	-
6.302	3D MESSAGE	48	00	46	91	20	59	ED	8C	AA	07	86	3C	9E	15	97	C7	D5	A5	9E	C7	25	56	99	C7	D5	59	A2	C7	2F	20	BC	C7	9E	15	97	C7	D5	A5	9E	C7	25	56	99	C7	D5	59	A2	C7	2F	20	BC	C7	00	00	00	00	00	00	00	00	00	00	00	00	00	00	00	00	00	00	00	00
6.302	3D DATA	true	-	-	-	-	-77355.2	-81227.7	-78508.3	-83123.7	-96320.4	-77355.2	-81227.7	-78508.3	-83123.7	-96320.4	-	-	-	-	-
6.302	3D MESSAGE	48	00	47	91	20	59	EE	8C	AA	07	86	3C	B4	15	97	C7	F1	A5	9E	C7	28	56	99	C7	CA	59	A2	C7	41	20	BC	C7	B4	15	97	C7	F1	A5	9E	C7	28	56	99	C7	CA	59	A2	C7	41	20	BC	C7	00	00	00	00	00	00	00	00	00	00	00	00	00	00	00	00	00	00	00	00
6.302	3D DATA	true	-	-	-	-	-77355.4	-81227.9	-78508.3	-83123.6	-96320.5	-77355.4	-81227.9	-78508.3	-83123.6	-96320.5	-	-	-	-	-
6.327	3D MESSAGE	48	00	48	91	20	59	EF	8C	AA	07	86	3C	C6	15	97	C7	07	A6	9E	C7	2C	56	99	C7	C4	59	A2	C7	4C	20	BC	C7	C6	15	97	C7	07	A6	9E	C7	2C	56	99	C7	C4	59	A2	C7	4C	20	BC	C7	00	00	00	00	00	00	00	00	00	00	00	00	00	00	00	00	00	00	00	00
6.327	3D DATA	true	-	-	-	-	-77355.5	-81228.1	-78508.3	-83123.5	-96320.6	-77355.5	-81228.1	-78508.3	-83123.5	-96320.6	-	-	-	-	-
6.328	3D MESSAGE	48	00	49	91	20	59	F0	8C	AA	07	86	3C	D3	15	97	C7	18	A6	9E	C7	30	56	99	C7	C7	59	A2	C7	56	20	BC	C7	D3	15	97	C7	18	A6	9E	C7	30	56	99	C7	C7	59	A2	C7	56	20	BC	C7	00	00	00	00	00	00	00	00	00	00	00	00	00	00	00	00	00	00	00	00
6.328	3D DATA	true	-	-	-	-	-77355.6	-81228.2	-78508.4	-83123.6	-96320.7	-77355.6	-81228.2	-78508.4	-83123.6	-96320.7	-	-	-	-	-
6.328	3D MESSAGE	48	00	4A	91	20	59	F1	8C	AA	07	86	3C	DE	15	97	C7	26	A6	9E	C7	36	56	99	C7	D4	59	A2	C7	62	20	BC	C7	DE	15	97	C7	26	A6	9E	C7	36	56	99	C7	D4	59	A2	C7	62	20	BC	C7	00	00	00	00	00	00	00	00	00	00	00	00	00	00	00	00	00	00	00	00
6.328	3D DATA	true	-	-	-	-	-77355.7	-81228.3	-78508.4	-83123.7	-96320.8	-77355.7	-81228.3	-78508.4	-83123.7	-96320.8	-	-	-	-	-
6.328	3D MESSAGE	48	00	4B	91	20	59	F2	8C	AA	07	86	3C	E8	15	97	C7	32	A6	9E	C7	3D	56	99	C7	EA	59	A2	C7	74	20	BC	C7	E8	15	97	C7	32	A6	9E	C7	3D	56	99	C7	EA	59	A2	C7	74	20	BC	C7	00	00	00	00	00	00	00	00	00	00	00	00	00	00	00	00	00	00	00	00
6.328	3D DATA	true	-	-	-	-	-77355.8	-81228.4	-78508.5	-83123.8	-96320.9	-77355.8	-81228.4	-78508.5	-83123.8	-96320.9	-	-	-	-	-
6.328	3D MESSAGE	48	00	4C	91	20	59	F3	8C	AA	07	86	3C	F2	15	97	C7	40	A6	9E	C7	42	56	99	C7	06	5A	A2	C7	8E	20	BC	C7	F2	15	97	C7	40	A6	9E	C7	42	56	99	C7	06	5A	A2	C7	8E	20	BC	C7	00	00	00	00	00	00	00	00	00	00	00	00	00	00	00	00	00	00	00	00
6.329	3D DATA	true	-	-	-	-	-77355.9	-81228.5	-78508.5	-83124.0	-96321.1	-77355.9	-81228.5	-78508.5	-83124.0	-96321.1	-	-	-	-	-
6.361	3D MESSAGE	48	00	4D	91	20	59	F4	8C	AA	07	86	3C	FE	15	97	C7	52	A6	9E	C7	46	56	99	C7	23	5A	A2	C7	AC	20	BC	C7	FE	15	97	C7	52	A6	9E	C7	46	56	99	C7	23	5A	A2	C7	AC	20	BC	C7	00	00	00	00	00	00	00	00	00	00	00	00	00	00	00	00	00	00	00	00
6.361	3D DATA	true	-	-	-	-	-77356.0	-81228.6	-78508.5	-83124.3	-96321.3	-77356.0	-81228.6	-78508.5	-83124.3	-96321.3	-	-	-	-	-
6.361	3D MESSAGE	48	00	4E	91	20	59	F5	8C	AA	07	86	3C	0B	16	97	C7	6A	A6	9E	C7	48	56	99	C7	40	5A	A2	C7	CE	20	BC	C7	0B	16	97	C7	6A	A6	9E	C7	48	56	99	C7	40	5A	A2	C7	CE	20	BC	C7	00	00	00	00	00	00	00	00	00	00	00	00	00	00	00	00	00	00	00	00
6.361	3D DATA	true	-	-	-	-	-77356.1	-81228.8	-78508.6	-83124.5	-96321.6	-77356.1	-81228.8	-78508.6	-83124.5	-96321.6	-	-	-	-	-
6.362	3D MESSAGE	48	00	4F	91	20	59	F6	8C	AA	07	86	3C	1A	16	97	C7	87	A6	9E	C7	45	56	99	C7	5A	5A	A2	C7	F0	20	BC	C7	1A	16	97	C7	87	A6	9E	C7	45	56	99	C7	5A	5A	A2	C7	F0	20	BC	C7	00	00	00	00	00	00	00	00	00	00	00	00	00	00	00	00	00	00	00	00
6.362	3D DATA	true	-	-	-	-	-77356.2	-81229.1	-78508.5	-83124.7	-96321.9	-77356.2	-81229.1	-78508.5	-83124.7	-96321.9	-	-	-	-	-
6.362	3D MESSAGE	48	00	50	91	20	59	F7	8C	AA	07	86	3C	28	16	97	C7	A6	A6	9E	C7	3F	56	99	C7	70	5A	A2	C7	0D	21	BC	C7	28	16	97	C7	A6	A6	9E	C7	3F	56	99	C7	70	5A	A2	C7	0D	21	BC	C7	00	00	00	00	00	00	00	00	00	00	00	00	00	00	00	00	00	00	00	00
6.362	3D DATA	true	-	-	-	-	-77356.3	-81229.3	-78508.5	-83124.9	-96322.1	-77356.3	-81229.3	-78508.5	-83124.9	-96322.1	-	-	-	-	-
6.362	3D MESSAGE	48	00	51	91	20	59	F8	8C	AA	07	86	3C	37	16	97	C7	C0	A6	9E	C7	34	56	99	C7	7F	5A	A2	C7	20	21	BC	C7	37	16	97	C7	C0	A6	9E	C7	34	56	99	C7	7F	5A	A2	C7	20	21	BC	C7	00	00	00	00	00	00	00	00	00	00	00	00	00	00	00	00	00	00	00	00
6.362	3D DATA	true	-	-	-	-	-77356.4	-81229.5	-78508.4	-83125.0	-96322.2	-77356.4	-81229.5	-78508.4	-83125.0	-96322.2	-	-	-	-	-
6.362	3D MESSAGE	48	00	52	91	20	59	F9	8C	AA	07	86	3C	44	16	97	C7	CF	A6	9E	C7	24	56	99	C7	86	5A	A2	C7	22	21	BC	C7	44	16	97	C7	CF	A6	9E	C7	24	56	99	C7	86	5A	A2	C7	22	21	BC	C7	00	00	00	00	00	00	00	00	00	00	00	00	00	00	00	00	00	00	00	00
6.362	3D DATA	true	-	-	-	-	-77356.5	-81229.6	-78508.3	-83125.0	-96322.3	-77356.5	-81229.6	-78508.3	-83125.0	-96322.3	-	-	-	-	-
6.363	3D MESSAGE	48	00	53	91	20	59	FA	8C	AA	07	86	3C	4E	16	97	C7	CE	A6	9E	C7	0E	56	99	C7	84	5A	A2	C7	13	21	BC	C7	4E	16	97	C7	CE	A6	9E	C7	0E	56	99	C7	84	5A	A2	C7	13	21	BC	C7	00	00	00	00	00	00	00	00	00	00	00	00	00	00	00	00	00	00	00	00
6.363	3D DATA	true	-	-	-	-	-77356.6	-81229.6	-78508.1	-83125.0	-96322.1	-77356.6	-81229.6	-78508.1	-83125.0	-96322.1	-	-	-	-	-
6.394	3D MESSAGE	48	00	54	91	20	59	FB	8C	AA	07	86	3C	50	16	97	C7	BA	A6	9E	C7	F0	55	99	C7	77	5A	A2	C7	F0	20	BC	C7	50	16	97	C7	BA	A6	9E	C7	F0	55	99	C7	77	5A	A2	C7	F0	20	BC	C7	00	00	00	00	00	00	00	00	00	00	00	00	00	00	00	00	00	00	00	00
6.394	3D DATA	true	-	-	-	-	-77356.6	-81229.5	-78507.9	-83124.9	-96321.9	-77356.6	-81229.5	-78507.9	-83124.9	-96321.9	-	-	-	-	-
6.394	3D MESSAGE	48	00	55	91	20	59	FC	8C	AA	07	86	3C	4B	16	97	C7	95	A6	9E	C7	CC	55	99	C7	60	5A	A2	C7	BD	20	BC	C7	4B	16	97	C7	95	A6	9E	C7	CC	55	99	C7	60	5A	A2	C7	BD	20	BC	C7	00	00	00	00	00	00	00	00	00	00	00	00	00	00	00	00	00	00	00	00
6.394	3D DATA	true	-	-	-	-	-77356.6	-81229.2	-78507.6	-83124.8	-96321.5	-77356.6	-81229.2	-78507.6	-83124.8	-96321.5	-	-	-	-	-
6.395	3D MESSAGE	48	00	56	91	20	59	FD	8C	AA	07	86	3C	3E	16	97	C7	66	A6	9E	C7	A8	55	99	C7	42	5A	A2	C7	83	20	BC	C7	3E	16	97	C7	66	A6	9E	C7	A8	55	99	C7	42	5A	A2	C7	83	20	BC	C7	00	00	00	00	00	00	00	00	00	00	00	00	00	00	00	00	00	00	00	00
6.395	3D DATA	true	-	-	-	-	-77356.5	-81228.8	-78507.3	-83124.5	-96321.0	-77356.5	-81228.8	-78507.3	-83124.5	-96321.0	-	-	-	-	-
6.395	3D MESSAGE	48	00	57	91	20	59	FE	8C	AA	07	86	3C	2E	16	97	C7	34	A6	9E	C7	85	55	99	C7	20	5A	A2	C7	4C	20	BC	C7	2E	16	97	C7	34	A6	9E	C7	85	55	99	C7	20	5A	A2	C7	4C	20	BC	C7	00	00	00	00	00	00	00	00	00	00	00	00	00	00	00	00	00	00	00	00
6.395	3D DATA	true	-	-	-	-	-77356.4	-81228.4	-78507.0	-83124.2	-96320.6	-77356.4	-81228.4	-78507.0	-83124.2	-96320.6	-	-	-	-	-
6.396	3D MESSAGE	48	00	58	91	20	59	FF	8C	AA	07	86	3C	1F	16	97	C7	09	A6	9E	C7	6A	55	99	C7	FF	59	A2	C7	21	20	BC	C7	1F	16	97	C7	09	A6	9E	C7	6A	55	99	C7	FF	59	A2	C7	21	20	BC	C7	00	00	00	00	00	00	00	00	00	00	00	00	00	00	00	00	00	00	00	00
6.396	3D DATA	true	-	-	-	-	-77356.2	-81228.1	-78506.8	-83124.0	-96320.3	-77356.2	-81228.1	-78506.8	-83124.0	-96320.3	-	-	-	-	-
6.396	3D MESSAGE	48	00	59	91	20	59	00	8C	AA	07	86	3C	16	16	97	C7	E9	A5	9E	C7	5A	55	99	C7	E5	59	A2	C7	07	20	BC	C7	16	16	97	C7	E9	A5	9E	C7	5A	55	99	C7	E5	59	A2	C7	07	20	BC	C7	00	00	00	00	00	00	00	00	00	00	00	00	00	00	00	00	00	00	00	00
6.396	3D DATA	true	-	-	-	-	-77356.2	-81227.8	-78506.7	-83123.8	-96320.1	-77356.2	-81227.8	-78506.7	-83123.8	-96320.1	-	-	-	-	-
6.396	3D MESSAGE	48	00	5A	91	20	59	01	8C	AA	07	86	3C	15	16	97	C7	D6	A5	9E	C7	58	55	99	C7	D4	59	A2	C7	00	20	BC	C7	15	16	97	C7	D6	A5	9E	C7	58	55	99	C7	D4	59	A2	C7	00	20	BC	C7	00	00	00	00	00	00	00	00	00	00	00	00	00	00	00	00	00	00	00	00
6.396	3D DATA	true	-	-	-	-	-77356.2	-81227.7	-78506.7	-83123.7	-96320.0	-77356.2	-81227.7	-78506.7	-83123.7	-96320.0	-	-	-	-	-
6.423	3D MESSAGE	48	00	5B	91	20	59	02	8C	AA	07	86	3C	1A	16	97	C7	D0	A5	9E	C7	5E	55	99	C7	CE	59	A2	C7	06	20	BC	C7	1A	16	97	C7	D0	A5	9E	C7	5E	55	99	C7	CE	59	A2	C7	06	20	BC	C7	00	00	00	00	00	00	00	00	00	00	00	00	00	00	00	00	00	00	00	00
6.423	3D DATA	true	-	-	-	-	-77356.2	-81227.6	-78506.7	-83123.6	-96320.0	-77356.2	-81227.6	-78506.7	-83123.6	-96320.0	-	-	-	-	-
6.424	3D MESSAGE	48	00	5C	91	20	59	03	8C	AA	07	86	3C	22	16	97	C7	D2	A5	9E	C7	6A	55	99	C7	CF	59	A2	C7	10	20	BC	C7	22	16	97	C7	D2	A5	9E	C7	6A	55	99	C7	CF	59	A2	C7	10	20	BC	C7	00	00	00	00	00	00	00	00	00	00	00	00	00	00	00	00	00	00	00	00
6.424	3D DATA	true	-	-	-	-	-77356.3	-81227.6	-78506.8	-83123.6	-96320.1	-77356.3	-81227.6	-78506.8	-83123.6	-96320.1	-	-	-	-	-
6.425	3D MESSAGE	48	00	5D	91	20	59	04	8C	AA	07	86	3C	28	16	97	C7	D8	A5	9E	C7	75	55	99	C7	D5	59	A2	C7	17	20	BC	C7	28	16	97	C7	D8	A5	9E	C7	75	55	99	C7	D5	59	A2	C7	17	20	BC	C7	00	00	00	00	00	00	00	00	00	00	00	00	00	00	00	00	00	00	00	00
6.425	3D DATA	true	-	-	-	-	-77356.3	-81227.7	-78506.9	-83123.7	-96320.2	-77356.3	-81227.7	-78506.9	-83123.7	-96320.2	-	-	-	-	-
6.425	3D MESSAGE	48	00	5E	91	20	59	05	8C	AA	07	86	3C	26	16	97	C7	DF	A5	9E	C7	78	55	99	C7	DC	59	A2	C7	14	20	BC	C7	26	16	97	C7	DF	A5	9E	C7	78	55	99	C7	DC	59	A2	C7	14	20	BC	C7	00	00	00	00	00	00	00	00	00	00	00	00	00	00	00	00	00	00	00	00
6.425	3D DATA	true	-	-	-	-	-77356.3	-81227.7	-78506.9	-83123.7	-96320.2	-77356.3	-81227.7	-78506.9	-83123.7	-96320.2	-	-	-	-	-
6.425	3D MESSAGE	48	00	5F	91	20	59	06	8C	AA	07	86	3C	1B	16	97	C7	E4	A5	9E	C7	70	55	99	C7	E2	59	A2	C7	05	20	BC	C7	1B	16	97	C7	E4	A5	9E	C7	70	55	99	C7	E2	59	A2	C7	05	20	BC	C7	00	00	00	00	00	00	00	00	00	00	00	00	00	00	00	00	00	00	00	00
6.426	3D DATA	true	-	-	-	-	-77356.2	-81227.8	-78506.9	-83123.8	-96320.0	-77356.2	-81227.8	-78506.9	-83123.8	-96320.0	-	-	-	-	-
6.426	3D MESSAGE	48	00	60	91	20	59	07	8C	AA	07	86	3C	0A	16	97	C7	E6	A5	9E	C7	5E	55	99	C7	E6	59	A2	C7	EE	1F	BC	C7	0A	16	97	C7	E6	A5	9E	C7	5E	55	99	C7	E6	59	A2	C7	EE	1F	BC	C7	00	00	00	00	00	00	00	00	00	00	00	00	00	00	00	00	00	00	00	00
6.426	3D DATA	true	-	-	-	-	-77356.1	-81227.8	-78506.7	-83123.8	-96319.9	-77356.1	-81227.8	-78506.7	-83123.8	-96319.9	-	-	-	-	-
6.426	3D MESSAGE	48	00	61	91	20	59	08	8C	AA	07	86	3C	F8	15	97	C7	E6	A5	9E	C7	46	55	99	C7	E7	59	A2	C7	D2	1F	BC	C7	F8	15	97	C7	E6	A5	9E	C7	46	55	99	C7	E7	59	A2	C7	D2	1F	BC	C7	00	00	00	00	00	00	00	00	00	00	00	00	00	00	00	00	00	00	00	00
6.426	3D DATA	true	-	-	-	-	-77355.9	-81227.8	-78506.5	-83123.8	-96319.6	-77355.9	-81227.8	-78506.5	-83123.8	-96319.6	-	-	-	-	-
6.452	3D MESSAGE	48	00	62	91	20	59	09	8C	AA	07	86	3C	EA	15	97	C7	E5	A5	9E	C7	2F	55	99	C7	E8	59	A2	C7	BB	1F	BC	C7	EA	15	97	C7	E5	A5	9E	C7	2F	55	99	C7	E8	59	A2	C7	BB	1F	BC	C7	00	00	00	00	00	00	00	00	00	00	00	00	00	00	00	00	00	00	00	00
6.452	3D DATA	true	-	-	-	-	-77355.8	-81227.8	-78506.4	-83123.8	-96319.5	-77355.8	-81227.8	-78506.4	-83123.8	-96319.5	-	-	-	-	-
6.453	3D MESSAGE	48	00	63	91	20	59	0A	8C	AA	07	86	3C	E4	15	97	C7	E3	A5	9E	C7	20	55	99	C7	EA	59	A2	C7	AE	1F	BC	C7	E4	15	97	C7	E3	A5	9E	C7	20	55	99	C7	EA	59	A2	C7	AE	1F	BC	C7	00	00	00	00	00	00	00	00	00	00	00	00	00	00	00	00	00	00	00	00
6.453	3D DATA	true	-	-	-	-	-77355.8	-81227.8	-78506.2	-83123.8	-96319.4	-77355.8	-81227.8	-78506.2	-83123.8	-96319.4	-	-	-	-	-
6.454	3D MESSAGE	48	00	64	91	20	59	0B	8C	AA	07	86	3C	E6	15	97	C7	E1	A5	9E	C7	1E	55	99	C7	F0	59	A2	C7	B0	1F	BC	C7	E6	15	97	C7	E1	A5	9E	C7	1E	55	99	C7	F0	59	A2	C7	B0	1F	BC	C7	00	00	00	00	00	00	00	00	00	00	00	00	00	00	00	00	00	00	00	00
6.454	3D DATA	true	-	-	-	-	-77355.8	-81227.8	-78506.2	-83123.9	-96319.4	-77355.8	-81227.8	-78506.2	-83123.9	-96319.4	-	-	-	-	-
6.454	3D MESSAGE	48	00	65	91	20	59	0C	8C	30	E6	90	3C	F2	15	97	C7	E0	A5	9E	C7	2A	55	99	C7	FB	59	A2	C7	C0	1F	BC	C7	F2	15	97	C7	E0	A5	9E	C7	2A	55	99	C7	FB	59	A2	C7	C0	1F	BC	C7	00	00	00	00	00	00	00	00	00	00	00	00	00	00	00	00	00	00	00	00
6.454	3D DATA	true	-	-	-	-	-77355.9	-81227.8	-78506.3	-83124.0	-96319.5	-77355.9	-81227.8	-78506.3	-83124.0	-96319.5	-	-	-	-	-
6.454	3D MESSAGE	48	00	66	91	20	59	0D	8C	30	E6	90	3C	02	16	97	C7	DE	A5	9E	C7	3E	55	99	C7	0A	5A	A2	C7	DC	1F	BC	C7	02	16	97	C7	DE	A5	9E	C7	3E	55	99	C7	0A	5A	A2	C7	DC	1F	BC	C7	00	00	00	00	00	00	00	00	00	00	00	00	00	00	00	00	00	00	00	00
6.454	3D DATA	true	-	-	-	-	-77356.0	-81227.7	-78506.5	-83124.1	-96319.7	-77356.0	-81227.7	-78506.5	-83124.1	-96319.7	-	-	-	-	-
6.486	3D MESSAGE	48	00	67	91	20	59	0E	8C	30	E6	90	3C	10	16	97	C7	DD	A5	9E	C7	56	55	99	C7	1A	5A	A2	C7	FE	1F	BC	C7	10	16	97	C7	DD	A5	9E	C7	56	55	99	C7	1A	5A	A2	C7	FE	1F	BC	C7	00	00	00	00	00	00	00	00	00	00	00	00	00	00	00	00	00	00	00	00
6.486	3D DATA	true	-	-	-	-	-77356.1	-81227.7	-78506.7	-83124.2	-96320.0	-77356.1	-81227.7	-78506.7	-83124.2	-96320.0	-	-	-	-	-
6.486	3D MESSAGE	48	00	68	91	20	59	0F	8C	30	E6	90	3C	1B	16	97	C7	DB	A5	9E	C7	6A	55	99	C7	28	5A	A2	C7	1C	20	BC	C7	1B	16	97	C7	DB	A5	9E	C7	6A	55	99	C7	28	5A	A2	C7	1C	20	BC	C7	00	00	00	00	00	00	00	00	00	00	00	00	00	00	00	00	00	00	00	00
6.486	3D DATA	true	-	-	-	-	-77356.2	-81227.7	-78506.8	-83124.3	-96320.2	-77356.2	-81227.7	-78506.8	-83124.3	-96320.2	-	-	-	-	-
6.486	3D MESSAGE	48	00	69	91	20	59	10	8C	30	E6	90	3C	1F	16	97	C7	D7	A5	9E	C7	72	55	99	C7	30	5A	A2	C7	2E	20	BC	C7	1F	16	97	C7	D7	A5	9E	C7	72	55	99	C7	30	5A	A2	C7	2E	20	BC	C7	00	00	00	00	00	00	00	00	00	00	00	00	00	00	00	00	00	00	00	00
6.486	3D DATA	true	-	-	-	-	-77356.2	-81227.7	-78506.9	-83124.4	-96320.4	-77356.2	-81227.7	-78506.9	-83124.4	-96320.4	-	-	-	-	-
6.487	3D MESSAGE	48	00	6A	91	20	59	11	8C	30	E6	90	3C	1B	16	97	C7	D0	A5	9E	C7	6F	55	99	C7	2E	5A	A2	C7	2C	20	BC	C7	1B	16	97	C7	D0	A5	9E	C7	6F	55	99	C7	2E	5A	A2	C7	2C	20	BC	C7	00	00	00	00	00	00	00	00	00	00	00	00	00	00	00	00	00	00	00	00
6.487	3D DATA	true	-	-	-	-	-77356.2	-81227.6	-78506.9	-83124.4	-96320.3	-77356.2	-81227.6	-78506.9	-83124.4	-96320.3	-	-	-	-	-
6.487	3D MESSAGE	48	00	6B	91	20	59	12	8C	30	E6	90	3C	12	16	97	C7	C6	A5	9E	C7	5F	55	99	C7	20	5A	A2	C7	12	20	BC	C7	12	16	97	C7	C6	A5	9E	C7	5F	55	99	C7	20	5A	A2	C7	12	20	BC	C7	00	00	00	00	00	00	00	00	00	00	00	00	00	00	00	00	00	00	00	00
6.487	3D DATA	true	-	-	-	-	-77356.1	-81227.5	-78506.7	-83124.2	-96320.1	-77356.1	-81227.5	-78506.7	-83124.2	-96320.1	-	-	-	-	-
6.487	3D MESSAGE	48	00	6C	91	20	59	13	8C	30	E6	90	3C	07	16	97	C7	BB	A5	9E	C7	48	55	99	C7	08	5A	A2	C7	E2	1F	BC	C7	07	16	97	C7	BB	A5	9E	C7	48	55	99	C7	08	5A	A2	C7	E2	1F	BC	C7	00	00	00	00	00	00	00	00	00	00	00	00	00	00	00	00	00	00	00	00
6.487	3D DATA	true	-	-	-	-	-77356.1	-81227.5	-78506.6	-83124.1	-96319.8	-77356.1	-81227.5	-78506.6	-83124.1	-96319.8	-	-	-	-	-
6.487	3D MESSAGE	48	00	6D	91	20	59	14	8C	30	E6	90	3C	FC	15	97	C7	B0	A5	9E	C7	2F	55	99	C7	E8	59	A2	C7	A0	1F	BC	C7	FC	15	97	C7	B0	A5	9E	C7	2F	55	99	C7	E8	59	A2	C7	A0	1F	BC	C7	00	00	00	00	00	00	00	00	00	00	00	00	00	00	00	00	00	00	00	00
6.487	3D DATA	true	-	-	-	-	-77356.0	-81227.4	-78506.4	-83123.8	-96319.2	-77356.0	-81227.4	-78506.4	-83123.8	-96319.2	-	-	-	-	-
6.516	3D MESSAGE	48	00	6E	91	20	59	15	8C	30	E6	90	3C	F2	15	97	C7	A6	A5	9E	C7	19	55	99	C7	C7	59	A2	C7	55	1F	BC	C7	F2	15	97	C7	A6	A5	9E	C7	19	55	99	C7	C7	59	A2	C7	55	1F	BC	C7	00	00	00	00	00	00	00	00	00	00	00	00	00	00	00	00	00	00	00	00
6.516	3D DATA	true	-	-	-	-	-77355.9	-81227.3	-78506.2	-83123.6	-96318.7	-77355.9	-81227.3	-78506.2	-83123.6	-96318.7	-	-	-	-	-
6.517	3D MESSAGE	48	00	6F	91	20	59	16	8C	30	E6	90	3C	E9	15	97	C7	9F	A5	9E	C7	09	55	99	C7	A9	59	A2	C7	0A	1F	BC	C7	E9	15	97	C7	9F	A5	9E	C7	09	55	99	C7	A9	59	A2	C7	0A	1F	BC	C7	00	00	00	00	00	00	00	00	00	00	00	00	00	00	00	00	00	00	00	00
6.517	3D DATA	true	-	-	-	-	-77355.8	-81227.2	-78506.1	-83123.3	-96318.1	-77355.8	-81227.2	-78506.1	-83123.3	-96318.1	-	-	-	-	-
6.517	3D MESSAGE	48	00	70	91	20	59	17	8C	30	E6	90	3C	DF	15	97	C7	9A	A5	9E	C7	FF	54	99	C7	91	59	A2	C7	C5	1E	BC	C7	DF	15	97	C7	9A	A5	9E	C7	FF	54	99	C7	91	59	A2	C7	C5	1E	BC	C7	00	00	00	00	00	00	00	00	00	00	00	00	00	00	00	00	00	00	00	00
6.517	3D DATA	true	-	-	-	-	-77355.7	-81227.2	-78506.0	-83123.1	-96317.5	-77355.7	-81227.2	-78506.0	-83123.1	-96317.5	-	-	-	-	-
6.517	3D MESSAGE	48	00	71	91	20	59	18	8C	30	E6	90	3C	D2	15	97	C7	96	A5	9E	C7	F8	54	99	C7	82	59	A2	C7	8D	1E	BC	C7	D2	15	97	C7	96	A5	9E	C7	F8	54	99	C7	82	59	A2	C7	8D	1E	BC	C7	00	00	00	00	00	00	00	00	00	00	00	00	00	00	00	00	00	00	00	00
6.517	3D DATA	true	-	-	-	-	-77355.6	-81227.2	-78505.9	-83123.0	-96317.1	-77355.6	-81227.2	-78505.9	-83123.0	-96317.1	-	-	-	-	-
6.518	3D MESSAGE	48	00	72	91	20	59	19	8C	30	E6	90	3C	BF	15	97	C7	90	A5	9E	C7	F0	54	99	C7	79	59	A2	C7	62	1E	BC	C7	BF	15	97	C7	90	A5	9E	C7	F0	54	99	C7	79	59	A2	C7	62	1E	BC	C7	00	00	00	00	00	00	00	00	00	00	00	00	00	00	00	00	00	00	00	00
6.518	3D DATA	true	-	-	-	-	-77355.5	-81227.1	-78505.9	-83122.9	-96316.8	-77355.5	-81227.1	-78505.9	-83122.9	-96316.8	-	-	-	-	-
6.518	3D MESSAGE	48	00	73	91	20	59	1A	8C	30	E6	90	3C	A8	15	97	C7	87	A5	9E	C7	E4	54	99	C7	77	59	A2	C7	47	1E	BC	C7	A8	15	97	C7	87	A5	9E	C7	E4	54	99	C7	77	59	A2	C7	47	1E	BC	C7	00	00	00	00	00	00	00	00	00	00	00	00	00	00	00	00	00	00	00	00
6.518	3D DATA	true	-	-	-	-	-77355.3	-81227.1	-78505.8	-83122.9	-96316.6	-77355.3	-81227.1	-78505.8	-83122.9	-96316.6	-	-	-	-	-
6.550	3D MESSAGE	48	00	74	91	20	59	1B	8C	30	E6	90	3C	90	15	97	C7	7B	A5	9E	C7	D2	54	99	C7	79	59	A2	C7	39	1E	BC	C7	90	15	97	C7	7B	A5	9E	C7	D2	54	99	C7	79	59	A2	C7	39	1E	BC	C7	00	00	00	00	00	00	00	00	00	00	00	00	00	00	00	00	00	00	00	00
6.550	3D DATA	true	-	-	-	-	-77355.1	-81227.0	-78505.6	-83122.9	-96316.4	-77355.1	-81227.0	-78505.6	-83122.9	-96316.4	-	-	-	-	-
6.550	3D MESSAGE	48	00	75	91	20	59	1C	8C	30	E6	90	3C	7B	15	97	C7	6E	A5	9E	C7	BC	54	99	C7	7D	59	A2	C7	3A	1E	BC	C7	7B	15	97	C7	6E	A5	9E	C7	BC	54	99	C7	7D	59	A2	C7	3A	1E	BC	C7	00	00	00	00	00	00	00	00	00	00	00	00	00	00	00	00	00	00	00	00
6.550	3D DATA	true	-	-	-	-	-77355.0	-81226.9	-78505.5	-83123.0	-96316.5	-77355.0	-81226.9	-78505.5	-83123.0	-96316.5	-	-	-	-	-
6.550	3D MESSAGE	48	00	76	91	20	59	1D	8C	30	E6	90	3C	6E	15	97	C7	64	A5	9E	C7	A5	54	99	C7	84	59	A2	C7	4A	1E	BC	C7	6E	15	97	C7	64	A5	9E	C7	A5	54	99	C7	84	59	A2	C7	4A	1E	BC	C7	00	00	00	00	00	00	00	00	00	00	00	00	00	00	00	00	00	00	00	00
6.550	3D DATA	true	-	-	-	-	-77354.9	-81226.8	-78505.3	-83123.0	-96316.6	-77354.9	-81226.8	-78505.3	-83123.0	-96316.6	-	-	-	-	-
6.550	3D MESSAGE	48	00	77	91	20	59	1E	8C	30	E6	90	3C	6C	15	97	C7	62	A5	9E	C7	95	54	99	C7	8E	59	A2	C7	6B	1E	BC	C7	6C	15	97	C7	62	A5	9E	C7	95	54	99	C7	8E	59	A2	C7	6B	1E	BC	C7	00	00	00	00	00	00	00	00	00	00	00	00	00	00	00	00	00	00	00	00
6.551	3D DATA	true	-	-	-	-	-77354.8	-81226.8	-78505.2	-83123.1	-96316.8	-77354.8	-81226.8	-78505.2	-83123.1	-96316.8	-	-	-	-	-
6.551	3D MESSAGE	48	00	78	91	20	59	1F	8C	30	E6	90	3C	76	15	97	C7	6D	A5	9E	C7	90	54	99	C7	9A	59	A2	C7	9C	1E	BC	C7	76	15	97	C7	6D	A5	9E	C7	90	54	99	C7	9A	59	A2	C7	9C	1E	BC	C7	00	00	00	00	00	00	00	00	00	00	00	00	00	00	00	00	00	00	00	00
6.551	3D DATA	true	-	-	-	-	-77354.9	-81226.9	-78505.1	-83123.2	-96317.2	-77354.9	-81226.9	-78505.1	-83123.2	-96317.2	-	-	-	-	-
6.551	3D MESSAGE	48	00	79	91	20	59	20	8C	30	E6	90	3C	8A	15	97	C7	84	A5	9E	C7	9A	54	99	C7	A9	59	A2	C7	DA	1E	BC	C7	8A	15	97	C7	84	A5	9E	C7	9A	54	99	C7	A9	59	A2	C7	DA	1E	BC	C7	00	00	00	00	00	00	00	00	00	00	00	00	00	00	00	00	00	00	00	00
6.551	3D DATA	true	-	-	-	-	-77355.1	-81227.0	-78505.2	-83123.3	-96317.7	-77355.1	-81227.0	-78505.2	-83123.3	-96317.7	-	-	-	-	-
6.551	3D MESSAGE	48	00	7A	91	20	59	21	8C	30	E6	90	3C	A4	15	97	C7	A5	A5	9E	C7	B3	54	99	C7	BD	59	A2	C7	22	1F	BC	C7	A4	15	97	C7	A5	A5	9E	C7	B3	54	99	C7	BD	59	A2	C7	22	1F	BC	C7	00	00	00	00	00	00	00	00	00	00	00	00	00	00	00	00	00	00	00	00
6.551	3D DATA	true	-	-	-	-	-77355.3	-81227.3	-78505.4	-83123.5	-96318.3	-77355.3	-81227.3	-78505.4	-83123.5	-96318.3	-	-	-	-	-
6.581	3D MESSAGE	48	00	7B	91	20	59	22	8C	30	E6	90	3C	C0	15	97	C7	CC	A5	9E	C7	D8	54	99	C7	D5	59	A2	C7	6F	1F	BC	C7	C0	15	97	C7	CC	A5	9E	C7	D8	54	99	C7	D5	59	A2	C7	6F	1F	BC	C7	00	00	00	00	00	00	00	00	00	00	00	00	00	00	00	00	00	00	00	00
6.581	3D DATA	true	-	-	-	-	-77355.5	-81227.6	-78505.7	-83123.7	-96318.9	-77355.5	-81227.6	-78505.7	-83123.7	-96318.9	-	-	-	-	-
6.581	3D MESSAGE	48	00	7C	91	20	59	23	8C	30	E6	90	3C	DB	15	97	C7	F4	A5	9E	C7	05	55	99	C7	F3	59	A2	C7	BA	1F	BC	C7	DB	15	97	C7	F4	A5	9E	C7	05	55	99	C7	F3	59	A2	C7	BA	1F	BC	C7	00	00	00	00	00	00	00	00	00	00	00	00	00	00	00	00	00	00	00	00
6.581	3D DATA	true	-	-	-	-	-77355.7	-81227.9	-78506.0	-83123.9	-96319.5	-77355.7	-81227.9	-78506.0	-83123.9	-96319.5	-	-	-	-	-
6.582	3D MESSAGE	48	00	7D	91	20	59	24	8C	30	E6	90	3C	F2	15	97	C7	18	A6	9E	C7	33	55	99	C7	16	5A	A2	C7	00	20	BC	C7	F2	15	97	C7	18	A6	9E	C7	33	55	99	C7	16	5A	A2	C7	00	20	BC	C7	00	00	00	00	00	00	00	00	00	00	00	00	00	00	00	00	00	00	00	00
6.582	3D DATA	true	-	-	-	-	-77355.9	-81228.2	-78506.4	-83124.2	-96320.0	-77355.9	-81228.2	-78506.4	-83124.2	-96320.0	-	-	-	-	-
6.582	3D MESSAGE	48	00	7E	91	20	59	25	8C	30	E6	90	3C	06	16	97	C7	35	A6	9E	C7	5D	55	99	C7	3D	5A	A2	C7	3F	20	BC	C7	06	16	97	C7	35	A6	9E	C7	5D	55	99	C7	3D	5A	A2	C7	3F	20	BC	C7	00	00	00	00	00	00	00	00	00	00	00	00	00	00	00	00	00	00	00	00
6.582	3D DATA	true	-	-	-	-	-77356.0	-81228.4	-78506.7	-83124.5	-96320.5	-77356.0	-81228.4	-78506.7	-83124.5	-96320.5	-	-	-	-	-
6.582	3D MESSAGE	48	00	7F	91	20	59	26	8C	30	E6	90	3C	16	16	97	C7	4A	A6	9E	C7	81	55	99	C7	64	5A	A2	C7	74	20	BC	C7	16	16	97	C7	4A	A6	9E	C7	81	55	99	C7	64	5A	A2	C7	74	20	BC	C7	00	00	00	00	00	00	00	00	00	00	00	00	00	00	00	00	00	00	00	00
6.582	3D DATA	true	-	-	-	-	-77356.2	-81228.6	-78507.0	-83124.8	-96320.9	-77356.2	-81228.6	-78507.0	-83124.8	-96320.9	-	-	-	-	-
6.583	3D MESSAGE	48	00	80	91	20	59	27	8C	30	E6	90	3C	26	16	97	C7	5A	A6	9E	C7	9D	55	99	C7	89	5A	A2	C7	A2	20	BC	C7	26	16	97	C7	5A	A6	9E	C7	9D	55	99	C7	89	5A	A2	C7	A2	20	BC	C7	00	00	00	00	00	00	00	00	00	00	00	00	00	00	00	00	00	00	00	00
6.583	3D DATA	true	-	-	-	-	-77356.3	-81228.7	-78507.2	-83125.1	-96321.3	-77356.3	-81228.7	-78507.2	-83125.1	-96321.3	-	-	-	-	-
6.609	3D MESSAGE	48	00	81	91	20	59	28	8C	30	E6	90	3C	36	16	97	C7	64	A6	9E	C7	B3	55	99	C7	A7	5A	A2	C7	C9	20	BC	C7	36	16	97	C7	64	A6	9E	C7	B3	55	99	C7	A7	5A	A2	C7	C9	20	BC	C7	00	00	00	00	00	00	00	00	00	00	00	00	00	00	00	00	00	00	00	00
6.609	3D DATA	true	-	-	-	-	-77356.4	-81228.8	-78507.4	-83125.3	-96321.6	-77356.4	-81228.8	-78507.4	-83125.3	-96321.6	-	-	-	-	-
6.609	3D MESSAGE	48	00	82	91	20	59	29	8C	30	E6	90	3C	43	16	97	C7	6A	A6	9E	C7	C4	55	99	C7	BC	5A	A2	C7	E9	20	BC	C7	43	16	97	C7	6A	A6	9E	C7	C4	55	99	C7	BC	5A	A2	C7	E9	20	BC	C7	00	00	00	00	00	00	00	00	00	00	00	00	00	00	00	00	00	00	00	00
6.609	3D DATA	true	-	-	-	-	-77356.5	-81228.8	-78507.5	-83125.5	-96321.8	-77356.5	-81228.8	-78507.5	-83125.5	-96321.8	-	-	-	-	-
6.610	3D MESSAGE	48	00	83	91	20	59	2A	8C	30	E6	90	3C	4E	16	97	C7	6C	A6	9E	C7	D4	55	99	C7	C9	5A	A2	C7	02	21	BC	C7	4E	16	97	C7	6C	A6	9E	C7	D4	55	99	C7	C9	5A	A2	C7	02	21	BC	C7	00	00	00	00	00	00	00	00	00	00	00	00	00	00	00	00	00	00	00	00
6.610	3D DATA	true	-	-	-	-	-77356.6	-81228.8	-78507.7	-83125.6	-96322.0	-77356.6	-81228.8	-78507.7	-83125.6	-96322.0	-	-	-	-	-
6.610	3D MESSAGE	48	00	84	91	20	59	2B	8C	30	E6	90	3C	54	16	97	C7	68	A6	9E	C7	E2	55	99	C7	CF	5A	A2	C7	12	21	BC	C7	54	16	97	C7	68	A6	9E	C7	E2	55	99	C7	CF	5A	A2	C7	12	21	BC	C7	00	00	00	00	00	00	00	00	00	00	00	00	00	00	00	00	00	00	00	00
6.610	3D DATA	true	-	-	-	-	-77356.7	-81228.8	-78507.8	-83125.6	-96322.1	-77356.7	-81228.8	-78507.8	-83125.6	-96322.1	-	-	-	-	-
6.610	3D MESSAGE	48	00	85	91	20	59	2C	8C	30	E6	90	3C	52	16	97	C7	5E	A6	9E	C7	EE	55	99	C7	CE	5A	A2	C7	17	21	BC	C7	52	16	97	C7	5E	A6	9E	C7	EE	55	99	C7	CE	5A	A2	C7	17	21	BC	C7	00	00	00	00	00	00	00	00	00	00	00	00	00	00	00	00	00	00	00	00
6.610	3D DATA	true	-	-	-	-	-77356.6	-81228.7	-78507.9	-83125.6	-96322.2	-77356.6	-81228.7	-78507.9	-83125.6	-96322.2	-	-	-	-	-
6.611	3D MESSAGE	48	00	86	91	20	59	2D	8C	30	E6	90	3C	46	16	97	C7	4D	A6	9E	C7	F4	55	99	C7	CA	5A	A2	C7	10	21	BC	C7	46	16	97	C7	4D	A6	9E	C7	F4	55	99	C7	CA	5A	A2	C7	10	21	BC	C7	00	00	00	00	00	00	00	00	00	00	00	00	00	00	00	00	00	00	00	00
6.611	3D DATA	true	-	-	-	-	-77356.5	-81228.6	-78507.9	-83125.6	-96322.1	-77356.5	-81228.6	-78507.9	-83125.6	-96322.1	-	-	-	-	-
6.642	3D MESSAGE	48	00	87	91	20	59	2E	8C	30	E6	90	3C	31	16	97	C7	36	A6	9E	C7	F2	55	99	C7	C2	5A	A2	C7	FE	20	BC	C7	31	16	97	C7	36	A6	9E	C7	F2	55	99	C7	C2	5A	A2	C7	FE	20	BC	C7	00	00	00	00	00	00	00	00	00	00	00	00	00	00	00	00	00	00	00	00
6.642	3D DATA	true	-	-	-	-	-77356.4	-81228.4	-78507.9	-83125.5	-96322.0	-77356.4	-81228.4	-78507.9	-83125.5	-96322.0	-	-	-	-	-
6.643	3D MESSAGE	48	00	88	91	20	59	2F	8C	30	E6	90	3C	15	16	97	C7	1B	A6	9E	C7	E8	55	99	C7	B5	5A	A2	C7	DF	20	BC	C7	15	16	97	C7	1B	A6	9E	C7	E8	55	99	C7	B5	5A	A2	C7	DF	20	BC	C7	00	00	00	00	00	00	00	00	00	00	00	00	00	00	00	00	00	00	00	00
6.643	3D DATA	true	-	-	-	-	-77356.2	-81228.2	-78507.8	-83125.4	-96321.7	-77356.2	-81228.2	-78507.8	-83125.4	-96321.7	-	-	-	-	-
6.643	3D MESSAGE	48	00	89	91	20	59	30	8C	30	E6	90	3C	F6	15	97	C7	FE	A5	9E	C7	D5	55	99	C7	A3	5A	A2	C7	B8	20	BC	C7	F6	15	97	C7	FE	A5	9E	C7	D5	55	99	C7	A3	5A	A2	C7	B8	20	BC	C7	00	00	00	00	00	00	00	00	00	00	00	00	00	00	00	00	00	00	00	00
6.643	3D DATA	true	-	-	-	-	-77355.9	-81228.0	-78507.7	-83125.3	-96321.4	-77355.9	-81228.0	-78507.7	-83125.3	-96321.4	-	-	-	-	-
6.643	3D MESSAGE	48	00	8A	91	20	59	31	8C	30	E6	90	3C	D8	15	97	C7	E5	A5	9E	C7	BE	55	99	C7	8C	5A	A2	C7	8E	20	BC	C7	D8	15	97	C7	E5	A5	9E	C7	BE	55	99	C7	8C	5A	A2	C7	8E	20	BC	C7	00	00	00	00	00	00	00	00	00	00	00	00	00	00	00	00	00	00	00	00
6.643	3D DATA	true	-	-	-	-	-77355.7	-81227.8	-78507.5	-83125.1	-96321.1	-77355.7	-81227.8	-78507.5	-83125.1	-96321.1	-	-	-	-	-
6.643	3D MESSAGE	48	00	8B	91	20	59	32	8C	30	E6	90	3C	C1	15	97	C7	D4	A5	9E	C7	A8	55	99	C7	72	5A	A2	C7	67	20	BC	C7	C1	15	97	C7	D4	A5	9E	C7	A8	55	99	C7	72	5A	A2	C7	67	20	BC	C7	00	00	00	00	00	00	00	00	00	00	00	00	00	00	00	00	00	00	00	00
6.644	3D DATA	true	-	-	-	-	-77355.5	-81227.7	-78507.3	-83124.9	-96320.8	-77355.5	-81227.7	-78507.3	-83124.9	-96320.8	-	-	-	-	-
6.644	3D MESSAGE	48	00	8C	91	20	59	33	8C	30	E6	90	3C	B4	15	97	C7	CE	A5	9E	C7	96	55	99	C7	59	5A	A2	C7	49	20	BC	C7	B4	15	97	C7	CE	A5	9E	C7	96	55	99	C7	59	5A	A2	C7	49	20	BC	C7	00	00	00	00	00	00	00	00	00	00	00	00	00	00	00	00	00	00	00	00
6.644	3D DATA	true	-	-	-	-	-77355.4	-81227.6	-78507.2	-83124.7	-96320.6	-77355.4	-81227.6	-78507.2	-83124.7	-96320.6	-	-	-	-	-
6.672	3D MESSAGE	48	00	8D	91	20	59	34	8C	CC	44	83	3C	B0	15	97	C7	D4	A5	9E	C7	8B	55	99	C7	43	5A	A2	C7	38	20	BC	C7	B0	15	97	C7	D4	A5	9E	C7	8B	55	99	C7	43	5A	A2	C7	38	20	BC	C7	00	00	00	00	00	00	00	00	00	00	00	00	00	00	00	00	00	00	00	00
6.672	3D DATA	true	-	-	-	-	-77355.4	-81227.7	-78507.1	-83124.5	-96320.4	-77355.4	-81227.7	-78507.1	-83124.5	-96320.4	-	-	-	-	-
6.673	3D MESSAGE	48	00	8E	91	20	59	35	8C	CC	44	83	3C	B4	15	97	C7	E6	A5	9E	C7	89	55	99	C7	32	5A	A2	C7	36	20	BC	C7	B4	15	97	C7	E6	A5	9E	C7	89	55	99	C7	32	5A	A2	C7	36	20	BC	C7	00	00	00	00	00	00	00	00	00	00	00	00	00	00	00	00	00	00	00	00
6.673	3D DATA	true	-	-	-	-	-77355.4	-81227.8	-78507.1	-83124.4	-96320.4	-77355.4	-81227.8	-78507.1	-83124.4	-96320.4	-	-	-	-	-
6.673	3D MESSAGE	48	00	8F	91	20	59	36	8C	CC	44	83	3C	BC	15	97	C7	FC	A5	9E	C7	8E	55	99	C7	26	5A	A2	C7	3E	20	BC	C7	BC	15	97	C7	FC	A5	9E	C7	8E	55	99	C7	26	5A	A2	C7	3E	20	BC	C7	00	00	00	00	00	00	00	00	00	00	00	00	00	00	00	00	00	00	00	00
6.673	3D DATA	true	-	-	-	-	-77355.5	-81228.0	-78507.1	-83124.3	-96320.5	-77355.5	-81228.0	-78507.1	-83124.3	-96320.5	-	-	-	-	-
6.673	3D MESSAGE	48	00	90	91	20	59	37	8C	CC	44	83	3C	C6	15	97	C7	12	A6	9E	C7	98	55	99	C7	1D	5A	A2	C7	4C	20	BC	C7	C6	15	97	C7	12	A6	9E	C7	98	55	99	C7	1D	5A	A2	C7	4C	20	BC	C7	00	00	00	00	00	00	00	00	00	00	00	00	00	00	00	00	00	00	00	00
6.673	3D DATA	true	-	-	-	-	-77355.5	-81228.1	-78507.2	-83124.2	-96320.6	-77355.5	-81228.1	-78507.2	-83124.2	-96320.6	-	-	-	-	-
6.674	3D MESSAGE	48	00	91	91	20	59	38	8C	CC	44	83	3C	D0	15	97	C7	23	A6	9E	C7	A4	55	99	C7	15	5A	A2	C7	5A	20	BC	C7	D0	15	97	C7	23	A6	9E	C7	A4	55	99	C7	15	5A	A2	C7	5A	20	BC	C7	00	00	00	00	00	00	00	00	00	00	00	00	00	00	00	00	00	00	00	00
6.674	3D DATA	true	-	-	-	-	-77355.6	-81228.3	-78507.3	-83124.2	-96320.7	-77355.6	-81228.3	-78507.3	-83124.2	-96320.7	-	-	-	-	-
6.674	3D MESSAGE	48	00	92	91	20	59	39	8C	CC	44	83	3C	DA	15	97	C7	29	A6	9E	C7	B1	55	99	C7	0D	5A	A2	C7	60	20	BC	C7	DA	15	97	C7	29	A6	9E	C7	B1	55	99	C7	0D	5A	A2	C7	60	20	BC	C7	00	00	00	00	00	00	00	00	00	00	00	00	00	00	00	00	00	00	00	00
6.674	3D DATA	true	-	-	-	-	-77355.7	-81228.3	-78507.4	-83124.1	-96320.8	-77355.7	-81228.3	-78507.4	-83124.1	-96320.8	-	-	-	-	-
6.706	3D MESSAGE	48	00	93	91	20	59	3A	8C	CC	44	83	3C	E2	15	97	C7	24	A6	9E	C7	BC	55	99	C7	04	5A	A2	C7	5C	20	BC	C7	E2	15	97	C7	24	A6	9E	C7	BC	55	99	C7	04	5A	A2	C7	5C	20	BC	C7	00	00	00	00	00	00	00	00	00	00	00	00	00	00	00	00	00	00	00	00
6.706	3D DATA	true	-	-	-	-	-77355.8	-81228.3	-78507.5	-83124.0	-96320.7	-77355.8	-81228.3	-78507.5	-83124.0	-96320.7	-	-	-	-	-
6.706	3D MESSAGE	48	00	94	91	20	59	3B	8C	CC	44	83	3C	EB	15	97	C7	14	A6	9E	C7	C4	55	99	C7	FE	59	A2	C7	4F	20	BC	C7	EB	15	97	C7	14	A6	9E	C7	C4	55	99	C7	FE	59	A2	C7	4F	20	BC	C7	00	00	00	00	00	00	00	00	00	00	00	00	00	00	00	00	00	00	00	00
6.706	3D DATA	true	-	-	-	-	-77355.8	-81228.2	-78507.5	-83124.0	-96320.6	-77355.8	-81228.2	-78507.5	-83124.0	-96320.6	-	-	-	-	-
6.706	3D MESSAGE	48	00	95	91	20	59	3C	8C	CC	44	83	3C	F3	15	97	C7	FE	A5	9E	C7	C8	55	99	C7	F9	59	A2	C7	3A	20	BC	C7	F3	15	97	C7	FE	A5	9E	C7	C8	55	99	C7	F9	59	A2	C7	3A	20	BC	C7	00	00	00	00	00	00	00	00	00	00	00	00	00	00	00	00	00	00	00	00
6.707	3D DATA	true	-	-	-	-	-77355.9	-81228.0	-78507.6	-83123.9	-96320.5	-77355.9	-81228.0	-78507.6	-83123.9	-96320.5	-	-	-	-	-
6.707	3D MESSAGE	48	00	96	91	20	59	3D	8C	CC	44	83	3C	F8	15	97	C7	E5	A5	9E	C7	C3	55	99	C7	F9	59	A2	C7	22	20	BC	C7	F8	15	97	C7	E5	A5	9E	C7	C3	55	99	C7	F9	59	A2	C7	22	20	BC	C7	00	00	00	00	00	00	00	00	00	00	00	00	00	00	00	00	00	00	00	00
6.707	3D DATA	true	-	-	-	-	-77355.9	-81227.8	-78507.5	-83123.9	-96320.3	-77355.9	-81227.8	-78507.5	-83123.9	-96320.3	-	-	-	-	-
6.707	3D MESSAGE	48	00	97	91	20	59	3E	8C	CC	44	83	3C	F8	15	97	C7	CF	A5	9E	C7	B6	55	99	C7	FC	59	A2	C7	0A	20	BC	C7	F8	15	97	C7	CF	A5	9E	C7	B6	55	99	C7	FC	59	A2	C7	0A	20	BC	C7	00	00	00	00	00	00	00	00	00	00	00	00	00	00	00	00	00	00	00	00
6.707	3D DATA	true	-	-	-	-	-77355.9	-81227.6	-78507.4	-83124.0	-96320.1	-77355.9	-81227.6	-78507.4	-83124.0	-96320.1	-	-	-	-	-
6.707	3D MESSAGE	48	00	98	91	20	59	3F	8C	CC	44	83	3C	F0	15	97	C7	BE	A5	9E	C7	A0	55	99	C7	02	5A	A2	C7	F3	1F	BC	C7	F0	15	97	C7	BE	A5	9E	C7	A0	55	99	C7	02	5A	A2	C7	F3	1F	BC	C7	00	00	00	00	00	00	00	00	00	00	00	00	00	00	00	00	00	00	00	00
6.707	3D DATA	true	-	-	-	-	-77355.9	-81227.5	-78507.2	-83124.0	-96319.9	-77355.9	-81227.5	-78507.2	-83124.0	-96319.9	-	-	-	-	-
6.708	3D MESSAGE	48	00	99	91	20	59	40	8C	CC	44	83	3C	E1	15	97	C7	B6	A5	9E	C7	83	55	99	C7	08	5A	A2	C7	DE	1F	BC	C7	E1	15	97	C7	B6	A5	9E	C7	83	55	99	C7	08	5A	A2	C7	DE	1F	BC	C7	00	00	00	00	00	00	00	00	00	00	00	00	00	00	00	00	00	00	00	00
6.708	3D DATA	true	-	-	-	-	-77355.8	-81227.4	-78507.0	-83124.1	-96319.7	-77355.8	-81227.4	-78507.0	-83124.1	-96319.7	-	-	-	-	-
6.737	3D MESSAGE	48	00	9A	91	20	59	41	8C	CC	44	83	3C	CC	15	97	C7	B6	A5	9E	C7	63	55	99	C7	0E	5A	A2	C7	C8	1F	BC	C7	CC	15	97	C7	B6	A5	9E	C7	63	55	99	C7	0E	5A	A2	C7	C8	1F	BC	C7	00	00	00	00	00	00	00	00	00	00	00	00	00	00	00	00	00	00	00	00
6.737	3D DATA	true	-	-	-	-	-77355.6	-81227.4	-78506.8	-83124.1	-96319.6	-77355.6	-81227.4	-78506.8	-83124.1	-96319.6	-	-	-	-	-
6.738	3D MESSAGE	48	00	9B	91	20	59	42	8C	CC	44	83	3C	B2	15	97	C7	BE	A5	9E	C7	44	55	99	C7	14	5A	A2	C7	B0	1F	BC	C7	B2	15	97	C7	BE	A5	9E	C7	44	55	99	C7	14	5A	A2	C7	B0	1F	BC	C7	00	00	00	00	00	00	00	00	00	00	00	00	00	00	00	00	00	00	00	00
6.738	3D DATA	true	-	-	-	-	-77355.4	-81227.5	-78506.5	-83124.2	-96319.4	-77355.4	-81227.5	-78506.5	-83124.2	-96319.4	-	-	-	-	-
6.738	3D MESSAGE	48	00	9C	91	20	59	43	8C	CC	44	83	3C	99	15	97	C7	C9	A5	9E	C7	2A	55	99	C7	18	5A	A2	C7	95	1F	BC	C7	99	15	97	C7	C9	A5	9E	C7	2A	55	99	C7	18	5A	A2	C7	95	1F	BC	C7	00	00	00	00	00	00	00	00	00	00	00	00	00	00	00	00	00	00	00	00
6.738	3D DATA	true	-	-	-	-	-77355.2	-81227.6	-78506.3	-83124.2	-96319.2	-77355.2	-81227.6	-78506.3	-83124.2	-96319.2	-	-	-	-	-
6.738	3D MESSAGE	48	00	9D	91	20	59	44	8C	CC	44	83	3C	83	15	97	C7	D2	A5	9E	C7	15	55	99	C7	1A	5A	A2	C7	76	1F	BC	C7	83	15	97	C7	D2	A5	9E	C7	15	55	99	C7	1A	5A	A2	C7	76	1F	BC	C7	00	00	00	00	00	00	00	00	00	00	00	00	00	00	00	00	00	00	00	00
6.738	3D DATA	true	-	-	-	-	-77355.0	-81227.6	-78506.2	-83124.2	-96318.9	-77355.0	-81227.6	-78506.2	-83124.2	-96318.9	-	-	-	-	-
6.739	3D MESSAGE	48	00	9E	91	20	59	45	8C	CC	44	83	3C	71	15	97	C7	D5	A5	9E	C7	05	55	99	C7	16	5A	A2	C7	54	1F	BC	C7	71	15	97	C7	D5	A5	9E	C7	05	55	99	C7	16	5A	A2	C7	54	1F	BC	C7	00	00	00	00	00	00	00	00	00	00	00	00	00	00	00	00	00	00	00	00
6.739	3D DATA	true	-	-	-	-	-77354.9	-81227.7	-78506.0	-83124.2	-96318.7	-77354.9	-81227.7	-78506.0	-83124.2	-96318.7	-	-	-	-	-
6.739	3D MESSAGE	48	00	9F	91	20	59	46	8C	CC	44	83	3C	65	15	97	C7	CE	A5	9E	C7	FA	54	99	C7	0B	5A	A2	C7	31	1F	BC	C7	65	15	97	C7	CE	A5	9E	C7	FA	54	99	C7	0B	5A	A2	C7	31	1F	BC	C7	00	00	00	00	00	00	00	00	00	00	00	00	00	00	00	00	00	00	00	00
6.739	3D DATA	true	-	-	-	-	-77354.8	-81227.6	-78506.0	-83124.1	-96318.4	-77354.8	-81227.6	-78506.0	-83124.1	-96318.4	-	-	-	-	-
6.765	3D MESSAGE	48	00	A0	91	20	59	47	8C	CC	44	83	3C	60	15	97	C7	BC	A5	9E	C7	F2	54	99	C7	F8	59	A2	C7	12	1F	BC	C7	60	15	97	C7	BC	A5	9E	C7	F2	54	99	C7	F8	59	A2	C7	12	1F	BC	C7	00	00	00	00	00	00	00	00	00	00	00	00	00	00	00	00	00	00	00	00
6.765	3D DATA	true	-	-	-	-	-77354.8	-81227.5	-78505.9	-83123.9	-96318.1	-77354.8	-81227.5	-78505.9	-83123.9	-96318.1	-	-	-	-	-
6.766	3D MESSAGE	48	00	A1	91	20	59	48	8C	CC	44	83	3C	64	15	97	C7	A4	A5	9E	C7	F0	54	99	C7	DE	59	A2	C7	FA	1E	BC	C7	64	15	97	C7	A4	A5	9E	C7	F0	54	99	C7	DE	59	A2	C7	FA	1E	BC	C7	00	00	00	00	00	00	00	00	00	00	00	00	00	00	00	00	00	00	00	00
6.766	3D DATA	true	-	-	-	-	-77354.8	-81227.3	-78505.9	-83123.7	-96318.0	-77354.8	-81227.3	-78505.9	-83123.7	-96318.0	-	-	-	-	-
6.766	3D MESSAGE	48	00	A2	91	20	59	49	8C	CC	44	83	3C	70	15	97	C7	8A	A5	9E	C7	F3	54	99	C7	C4	59	A2	C7	F0	1E	BC	C7	70	15	97	C7	8A	A5	9E	C7	F3	54	99	C7	C4	59	A2	C7	F0	1E	BC	C7	00	00	00	00	00	00	00	00	00	00	00	00	00	00	00	00	00	00	00	00
6.766	3D DATA	true	-	-	-	-	-77354.9	-81227.1	-78505.9	-83123.5	-96317.9	-77354.9	-81227.1	-78505.9	-83123.5	-96317.9	-	-	-	-	-
6.766	3D MESSAGE	48	00	A3	91	20	59	4A	8C	CC	44	83	3C	87	15	97	C7	74	A5	9E	C7	00	55	99	C7	AD	59	A2	C7	F6	1E	BC	C7	87	15	97	C7	74	A5	9E	C7	00	55	99	C7	AD	59	A2	C7	F6	1E	BC	C7	00	00	00	00	00	00	00	00	00	00	00	00	00	00	00	00	00	00	00	00
6.766	3D DATA	true	-	-	-	-	-77355.1	-81226.9	-78506.0	-83123.4	-96317.9	-77355.1	-81226.9	-78506.0	-83123.4	-96317.9	-	-	-	-	-
6.767	3D MESSAGE	48	00	A4	91	20	59	4B	8C	CC	44	83	3C	A7	15	97	C7	68	A5	9E	C7	16	55	99	C7	A1	59	A2	C7	0A	1F	BC	C7	A7	15	97	C7	68	A5	9E	C7	16	55	99	C7	A1	59	A2	C7	0A	1F	BC	C7	00	00	00	00	00	00	00	00	00	00	00	00	00	00	00	00	00	00	00	00
6.767	3D DATA	true	-	-	-	-	-77355.3	-81226.8	-78506.2	-83123.3	-96318.1	-77355.3	-81226.8	-78506.2	-83123.3	-96318.1	-	-	-	-	-
6.767	3D MESSAGE	48	00	A5	91	20	59	4C	8C	CC	44	83	3C	CD	15	97	C7	66	A5	9E	C7	36	55	99	C7	A1	59	A2	C7	26	1F	BC	C7	CD	15	97	C7	66	A5	9E	C7	36	55	99	C7	A1	59	A2	C7	26	1F	BC	C7	00	00	00	00	00	00	00	00	00	00	00	00	00	00	00	00	00	00	00	00
6.767	3D DATA	true	-	-	-	-	-77355.6	-81226.8	-78506.4	-83123.3	-96318.3	-77355.6	-81226.8	-78506.4	-83123.3	-96318.3	-	-	-	-	-
6.798	3D MESSAGE	48	00	A6	91	20	59	4D	8C	CC	44	83	3C	F4	15	97	C7	6D	A5	9E	C7	5B	55	99	C7	AD	59	A2	C7	44	1F	BC	C7	F4	15	97	C7	6D	A5	9E	C7	5B	55	99	C7	AD	59	A2	C7	44	1F	BC	C7	00	00	00	00	00	00	00	00	00	00	00	00	00	00	00	00	00	00	00	00
6.798	3D DATA	true	-	-	-	-	-77355.9	-81226.9	-78506.7	-83123.4	-96318.5	-77355.9	-81226.9	-78506.7	-83123.4	-96318.5	-	-	-	-	-
6.799	3D MESSAGE	48	00	A7	91	20	59	4E	8C	CC	44	83	3C	16	16	97	C7	7A	A5	9E	C7	7E	55	99	C7	C0	59	A2	C7	58	1F	BC	C7	16	16	97	C7	7A	A5	9E	C7	7E	55	99	C7	C0	59	A2	C7	58	1F	BC	C7	00	00	00	00	00	00	00	00	00	00	00	00	00	00	00	00	00	00	00	00
6.799	3D DATA	true	-	-	-	-	-77356.2	-81227.0	-78507.0	-83123.5	-96318.7	-77356.2	-81227.0	-78507.0	-83123.5	-96318.7	-	-	-	-	-
6.799	3D MESSAGE	48	00	A8	91	20	59	4F	8C	CC	44	83	3C	2E	16	97	C7	87	A5	9E	C7	98	55	99	C7	D3	59	A2	C7	5C	1F	BC	C7	2E	16	97	C7	87	A5	9E	C7	98	55	99	C7	D3	59	A2	C7	5C	1F	BC	C7	00	00	00	00	00	00	00	00	00	00	00	00	00	00	00	00	00	00	00	00
6.799	3D DATA	true	-	-	-	-	-77356.4	-81227.1	-78507.2	-83123.6	-96318.7	-77356.4	-81227.1	-78507.2	-83123.6	-96318.7	-	-	-	-	-
6.799	3D MESSAGE	48	00	A9	91	20	59	50	8C	CC	44	83	3C	3A	16	97	C7	90	A5	9E	C7	A2	55	99	C7	E1	59	A2	C7	4B	1F	BC	C7	3A	16	97	C7	90	A5	9E	C7	A2	55	99	C7	E1	59	A2	C7	4B	1F	BC	C7	00	00	00	00	00	00	00	00	00	00	00	00	00	00	00	00	00	00	00	00
6.799	3D DATA	true	-	-	-	-	-77356.5	-81227.1	-78507.3	-83123.8	-96318.6	-77356.5	-81227.1	-78507.3	-83123.8	-96318.6	-	-	-	-	-
6.800	3D MESSAGE	48	00	AA	91	20	59	51	8C	CC	44	83	3C	39	16	97	C7	92	A5	9E	C7	9A	55	99	C7	E4	59	A2	C7	28	1F	BC	C7	39	16	97	C7	92	A5	9E	C7	9A	55	99	C7	E4	59	A2	C7	28	1F	BC	C7	00	00	00	00	00	00	00	00	00	00	00	00	00	00	00	00	00	00	00	00
6.800	3D DATA	true	-	-	-	-	-77356.4	-81227.1	-78507.2	-83123.8	-96318.3	-77356.4	-81227.1	-78507.2	-83123.8	-96318.3	-	-	-	-	-
6.801	3D MESSAGE	48	00	AB	91	20	59	52	8C	CC	44	83	3C	2D	16	97	C7	8D	A5	9E	C7	81	55	99	C7	DA	59	A2	C7	F8	1E	BC	C7	2D	16	97	C7	8D	A5	9E	C7	81	55	99	C7	DA	59	A2	C7	F8	1E	BC	C7	00	00	00	00	00	00	00	00	00	00	00	00	00	00	00	00	00	00	00	00
6.801	3D DATA	true	-	-	-	-	-77356.4	-81227.1	-78507.0	-83123.7	-96317.9	-77356.4	-81227.1	-78507.0	-83123.7	-96317.9	-	-	-	-	-
6.801	3D MESSAGE	48	00	AC	91	20	59	53	8C	CC	44	83	3C	1A	16	97	C7	82	A5	9E	C7	5C	55	99	C7	C4	59	A2	C7	C6	1E	BC	C7	1A	16	97	C7	82	A5	9E	C7	5C	55	99	C7	C4	59	A2	C7	C6	1E	BC	C7	00	00	00	00	00	00	00	00	00	00	00	00	00	00	00	00	00	00	00	00
6.801	3D DATA	true	-	-	-	-	-77356.2	-81227.0	-78506.7	-83123.5	-96317.5	-77356.2	-81227.0	-78506.7	-83123.5	-96317.5	-	-	-	-	-
6.828	3D MESSAGE	48	00	AD	91	20	59	54	8C	CC	44	83	3C	02	16	97	C7	76	A5	9E	C7	34	55	99	C7	A6	59	A2	C7	9B	1E	BC	C7	02	16	97	C7	76	A5	9E	C7	34	55	99	C7	A6	59	A2	C7	9B	1E	BC	C7	00	00	00	00	00	00	00	00	00	00	00	00	00	00	00	00	00	00	00	00
6.828	3D DATA	true	-	-	-	-	-77356.0	-81226.9	-78506.4	-83123.3	-96317.2	-77356.0	-81226.9	-78506.4	-83123.3	-96317.2	-	-	-	-	-
6.829	3D MESSAGE	48	00	AE	91	20	59	55	8C	CC	44	83	3C	E7	15	97	C7	6B	A5	9E	C7	10	55	99	C7	84	59	A2	C7	7F	1E	BC	C7	E7	15	97	C7	6B	A5	9E	C7	10	55	99	C7	84	59	A2	C7	7F	1E	BC	C7	00	00	00	00	00	00	00	00	00	00	00	00	00	00	00	00	00	00	00	00
6.829	3D DATA	true	-	-	-	-	-77355.8	-81226.8	-78506.1	-83123.0	-96317.0	-77355.8	-81226.8	-78506.1	-83123.0	-96317.0	-	-	-	-	-
6.830	3D MESSAGE	48	00	AF	91	20	59	56	8C	CC	44	83	3C	CA	15	97	C7	65	A5	9E	C7	F6	54	99	C7	63	59	A2	C7	74	1E	BC	C7	CA	15	97	C7	65	A5	9E	C7	F6	54	99	C7	63	59	A2	C7	74	1E	BC	C7	00	00	00	00	00	00	00	00	00	00	00	00	00	00	00	00	00	00	00	00
6.830	3D DATA	true	-	-	-	-	-77355.6	-81226.8	-78505.9	-83122.8	-96316.9	-77355.6	-81226.8	-78505.9	-83122.8	-96316.9	-	-	-	-	-
6.830	3D MESSAGE	48	00	B0	91	20	59	57	8C	CC	44	83	3C	AD	15	97	C7	67	A5	9E	C7	EA	54	99	C7	48	59	A2	C7	79	1E	BC	C7	AD	15	97	C7	67	A5	9E	C7	EA	54	99	C7	48	59	A2	C7	79	1E	BC	C7	00	00	00	00	00	00	00	00	00	00	00	00	00	00	00	00	00	00	00	00
6.830	3D DATA	true	-	-	-	-	-77355.4	-81226.8	-78505.8	-83122.6	-96316.9	-77355.4	-81226.8	-78505.8	-83122.6	-96316.9	-	-	-	-	-
6.830	3D MESSAGE	48	00	B1	91	20	59	58	8C	CC	44	83	3C	8F	15	97	C7	70	A5	9E	C7	E9	54	99	C7	36	59	A2	C7	8A	1E	BC	C7	8F	15	97	C7	70	A5	9E	C7	E9	54	99	C7	36	59	A2	C7	8A	1E	BC	C7	00	00	00	00	00	00	00	00	00	00	00	00	00	00	00	00	00	00	00	00
6.830	3D DATA	true	-	-	-	-	-77355.1	-81226.9	-78505.8	-83122.4	-96317.1	-77355.1	-81226.9	-78505.8	-83122.4	-96317.1	-	-	-	-	-
6.830	3D MESSAGE	48	00	B2	91	20	59	59	8C	CC	44	83	3C	73	15	97	C7	82	A5	9E	C7	F0	54	99	C7	30	59	A2	C7	A2	1E	BC	C7	73	15	97	C7	82	A5	9E	C7	F0	54	99	C7	30	59	A2	C7	A2	1E	BC	C7	00	00	00	00	00	00	00	00	00	00	00	00	00	00	00	00	00	00	00	00
6.830	3D DATA	true	-	-	-	-	-77354.9	-81227.0	-78505.9	-83122.4	-96317.3	-77354.9	-81227.0	-78505.9	-83122.4	-96317.3	-	-	-	-	-
6.860	3D MESSAGE	48	00	B3	91	20	59	5A	8C	CC	44	83	3C	5B	15	97	C7	98	A5	9E	C7	FB	54	99	C7	36	59	A2	C7	BC	1E	BC	C7	5B	15	97	C7	98	A5	9E	C7	FB	54	99	C7	36	59	A2	C7	BC	1E	BC	C7	00	00	00	00	00	00	00	00	00	00	00	00	00	00	00	00	00	00	00	00
6.860	3D DATA	true	-	-	-	-	-77354.7	-81227.2	-78506.0	-83122.4	-96317.5	-77354.7	-81227.2	-78506.0	-83122.4	-96317.5	-	-	-	-	-
6.860	3D MESSAGE	48	00	B4	91	20	59	5B	8C	CC	44	83	3C	49	15	97	C7	B2	A5	9E	C7	06	55	99	C7	44	59	A2	C7	D6	1E	BC	C7	49	15	97	C7	B2	A5	9E	C7	06	55	99	C7	44	59	A2	C7	D6	1E	BC	C7	00	00	00	00	00	00	00	00	00	00	00	00	00	00	00	00	00	00	00	00
6.861	3D DATA	true	-	-	-	-	-77354.6	-81227.4	-78506.0	-83122.5	-96317.7	-77354.6	-81227.4	-78506.0	-83122.5	-96317.7	-	-	-	-	-
6.861	3D MESSAGE	48	00	B5	91	20	59	5C	8C	00	38	88	3C	3F	15	97	C7	CE	A5	9E	C7	10	55	99	C7	58	59	A2	C7	EE	1E	BC	C7	3F	15	97	C7	CE	A5	9E	C7	10	55	99	C7	58	59	A2	C7	EE	1E	BC	C7	00	00	00	00	00	00	00	00	00	00	00	00	00	00	00	00	00	00	00	00
6.861	3D DATA	true	-	-	-	-	-77354.5	-81227.6	-78506.1	-83122.7	-96317.9	-77354.5	-81227.6	-78506.1	-83122.7	-96317.9	-	-	-	-	-
6.861	3D MESSAGE	48	00	B6	91	20	59	5D	8C	00	38	88	3C	3E	15	97	C7	E9	A5	9E	C7	18	55	99	C7	6F	59	A2	C7	06	1F	BC	C7	3E	15	97	C7	E9	A5	9E	C7	18	55	99	C7	6F	59	A2	C7	06	1F	BC	C7	00	00	00	00	00	00	00	00	00	00	00	00	00	00	00	00	00	00	00	00
6.861	3D DATA	true	-	-	-	-	-77354.5	-81227.8	-78506.2	-83122.9	-96318.0	-77354.5	-81227.8	-78506.2	-83122.9	-96318.0	-	-	-	-	-
6.861	3D MESSAGE	48	00	B7	91	20	59	5E	8C	00	38	88	3C	44	15	97	C7	FF	A5	9E	C7	1C	55	99	C7	87	59	A2	C7	1E	1F	BC	C7	44	15	97	C7	FF	A5	9E	C7	1C	55	99	C7	87	59	A2	C7	1E	1F	BC	C7	00	00	00	00	00	00	00	00	00	00	00	00	00	00	00	00	00	00	00	00
6.861	3D DATA	true	-	-	-	-	-77354.5	-81228.0	-78506.2	-83123.1	-96318.2	-77354.5	-81228.0	-78506.2	-83123.1	-96318.2	-	-	-	-	-
6.862	3D MESSAGE	48	00	B8	91	20	59	5F	8C	00	38	88	3C	52	15	97	C7	10	A6	9E	C7	1F	55	99	C7	9E	59	A2	C7	39	1F	BC	C7	52	15	97	C7	10	A6	9E	C7	1F	55	99	C7	9E	59	A2	C7	39	1F	BC	C7	00	00	00	00	00	00	00	00	00	00	00	00	00	00	00	00	00	00	00	00
6.862	3D DATA	true	-	-	-	-	-77354.6	-81228.1	-78506.2	-83123.2	-96318.4	-77354.6	-81228.1	-78506.2	-83123.2	-96318.4	-	-	-	-	-
6.862	3D MESSAGE	48	00	B9	91	20	59	60	8C	00	38	88	3C	65	15	97	C7	1A	A6	9E	C7	21	55	99	C7	B6	59	A2	C7	56	1F	BC	C7	65	15	97	C7	1A	A6	9E	C7	21	55	99	C7	B6	59	A2	C7	56	1F	BC	C7	00	00	00	00	00	00	00	00	00	00	00	00	00	00	00	00	00	00	00	00
6.862	3D DATA	true	-	-	-	-	-77354.8	-81228.2	-78506.3	-83123.4	-96318.7	-77354.8	-81228.2	-78506.3	-83123.4	-96318.7	-	-	-	-	-
6.891	3D MESSAGE	48	00	BA	91	20	59	61	8C	00	38	88	3C	7C	15	97	C7	1E	A6	9E	C7	23	55	99	C7	D0	59	A2	C7	76	1F	BC	C7	7C	15	97	C7	1E	A6	9E	C7	23	55	99	C7	D0	59	A2	C7	76	1F	BC	C7	00	00	00	00	00	00	00	00	00	00	00	00	00	00	00	00	00	00	00	00
6.891	3D DATA	true	-	-	-	-	-77355.0	-81228.2	-78506.3	-83123.6	-96318.9	-77355.0	-81228.2	-78506.3	-83123.6	-96318.9	-	-	-	-	-
6.892	3D MESSAGE	48	00	BB	91	20	59	62	8C	00	38	88	3C	97	15	97	C7	1C	A6	9E	C7	27	55	99	C7	EC	59	A2	C7	94	1F	BC	C7	97	15	97	C7	1C	A6	9E	C7	27	55	99	C7	EC	59	A2	C7	94	1F	BC	C7	00	00	00	00	00	00	00	00	00	00	00	00	00	00	00	00	00	00	00	00
6.892	3D DATA	true	-	-	-	-	-77355.2	-81228.2	-78506.3	-83123.8	-96319.2	-77355.2	-81228.2	-78506.3	-83123.8	-96319.2	-	-	-	-	-
6.892	3D MESSAGE	48	00	BC	91	20	59	63	8C	00	38	88	3C	B1	15	97	C7	16	A6	9E	C7	2E	55	99	C7	07	5A	A2	C7	AD	1F	BC	C7	B1	15	97	C7	16	A6	9E	C7	2E	55	99	C7	07	5A	A2	C7	AD	1F	BC	C7	00	00	00	00	00	00	00	00	00	00	00	00	00	00	00	00	00	00	00	00
6.892	3D DATA	true	-	-	-	-	-77355.4	-81228.2	-78506.4	-83124.1	-96319.4	-77355.4	-81228.2	-78506.4	-83124.1	-96319.4	-	-	-	-	-
6.892	3D MESSAGE	48	00	BD	91	20	59	64	8C	00	38	88	3C	C6	15	97	C7	0C	A6	9E	C7	37	55	99	C7	20	5A	A2	C7	BE	1F	BC	C7	C6	15	97	C7	0C	A6	9E	C7	37	55	99	C7	20	5A	A2	C7	BE	1F	BC	C7	00	00	00	00	00	00	00	00	00	00	00	00	00	00	00	00	00	00	00	00
6.892	3D DATA	true	-	-	-	-	-77355.5	-81228.1	-78506.4	-83124.2	-96319.5	-77355.5	-81228.1	-78506.4	-83124.2	-96319.5	-	-	-	-	-
6.892	3D MESSAGE	48	00	BE	91	20	59	65	8C	00	38	88	3C	D4	15	97	C7	01	A6	9E	C7	42	55	99	C7	31	5A	A2	C7	C1	1F	BC	C7	D4	15	97	C7	01	A6	9E	C7	42	55	99	C7	31	5A	A2	C7	C1	1F	BC	C7	00	00	00	00	00	00	00	00	00	00	00	00	00	00	00	00	00	00	00	00
6.893	3D DATA	true	-	-	-	-	-77355.7	-81228.0	-78506.5	-83124.4	-96319.5	-77355.7	-81228.0	-78506.5	-83124.4	-96319.5	-	-	-	-	-
6.893	3D MESSAGE	48	00	BF	91	20	59	66	8C	00	38	88	3C	D5	15	97	C7	F4	A5	9E	C7	4C	55	99	C7	38	5A	A2	C7	B8	1F	BC	C7	D5	15	97	C7	F4	A5	9E	C7	4C	55	99	C7	38	5A	A2	C7	B8	1F	BC	C7	00	00	00	00	00	00	00	00	00	00	00	00	00	00	00	00	00	00	00	00
6.893	3D DATA	true	-	-	-	-	-77355.7	-81227.9	-78506.6	-83124.4	-96319.4	-77355.7	-81227.9	-78506.6	-83124.4	-96319.4	-	-	-	-	-
6.922	3D MESSAGE	48	00	C0	91	20	59	67	8C	00	38	88	3C	C9	15	97	C7	E4	A5	9E	C7	52	55	99	C7	34	5A	A2	C7	A3	1F	BC	C7	C9	15	97	C7	E4	A5	9E	C7	52	55	99	C7	34	5A	A2	C7	A3	1F	BC	C7	00	00	00	00	00	00	00	00	00	00	00	00	00	00	00	00	00	00	00	00
6.922	3D DATA	true	-	-	-	-	-77355.6	-81227.8	-78506.6	-83124.4	-96319.3	-77355.6	-81227.8	-78506.6	-83124.4	-96319.3	-	-	-	-	-
6.922	3D MESSAGE	48	00	C1	91	20	59	68	8C	00	38	88	3C	B2	15	97	C7	D3	A5	9E	C7	51	55	99	C7	24	5A	A2	C7	88	1F	BC	C7	B2	15	97	C7	D3	A5	9E	C7	51	55	99	C7	24	5A	A2	C7	88	1F	BC	C7	00	00	00	00	00	00	00	00	00	00	00	00	00	00	00	00	00	00	00	00
6.922	3D DATA	true	-	-	-	-	-77355.4	-81227.6	-78506.6	-83124.3	-96319.1	-77355.4	-81227.6	-78506.6	-83124.3	-96319.1	-	-	-	-	-
6.923	3D MESSAGE	48	00	C2	91	20	59	69	8C	00	38	88	3C	95	15	97	C7	C0	A5	9E	C7	4A	55	99	C7	0F	5A	A2	C7	6D	1F	BC	C7	95	15	97	C7	C0	A5	9E	C7	4A	55	99	C7	0F	5A	A2	C7	6D	1F	BC	C7	00	00	00	00	00	00	00	00	00	00	00	00	00	00	00	00	00	00	00	00
6.923	3D DATA	true	-	-	-	-	-77355.2	-81227.5	-78506.6	-83124.1	-96318.9	-77355.2	-81227.5	-78506.6	-83124.1	-96318.9	-	-	-	-	-
6.923	3D MESSAGE	48	00	C3	91	20	59	6A	8C	00	38	88	3C	77	15	97	C7	AE	A5	9E	C7	3E	55	99	C7	F7	59	A2	C7	56	1F	BC	C7	77	15	97	C7	AE	A5	9E	C7	3E	55	99	C7	F7	59	A2	C7	56	1F	BC	C7	00	00	00	00	00	00	00	00	00	00	00	00	00	00	00	00	00	00	00	00
6.923	3D DATA	true	-	-	-	-	-77354.9	-81227.4	-78506.5	-83123.9	-96318.7	-77354.9	-81227.4	-78506.5	-83123.9	-96318.7	-	-	-	-	-
6.923	3D MESSAGE	48	00	C4	91	20	59	6B	8C	00	38	88	3C	5E	15	97	C7	9D	A5	9E	C7	2F	55	99	C7	E2	59	A2	C7	48	1F	BC	C7	5E	15	97	C7	9D	A5	9E	C7	2F	55	99	C7	E2	59	A2	C7	48	1F	BC	C7	00	00	00	00	00	00	00	00	00	00	00	00	00	00	00	00	00	00	00	00
6.923	3D DATA	true	-	-	-	-	-77354.7	-81227.2	-78506.4	-83123.8	-96318.6	-77354.7	-81227.2	-78506.4	-83123.8	-96318.6	-	-	-	-	-
6.924	3D MESSAGE	48	00	C5	91	20	59	6C	8C	00	38	88	3C	4E	15	97	C7	90	A5	9E	C7	20	55	99	C7	D2	59	A2	C7	43	1F	BC	C7	4E	15	97	C7	90	A5	9E	C7	20	55	99	C7	D2	59	A2	C7	43	1F	BC	C7	00	00	00	00	00	00	00	00	00	00	00	00	00	00	00	00	00	00	00	00
6.924	3D DATA	true	-	-	-	-	-77354.6	-81227.1	-78506.2	-83123.6	-96318.5	-77354.6	-81227.1	-78506.2	-83123.6	-96318.5	-	-	-	-	-
6.954	3D MESSAGE	48	00	C6	91	20	59	6D	8C	00	38	88	3C	49	15	97	C7	88	A5	9E	C7	17	55	99	C7	C8	59	A2	C7	44	1F	BC	C7	49	15	97	C7	88	A5	9E	C7	17	55	99	C7	C8	59	A2	C7	44	1F	BC	C7	00	00	00	00	00	00	00	00	00	00	00	00	00	00	00	00	00	00	00	00
6.954	3D DATA	true	-	-	-	-	-77354.6	-81227.1	-78506.2	-83123.6	-96318.5	-77354.6	-81227.1	-78506.2	-83123.6	-96318.5	-	-	-	-	-
6.955	3D MESSAGE	48	00	C7	91	20	59	6E	8C	00	38	88	3C	4E	15	97	C7	85	A5	9E	C7	15	55	99	C7	C2	59	A2	C7	4A	1F	BC	C7	4E	15	97	C7	85	A5	9E	C7	15	55	99	C7	C2	59	A2	C7	4A	1F	BC	C7	00	00	00	00	00	00	00	00	00	00	00	00	00	00	00	00	00	00	00	00
6.955	3D DATA	true	-	-	-	-	-77354.6	-81227.0	-78506.2	-83123.5	-96318.6	-77354.6	-81227.0	-78506.2	-83123.5	-96318.6	-	-	-	-	-
6.956	3D MESSAGE	48	00	C8	91	20	59	6F	8C	00	38	88	3C	59	15	97	C7	87	A5	9E	C7	19	55	99	C7	BE	59	A2	C7	51	1F	BC	C7	59	15	97	C7	87	A5	9E	C7	19	55	99	C7	BE	59	A2	C7	51	1F	BC	C7	00	00	00	00	00	00	00	00	00	00	00	00	00	00	00	00	00	00	00	00
6.956	3D DATA	true	-	-	-	-	-77354.7	-81227.1	-78506.2	-83123.5	-96318.6	-77354.7	-81227.1	-78506.2	-83123.5	-96318.6	-	-	-	-	-
6.956	3D MESSAGE	48	00	C9	91	20	59	70	8C	00	38	88	3C	69	15	97	C7	8D	A5	9E	C7	24	55	99	C7	BA	59	A2	C7	58	1F	BC	C7	69	15	97	C7	8D	A5	9E	C7	24	55	99	C7	BA	59	A2	C7	58	1F	BC	C7	00	00	00	00	00	00	00	00	00	00	00	00	00	00	00	00	00	00	00	00
6.956	3D DATA	true	-	-	-	-	-77354.8	-81227.1	-78506.3	-83123.5	-96318.7	-77354.8	-81227.1	-78506.3	-83123.5	-96318.7	-	-	-	-	-
6.956	3D MESSAGE	48	00	CA	91	20	59	71	8C	00	38	88	3C	7A	15	97	C7	96	A5	9E	C7	32	55	99	C7	B3	59	A2	C7	62	1F	BC	C7	7A	15	97	C7	96	A5	9E	C7	32	55	99	C7	B3	59	A2	C7	62	1F	BC	C7	00	00	00	00	00	00	00	00	00	00	00	00	00	00	00	00	00	00	00	00
6.957	3D DATA	true	-	-	-	-	-77355.0	-81227.2	-78506.4	-83123.4	-96318.8	-77355.0	-81227.2	-78506.4	-83123.4	-96318.8	-	-	-	-	-
6.957	3D MESSAGE	48	00	CB	91	20	59	72	8C	00	38	88	3C	89	15	97	C7	A3	A5	9E	C7	40	55	99	C7	AA	59	A2	C7	6E	1F	BC	C7	89	15	97	C7	A3	A5	9E	C7	40	55	99	C7	AA	59	A2	C7	6E	1F	BC	C7	00	00	00	00	00	00	00	00	00	00	00	00	00	00	00	00	00	00	00	00
6.957	3D DATA	true	-	-	-	-	-77355.1	-81227.3	-78506.5	-83123.3	-96318.9	-77355.1	-81227.3	-78506.5	-83123.3	-96318.9	-	-	-	-	-
6.958	3D MESSAGE	48	00	CC	91	20	59	73	8C	00	38	88	3C	96	15	97	C7	B4	A5	9E	C7	4C	55	99	C7	9E	59	A2	C7	81	1F	BC	C7	96	15	97	C7	B4	A5	9E	C7	4C	55	99	C7	9E	59	A2	C7	81	1F	BC	C7	00	00	00	00	00	00	00	00	00	00	00	00	00	00	00	00	00	00	00	00
6.958	3D DATA	true	-	-	-	-	-77355.2	-81227.4	-78506.6	-83123.2	-96319.0	-77355.2	-81227.4	-78506.6	-83123.2	-96319.0	-	-	-	-	-
6.985	3D MESSAGE	48	00	CD	91	20	59	74	8C	00	38	88	3C	A3	15	97	C7	CA	A5	9E	C7	53	55	99	C7	93	59	A2	C7	9A	1F	BC	C7	A3	15	97	C7	CA	A5	9E	C7	53	55	99	C7	93	59	A2	C7	9A	1F	BC	C7	00	00	00	00	00	00	00	00	00	00	00	00	00	00	00	00	00	00	00	00
6.985	3D DATA	true	-	-	-	-	-77355.3	-81227.6	-78506.6	-83123.1	-96319.2	-77355.3	-81227.6	-78506.6	-83123.1	-96319.2	-	-	-	-	-
6.986	3D MESSAGE	48	00	CE	91	20	59	75	8C	00	38	88	3C	B1	15	97	C7	E4	A5	9E	C7	55	55	99	C7	8C	59	A2	C7	B8	1F	BC	C7	B1	15	97	C7	E4	A5	9E	C7	55	55	99	C7	8C	59	A2	C7	B8	1F	BC	C7	00	00	00	00	00	00	00	00	00	00	00	00	00	00	00	00	00	00	00	00
6.986	3D DATA	true	-	-	-	-	-77355.4	-81227.8	-78506.7	-83123.1	-96319.4	-77355.4	-81227.8	-78506.7	-83123.1	-96319.4	-	-	-	-	-
6.986	3D MESSAGE	48	00	CF	91	20	59	76	8C	00	38	88	3C	C1	15	97	C7	00	A6	9E	C7	53	55	99	C7	8C	59	A2	C7	DA	1F	BC	C7	C1	15	97	C7	00	A6	9E	C7	53	55	99	C7	8C	59	A2	C7	DA	1F	BC	C7	00	00	00	00	00	00	00	00	00	00	00	00	00	00	00	00	00	00	00	00
6.986	3D DATA	true	-	-	-	-	-77355.5	-81228.0	-78506.6	-83123.1	-96319.7	-77355.5	-81228.0	-78506.6	-83123.1	-96319.7	-	-	-	-	-
6.987	3D MESSAGE	48	00	D0	91	20	59	77	8C	00	38	88	3C	D4	15	97	C7	1E	A6	9E	C7	4E	55	99	C7	94	59	A2	C7	FA	1F	BC	C7	D4	15	97	C7	1E	A6	9E	C7	4E	55	99	C7	94	59	A2	C7	FA	1F	BC	C7	00	00	00	00	00	00	00	00	00	00	00	00	00	00	00	00	00	00	00	00
6.987	3D DATA	true	-	-	-	-	-77355.7	-81228.2	-78506.6	-83123.2	-96320.0	-77355.7	-81228.2	-78506.6	-83123.2	-96320.0	-	-	-	-	-
6.987	3D MESSAGE	48	00	D1	91	20	59	78	8C	00	38	88	3C	EA	15	97	C7	3A	A6	9E	C7	4B	55	99	C7	A4	59	A2	C7	16	20	BC	C7	EA	15	97	C7	3A	A6	9E	C7	4B	55	99	C7	A4	59	A2	C7	16	20	BC	C7	00	00	00	00	00	00	00	00	00	00	00	00	00	00	00	00	00	00	00	00
6.987	3D DATA	true	-	-	-	-	-77355.8	-81228.5	-78506.6	-83123.3	-96320.2	-77355.8	-81228.5	-78506.6	-83123.3	-96320.2	-	-	-	-	-
6.988	3D MESSAGE	48	00	D2	91	20	59	79	8C	00	38	88	3C	FE	15	97	C7	50	A6	9E	C7	4A	55	99	C7	B8	59	A2	C7	28	20	BC	C7	FE	15	97	C7	50	A6	9E	C7	4A	55	99	C7	B8	59	A2	C7	28	20	BC	C7	00	00	00	00	00	00	00	00	00	00	00	00	00	00	00	00	00	00	00	00
6.988	3D DATA	true	-	-	-	-	-77356.0	-81228.6	-78506.6	-83123.4	-96320.3	-77356.0	-81228.6	-78506.6	-83123.4	-96320.3	-	-	-	-	-
7.018	3D MESSAGE	48	00	D3	91	20	59	7A	8C	00	38	88	3C	0A	16	97	C7	5E	A6	9E	C7	4C	55	99	C7	CC	59	A2	C7	2C	20	BC	C7	0A	16	97	C7	5E	A6	9E	C7	4C	55	99	C7	CC	59	A2	C7	2C	20	BC	C7	00	00	00	00	00	00	00	00	00	00	00	00	00	00	00	00	00	00	00	00
7.018	3D DATA	true	-	-	-	-	-77356.1	-81228.7	-78506.6	-83123.6	-96320.3	-77356.1	-81228.7	-78506.6	-83123.6	-96320.3	-	-	-	-	-
7.019	3D MESSAGE	48	00	D4	91	20	59	7B	8C	00	38	88	3C	0A	16	97	C7	60	A6	9E	C7	50	55	99	C7	D8	59	A2	C7	1E	20	BC	C7	0A	16	97	C7	60	A6	9E	C7	50	55	99	C7	D8	59	A2	C7	1E	20	BC	C7	00	00	00	00	00	00	00	00	00	00	00	00	00	00	00	00	00	00	00	00
7.019	3D DATA	true	-	-	-	-	-77356.1	-81228.8	-78506.6	-83123.7	-96320.2	-77356.1	-81228.8	-78506.6	-83123.7	-96320.2	-	-	-	-	-
7.019	3D MESSAGE	48	00	D5	91	20	59	7C	8C	00	38	88	3C	F7	15	97	C7	56	A6	9E	C7	53	55	99	C7	D7	59	A2	C7	FB	1F	BC	C7	F7	15	97	C7	56	A6	9E	C7	53	55	99	C7	D7	59	A2	C7	FB	1F	BC	C7	00	00	00	00	00	00	00	00	00	00	00	00	00	00	00	00	00	00	00	00
7.019	3D DATA	true	-	-	-	-	-77355.9	-81228.7	-78506.6	-83123.7	-96320.0	-77355.9	-81228.7	-78506.6	-83123.7	-96320.0	-	-	-	-	-
7.019	3D MESSAGE	48	00	D6	91	20	59	7D	8C	00	38	88	3C	D0	15	97	C7	3E	A6	9E	C7	52	55	99	C7	C5	59	A2	C7	C2	1F	BC	C7	D0	15	97	C7	3E	A6	9E	C7	52	55	99	C7	C5	59	A2	C7	C2	1F	BC	C7	00	00	00	00	00	00	00	00	00	00	00	00	00	00	00	00	00	00	00	00
7.019	3D DATA	true	-	-	-	-	-77355.6	-81228.5	-78506.6	-83123.5	-96319.5	-77355.6	-81228.5	-78506.6	-83123.5	-96319.5	-	-	-	-	-
7.020	3D MESSAGE	48	00	D7	91	20	59	7E	8C	00	38	88	3C	98	15	97	C7	1B	A6	9E	C7	4C	55	99	C7	A4	59	A2	C7	79	1F	BC	C7	98	15	97	C7	1B	A6	9E	C7	4C	55	99	C7	A4	59	A2	C7	79	1F	BC	C7	00	00	00	00	00	00	00	00	00	00	00	00	00	00	00	00	00	00	00	00
7.020	3D DATA	true	-	-	-	-	-77355.2	-81228.2	-78506.6	-83123.3	-96318.9	-77355.2	-81228.2	-78506.6	-83123.3	-96318.9	-	-	-	-	-
7.020	3D MESSAGE	48	00	D8	91	20	59	7F	8C	00	38	88	3C	56	15	97	C7	F0	A5	9E	C7	3F	55	99	C7	76	59	A2	C7	25	1F	BC	C7	56	15	97	C7	F0	A5	9E	C7	3F	55	99	C7	76	59	A2	C7	25	1F	BC	C7	00	00	00	00	00	00	00	00	00	00	00	00	00	00	00	00	00	00	00	00
7.020	3D DATA	true	-	-	-	-	-77354.7	-81227.9	-78506.5	-83122.9	-96318.3	-77354.7	-81227.9	-78506.5	-83122.9	-96318.3	-	-	-	-	-
7.020	3D MESSAGE	48	00	D9	91	20	59	80	8C	00	38	88	3C	10	15	97	C7	C3	A5	9E	C7	2D	55	99	C7	42	59	A2	C7	D0	1E	BC	C7	10	15	97	C7	C3	A5	9E	C7	2D	55	99	C7	42	59	A2	C7	D0	1E	BC	C7	00	00	00	00	00	00	00	00	00	00	00	00	00	00	00	00	00	00	00	00
7.020	3D DATA	true	-	-	-	-	-77354.1	-81227.5	-78506.4	-83122.5	-96317.6	-77354.1	-81227.5	-78506.4	-83122.5	-96317.6	-	-	-	-	-
7.047	3D MESSAGE	48	00	DA	91	20	59	81	8C	00	38	88	3C	D0	14	97	C7	9A	A5	9E	C7	19	55	99	C7	10	59	A2	C7	84	1E	BC	C7	D0	14	97	C7	9A	A5	9E	C7	19	55	99	C7	10	59	A2	C7	84	1E	BC	C7	00	00	00	00	00	00	00	00	00	00	00	00	00	00	00	00	00	00	00	00
7.047	3D DATA	true	-	-	-	-	-77353.6	-81227.2	-78506.2	-83122.1	-96317.0	-77353.6	-81227.2	-78506.2	-83122.1	-96317.0	-	-	-	-	-
7.047	3D MESSAGE	48	00	DB	91	20	59	82	8C	00	38	88	3C	9B	14	97	C7	78	A5	9E	C7	06	55	99	C7	E6	58	A2	C7	46	1E	BC	C7	9B	14	97	C7	78	A5	9E	C7	06	55	99	C7	E6	58	A2	C7	46	1E	BC	C7	00	00	00	00	00	00	00	00	00	00	00	00	00	00	00	00	00	00	00	00
7.047	3D DATA	true	-	-	-	-	-77353.2	-81226.9	-78506.0	-83121.8	-96316.5	-77353.2	-81226.9	-78506.0	-83121.8	-96316.5	-	-	-	-	-
7.048	3D MESSAGE	48	00	DC	91	20	59	83	8C	00	38	88	3C	75	14	97	C7	61	A5	9E	C7	F6	54	99	C7	C9	58	A2	C7	1A	1E	BC	C7	75	14	97	C7	61	A5	9E	C7	F6	54	99	C7	C9	58	A2	C7	1A	1E	BC	C7	00	00	00	00	00	00	00	00	00	00	00	00	00	00	00	00	00	00	00	00
7.048	3D DATA	true	-	-	-	-	-77352.9	-81226.8	-78505.9	-83121.6	-96316.2	-77352.9	-81226.8	-78505.9	-83121.6	-96316.2	-	-	-	-	-
7.048	3D MESSAGE	48	00	DD	91	20	59	84	8C	B8	96	94	3C	5E	14	97	C7	53	A5	9E	C7	EA	54	99	C7	BA	58	A2	C7	FE	1D	BC	C7	5E	14	97	C7	53	A5	9E	C7	EA	54	99	C7	BA	58	A2	C7	FE	1D	BC	C7	00	00	00	00	00	00	00	00	00	00	00	00	00	00	00	00	00	00	00	00
7.048	3D DATA	true	-	-	-	-	-77352.7	-81226.6	-78505.8	-83121.5	-96316.0	-77352.7	-81226.6	-78505.8	-83121.5	-96316.0	-	-	-	-	-
7.048	3D MESSAGE	48	00	DE	91	20	59	85	8C	B8	96	94	3C	52	14	97	C7	49	A5	9E	C7	E0	54	99	C7	B8	58	A2	C7	EE	1D	BC	C7	52	14	97	C7	49	A5	9E	C7	E0	54	99	C7	B8	58	A2	C7	EE	1D	BC	C7	00	00	00	00	00	00	00	00	00	00	00	00	00	00	00	00	00	00	00	00
7.048	3D DATA	true	-	-	-	-	-77352.6	-81226.6	-78505.8	-83121.4	-96315.9	-77352.6	-81226.6	-78505.8	-83121.4	-96315.9	-	-	-	-	-
7.079	3D MESSAGE	48	00	DF	91	20	59	86	8C	B8	96	94	3C	4E	14	97	C7	3E	A5	9E	C7	D5	54	99	C7	BF	58	A2	C7	E2	1D	BC	C7	4E	14	97	C7	3E	A5	9E	C7	D5	54	99	C7	BF	58	A2	C7	E2	1D	BC	C7	00	00	00	00	00	00	00	00	00	00	00	00	00	00	00	00	00	00	00	00
7.079	3D DATA	true	-	-	-	-	-77352.6	-81226.5	-78505.7	-83121.5	-96315.8	-77352.6	-81226.5	-78505.7	-83121.5	-96315.8	-	-	-	-	-
7.080	3D MESSAGE	48	00	E0	91	20	59	87	8C	B8	96	94	3C	4D	14	97	C7	2C	A5	9E	C7	C6	54	99	C7	C8	58	A2	C7	D7	1D	BC	C7	4D	14	97	C7	2C	A5	9E	C7	C6	54	99	C7	C8	58	A2	C7	D7	1D	BC	C7	00	00	00	00	00	00	00	00	00	00	00	00	00	00	00	00	00	00	00	00
7.080	3D DATA	true	-	-	-	-	-77352.6	-81226.3	-78505.5	-83121.6	-96315.7	-77352.6	-81226.3	-78505.5	-83121.6	-96315.7	-	-	-	-	-
7.080	3D MESSAGE	48	00	E1	91	20	59	88	8C	B8	96	94	3C	4D	14	97	C7	11	A5	9E	C7	AF	54	99	C7	CE	58	A2	C7	C9	1D	BC	C7	4D	14	97	C7	11	A5	9E	C7	AF	54	99	C7	CE	58	A2	C7	C9	1D	BC	C7	00	00	00	00	00	00	00	00	00	00	00	00	00	00	00	00	00	00	00	00
7.080	3D DATA	true	-	-	-	-	-77352.6	-81226.1	-78505.4	-83121.6	-96315.6	-77352.6	-81226.1	-78505.4	-83121.6	-96315.6	-	-	-	-	-
7.080	3D MESSAGE	48	00	E2	91	20	59	89	8C	B8	96	94	3C	4D	14	97	C7	EE	A4	9E	C7	92	54	99	C7	CF	58	A2	C7	B6	1D	BC	C7	4D	14	97	C7	EE	A4	9E	C7	92	54	99	C7	CF	58	A2	C7	B6	1D	BC	C7	00	00	00	00	00	00	00	00	00	00	00	00	00	00	00	00	00	00	00	00
7.080	3D DATA	true	-	-	-	-	-77352.6	-81225.9	-78505.1	-83121.6	-96315.4	-77352.6	-81225.9	-78505.1	-83121.6	-96315.4	-	-	-	-	-
7.081	3D MESSAGE	48	00	E3	91	20	59	8A	8C	B8	96	94	3C	4E	14	97	C7	C7	A4	9E	C7	70	54	99	C7	C7	58	A2	C7	A2	1D	BC	C7	4E	14	97	C7	C7	A4	9E	C7	70	54	99	C7	C7	58	A2	C7	A2	1D	BC	C7	00	00	00	00	00	00	00	00	00	00	00	00	00	00	00	00	00	00	00	00
7.081	3D DATA	true	-	-	-	-	-77352.6	-81225.6	-78504.9	-83121.6	-96315.3	-77352.6	-81225.6	-78504.9	-83121.6	-96315.3	-	-	-	-	-
7.082	3D MESSAGE	48	00	E4	91	20	59	8B	8C	B8	96	94	3C	53	14	97	C7	A4	A4	9E	C7	4E	54	99	C7	B7	58	A2	C7	90	1D	BC	C7	53	14	97	C7	A4	A4	9E	C7	4E	54	99	C7	B7	58	A2	C7	90	1D	BC	C7	00	00	00	00	00	00	00	00	00	00	00	00	00	00	00	00	00	00	00	00
7.082	3D DATA	true	-	-	-	-	-77352.6	-81225.3	-78504.6	-83121.4	-96315.1	-77352.6	-81225.3	-78504.6	-83121.4	-96315.1	-	-	-	-	-
7.082	3D MESSAGE	48	00	E5	91	20	59	8C	8C	B8	96	94	3C	5B	14	97	C7	8B	A4	9E	C7	31	54	99	C7	A1	58	A2	C7	82	1D	BC	C7	5B	14	97	C7	8B	A4	9E	C7	31	54	99	C7	A1	58	A2	C7	82	1D	BC	C7	00	00	00	00	00	00	00	00	00	00	00	00	00	00	00	00	00	00	00	00
7.082	3D DATA	true	-	-	-	-	-77352.7	-81225.1	-78504.4	-83121.3	-96315.0	-77352.7	-81225.1	-78504.4	-83121.3	-96315.0	-	-	-	-	-
7.112	3D MESSAGE	48	00	E6	91	20	59	8D	8C	B8	96	94	3C	66	14	97	C7	7F	A4	9E	C7	1C	54	99	C7	88	58	A2	C7	78	1D	BC	C7	66	14	97	C7	7F	A4	9E	C7	1C	54	99	C7	88	58	A2	C7	78	1D	BC	C7	00	00	00	00	00	00	00	00	00	00	00	00	00	00	00	00	00	00	00	00
7.113	3D DATA	true	-	-	-	-	-77352.8	-81225.0	-78504.2	-83121.1	-96314.9	-77352.8	-81225.0	-78504.2	-83121.1	-96314.9	-	-	-	-	-
7.113	3D MESSAGE	48	00	E7	91	20	59	8E	8C	B8	96	94	3C	71	14	97	C7	7F	A4	9E	C7	12	54	99	C7	6F	58	A2	C7	70	1D	BC	C7	71	14	97	C7	7F	A4	9E	C7	12	54	99	C7	6F	58	A2	C7	70	1D	BC	C7	00	00	00	00	00	00	00	00	00	00	00	00	00	00	00	00	00	00	00	00
7.113	3D DATA	true	-	-	-	-	-77352.9	-81225.0	-78504.1	-83120.9	-96314.9	-77352.9	-81225.0	-78504.1	-83120.9	-96314.9	-	-	-	-	-
7.113	3D MESSAGE	48	00	E8	91	20	59	8F	8C	B8	96	94	3C	76	14	97	C7	86	A4	9E	C7	0E	54	99	C7	56	58	A2	C7	64	1D	BC	C7	76	14	97	C7	86	A4	9E	C7	0E	54	99	C7	56	58	A2	C7	64	1D	BC	C7	00	00	00	00	00	00	00	00	00	00	00	00	00	00	00	00	00	00	00	00
7.113	3D DATA	true	-	-	-	-	-77352.9	-81225.0	-78504.1	-83120.7	-96314.8	-77352.9	-81225.0	-78504.1	-83120.7	-96314.8	-	-	-	-	-
7.114	3D MESSAGE	48	00	E9	91	20	59	90	8C	B8	96	94	3C	71	14	97	C7	8B	A4	9E	C7	0D	54	99	C7	3B	58	A2	C7	4C	1D	BC	C7	71	14	97	C7	8B	A4	9E	C7	0D	54	99	C7	3B	58	A2	C7	4C	1D	BC	C7	00	00	00	00	00	00	00	00	00	00	00	00	00	00	00	00	00	00	00	00
7.114	3D DATA	true	-	-	-	-	-77352.9	-81225.1	-78504.1	-83120.5	-96314.6	-77352.9	-81225.1	-78504.1	-83120.5	-96314.6	-	-	-	-	-
7.114	3D MESSAGE	48	00	EA	91	20	59	91	8C	B8	96	94	3C	5C	14	97	C7	89	A4	9E	C7	08	54	99	C7	1E	58	A2	C7	24	1D	BC	C7	5C	14	97	C7	89	A4	9E	C7	08	54	99	C7	1E	58	A2	C7	24	1D	BC	C7	00	00	00	00	00	00	00	00	00	00	00	00	00	00	00	00	00	00	00	00
7.114	3D DATA	true	-	-	-	-	-77352.7	-81225.1	-78504.1	-83120.2	-96314.3	-77352.7	-81225.1	-78504.1	-83120.2	-96314.3	-	-	-	-	-
7.114	3D MESSAGE	48	00	EB	91	20	59	92	8C	B8	96	94	3C	39	14	97	C7	7B	A4	9E	C7	FB	53	99	C7	FC	57	A2	C7	E8	1C	BC	C7	39	14	97	C7	7B	A4	9E	C7	FB	53	99	C7	FC	57	A2	C7	E8	1C	BC	C7	00	00	00	00	00	00	00	00	00	00	00	00	00	00	00	00	00	00	00	00
7.114	3D DATA	true	-	-	-	-	-77352.4	-81225.0	-78504.0	-83120.0	-96313.8	-77352.4	-81225.0	-78504.0	-83120.0	-96313.8	-	-	-	-	-
7.115	3D MESSAGE	48	00	EC	91	20	59	93	8C	B8	96	94	3C	0B	14	97	C7	63	A4	9E	C7	E3	53	99	C7	D9	57	A2	C7	9A	1C	BC	C7	0B	14	97	C7	63	A4	9E	C7	E3	53	99	C7	D9	57	A2	C7	9A	1C	BC	C7	00	00	00	00	00	00	00	00	00	00	00	00	00	00	00	00	00	00	00	00
7.115	3D DATA	true	-	-	-	-	-77352.1	-81224.8	-78503.8	-83119.7	-96313.2	-77352.1	-81224.8	-78503.8	-83119.7	-96313.2	-	-	-	-	-
7.141	3D MESSAGE	48	00	ED	91	20	59	94	8C	B8	96	94	3C	D9	13	97	C7	45	A4	9E	C7	C2	53	99	C7	B8	57	A2	C7	44	1C	BC	C7	D9	13	97	C7	45	A4	9E	C7	C2	53	99	C7	B8	57	A2	C7	44	1C	BC	C7	00	00	00	00	00	00	00	00	00	00	00	00	00	00	00	00	00	00	00	00
7.141	3D DATA	true	-	-	-	-	-77351.7	-81224.5	-78503.5	-83119.4	-96312.5	-77351.7	-81224.5	-78503.5	-83119.4	-96312.5	-	-	-	-	-
7.141	3D MESSAGE	48	00	EE	91	20	59	95	8C	B8	96	94	3C	AF	13	97	C7	2B	A4	9E	C7	9D	53	99	C7	9F	57	A2	C7	F3	1B	BC	C7	AF	13	97	C7	2B	A4	9E	C7	9D	53	99	C7	9F	57	A2	C7	F3	1B	BC	C7	00	00	00	00	00	00	00	00	00	00	00	00	00	00	00	00	00	00	00	00
7.141	3D DATA	true	-	-	-	-	-77351.4	-81224.3	-78503.2	-83119.2	-96311.9	-77351.4	-81224.3	-78503.2	-83119.2	-96311.9	-	-	-	-	-
7.142	3D MESSAGE	48	00	EF	91	20	59	96	8C	B8	96	94	3C	96	13	97	C7	1D	A4	9E	C7	7C	53	99	C7	96	57	A2	C7	B8	1B	BC	C7	96	13	97	C7	1D	A4	9E	C7	7C	53	99	C7	96	57	A2	C7	B8	1B	BC	C7	00	00	00	00	00	00	00	00	00	00	00	00	00	00	00	00	00	00	00	00
7.142	3D DATA	true	-	-	-	-	-77351.2	-81224.2	-78503.0	-83119.2	-96311.4	-77351.2	-81224.2	-78503.0	-83119.2	-96311.4	-	-	-	-	-
7.142	3D MESSAGE	48	00	F0	91	20	59	97	8C	B8	96	94	3C	96	13	97	C7	21	A4	9E	C7	67	53	99	C7	A2	57	A2	C7	A1	1B	BC	C7	96	13	97	C7	21	A4	9E	C7	67	53	99	C7	A2	57	A2	C7	A1	1B	BC	C7	00	00	00	00	00	00	00	00	00	00	00	00	00	00	00	00	00	00	00	00
7.142	3D DATA	true	-	-	-	-	-77351.2	-81224.3	-78502.8	-83119.3	-96311.3	-77351.2	-81224.3	-78502.8	-83119.3	-96311.3	-	-	-	-	-
7.142	3D MESSAGE	48	00	F1	91	20	59	98	8C	B8	96	94	3C	B1	13	97	C7	3A	A4	9E	C7	63	53	99	C7	C7	57	A2	C7	B8	1B	BC	C7	B1	13	97	C7	3A	A4	9E	C7	63	53	99	C7	C7	57	A2	C7	B8	1B	BC	C7	00	00	00	00	00	00	00	00	00	00	00	00	00	00	00	00	00	00	00	00
7.142	3D DATA	true	-	-	-	-	-77351.4	-81224.5	-78502.8	-83119.6	-96311.4	-77351.4	-81224.5	-78502.8	-83119.6	-96311.4	-	-	-	-	-
7.173	3D MESSAGE	48	00	F2	91	20	59	99	8C	B8	96	94	3C	E3	13	97	C7	67	A4	9E	C7	74	53	99	C7	02	58	A2	C7	01	1C	BC	C7	E3	13	97	C7	67	A4	9E	C7	74	53	99	C7	02	58	A2	C7	01	1C	BC	C7	00	00	00	00	00	00	00	00	00	00	00	00	00	00	00	00	00	00	00	00
7.173	3D DATA	true	-	-	-	-	-77351.8	-81224.8	-78502.9	-83120.0	-96312.0	-77351.8	-81224.8	-78502.9	-83120.0	-96312.0	-	-	-	-	-
7.173	3D MESSAGE	48	00	F3	91	20	59	9A	8C	B8	96	94	3C	27	14	97	C7	A4	A4	9E	C7	9A	53	99	C7	4C	58	A2	C7	76	1C	BC	C7	27	14	97	C7	A4	A4	9E	C7	9A	53	99	C7	4C	58	A2	C7	76	1C	BC	C7	00	00	00	00	00	00	00	00	00	00	00	00	00	00	00	00	00	00	00	00
7.173	3D DATA	true	-	-	-	-	-77352.3	-81225.3	-78503.2	-83120.6	-96312.9	-77352.3	-81225.3	-78503.2	-83120.6	-96312.9	-	-	-	-	-
7.173	3D MESSAGE	48	00	F4	91	20	59	9B	8C	B8	96	94	3C	73	14	97	C7	E9	A4	9E	C7	D2	53	99	C7	9B	58	A2	C7	0C	1D	BC	C7	73	14	97	C7	E9	A4	9E	C7	D2	53	99	C7	9B	58	A2	C7	0C	1D	BC	C7	00	00	00	00	00	00	00	00	00	00	00	00	00	00	00	00	00	00	00	00
7.173	3D DATA	true	-	-	-	-	-77352.9	-81225.8	-78503.6	-83121.2	-96314.1	-77352.9	-81225.8	-78503.6	-83121.2	-96314.1	-	-	-	-	-
7.174	3D MESSAGE	48	00	F5	91	20	59	9C	8C	B8	96	94	3C	BF	14	97	C7	30	A5	9E	C7	18	54	99	C7	E8	58	A2	C7	B2	1D	BC	C7	BF	14	97	C7	30	A5	9E	C7	18	54	99	C7	E8	58	A2	C7	B2	1D	BC	C7	00	00	00	00	00	00	00	00	00	00	00	00	00	00	00	00	00	00	00	00
7.174	3D DATA	true	-	-	-	-	-77353.5	-81226.4	-78504.2	-83121.8	-96315.4	-77353.5	-81226.4	-78504.2	-83121.8	-96315.4	-	-	-	-	-
7.175	3D MESSAGE	48	00	F6	91	20	59	9D	8C	B8	96	94	3C	03	15	97	C7	71	A5	9E	C7	65	54	99	C7	2A	59	A2	C7	58	1E	BC	C7	03	15	97	C7	71	A5	9E	C7	65	54	99	C7	2A	59	A2	C7	58	1E	BC	C7	00	00	00	00	00	00	00	00	00	00	00	00	00	00	00	00	00	00	00	00
7.175	3D DATA	true	-	-	-	-	-77354.0	-81226.9	-78504.8	-83122.3	-96316.7	-77354.0	-81226.9	-78504.8	-83122.3	-96316.7	-	-	-	-	-
7.175	3D MESSAGE	48	00	F7	91	20	59	9E	8C	B8	96	94	3C	39	15	97	C7	A9	A5	9E	C7	B3	54	99	C7	5E	59	A2	C7	EC	1E	BC	C7	39	15	97	C7	A9	A5	9E	C7	B3	54	99	C7	5E	59	A2	C7	EC	1E	BC	C7	00	00	00	00	00	00	00	00	00	00	00	00	00	00	00	00	00	00	00	00
7.175	3D DATA	true	-	-	-	-	-77354.4	-81227.3	-78505.4	-83122.7	-96317.8	-77354.4	-81227.3	-78505.4	-83122.7	-96317.8	-	-	-	-	-
7.175	3D MESSAGE	48	00	F8	91	20	59	9F	8C	B8	96	94	3C	5F	15	97	C7	D3	A5	9E	C7	FB	54	99	C7	82	59	A2	C7	62	1F	BC	C7	5F	15	97	C7	D3	A5	9E	C7	FB	54	99	C7	82	59	A2	C7	62	1F	BC	C7	00	00	00	00	00	00	00	00	00	00	00	00	00	00	00	00	00	00	00	00
7.175	3D DATA	true	-	-	-	-	-77354.7	-81227.6	-78506.0	-83123.0	-96318.8	-77354.7	-81227.6	-78506.0	-83123.0	-96318.8	-	-	-	-	-
7.205	3D MESSAGE	48	00	F9	91	20	59	A0	8C	B8	96	94	3C	74	15	97	C7	F0	A5	9E	C7	36	55	99	C7	97	59	A2	C7	B3	1F	BC	C7	74	15	97	C7	F0	A5	9E	C7	36	55	99	C7	97	59	A2	C7	B3	1F	BC	C7	00	00	00	00	00	00	00	00	00	00	00	00	00	00	00	00	00	00	00	00
7.205	3D DATA	true	-	-	-	-	-77354.9	-81227.9	-78506.4	-83123.2	-96319.4	-77354.9	-81227.9	-78506.4	-83123.2	-96319.4	-	-	-	-	-
7.206	3D MESSAGE	48	00	FA	91	20	59	A1	8C	B8	96	94	3C	78	15	97	C7	FF	A5	9E	C7	60	55	99	C7	9E	59	A2	C7	DF	1F	BC	C7	78	15	97	C7	FF	A5	9E	C7	60	55	99	C7	9E	59	A2	C7	DF	1F	BC	C7	00	00	00	00	00	00	00	00	00	00	00	00	00	00	00	00	00	00	00	00
7.206	3D DATA	true	-	-	-	-	-77354.9	-81228.0	-78506.8	-83123.2	-96319.7	-77354.9	-81228.0	-78506.8	-83123.2	-96319.7	-	-	-	-	-
7.206	3D MESSAGE	48	00	FB	91	20	59	A2	8C	B8	96	94	3C	6E	15	97	C7	04	A6	9E	C7	76	55	99	C7	98	59	A2	C7	E8	1F	BC	C7	6E	15	97	C7	04	A6	9E	C7	76	55	99	C7	98	59	A2	C7	E8	1F	BC	C7	00	00	00	00	00	00	00	00	00	00	00	00	00	00	00	00	00	00	00	00
7.206	3D DATA	true	-	-	-	-	-77354.9	-81228.0	-78506.9	-83123.2	-96319.8	-77354.9	-81228.0	-78506.9	-83123.2	-96319.8	-	-	-	-	-
7.206	3D MESSAGE	48	00	FC	91	20	59	A3	8C	B8	96	94	3C	5A	15	97	C7	01	A6	9E	C7	7C	55	99	C7	88	59	A2	C7	D6	1F	BC	C7	5A	15	97	C7	01	A6	9E	C7	7C	55	99	C7	88	59	A2	C7	D6	1F	BC	C7	00	00	00	00	00	00	00	00	00	00	00	00	00	00	00	00	00	00	00	00
7.206	3D DATA	true	-	-	-	-	-77354.7	-81228.0	-78507.0	-83123.1	-96319.7	-77354.7	-81228.0	-78507.0	-83123.1	-96319.7	-	-	-	-	-
7.207	3D MESSAGE	48	00	FD	91	20	59	A4	8C	B8	96	94	3C	3E	15	97	C7	FB	A5	9E	C7	76	55	99	C7	70	59	A2	C7	B2	1F	BC	C7	3E	15	97	C7	FB	A5	9E	C7	76	55	99	C7	70	59	A2	C7	B2	1F	BC	C7	00	00	00	00	00	00	00	00	00	00	00	00	00	00	00	00	00	00	00	00
7.207	3D DATA	true	-	-	-	-	-77354.5	-81228.0	-78506.9	-83122.9	-96319.4	-77354.5	-81228.0	-78506.9	-83122.9	-96319.4	-	-	-	-	-
7.207	3D MESSAGE	48	00	FE	91	20	59	A5	8C	B8	96	94	3C	1F	15	97	C7	F5	A5	9E	C7	68	55	99	C7	54	59	A2	C7	85	1F	BC	C7	1F	15	97	C7	F5	A5	9E	C7	68	55	99	C7	54	59	A2	C7	85	1F	BC	C7	00	00	00	00	00	00	00	00	00	00	00	00	00	00	00	00	00	00	00	00
7.207	3D DATA	true	-	-	-	-	-77354.2	-81227.9	-78506.8	-83122.7	-96319.0	-77354.2	-81227.9	-78506.8	-83122.7	-96319.0	-	-	-	-	-
7.235	3D MESSAGE	48	00	FF	91	20	59	A6	8C	B8	96	94	3C	01	15	97	C7	F0	A5	9E	C7	58	55	99	C7	38	59	A2	C7	58	1F	BC	C7	01	15	97	C7	F0	A5	9E	C7	58	55	99	C7	38	59	A2	C7	58	1F	BC	C7	00	00	00	00	00	00	00	00	00	00	00	00	00	00	00	00	00	00	00	00
7.235	3D DATA	true	-	-	-	-	-77354.0	-81227.9	-78506.7	-83122.4	-96318.7	-77354.0	-81227.9	-78506.7	-83122.4	-96318.7	-	-	-	-	-
7.236	3D MESSAGE	48	00	00	91	20	59	A7	8C	B8	96	94	3C	E8	14	97	C7	EC	A5	9E	C7	46	55	99	C7	21	59	A2	C7	30	1F	BC	C7	E8	14	97	C7	EC	A5	9E	C7	46	55	99	C7	21	59	A2	C7	30	1F	BC	C7	00	00	00	00	00	00	00	00	00	00	00	00	00	00	00	00	00	00	00	00
7.236	3D DATA	true	-	-	-	-	-77353.8	-81227.8	-78506.5	-83122.3	-96318.4	-77353.8	-81227.8	-78506.5	-83122.3	-96318.4	-	-	-	-	-
7.236	3D MESSAGE	48	00	01	91	20	59	A8	8C	B8	96	94	3C	D4	14	97	C7	E8	A5	9E	C7	33	55	99	C7	12	59	A2	C7	0F	1F	BC	C7	D4	14	97	C7	E8	A5	9E	C7	33	55	99	C7	12	59	A2	C7	0F	1F	BC	C7	00	00	00	00	00	00	00	00	00	00	00	00	00	00	00	00	00	00	00	00
7.236	3D DATA	true	-	-	-	-	-77353.7	-81227.8	-78506.4	-83122.1	-96318.1	-77353.7	-81227.8	-78506.4	-83122.1	-96318.1	-	-	-	-	-
7.236	3D MESSAGE	48	00	02	91	20	59	A9	8C	B8	96	94	3C	C6	14	97	C7	E1	A5	9E	C7	1A	55	99	C7	0D	59	A2	C7	F3	1E	BC	C7	C6	14	97	C7	E1	A5	9E	C7	1A	55	99	C7	0D	59	A2	C7	F3	1E	BC	C7	00	00	00	00	00	00	00	00	00	00	00	00	00	00	00	00	00	00	00	00
7.236	3D DATA	true	-	-	-	-	-77353.5	-81227.8	-78506.2	-83122.1	-96317.9	-77353.5	-81227.8	-78506.2	-83122.1	-96317.9	-	-	-	-	-
7.237	3D MESSAGE	48	00	03	91	20	59	AA	8C	B8	96	94	3C	BC	14	97	C7	D6	A5	9E	C7	FA	54	99	C7	0E	59	A2	C7	D9	1E	BC	C7	BC	14	97	C7	D6	A5	9E	C7	FA	54	99	C7	0E	59	A2	C7	D9	1E	BC	C7	00	00	00	00	00	00	00	00	00	00	00	00	00	00	00	00	00	00	00	00
7.237	3D DATA	true	-	-	-	-	-77353.5	-81227.7	-78506.0	-83122.1	-96317.7	-77353.5	-81227.7	-78506.0	-83122.1	-96317.7	-	-	-	-	-
7.237	3D MESSAGE	48	00	04	91	20	59	AB	8C	B8	96	94	3C	B4	14	97	C7	C5	A5	9E	C7	D2	54	99	C7	13	59	A2	C7	BE	1E	BC	C7	B4	14	97	C7	C5	A5	9E	C7	D2	54	99	C7	13	59	A2	C7	BE	1E	BC	C7	00	00	00	00	00	00	00	00	00	00	00	00	00	00	00	00	00	00	00	00
7.237	3D DATA	true	-	-	-	-	-77353.4	-81227.5	-78505.6	-83122.1	-96317.5	-77353.4	-81227.5	-78505.6	-83122.1	-96317.5	-	-	-	-	-
7.265	3D MESSAGE	48	00	05	91	20	59	AC	8C	80	9A	AB	3C	AC	14	97	C7	AE	A5	9E	C7	A4	54	99	C7	16	59	A2	C7	A0	1E	BC	C7	AC	14	97	C7	AE	A5	9E	C7	A4	54	99	C7	16	59	A2	C7	A0	1E	BC	C7	00	00	00	00	00	00	00	00	00	00	00	00	00	00	00	00	00	00	00	00
7.265	3D DATA	true	-	-	-	-	-77353.3	-81227.4	-78505.3	-83122.2	-96317.2	-77353.3	-81227.4	-78505.3	-83122.2	-96317.2	-	-	-	-	-
7.266	3D MESSAGE	48	00	06	91	20	59	AD	8C	80	9A	AB	3C	A4	14	97	C7	95	A5	9E	C7	76	54	99	C7	12	59	A2	C7	80	1E	BC	C7	A4	14	97	C7	95	A5	9E	C7	76	54	99	C7	12	59	A2	C7	80	1E	BC	C7	00	00	00	00	00	00	00	00	00	00	00	00	00	00	00	00	00	00	00	00
7.266	3D DATA	true	-	-	-	-	-77353.3	-81227.2	-78504.9	-83122.1	-96317.0	-77353.3	-81227.2	-78504.9	-83122.1	-96317.0	-	-	-	-	-
7.266	3D MESSAGE	48	00	07	91	20	59	AE	8C	80	9A	AB	3C	9B	14	97	C7	7D	A5	9E	C7	4C	54	99	C7	08	59	A2	C7	62	1E	BC	C7	9B	14	97	C7	7D	A5	9E	C7	4C	54	99	C7	08	59	A2	C7	62	1E	BC	C7	00	00	00	00	00	00	00	00	00	00	00	00	00	00	00	00	00	00	00	00
7.266	3D DATA	true	-	-	-	-	-77353.2	-81227.0	-78504.6	-83122.1	-96316.8	-77353.2	-81227.0	-78504.6	-83122.1	-96316.8	-	-	-	-	-
7.267	3D MESSAGE	48	00	08	91	20	59	AF	8C	80	9A	AB	3C	96	14	97	C7	6A	A5	9E	C7	2D	54	99	C7	F9	58	A2	C7	49	1E	BC	C7	96	14	97	C7	6A	A5	9E	C7	2D	54	99	C7	F9	58	A2	C7	49	1E	BC	C7	00	00	00	00	00	00	00	00	00	00	00	00	00	00	00	00	00	00	00	00
7.267	3D DATA	true	-	-	-	-	-77353.2	-81226.8	-78504.4	-83121.9	-96316.6	-77353.2	-81226.8	-78504.4	-83121.9	-96316.6	-	-	-	-	-
7.267	3D MESSAGE	48	00	09	91	20	59	B0	8C	80	9A	AB	3C	98	14	97	C7	5E	A5	9E	C7	1D	54	99	C7	EA	58	A2	C7	3B	1E	BC	C7	98	14	97	C7	5E	A5	9E	C7	1D	54	99	C7	EA	58	A2	C7	3B	1E	BC	C7	00	00	00	00	00	00	00	00	00	00	00	00	00	00	00	00	00	00	00	00
7.267	3D DATA	true	-	-	-	-	-77353.2	-81226.7	-78504.2	-83121.8	-96316.5	-77353.2	-81226.7	-78504.2	-83121.8	-96316.5	-	-	-	-	-
7.267	3D MESSAGE	48	00	0A	91	20	59	B1	8C	80	9A	AB	3C	A4	14	97	C7	5E	A5	9E	C7	1C	54	99	C7	DD	58	A2	C7	3C	1E	BC	C7	A4	14	97	C7	5E	A5	9E	C7	1C	54	99	C7	DD	58	A2	C7	3C	1E	BC	C7	00	00	00	00	00	00	00	00	00	00	00	00	00	00	00	00	00	00	00	00
7.267	3D DATA	true	-	-	-	-	-77353.3	-81226.7	-78504.2	-83121.7	-96316.5	-77353.3	-81226.7	-78504.2	-83121.7	-96316.5	-	-	-	-	-
7.268	3D MESSAGE	48	00	0B	91	20	59	B2	8C	80	9A	AB	3C	B8	14	97	C7	68	A5	9E	C7	27	54	99	C7	D7	58	A2	C7	4A	1E	BC	C7	B8	14	97	C7	68	A5	9E	C7	27	54	99	C7	D7	58	A2	C7	4A	1E	BC	C7	00	00	00	00	00	00	00	00	00	00	00	00	00	00	00	00	00	00	00	00
7.268	3D DATA	true	-	-	-	-	-77353.4	-81226.8	-78504.3	-83121.7	-96316.6	-77353.4	-81226.8	-78504.3	-83121.7	-96316.6	-	-	-	-	-
7.299	3D MESSAGE	48	00	0C	91	20	59	B3	8C	80	9A	AB	3C	D3	14	97	C7	7C	A5	9E	C7	3C	54	99	C7	D8	58	A2	C7	62	1E	BC	C7	D3	14	97	C7	7C	A5	9E	C7	3C	54	99	C7	D8	58	A2	C7	62	1E	BC	C7	00	00	00	00	00	00	00	00	00	00	00	00	00	00	00	00	00	00	00	00
7.299	3D DATA	true	-	-	-	-	-77353.6	-81227.0	-78504.5	-83121.7	-96316.8	-77353.6	-81227.0	-78504.5	-83121.7	-96316.8	-	-	-	-	-
7.300	3D MESSAGE	48	00	0D	91	20	59	B4	8C	80	9A	AB	3C	F1	14	97	C7	95	A5	9E	C7	54	54	99	C7	DE	58	A2	C7	7E	1E	BC	C7	F1	14	97	C7	95	A5	9E	C7	54	54	99	C7	DE	58	A2	C7	7E	1E	BC	C7	00	00	00	00	00	00	00	00	00	00	00	00	00	00	00	00	00	00	00	00
7.300	3D DATA	true	-	-	-	-	-77353.9	-81227.2	-78504.7	-83121.7	-96317.0	-77353.9	-81227.2	-78504.7	-83121.7	-96317.0	-	-	-	-	-
7.300	3D MESSAGE	48	00	0E	91	20	59	B5	8C	80	9A	AB	3C	0C	15	97	C7	AD	A5	9E	C7	6C	54	99	C7	E6	58	A2	C7	94	1E	BC	C7	0C	15	97	C7	AD	A5	9E	C7	6C	54	99	C7	E6	58	A2	C7	94	1E	BC	C7	00	00	00	00	00	00	00	00	00	00	00	00	00	00	00	00	00	00	00	00
7.300	3D DATA	true	-	-	-	-	-77354.1	-81227.4	-78504.8	-83121.8	-96317.2	-77354.1	-81227.4	-78504.8	-83121.8	-96317.2	-	-	-	-	-
7.300	3D MESSAGE	48	00	0F	91	20	59	B6	8C	80	9A	AB	3C	20	15	97	C7	C0	A5	9E	C7	7D	54	99	C7	EB	58	A2	C7	9D	1E	BC	C7	20	15	97	C7	C0	A5	9E	C7	7D	54	99	C7	EB	58	A2	C7	9D	1E	BC	C7	00	00	00	00	00	00	00	00	00	00	00	00	00	00	00	00	00	00	00	00
7.300	3D DATA	true	-	-	-	-	-77354.2	-81227.5	-78505.0	-83121.8	-96317.2	-77354.2	-81227.5	-78505.0	-83121.8	-96317.2	-	-	-	-	-
7.301	3D MESSAGE	48	00	10	91	20	59	B7	8C	80	9A	AB	3C	28	15	97	C7	CA	A5	9E	C7	86	54	99	C7	EC	58	A2	C7	96	1E	BC	C7	28	15	97	C7	CA	A5	9E	C7	86	54	99	C7	EC	58	A2	C7	96	1E	BC	C7	00	00	00	00	00	00	00	00	00	00	00	00	00	00	00	00	00	00	00	00
7.301	3D DATA	true	-	-	-	-	-77354.3	-81227.6	-78505.0	-83121.8	-96317.2	-77354.3	-81227.6	-78505.0	-83121.8	-96317.2	-	-	-	-	-
7.301	3D MESSAGE	48	00	11	91	20	59	B8	8C	80	9A	AB	3C	26	15	97	C7	C8	A5	9E	C7	86	54	99	C7	E7	58	A2	C7	7D	1E	BC	C7	26	15	97	C7	C8	A5	9E	C7	86	54	99	C7	E7	58	A2	C7	7D	1E	BC	C7	00	00	00	00	00	00	00	00	00	00	00	00	00	00	00	00	00	00	00	00
7.301	3D DATA	true	-	-	-	-	-77354.3	-81227.6	-78505.0	-83121.8	-96317.0	-77354.3	-81227.6	-78505.0	-83121.8	-96317.0	-	-	-	-	-
7.301	3D MESSAGE	48	00	12	91	20	59	B9	8C	80	9A	AB	3C	1A	15	97	C7	BC	A5	9E	C7	7D	54	99	C7	DE	58	A2	C7	56	1E	BC	C7	1A	15	97	C7	BC	A5	9E	C7	7D	54	99	C7	DE	58	A2	C7	56	1E	BC	C7	00	00	00	00	00	00	00	00	00	00	00	00	00	00	00	00	00	00	00	00
7.301	3D DATA	true	-	-	-	-	-77354.2	-81227.5	-78505.0	-83121.7	-96316.7	-77354.2	-81227.5	-78505.0	-83121.7	-96316.7	-	-	-	-	-
7.329	3D MESSAGE	48	00	13	91	20	59	BA	8C	80	9A	AB	3C	08	15	97	C7	A9	A5	9E	C7	71	54	99	C7	D3	58	A2	C7	2B	1E	BC	C7	08	15	97	C7	A9	A5	9E	C7	71	54	99	C7	D3	58	A2	C7	2B	1E	BC	C7	00	00	00	00	00	00	00	00	00	00	00	00	00	00	00	00	00	00	00	00
7.329	3D DATA	true	-	-	-	-	-77354.1	-81227.3	-78504.9	-83121.6	-96316.3	-77354.1	-81227.3	-78504.9	-83121.6	-96316.3	-	-	-	-	-
7.329	3D MESSAGE	48	00	14	91	20	59	BB	8C	80	9A	AB	3C	F6	14	97	C7	98	A5	9E	C7	66	54	99	C7	CA	58	A2	C7	04	1E	BC	C7	F6	14	97	C7	98	A5	9E	C7	66	54	99	C7	CA	58	A2	C7	04	1E	BC	C7	00	00	00	00	00	00	00	00	00	00	00	00	00	00	00	00	00	00	00	00
7.329	3D DATA	true	-	-	-	-	-77353.9	-81227.2	-78504.8	-83121.6	-96316.0	-77353.9	-81227.2	-78504.8	-83121.6	-96316.0	-	-	-	-	-
7.329	3D MESSAGE	48	00	15	91	20	59	BC	8C	80	9A	AB	3C	EA	14	97	C7	90	A5	9E	C7	61	54	99	C7	C7	58	A2	C7	EB	1D	BC	C7	EA	14	97	C7	90	A5	9E	C7	61	54	99	C7	C7	58	A2	C7	EB	1D	BC	C7	00	00	00	00	00	00	00	00	00	00	00	00	00	00	00	00	00	00	00	00
7.330	3D DATA	true	-	-	-	-	-77353.8	-81227.1	-78504.8	-83121.6	-96315.8	-77353.8	-81227.1	-78504.8	-83121.6	-96315.8	-	-	-	-	-
7.330	3D MESSAGE	48	00	16	91	20	59	BD	8C	80	9A	AB	3C	E9	14	97	C7	97	A5	9E	C7	66	54	99	C7	CE	58	A2	C7	E7	1D	BC	C7	E9	14	97	C7	97	A5	9E	C7	66	54	99	C7	CE	58	A2	C7	E7	1D	BC	C7	00	00	00	00	00	00	00	00	00	00	00	00	00	00	00	00	00	00	00	00
7.330	3D DATA	true	-	-	-	-	-77353.8	-81227.2	-78504.8	-83121.6	-96315.8	-77353.8	-81227.2	-78504.8	-83121.6	-96315.8	-	-	-	-	-
7.330	3D MESSAGE	48	00	17	91	20	59	BE	8C	80	9A	AB	3C	F3	14	97	C7	AE	A5	9E	C7	76	54	99	C7	E1	58	A2	C7	F9	1D	BC	C7	F3	14	97	C7	AE	A5	9E	C7	76	54	99	C7	E1	58	A2	C7	F9	1D	BC	C7	00	00	00	00	00	00	00	00	00	00	00	00	00	00	00	00	00	00	00	00
7.330	3D DATA	true	-	-	-	-	-77353.9	-81227.4	-78504.9	-83121.8	-96315.9	-77353.9	-81227.4	-78504.9	-83121.8	-96315.9	-	-	-	-	-
7.330	3D MESSAGE	48	00	18	91	20	59	BF	8C	80	9A	AB	3C	08	15	97	C7	D4	A5	9E	C7	8E	54	99	C7	FE	58	A2	C7	1E	1E	BC	C7	08	15	97	C7	D4	A5	9E	C7	8E	54	99	C7	FE	58	A2	C7	1E	1E	BC	C7	00	00	00	00	00	00	00	00	00	00	00	00	00	00	00	00	00	00	00	00
7.330	3D DATA	true	-	-	-	-	-77354.1	-81227.7	-78505.1	-83122.0	-96316.2	-77354.1	-81227.7	-78505.1	-83122.0	-96316.2	-	-	-	-	-
7.361	3D MESSAGE	48	00	19	91	20	59	C0	8C	80	9A	AB	3C	22	15	97	C7	FF	A5	9E	C7	A6	54	99	C7	20	59	A2	C7	4E	1E	BC	C7	22	15	97	C7	FF	A5	9E	C7	A6	54	99	C7	20	59	A2	C7	4E	1E	BC	C7	00	00	00	00	00	00	00	00	00	00	00	00	00	00	00	00	00	00	00	00
7.361	3D DATA	true	-	-	-	-	-77354.3	-81228.0	-78505.3	-83122.2	-96316.6	-77354.3	-81228.0	-78505.3	-83122.2	-96316.6	-	-	-	-	-
7.362	3D MESSAGE	48	00	1A	91	20	59	C1	8C	80	9A	AB	3C	3C	15	97	C7	26	A6	9E	C7	B9	54	99	C7	42	59	A2	C7	80	1E	BC	C7	3C	15	97	C7	26	A6	9E	C7	B9	54	99	C7	42	59	A2	C7	80	1E	BC	C7	00	00	00	00	00	00	00	00	00	00	00	00	00	00	00	00	00	00	00	00
7.362	3D DATA	true	-	-	-	-	-77354.5	-81228.3	-78505.4	-83122.5	-96317.0	-77354.5	-81228.3	-78505.4	-83122.5	-96317.0	-	-	-	-	-
7.362	3D MESSAGE	48	00	1B	91	20	59	C2	8C	80	9A	AB	3C	4E	15	97	C7	40	A6	9E	C7	C2	54	99	C7	5A	59	A2	C7	AA	1E	BC	C7	4E	15	97	C7	40	A6	9E	C7	C2	54	99	C7	5A	59	A2	C7	AA	1E	BC	C7	00	00	00	00	00	00	00	00	00	00	00	00	00	00	00	00	00	00	00	00
7.362	3D DATA	true	-	-	-	-	-77354.6	-81228.5	-78505.5	-83122.7	-96317.3	-77354.6	-81228.5	-78505.5	-83122.7	-96317.3	-	-	-	-	-
7.363	3D MESSAGE	48	00	1C	91	20	59	C3	8C	80	9A	AB	3C	56	15	97	C7	47	A6	9E	C7	BF	54	99	C7	63	59	A2	C7	C3	1E	BC	C7	56	15	97	C7	47	A6	9E	C7	BF	54	99	C7	63	59	A2	C7	C3	1E	BC	C7	00	00	00	00	00	00	00	00	00	00	00	00	00	00	00	00	00	00	00	00
7.363	3D DATA	true	-	-	-	-	-77354.7	-81228.6	-78505.5	-83122.8	-96317.5	-77354.7	-81228.6	-78505.5	-83122.8	-96317.5	-	-	-	-	-
7.363	3D MESSAGE	48	00	1D	91	20	59	C4	8C	80	9A	AB	3C	53	15	97	C7	3C	A6	9E	C7	B2	54	99	C7	5D	59	A2	C7	CA	1E	BC	C7	53	15	97	C7	3C	A6	9E	C7	B2	54	99	C7	5D	59	A2	C7	CA	1E	BC	C7	00	00	00	00	00	00	00	00	00	00	00	00	00	00	00	00	00	00	00	00
7.363	3D DATA	true	-	-	-	-	-77354.6	-81228.5	-78505.4	-83122.7	-96317.6	-77354.6	-81228.5	-78505.4	-83122.7	-96317.6	-	-	-	-	-
7.363	3D MESSAGE	48	00	1E	91	20	59	C5	8C	80	9A	AB	3C	48	15	97	C7	24	A6	9E	C7	A0	54	99	C7	49	59	A2	C7	C0	1E	BC	C7	48	15	97	C7	24	A6	9E	C7	A0	54	99	C7	49	59	A2	C7	C0	1E	BC	C7	00	00	00	00	00	00	00	00	00	00	00	00	00	00	00	00	00	00	00	00
7.363	3D DATA	true	-	-	-	-	-77354.6	-81228.3	-78505.2	-83122.6	-96317.5	-77354.6	-81228.3	-78505.2	-83122.6	-96317.5	-	-	-	-	-
7.393	3D MESSAGE	48	00	1F	91	20	59	C6	8C	80	9A	AB	3C	3D	15	97	C7	08	A6	9E	C7	90	54	99	C7	2E	59	A2	C7	AA	1E	BC	C7	3D	15	97	C7	08	A6	9E	C7	90	54	99	C7	2E	59	A2	C7	AA	1E	BC	C7	00	00	00	00	00	00	00	00	00	00	00	00	00	00	00	00	00	00	00	00
7.393	3D DATA	true	-	-	-	-	-77354.5	-81228.1	-78505.1	-83122.4	-96317.3	-77354.5	-81228.1	-78505.1	-83122.4	-96317.3	-	-	-	-	-
7.393	3D MESSAGE	48	00	20	91	20	59	C7	8C	80	9A	AB	3C	37	15	97	C7	F2	A5	9E	C7	88	54	99	C7	14	59	A2	C7	91	1E	BC	C7	37	15	97	C7	F2	A5	9E	C7	88	54	99	C7	14	59	A2	C7	91	1E	BC	C7	00	00	00	00	00	00	00	00	00	00	00	00	00	00	00	00	00	00	00	00
7.393	3D DATA	true	-	-	-	-	-77354.4	-81227.9	-78505.1	-83122.2	-96317.1	-77354.4	-81227.9	-78505.1	-83122.2	-96317.1	-	-	-	-	-
7.393	3D MESSAGE	48	00	21	91	20	59	C8	8C	80	9A	AB	3C	3C	15	97	C7	E8	A5	9E	C7	8C	54	99	C7	02	59	A2	C7	7C	1E	BC	C7	3C	15	97	C7	E8	A5	9E	C7	8C	54	99	C7	02	59	A2	C7	7C	1E	BC	C7	00	00	00	00	00	00	00	00	00	00	00	00	00	00	00	00	00	00	00	00
7.393	3D DATA	true	-	-	-	-	-77354.5	-81227.8	-78505.1	-83122.0	-96317.0	-77354.5	-81227.8	-78505.1	-83122.0	-96317.0	-	-	-	-	-
7.394	3D MESSAGE	48	00	22	91	20	59	C9	8C	80	9A	AB	3C	4C	15	97	C7	EC	A5	9E	C7	9D	54	99	C7	FB	58	A2	C7	70	1E	BC	C7	4C	15	97	C7	EC	A5	9E	C7	9D	54	99	C7	FB	58	A2	C7	70	1E	BC	C7	00	00	00	00	00	00	00	00	00	00	00	00	00	00	00	00	00	00	00	00
7.394	3D DATA	true	-	-	-	-	-77354.6	-81227.8	-78505.2	-83122.0	-96316.9	-77354.6	-81227.8	-78505.2	-83122.0	-96316.9	-	-	-	-	-
7.394	3D MESSAGE	48	00	23	91	20	59	CA	8C	80	9A	AB	3C	65	15	97	C7	FB	A5	9E	C7	B6	54	99	C7	FF	58	A2	C7	71	1E	BC	C7	65	15	97	C7	FB	A5	9E	C7	B6	54	99	C7	FF	58	A2	C7	71	1E	BC	C7	00	00	00	00	00	00	00	00	00	00	00	00	00	00	00	00	00	00	00	00
7.394	3D DATA	true	-	-	-	-	-77354.8	-81228.0	-78505.4	-83122.0	-96316.9	-77354.8	-81228.0	-78505.4	-83122.0	-96316.9	-	-	-	-	-
7.394	3D MESSAGE	48	00	24	91	20	59	CB	8C	80	9A	AB	3C	81	15	97	C7	0C	A6	9E	C7	D2	54	99	C7	0A	59	A2	C7	7C	1E	BC	C7	81	15	97	C7	0C	A6	9E	C7	D2	54	99	C7	0A	59	A2	C7	7C	1E	BC	C7	00	00	00	00	00	00	00	00	00	00	00	00	00	00	00	00	00	00	00	00
7.394	3D DATA	true	-	-	-	-	-77355.0	-81228.1	-78505.6	-83122.1	-96317.0	-77355.0	-81228.1	-78505.6	-83122.1	-96317.0	-	-	-	-	-
7.424	3D MESSAGE	48	00	25	91	20	59	CC	8C	80	9A	AB	3C	9C	15	97	C7	19	A6	9E	C7	EE	54	99	C7	18	59	A2	C7	8D	1E	BC	C7	9C	15	97	C7	19	A6	9E	C7	EE	54	99	C7	18	59	A2	C7	8D	1E	BC	C7	00	00	00	00	00	00	00	00	00	00	00	00	00	00	00	00	00	00	00	00
7.424	3D DATA	true	-	-	-	-	-77355.2	-81228.2	-78505.9	-83122.2	-96317.1	-77355.2	-81228.2	-78505.9	-83122.2	-96317.1	-	-	-	-	-
7.424	3D MESSAGE	48	00	26	91	20	59	CD	8C	80	9A	AB	3C	AF	15	97	C7	1A	A6	9E	C7	02	55	99	C7	25	59	A2	C7	9E	1E	BC	C7	AF	15	97	C7	1A	A6	9E	C7	02	55	99	C7	25	59	A2	C7	9E	1E	BC	C7	00	00	00	00	00	00	00	00	00	00	00	00	00	00	00	00	00	00	00	00
7.424	3D DATA	true	-	-	-	-	-77355.4	-81228.2	-78506.0	-83122.3	-96317.2	-77355.4	-81228.2	-78506.0	-83122.3	-96317.2	-	-	-	-	-
7.424	3D MESSAGE	48	00	27	91	20	59	CE	8C	80	9A	AB	3C	B8	15	97	C7	0F	A6	9E	C7	0F	55	99	C7	2D	59	A2	C7	A8	1E	BC	C7	B8	15	97	C7	0F	A6	9E	C7	0F	55	99	C7	2D	59	A2	C7	A8	1E	BC	C7	00	00	00	00	00	00	00	00	00	00	00	00	00	00	00	00	00	00	00	00
7.424	3D DATA	true	-	-	-	-	-77355.4	-81228.1	-78506.1	-83122.4	-96317.3	-77355.4	-81228.1	-78506.1	-83122.4	-96317.3	-	-	-	-	-
7.425	3D MESSAGE	48	00	28	91	20	59	CF	8C	80	9A	AB	3C	B7	15	97	C7	F8	A5	9E	C7	14	55	99	C7	2F	59	A2	C7	A9	1E	BC	C7	B7	15	97	C7	F8	A5	9E	C7	14	55	99	C7	2F	59	A2	C7	A9	1E	BC	C7	00	00	00	00	00	00	00	00	00	00	00	00	00	00	00	00	00	00	00	00
7.425	3D DATA	true	-	-	-	-	-77355.4	-81227.9	-78506.2	-83122.4	-96317.3	-77355.4	-81227.9	-78506.2	-83122.4	-96317.3	-	-	-	-	-
7.425	3D MESSAGE	48	00	29	91	20	59	D0	8C	80	9A	AB	3C	AE	15	97	C7	DD	A5	9E	C7	12	55	99	C7	2C	59	A2	C7	A2	1E	BC	C7	AE	15	97	C7	DD	A5	9E	C7	12	55	99	C7	2C	59	A2	C7	A2	1E	BC	C7	00	00	00	00	00	00	00	00	00	00	00	00	00	00	00	00	00	00	00	00
7.425	3D DATA	true	-	-	-	-	-77355.4	-81227.7	-78506.1	-83122.3	-96317.3	-77355.4	-81227.7	-78506.1	-83122.3	-96317.3	-	-	-	-	-
7.425	3D MESSAGE	48	00	2A	91	20	59	D1	8C	80	9A	AB	3C	9F	15	97	C7	C5	A5	9E	C7	0C	55	99	C7	24	59	A2	C7	95	1E	BC	C7	9F	15	97	C7	C5	A5	9E	C7	0C	55	99	C7	24	59	A2	C7	95	1E	BC	C7	00	00	00	00	00	00	00	00	00	00	00	00	00	00	00	00	00	00	00	00
7.425	3D DATA	true	-	-	-	-	-77355.2	-81227.5	-78506.1	-83122.3	-96317.2	-77355.2	-81227.5	-78506.1	-83122.3	-96317.2	-	-	-	-	-
7.426	3D MESSAGE	48	00	2B	91	20	59	D2	8C	80	9A	AB	3C	8E	15	97	C7	B5	A5	9E	C7	06	55	99	C7	1A	59	A2	C7	8A	1E	BC	C7	8E	15	97	C7	B5	A5	9E	C7	06	55	99	C7	1A	59	A2	C7	8A	1E	BC	C7	00	00	00	00	00	00	00	00	00	00	00	00	00	00	00	00	00	00	00	00
7.426	3D DATA	true	-	-	-	-	-77355.1	-81227.4	-78506.0	-83122.2	-96317.1	-77355.1	-81227.4	-78506.0	-83122.2	-96317.1	-	-	-	-	-
7.455	3D MESSAGE	48	00	2C	91	20	59	D3	8C	80	9A	AB	3C	80	15	97	C7	B1	A5	9E	C7	02	55	99	C7	10	59	A2	C7	87	1E	BC	C7	80	15	97	C7	B1	A5	9E	C7	02	55	99	C7	10	59	A2	C7	87	1E	BC	C7	00	00	00	00	00	00	00	00	00	00	00	00	00	00	00	00	00	00	00	00
7.455	3D DATA	true	-	-	-	-	-77355.0	-81227.4	-78506.0	-83122.1	-96317.1	-77355.0	-81227.4	-78506.0	-83122.1	-96317.1	-	-	-	-	-
7.455	3D MESSAGE	48	00	2D	91	20	59	D4	8C	2A	D4	84	3C	76	15	97	C7	B8	A5	9E	C7	04	55	99	C7	07	59	A2	C7	92	1E	BC	C7	76	15	97	C7	B8	A5	9E	C7	04	55	99	C7	07	59	A2	C7	92	1E	BC	C7	00	00	00	00	00	00	00	00	00	00	00	00	00	00	00	00	00	00	00	00
7.455	3D DATA	true	-	-	-	-	-77354.9	-81227.4	-78506.0	-83122.1	-96317.1	-77354.9	-81227.4	-78506.0	-83122.1	-96317.1	-	-	-	-	-
7.455	3D MESSAGE	48	00	2E	91	20	59	D5	8C	2A	D4	84	3C	74	15	97	C7	C6	A5	9E	C7	0C	55	99	C7	02	59	A2	C7	AE	1E	BC	C7	74	15	97	C7	C6	A5	9E	C7	0C	55	99	C7	02	59	A2	C7	AE	1E	BC	C7	00	00	00	00	00	00	00	00	00	00	00	00	00	00	00	00	00	00	00	00
7.455	3D DATA	true	-	-	-	-	-77354.9	-81227.5	-78506.1	-83122.0	-96317.4	-77354.9	-81227.5	-78506.1	-83122.0	-96317.4	-	-	-	-	-
7.456	3D MESSAGE	48	00	2F	91	20	59	D6	8C	2A	D4	84	3C	7C	15	97	C7	D6	A5	9E	C7	1C	55	99	C7	02	59	A2	C7	DC	1E	BC	C7	7C	15	97	C7	D6	A5	9E	C7	1C	55	99	C7	02	59	A2	C7	DC	1E	BC	C7	00	00	00	00	00	00	00	00	00	00	00	00	00	00	00	00	00	00	00	00
7.456	3D DATA	true	-	-	-	-	-77355.0	-81227.7	-78506.2	-83122.0	-96317.7	-77355.0	-81227.7	-78506.2	-83122.0	-96317.7	-	-	-	-	-
7.456	3D MESSAGE	48	00	30	91	20	59	D7	8C	2A	D4	84	3C	8E	15	97	C7	E4	A5	9E	C7	34	55	99	C7	08	59	A2	C7	17	1F	BC	C7	8E	15	97	C7	E4	A5	9E	C7	34	55	99	C7	08	59	A2	C7	17	1F	BC	C7	00	00	00	00	00	00	00	00	00	00	00	00	00	00	00	00	00	00	00	00
7.456	3D DATA	true	-	-	-	-	-77355.1	-81227.8	-78506.4	-83122.1	-96318.2	-77355.1	-81227.8	-78506.4	-83122.1	-96318.2	-	-	-	-	-
7.457	3D MESSAGE	48	00	31	91	20	59	D8	8C	2A	D4	84	3C	A7	15	97	C7	EF	A5	9E	C7	50	55	99	C7	13	59	A2	C7	59	1F	BC	C7	A7	15	97	C7	EF	A5	9E	C7	50	55	99	C7	13	59	A2	C7	59	1F	BC	C7	00	00	00	00	00	00	00	00	00	00	00	00	00	00	00	00	00	00	00	00
7.457	3D DATA	true	-	-	-	-	-77355.3	-81227.9	-78506.6	-83122.1	-96318.7	-77355.3	-81227.9	-78506.6	-83122.1	-96318.7	-	-	-	-	-
7.486	3D MESSAGE	48	00	32	91	20	59	D9	8C	2A	D4	84	3C	C4	15	97	C7	F8	A5	9E	C7	70	55	99	C7	23	59	A2	C7	9A	1F	BC	C7	C4	15	97	C7	F8	A5	9E	C7	70	55	99	C7	23	59	A2	C7	9A	1F	BC	C7	00	00	00	00	00	00	00	00	00	00	00	00	00	00	00	00	00	00	00	00
7.486	3D DATA	true	-	-	-	-	-77355.5	-81227.9	-78506.9	-83122.3	-96319.2	-77355.5	-81227.9	-78506.9	-83122.3	-96319.2	-	-	-	-	-
7.487	3D MESSAGE	48	00	33	91	20	59	DA	8C	2A	D4	84	3C	DE	15	97	C7	01	A6	9E	C7	8E	55	99	C7	35	59	A2	C7	D4	1F	BC	C7	DE	15	97	C7	01	A6	9E	C7	8E	55	99	C7	35	59	A2	C7	D4	1F	BC	C7	00	00	00	00	00	00	00	00	00	00	00	00	00	00	00	00	00	00	00	00
7.487	3D DATA	true	-	-	-	-	-77355.7	-81228.0	-78507.1	-83122.4	-96319.7	-77355.7	-81228.0	-78507.1	-83122.4	-96319.7	-	-	-	-	-
7.487	3D MESSAGE	48	00	34	91	20	59	DB	8C	2A	D4	84	3C	F0	15	97	C7	0C	A6	9E	C7	A8	55	99	C7	47	59	A2	C7	00	20	BC	C7	F0	15	97	C7	0C	A6	9E	C7	A8	55	99	C7	47	59	A2	C7	00	20	BC	C7	00	00	00	00	00	00	00	00	00	00	00	00	00	00	00	00	00	00	00	00
7.487	3D DATA	true	-	-	-	-	-77355.9	-81228.1	-78507.3	-83122.6	-96320.0	-77355.9	-81228.1	-78507.3	-83122.6	-96320.0	-	-	-	-	-
7.488	3D MESSAGE	48	00	35	91	20	59	DC	8C	2A	D4	84	3C	F6	15	97	C7	1C	A6	9E	C7	B8	55	99	C7	55	59	A2	C7	1E	20	BC	C7	F6	15	97	C7	1C	A6	9E	C7	B8	55	99	C7	55	59	A2	C7	1E	20	BC	C7	00	00	00	00	00	00	00	00	00	00	00	00	00	00	00	00	00	00	00	00
7.488	3D DATA	true	-	-	-	-	-77355.9	-81228.2	-78507.4	-83122.7	-96320.2	-77355.9	-81228.2	-78507.4	-83122.7	-96320.2	-	-	-	-	-
7.488	3D MESSAGE	48	00	36	91	20	59	DD	8C	2A	D4	84	3C	ED	15	97	C7	2D	A6	9E	C7	BE	55	99	C7	5C	59	A2	C7	2A	20	BC	C7	ED	15	97	C7	2D	A6	9E	C7	BE	55	99	C7	5C	59	A2	C7	2A	20	BC	C7	00	00	00	00	00	00	00	00	00	00	00	00	00	00	00	00	00	00	00	00
7.488	3D DATA	true	-	-	-	-	-77355.9	-81228.4	-78507.5	-83122.7	-96320.3	-77355.9	-81228.4	-78507.5	-83122.7	-96320.3	-	-	-	-	-
7.488	3D MESSAGE	48	00	37	91	20	59	DE	8C	2A	D4	84	3C	D6	15	97	C7	3C	A6	9E	C7	B7	55	99	C7	5B	59	A2	C7	29	20	BC	C7	D6	15	97	C7	3C	A6	9E	C7	B7	55	99	C7	5B	59	A2	C7	29	20	BC	C7	00	00	00	00	00	00	00	00	00	00	00	00	00	00	00	00	00	00	00	00
7.488	3D DATA	true	-	-	-	-	-77355.7	-81228.5	-78507.4	-83122.7	-96320.3	-77355.7	-81228.5	-78507.4	-83122.7	-96320.3	-	-	-	-	-
7.517	3D MESSAGE	48	00	38	91	20	59	DF	8C	2A	D4	84	3C	B6	15	97	C7	46	A6	9E	C7	A4	55	99	C7	4F	59	A2	C7	1A	20	BC	C7	B6	15	97	C7	46	A6	9E	C7	A4	55	99	C7	4F	59	A2	C7	1A	20	BC	C7	00	00	00	00	00	00	00	00	00	00	00	00	00	00	00	00	00	00	00	00
7.517	3D DATA	true	-	-	-	-	-77355.4	-81228.5	-78507.3	-83122.6	-96320.2	-77355.4	-81228.5	-78507.3	-83122.6	-96320.2	-	-	-	-	-
7.518	3D MESSAGE	48	00	39	91	20	59	E0	8C	2A	D4	84	3C	8F	15	97	C7	46	A6	9E	C7	87	55	99	C7	38	59	A2	C7	02	20	BC	C7	8F	15	97	C7	46	A6	9E	C7	87	55	99	C7	38	59	A2	C7	02	20	BC	C7	00	00	00	00	00	00	00	00	00	00	00	00	00	00	00	00	00	00	00	00
7.518	3D DATA	true	-	-	-	-	-77355.1	-81228.5	-78507.1	-83122.4	-96320.0	-77355.1	-81228.5	-78507.1	-83122.4	-96320.0	-	-	-	-	-
7.518	3D MESSAGE	48	00	3A	91	20	59	E1	8C	2A	D4	84	3C	69	15	97	C7	3B	A6	9E	C7	64	55	99	C7	1A	59	A2	C7	E2	1F	BC	C7	69	15	97	C7	3B	A6	9E	C7	64	55	99	C7	1A	59	A2	C7	E2	1F	BC	C7	00	00	00	00	00	00	00	00	00	00	00	00	00	00	00	00	00	00	00	00
7.518	3D DATA	true	-	-	-	-	-77354.8	-81228.5	-78506.8	-83122.2	-96319.8	-77354.8	-81228.5	-78506.8	-83122.2	-96319.8	-	-	-	-	-
7.518	3D MESSAGE	48	00	3B	91	20	59	E2	8C	2A	D4	84	3C	46	15	97	C7	26	A6	9E	C7	3C	55	99	C7	F8	58	A2	C7	BB	1F	BC	C7	46	15	97	C7	26	A6	9E	C7	3C	55	99	C7	F8	58	A2	C7	BB	1F	BC	C7	00	00	00	00	00	00	00	00	00	00	00	00	00	00	00	00	00	00	00	00
7.518	3D DATA	true	-	-	-	-	-77354.5	-81228.3	-78506.5	-83121.9	-96319.5	-77354.5	-81228.3	-78506.5	-83121.9	-96319.5	-	-	-	-	-
7.519	3D MESSAGE	48	00	3C	91	20	59	E3	8C	2A	D4	84	3C	2A	15	97	C7	09	A6	9E	C7	15	55	99	C7	D5	58	A2	C7	91	1F	BC	C7	2A	15	97	C7	09	A6	9E	C7	15	55	99	C7	D5	58	A2	C7	91	1F	BC	C7	00	00	00	00	00	00	00	00	00	00	00	00	00	00	00	00	00	00	00	00
7.519	3D DATA	true	-	-	-	-	-77354.3	-81228.1	-78506.2	-83121.7	-96319.1	-77354.3	-81228.1	-78506.2	-83121.7	-96319.1	-	-	-	-	-
7.519	3D MESSAGE	48	00	3D	91	20	59	E4	8C	2A	D4	84	3C	13	15	97	C7	EA	A5	9E	C7	F0	54	99	C7	B6	58	A2	C7	64	1F	BC	C7	13	15	97	C7	EA	A5	9E	C7	F0	54	99	C7	B6	58	A2	C7	64	1F	BC	C7	00	00	00	00	00	00	00	00	00	00	00	00	00	00	00	00	00	00	00	00
7.519	3D DATA	true	-	-	-	-	-77354.1	-81227.8	-78505.9	-83121.4	-96318.8	-77354.1	-81227.8	-78505.9	-83121.4	-96318.8	-	-	-	-	-
7.546	3D MESSAGE	48	00	3E	91	20	59	E5	8C	2A	D4	84	3C	00	15	97	C7	CC	A5	9E	C7	D0	54	99	C7	9C	58	A2	C7	38	1F	BC	C7	00	15	97	C7	CC	A5	9E	C7	D0	54	99	C7	9C	58	A2	C7	38	1F	BC	C7	00	00	00	00	00	00	00	00	00	00	00	00	00	00	00	00	00	00	00	00
7.546	3D DATA	true	-	-	-	-	-77354.0	-81227.6	-78505.6	-83121.2	-96318.4	-77354.0	-81227.6	-78505.6	-83121.2	-96318.4	-	-	-	-	-
7.546	3D MESSAGE	48	00	3F	91	20	59	E6	8C	2A	D4	84	3C	ED	14	97	C7	B1	A5	9E	C7	B3	54	99	C7	86	58	A2	C7	0B	1F	BC	C7	ED	14	97	C7	B1	A5	9E	C7	B3	54	99	C7	86	58	A2	C7	0B	1F	BC	C7	00	00	00	00	00	00	00	00	00	00	00	00	00	00	00	00	00	00	00	00
7.546	3D DATA	true	-	-	-	-	-77353.9	-81227.4	-78505.4	-83121.0	-96318.1	-77353.9	-81227.4	-78505.4	-83121.0	-96318.1	-	-	-	-	-
7.547	3D MESSAGE	48	00	40	91	20	59	E7	8C	2A	D4	84	3C	D8	14	97	C7	9B	A5	9E	C7	99	54	99	C7	72	58	A2	C7	DF	1E	BC	C7	D8	14	97	C7	9B	A5	9E	C7	99	54	99	C7	72	58	A2	C7	DF	1E	BC	C7	00	00	00	00	00	00	00	00	00	00	00	00	00	00	00	00	00	00	00	00
7.547	3D DATA	true	-	-	-	-	-77353.7	-81227.2	-78505.2	-83120.9	-96317.7	-77353.7	-81227.2	-78505.2	-83120.9	-96317.7	-	-	-	-	-
7.547	3D MESSAGE	48	00	41	91	20	59	E8	8C	2A	D4	84	3C	BC	14	97	C7	86	A5	9E	C7	7C	54	99	C7	59	58	A2	C7	B3	1E	BC	C7	BC	14	97	C7	86	A5	9E	C7	7C	54	99	C7	59	58	A2	C7	B3	1E	BC	C7	00	00	00	00	00	00	00	00	00	00	00	00	00	00	00	00	00	00	00	00
7.547	3D DATA	true	-	-	-	-	-77353.5	-81227.0	-78505.0	-83120.7	-96317.4	-77353.5	-81227.0	-78505.0	-83120.7	-96317.4	-	-	-	-	-
7.547	3D MESSAGE	48	00	42	91	20	59	E9	8C	2A	D4	84	3C	99	14	97	C7	72	A5	9E	C7	5C	54	99	C7	37	58	A2	C7	86	1E	BC	C7	99	14	97	C7	72	A5	9E	C7	5C	54	99	C7	37	58	A2	C7	86	1E	BC	C7	00	00	00	00	00	00	00	00	00	00	00	00	00	00	00	00	00	00	00	00
7.547	3D DATA	true	-	-	-	-	-77353.2	-81226.9	-78504.7	-83120.4	-96317.0	-77353.2	-81226.9	-78504.7	-83120.4	-96317.0	-	-	-	-	-
7.548	3D MESSAGE	48	00	43	91	20	59	EA	8C	2A	D4	84	3C	71	14	97	C7	5A	A5	9E	C7	35	54	99	C7	07	58	A2	C7	56	1E	BC	C7	71	14	97	C7	5A	A5	9E	C7	35	54	99	C7	07	58	A2	C7	56	1E	BC	C7	00	00	00	00	00	00	00	00	00	00	00	00	00	00	00	00	00	00	00	00
7.548	3D DATA	true	-	-	-	-	-77352.9	-81226.7	-78504.4	-83120.1	-96316.7	-77352.9	-81226.7	-78504.4	-83120.1	-96316.7	-	-	-	-	-
7.581	3D MESSAGE	48	00	44	91	20	59	EB	8C	2A	D4	84	3C	46	14	97	C7	3E	A5	9E	C7	06	54	99	C7	C7	57	A2	C7	25	1E	BC	C7	46	14	97	C7	3E	A5	9E	C7	06	54	99	C7	C7	57	A2	C7	25	1E	BC	C7	00	00	00	00	00	00	00	00	00	00	00	00	00	00	00	00	00	00	00	00
7.581	3D DATA	true	-	-	-	-	-77352.5	-81226.5	-78504.0	-83119.6	-96316.3	-77352.5	-81226.5	-78504.0	-83119.6	-96316.3	-	-	-	-	-
7.582	3D MESSAGE	48	00	45	91	20	59	EC	8C	2A	D4	84	3C	1C	14	97	C7	1D	A5	9E	C7	D0	53	99	C7	7A	57	A2	C7	F2	1D	BC	C7	1C	14	97	C7	1D	A5	9E	C7	D0	53	99	C7	7A	57	A2	C7	F2	1D	BC	C7	00	00	00	00	00	00	00	00	00	00	00	00	00	00	00	00	00	00	00	00
7.582	3D DATA	true	-	-	-	-	-77352.2	-81226.2	-78503.6	-83119.0	-96315.9	-77352.2	-81226.2	-78503.6	-83119.0	-96315.9	-	-	-	-	-
7.582	3D MESSAGE	48	00	46	91	20	59	ED	8C	2A	D4	84	3C	F9	13	97	C7	F9	A4	9E	C7	99	53	99	C7	24	57	A2	C7	C1	1D	BC	C7	F9	13	97	C7	F9	A4	9E	C7	99	53	99	C7	24	57	A2	C7	C1	1D	BC	C7	00	00	00	00	00	00	00	00	00	00	00	00	00	00	00	00	00	00	00	00
7.582	3D DATA	true	-	-	-	-	-77351.9	-81225.9	-78503.2	-83118.3	-96315.5	-77351.9	-81225.9	-78503.2	-83118.3	-96315.5	-	-	-	-	-
7.582	3D MESSAGE	48	00	47	91	20	59	EE	8C	2A	D4	84	3C	DF	13	97	C7	D4	A4	9E	C7	65	53	99	C7	CE	56	A2	C7	94	1D	BC	C7	DF	13	97	C7	D4	A4	9E	C7	65	53	99	C7	CE	56	A2	C7	94	1D	BC	C7	00	00	00	00	00	00	00	00	00	00	00	00	00	00	00	00	00	00	00	00
7.583	3D DATA	true	-	-	-	-	-77351.7	-81225.7	-78502.8	-83117.6	-96315.2	-77351.7	-81225.7	-78502.8	-83117.6	-96315.2	-	-	-	-	-
7.583	3D MESSAGE	48	00	48	91	20	59	EF	8C	2A	D4	84	3C	CF	13	97	C7	B3	A4	9E	C7	39	53	99	C7	7E	56	A2	C7	6D	1D	BC	C7	CF	13	97	C7	B3	A4	9E	C7	39	53	99	C7	7E	56	A2	C7	6D	1D	BC	C7	00	00	00	00	00	00	00	00	00	00	00	00	00	00	00	00	00	00	00	00
7.583	3D DATA	true	-	-	-	-	-77351.6	-81225.4	-78502.4	-83117.0	-96314.9	-77351.6	-81225.4	-78502.4	-83117.0	-96314.9	-	-	-	-	-
7.583	3D MESSAGE	48	00	49	91	20	59	F0	8C	2A	D4	84	3C	C7	13	97	C7	97	A4	9E	C7	1A	53	99	C7	3B	56	A2	C7	50	1D	BC	C7	C7	13	97	C7	97	A4	9E	C7	1A	53	99	C7	3B	56	A2	C7	50	1D	BC	C7	00	00	00	00	00	00	00	00	00	00	00	00	00	00	00	00	00	00	00	00
7.583	3D DATA	true	-	-	-	-	-77351.6	-81225.2	-78502.2	-83116.5	-96314.6	-77351.6	-81225.2	-78502.2	-83116.5	-96314.6	-	-	-	-	-
7.583	3D MESSAGE	48	00	4A	91	20	59	F1	8C	2A	D4	84	3C	C3	13	97	C7	84	A4	9E	C7	0A	53	99	C7	08	56	A2	C7	3C	1D	BC	C7	C3	13	97	C7	84	A4	9E	C7	0A	53	99	C7	08	56	A2	C7	3C	1D	BC	C7	00	00	00	00	00	00	00	00	00	00	00	00	00	00	00	00	00	00	00	00
7.583	3D DATA	true	-	-	-	-	-77351.5	-81225.0	-78502.1	-83116.1	-96314.5	-77351.5	-81225.0	-78502.1	-83116.1	-96314.5	-	-	-	-	-
7.610	3D MESSAGE	48	00	4B	91	20	59	F2	8C	2A	D4	84	3C	BF	13	97	C7	7C	A4	9E	C7	06	53	99	C7	E3	55	A2	C7	33	1D	BC	C7	BF	13	97	C7	7C	A4	9E	C7	06	53	99	C7	E3	55	A2	C7	33	1D	BC	C7	00	00	00	00	00	00	00	00	00	00	00	00	00	00	00	00	00	00	00	00
7.610	3D DATA	true	-	-	-	-	-77351.5	-81225.0	-78502.0	-83115.8	-96314.4	-77351.5	-81225.0	-78502.0	-83115.8	-96314.4	-	-	-	-	-
7.610	3D MESSAGE	48	00	4C	91	20	59	F3	8C	2A	D4	84	3C	B8	13	97	C7	7F	A4	9E	C7	0C	53	99	C7	C8	55	A2	C7	32	1D	BC	C7	B8	13	97	C7	7F	A4	9E	C7	0C	53	99	C7	C8	55	A2	C7	32	1D	BC	C7	00	00	00	00	00	00	00	00	00	00	00	00	00	00	00	00	00	00	00	00
7.610	3D DATA	true	-	-	-	-	-77351.4	-81225.0	-78502.1	-83115.6	-96314.4	-77351.4	-81225.0	-78502.1	-83115.6	-96314.4	-	-	-	-	-
7.611	3D MESSAGE	48	00	4D	91	20	59	F4	8C	2A	D4	84	3C	AC	13	97	C7	8C	A4	9E	C7	15	53	99	C7	B0	55	A2	C7	39	1D	BC	C7	AC	13	97	C7	8C	A4	9E	C7	15	53	99	C7	B0	55	A2	C7	39	1D	BC	C7	00	00	00	00	00	00	00	00	00	00	00	00	00	00	00	00	00	00	00	00
7.611	3D DATA	true	-	-	-	-	-77351.3	-81225.1	-78502.2	-83115.4	-96314.4	-77351.3	-81225.1	-78502.2	-83115.4	-96314.4	-	-	-	-	-
7.611	3D MESSAGE	48	00	4E	91	20	59	F5	8C	2A	D4	84	3C	97	13	97	C7	A0	A4	9E	C7	1C	53	99	C7	93	55	A2	C7	43	1D	BC	C7	97	13	97	C7	A0	A4	9E	C7	1C	53	99	C7	93	55	A2	C7	43	1D	BC	C7	00	00	00	00	00	00	00	00	00	00	00	00	00	00	00	00	00	00	00	00
7.611	3D DATA	true	-	-	-	-	-77351.2	-81225.2	-78502.2	-83115.1	-96314.5	-77351.2	-81225.2	-78502.2	-83115.1	-96314.5	-	-	-	-	-
7.611	3D MESSAGE	48	00	4F	91	20	59	F6	8C	2A	D4	84	3C	7A	13	97	C7	B8	A4	9E	C7	1C	53	99	C7	6D	55	A2	C7	4C	1D	BC	C7	7A	13	97	C7	B8	A4	9E	C7	1C	53	99	C7	6D	55	A2	C7	4C	1D	BC	C7	00	00	00	00	00	00	00	00	00	00	00	00	00	00	00	00	00	00	00	00
7.611	3D DATA	true	-	-	-	-	-77351.0	-81225.4	-78502.2	-83114.9	-96314.6	-77351.0	-81225.4	-78502.2	-83114.9	-96314.6	-	-	-	-	-
7.611	3D MESSAGE	48	00	50	91	20	59	F7	8C	2A	D4	84	3C	55	13	97	C7	CC	A4	9E	C7	13	53	99	C7	3A	55	A2	C7	50	1D	BC	C7	55	13	97	C7	CC	A4	9E	C7	13	53	99	C7	3A	55	A2	C7	50	1D	BC	C7	00	00	00	00	00	00	00	00	00	00	00	00	00	00	00	00	00	00	00	00
7.611	3D DATA	true	-	-	-	-	-77350.7	-81225.6	-78502.1	-83114.5	-96314.6	-77350.7	-81225.6	-78502.1	-83114.5	-96314.6	-	-	-	-	-
7.612	3D MESSAGE	48	00	51	91	20	59	F8	8C	2A	D4	84	3C	27	13	97	C7	DA	A4	9E	C7	00	53	99	C7	FC	54	A2	C7	4A	1D	BC	C7	27	13	97	C7	DA	A4	9E	C7	00	53	99	C7	FC	54	A2	C7	4A	1D	BC	C7	00	00	00	00	00	00	00	00	00	00	00	00	00	00	00	00	00	00	00	00
7.612	3D DATA	true	-	-	-	-	-77350.3	-81225.7	-78502.0	-83114.0	-96314.6	-77350.3	-81225.7	-78502.0	-83114.0	-96314.6	-	-	-	-	-
7.641	3D MESSAGE	48	00	52	91	20	59	F9	8C	2A	D4	84	3C	F3	12	97	C7	DD	A4	9E	C7	E5	52	99	C7	B3	54	A2	C7	34	1D	BC	C7	F3	12	97	C7	DD	A4	9E	C7	E5	52	99	C7	B3	54	A2	C7	34	1D	BC	C7	00	00	00	00	00	00	00	00	00	00	00	00	00	00	00	00	00	00	00	00
7.641	3D DATA	true	-	-	-	-	-77349.9	-81225.7	-78501.8	-83113.4	-96314.4	-77349.9	-81225.7	-78501.8	-83113.4	-96314.4	-	-	-	-	-
7.641	3D MESSAGE	48	00	53	91	20	59	FA	8C	2A	D4	84	3C	BB	12	97	C7	D3	A4	9E	C7	C7	52	99	C7	64	54	A2	C7	0C	1D	BC	C7	BB	12	97	C7	D3	A4	9E	C7	C7	52	99	C7	64	54	A2	C7	0C	1D	BC	C7	00	00	00	00	00	00	00	00	00	00	00	00	00	00	00	00	00	00	00	00
7.641	3D DATA	true	-	-	-	-	-77349.5	-81225.6	-78501.6	-83112.8	-96314.1	-77349.5	-81225.6	-78501.6	-83112.8	-96314.1	-	-	-	-	-
7.641	3D MESSAGE	48	00	54	91	20	59	FB	8C	2A	D4	84	3C	81	12	97	C7	BB	A4	9E	C7	AA	52	99	C7	12	54	A2	C7	D5	1C	BC	C7	81	12	97	C7	BB	A4	9E	C7	AA	52	99	C7	12	54	A2	C7	D5	1C	BC	C7	00	00	00	00	00	00	00	00	00	00	00	00	00	00	00	00	00	00	00	00
7.641	3D DATA	true	-	-	-	-	-77349.0	-81225.5	-78501.3	-83112.1	-96313.7	-77349.0	-81225.5	-78501.3	-83112.1	-96313.7	-	-	-	-	-
7.642	3D MESSAGE	48	00	55	91	20	59	FC	8C	58	16	D1	3C	48	12	97	C7	99	A4	9E	C7	8E	52	99	C7	BD	53	A2	C7	90	1C	BC	C7	48	12	97	C7	99	A4	9E	C7	8E	52	99	C7	BD	53	A2	C7	90	1C	BC	C7	00	00	00	00	00	00	00	00	00	00	00	00	00	00	00	00	00	00	00	00
7.642	3D DATA	true	-	-	-	-	-77348.6	-81225.2	-78501.1	-83111.5	-96313.1	-77348.6	-81225.2	-78501.1	-83111.5	-96313.1	-	-	-	-	-
7.642	3D MESSAGE	48	00	56	91	20	59	FD	8C	58	16	D1	3C	11	12	97	C7	6F	A4	9E	C7	75	52	99	C7	66	53	A2	C7	45	1C	BC	C7	11	12	97	C7	6F	A4	9E	C7	75	52	99	C7	66	53	A2	C7	45	1C	BC	C7	00	00	00	00	00	00	00	00	00	00	00	00	00	00	00	00	00	00	00	00
7.642	3D DATA	true	-	-	-	-	-77348.1	-81224.9	-78500.9	-83110.8	-96312.5	-77348.1	-81224.9	-78500.9	-83110.8	-96312.5	-	-	-	-	-
7.642	3D MESSAGE	48	00	57	91	20	59	FE	8C	58	16	D1	3C	DB	11	97	C7	43	A4	9E	C7	5C	52	99	C7	0A	53	A2	C7	FA	1B	BC	C7	DB	11	97	C7	43	A4	9E	C7	5C	52	99	C7	0A	53	A2	C7	FA	1B	BC	C7	00	00	00	00	00	00	00	00	00	00	00	00	00	00	00	00	00	00	00	00
7.642	3D DATA	true	-	-	-	-	-77347.7	-81224.5	-78500.7	-83110.1	-96312.0	-77347.7	-81224.5	-78500.7	-83110.1	-96312.0	-	-	-	-	-
7.672	3D MESSAGE	48	00	58	91	20	59	FF	8C	58	16	D1	3C	A3	11	97	C7	19	A4	9E	C7	41	52	99	C7	A7	52	A2	C7	B5	1B	BC	C7	A3	11	97	C7	19	A4	9E	C7	41	52	99	C7	A7	52	A2	C7	B5	1B	BC	C7	00	00	00	00	00	00	00	00	00	00	00	00	00	00	00	00	00	00	00	00
7.672	3D DATA	true	-	-	-	-	-77347.3	-81224.2	-78500.5	-83109.3	-96311.4	-77347.3	-81224.2	-78500.5	-83109.3	-96311.4	-	-	-	-	-
7.673	3D MESSAGE	48	00	59	91	20	59	00	8C	58	16	D1	3C	64	11	97	C7	F4	A3	9E	C7	1F	52	99	C7	38	52	A2	C7	7B	1B	BC	C7	64	11	97	C7	F4	A3	9E	C7	1F	52	99	C7	38	52	A2	C7	7B	1B	BC	C7	00	00	00	00	00	00	00	00	00	00	00	00	00	00	00	00	00	00	00	00
7.673	3D DATA	true	-	-	-	-	-77346.8	-81223.9	-78500.2	-83108.4	-96311.0	-77346.8	-81223.9	-78500.2	-83108.4	-96311.0	-	-	-	-	-
7.674	3D MESSAGE	48	00	5A	91	20	59	01	8C	58	16	D1	3C	1A	11	97	C7	D4	A3	9E	C7	F4	51	99	C7	B9	51	A2	C7	4B	1B	BC	C7	1A	11	97	C7	D4	A3	9E	C7	F4	51	99	C7	B9	51	A2	C7	4B	1B	BC	C7	00	00	00	00	00	00	00	00	00	00	00	00	00	00	00	00	00	00	00	00
7.674	3D DATA	true	-	-	-	-	-77346.2	-81223.7	-78499.9	-83107.4	-96310.6	-77346.2	-81223.7	-78499.9	-83107.4	-96310.6	-	-	-	-	-
7.674	3D MESSAGE	48	00	5B	91	20	59	02	8C	58	16	D1	3C	C0	10	97	C7	B8	A3	9E	C7	C0	51	99	C7	28	51	A2	C7	22	1B	BC	C7	C0	10	97	C7	B8	A3	9E	C7	C0	51	99	C7	28	51	A2	C7	22	1B	BC	C7	00	00	00	00	00	00	00	00	00	00	00	00	00	00	00	00	00	00	00	00
7.674	3D DATA	true	-	-	-	-	-77345.5	-81223.4	-78499.5	-83106.3	-96310.3	-77345.5	-81223.4	-78499.5	-83106.3	-96310.3	-	-	-	-	-
7.674	3D MESSAGE	48	00	5C	91	20	59	03	8C	58	16	D1	3C	56	10	97	C7	9E	A3	9E	C7	82	51	99	C7	83	50	A2	C7	FC	1A	BC	C7	56	10	97	C7	9E	A3	9E	C7	82	51	99	C7	83	50	A2	C7	FC	1A	BC	C7	00	00	00	00	00	00	00	00	00	00	00	00	00	00	00	00	00	00	00	00
7.675	3D DATA	true	-	-	-	-	-77344.7	-81223.2	-78499.0	-83105.0	-96310.0	-77344.7	-81223.2	-78499.0	-83105.0	-96310.0	-	-	-	-	-
7.675	3D MESSAGE	48	00	5D	91	20	59	04	8C	58	16	D1	3C	DD	0F	97	C7	80	A3	9E	C7	3E	51	99	C7	C7	4F	A2	C7	D2	1A	BC	C7	DD	0F	97	C7	80	A3	9E	C7	3E	51	99	C7	C7	4F	A2	C7	D2	1A	BC	C7	00	00	00	00	00	00	00	00	00	00	00	00	00	00	00	00	00	00	00	00
7.675	3D DATA	true	-	-	-	-	-77343.7	-81223.0	-78498.5	-83103.6	-96309.6	-77343.7	-81223.0	-78498.5	-83103.6	-96309.6	-	-	-	-	-
7.675	3D MESSAGE	48	00	5E	91	20	59	05	8C	58	16	D1	3C	58	0F	97	C7	5F	A3	9E	C7	F7	50	99	C7	F5	4E	A2	C7	9D	1A	BC	C7	58	0F	97	C7	5F	A3	9E	C7	F7	50	99	C7	F5	4E	A2	C7	9D	1A	BC	C7	00	00	00	00	00	00	00	00	00	00	00	00	00	00	00	00	00	00	00	00
7.675	3D DATA	true	-	-	-	-	-77342.7	-81222.7	-78497.9	-83101.9	-96309.2	-77342.7	-81222.7	-78497.9	-83101.9	-96309.2	-	-	-	-	-
7.704	3D MESSAGE	48	00	5F	91	20	59	06	8C	58	16	D1	3C	CC	0E	97	C7	38	A3	9E	C7	AB	50	99	C7	0C	4E	A2	C7	58	1A	BC	C7	CC	0E	97	C7	38	A3	9E	C7	AB	50	99	C7	0C	4E	A2	C7	58	1A	BC	C7	00	00	00	00	00	00	00	00	00	00	00	00	00	00	00	00	00	00	00	00
7.704	3D DATA	true	-	-	-	-	-77341.6	-81222.4	-78497.3	-83100.1	-96308.7	-77341.6	-81222.4	-78497.3	-83100.1	-96308.7	-	-	-	-	-
7.705	3D MESSAGE	48	00	60	91	20	59	07	8C	58	16	D1	3C	3A	0E	97	C7	0D	A3	9E	C7	5A	50	99	C7	08	4D	A2	C7	00	1A	BC	C7	3A	0E	97	C7	0D	A3	9E	C7	5A	50	99	C7	08	4D	A2	C7	00	1A	BC	C7	00	00	00	00	00	00	00	00	00	00	00	00	00	00	00	00	00	00	00	00
7.705	3D DATA	true	-	-	-	-	-77340.5	-81222.1	-78496.7	-83098.1	-96308.0	-77340.5	-81222.1	-78496.7	-83098.1	-96308.0	-	-	-	-	-
7.705	3D MESSAGE	48	00	61	91	20	59	08	8C	58	16	D1	3C	A3	0D	97	C7	DF	A2	9E	C7	FE	4F	99	C7	E8	4B	A2	C7	94	19	BC	C7	A3	0D	97	C7	DF	A2	9E	C7	FE	4F	99	C7	E8	4B	A2	C7	94	19	BC	C7	00	00	00	00	00	00	00	00	00	00	00	00	00	00	00	00	00	00	00	00
7.705	3D DATA	true	-	-	-	-	-77339.3	-81221.7	-78496.0	-83095.8	-96307.2	-77339.3	-81221.7	-78496.0	-83095.8	-96307.2	-	-	-	-	-
7.705	3D MESSAGE	48	00	62	91	20	59	09	8C	58	16	D1	3C	04	0D	97	C7	AE	A2	9E	C7	92	4F	99	C7	A8	4A	A2	C7	12	19	BC	C7	04	0D	97	C7	AE	A2	9E	C7	92	4F	99	C7	A8	4A	A2	C7	12	19	BC	C7	00	00	00	00	00	00	00	00	00	00	00	00	00	00	00	00	00	00	00	00
7.705	3D DATA	true	-	-	-	-	-77338.0	-81221.4	-78495.1	-83093.3	-96306.1	-77338.0	-81221.4	-78495.1	-83093.3	-96306.1	-	-	-	-	-
7.706	3D MESSAGE	48	00	63	91	20	59	0A	8C	58	16	D1	3C	56	0C	97	C7	7A	A2	9E	C7	0C	4F	99	C7	3F	49	A2	C7	78	18	BC	C7	56	0C	97	C7	7A	A2	9E	C7	0C	4F	99	C7	3F	49	A2	C7	78	18	BC	C7	00	00	00	00	00	00	00	00	00	00	00	00	00	00	00	00	00	00	00	00
7.706	3D DATA	true	-	-	-	-	-77336.7	-81221.0	-78494.1	-83090.5	-96304.9	-77336.7	-81221.0	-78494.1	-83090.5	-96304.9	-	-	-	-	-
7.706	3D MESSAGE	48	00	64	91	20	59	0B	8C	58	16	D1	3C	93	0B	97	C7	41	A2	9E	C7	69	4E	99	C7	A8	47	A2	C7	C5	17	BC	C7	93	0B	97	C7	41	A2	9E	C7	69	4E	99	C7	A8	47	A2	C7	C5	17	BC	C7	00	00	00	00	00	00	00	00	00	00	00	00	00	00	00	00	00	00	00	00
7.706	3D DATA	true	-	-	-	-	-77335.1	-81220.5	-78492.8	-83087.3	-96303.5	-77335.1	-81220.5	-78492.8	-83087.3	-96303.5	-	-	-	-	-
7.738	3D MESSAGE	48	00	65	91	20	59	0C	8C	58	16	D1	3C	B2	0A	97	C7	FE	A1	9E	C7	A3	4D	99	C7	D7	45	A2	C7	F6	16	BC	C7	B2	0A	97	C7	FE	A1	9E	C7	A3	4D	99	C7	D7	45	A2	C7	F6	16	BC	C7	00	00	00	00	00	00	00	00	00	00	00	00	00	00	00	00	00	00	00	00
7.738	3D DATA	true	-	-	-	-	-77333.4	-81220.0	-78491.3	-83083.7	-96301.9	-77333.4	-81220.0	-78491.3	-83083.7	-96301.9	-	-	-	-	-
7.738	3D MESSAGE	48	00	66	91	20	59	0D	8C	58	16	D1	3C	AF	09	97	C7	AC	A1	9E	C7	B9	4C	99	C7	BF	43	A2	C7	07	16	BC	C7	AF	09	97	C7	AC	A1	9E	C7	B9	4C	99	C7	BF	43	A2	C7	07	16	BC	C7	00	00	00	00	00	00	00	00	00	00	00	00	00	00	00	00	00	00	00	00
7.738	3D DATA	true	-	-	-	-	-77331.4	-81219.3	-78489.4	-83079.5	-96300.1	-77331.4	-81219.3	-78489.4	-83079.5	-96300.1	-	-	-	-	-
7.739	3D MESSAGE	48	00	67	91	20	59	0E	8C	58	16	D1	3C	82	08	97	C7	49	A1	9E	C7	AC	4B	99	C7	50	41	A2	C7	F5	14	BC	C7	82	08	97	C7	49	A1	9E	C7	AC	4B	99	C7	50	41	A2	C7	F5	14	BC	C7	00	00	00	00	00	00	00	00	00	00	00	00	00	00	00	00	00	00	00	00
7.739	3D DATA	true	-	-	-	-	-77329.0	-81218.6	-78487.3	-83074.6	-96297.9	-77329.0	-81218.6	-78487.3	-83074.6	-96297.9	-	-	-	-	-
7.739	3D MESSAGE	48	00	68	91	20	59	0F	8C	58	16	D1	3C	28	07	97	C7	D0	A0	9E	C7	7D	4A	99	C7	76	3E	A2	C7	BC	13	BC	C7	28	07	97	C7	D0	A0	9E	C7	7D	4A	99	C7	76	3E	A2	C7	BC	13	BC	C7	00	00	00	00	00	00	00	00	00	00	00	00	00	00	00	00	00	00	00	00
7.739	3D DATA	true	-	-	-	-	-77326.3	-81217.6	-78485.0	-83068.9	-96295.5	-77326.3	-81217.6	-78485.0	-83068.9	-96295.5	-	-	-	-	-
7.739	3D MESSAGE	48	00	69	91	20	59	10	8C	58	16	D1	3C	9E	05	97	C7	42	A0	9E	C7	29	49	99	C7	12	3B	A2	C7	5B	12	BC	C7	9E	05	97	C7	42	A0	9E	C7	29	49	99	C7	12	3B	A2	C7	5B	12	BC	C7	00	00	00	00	00	00	00	00	00	00	00	00	00	00	00	00	00	00	00	00
7.739	3D DATA	true	-	-	-	-	-77323.2	-81216.5	-78482.3	-83062.1	-96292.7	-77323.2	-81216.5	-78482.3	-83062.1	-96292.7	-	-	-	-	-
7.739	3D MESSAGE	48	00	6A	91	20	59	11	8C	58	16	D1	3C	E0	03	97	C7	A0	9F	9E	C7	A9	47	99	C7	00	37	A2	C7	CE	10	BC	C7	E0	03	97	C7	A0	9F	9E	C7	A9	47	99	C7	00	37	A2	C7	CE	10	BC	C7	00	00	00	00	00	00	00	00	00	00	00	00	00	00	00	00	00	00	00	00
7.739	3D DATA	true	-	-	-	-	-77319.8	-81215.2	-78479.3	-83054.0	-96289.6	-77319.8	-81215.2	-78479.3	-83054.0	-96289.6	-	-	-	-	-
7.740	3D MESSAGE	48	00	6B	91	20	59	12	8C	58	16	D1	3C	E7	01	97	C7	EC	9E	9E	C7	EE	45	99	C7	0A	32	A2	C7	0D	0F	BC	C7	E7	01	97	C7	EC	9E	9E	C7	EE	45	99	C7	0A	32	A2	C7	0D	0F	BC	C7	00	00	00	00	00	00	00	00	00	00	00	00	00	00	00	00	00	00	00	00
7.740	3D DATA	true	-	-	-	-	-77315.8	-81213.8	-78475.9	-83044.1	-96286.1	-77315.8	-81213.8	-78475.9	-83044.1	-96286.1	-	-	-	-	-
7.769	3D MESSAGE	48	00	6C	91	20	59	13	8C	58	16	D1	3C	A8	FF	96	C7	25	9E	9E	C7	DE	43	99	C7	DF	2B	A2	C7	0B	0D	BC	C7	A8	FF	96	C7	25	9E	9E	C7	DE	43	99	C7	DF	2B	A2	C7	0B	0D	BC	C7	00	00	00	00	00	00	00	00	00	00	00	00	00	00	00	00	00	00	00	00
7.769	3D DATA	true	-	-	-	-	-77311.3	-81212.3	-78471.7	-83031.7	-96282.1	-77311.3	-81212.3	-78471.7	-83031.7	-96282.1	-	-	-	-	-
7.769	3D MESSAGE	48	00	6D	91	20	59	14	8C	58	16	D1	3C	12	FD	96	C7	4A	9D	9E	C7	55	41	99	C7	12	24	A2	C7	B3	0A	BC	C7	12	FD	96	C7	4A	9D	9E	C7	55	41	99	C7	12	24	A2	C7	B3	0A	BC	C7	00	00	00	00	00	00	00	00	00	00	00	00	00	00	00	00	00	00	00	00
7.769	3D DATA	true	-	-	-	-	-77306.1	-81210.6	-78466.7	-83016.1	-96277.4	-77306.1	-81210.6	-78466.7	-83016.1	-96277.4	-	-	-	-	-
7.769	3D MESSAGE	48	00	6E	91	20	59	15	8C	58	16	D1	3C	0A	FA	96	C7	58	9C	9E	C7	1E	3E	99	C7	04	1A	A2	C7	E1	07	BC	C7	0A	FA	96	C7	58	9C	9E	C7	1E	3E	99	C7	04	1A	A2	C7	E1	07	BC	C7	00	00	00	00	00	00	00	00	00	00	00	00	00	00	00	00	00	00	00	00
7.769	3D DATA	true	-	-	-	-	-77300.1	-81208.7	-78460.2	-82996.0	-96271.8	-77300.1	-81208.7	-78460.2	-82996.0	-96271.8	-	-	-	-	-
7.770	3D MESSAGE	48	00	6F	91	20	59	16	8C	58	16	D1	3C	6E	F6	96	C7	46	9B	9E	C7	F3	39	99	C7	E4	0C	A2	C7	64	04	BC	C7	6E	F6	96	C7	46	9B	9E	C7	F3	39	99	C7	E4	0C	A2	C7	64	04	BC	C7	00	00	00	00	00	00	00	00	00	00	00	00	00	00	00	00	00	00	00	00
7.770	3D DATA	true	-	-	-	-	-77292.9	-81206.5	-78451.9	-82969.8	-96264.8	-77292.9	-81206.5	-78451.9	-82969.8	-96264.8	-	-	-	-	-
7.770	3D MESSAGE	48	00	70	91	20	59	17	8C	58	16	D1	3C	10	F2	96	C7	09	9A	9E	C7	79	34	99	C7	B1	FB	A1	C7	F7	FF	BB	C7	10	F2	96	C7	09	9A	9E	C7	79	34	99	C7	B1	FB	A1	C7	F7	FF	BB	C7	00	00	00	00	00	00	00	00	00	00	00	00	00	00	00	00	00	00	00	00
7.770	3D DATA	true	-	-	-	-	-77284.1	-81204.1	-78440.9	-82935.4	-96255.9	-77284.1	-81204.1	-78440.9	-82935.4	-96255.9	-	-	-	-	-
7.771	3D MESSAGE	48	00	71	91	20	59	18	8C	58	16	D1	3C	B8	EC	96	C7	92	98	9E	C7	3F	2D	99	C7	4D	E5	A1	C7	44	FA	BB	C7	B8	EC	96	C7	92	98	9E	C7	3F	2D	99	C7	4D	E5	A1	C7	44	FA	BB	C7	00	00	00	00	00	00	00	00	00	00	00	00	00	00	00	00	00	00	00	00
7.771	3D DATA	true	-	-	-	-	-77273.4	-81201.1	-78426.5	-82890.6	-96244.5	-77273.4	-81201.1	-78426.5	-82890.6	-96244.5	-	-	-	-	-
7.801	3D MESSAGE	48	00	72	91	20	59	19	8C	58	16	D1	3C	20	E6	96	C7	D2	96	9E	C7	C7	23	99	C7	BA	C8	A1	C7	E0	F2	BB	C7	20	E6	96	C7	D2	96	9E	C7	C7	23	99	C7	BA	C8	A1	C7	E0	F2	BB	C7	00	00	00	00	00	00	00	00	00	00	00	00	00	00	00	00	00	00	00	00
7.801	3D DATA	true	-	-	-	-	-77260.2	-81197.6	-78407.6	-82833.5	-96229.8	-77260.2	-81197.6	-78407.6	-82833.5	-96229.8	-	-	-	-	-
7.801	3D MESSAGE	48	00	73	91	20	59	1A	8C	58	16	D1	3C	F4	DD	96	C7	B9	94	9E	C7	8D	17	99	C7	61	A5	A1	C7	4B	E9	BB	C7	F4	DD	96	C7	B9	94	9E	C7	8D	17	99	C7	61	A5	A1	C7	4B	E9	BB	C7	00	00	00	00	00	00	00	00	00	00	00	00	00	00	00	00	00	00	00	00
7.801	3D DATA	true	-	-	-	-	-77243.9	-81193.4	-78383.1	-82762.8	-96210.6	-77243.9	-81193.4	-78383.1	-82762.8	-96210.6	-	-	-	-	-
7.802	3D MESSAGE	48	00	74	91	20	59	1B	8C	58	16	D1	3C	D3	D3	96	C7	3B	92	9E	C7	22	08	99	C7	7D	7B	A1	C7	FD	DC	BB	C7	D3	D3	96	C7	3B	92	9E	C7	22	08	99	C7	7D	7B	A1	C7	FD	DC	BB	C7	00	00	00	00	00	00	00	00	00	00	00	00	00	00	00	00	00	00	00	00
7.802	3D DATA	true	-	-	-	-	-77223.6	-81188.5	-78352.3	-82679.0	-96186.0	-77223.6	-81188.5	-78352.3	-82679.0	-96186.0	-	-	-	-	-
7.802	3D MESSAGE	48	00	75	91	20	59	1C	8C	58	16	D1	3C	53	C7	96	C7	4F	8F	9E	C7	40	F5	98	C7	62	4C	A1	C7	6D	CD	BB	C7	53	C7	96	C7	4F	8F	9E	C7	40	F5	98	C7	62	4C	A1	C7	6D	CD	BB	C7	00	00	00	00	00	00	00	00	00	00	00	00	00	00	00	00	00	00	00	00
7.802	3D DATA	true	-	-	-	-	-77198.6	-81182.6	-78314.5	-82584.8	-96154.9	-77198.6	-81182.6	-78314.5	-82584.8	-96154.9	-	-	-	-	-
7.802	3D MESSAGE	48	00	76	91	20	59	1D	8C	58	16	D1	3C	01	B8	96	C7	EE	8B	9E	C7	E8	DE	98	C7	AD	1A	A1	C7	28	BA	BB	C7	01	B8	96	C7	EE	8B	9E	C7	E8	DE	98	C7	AD	1A	A1	C7	28	BA	BB	C7	00	00	00	00	00	00	00	00	00	00	00	00	00	00	00	00	00	00	00	00
7.802	3D DATA	true	-	-	-	-	-77168.0	-81175.9	-78269.8	-82485.4	-96116.3	-77168.0	-81175.9	-78269.8	-82485.4	-96116.3	-	-	-	-	-
7.803	3D MESSAGE	48	00	77	91	20	59	1E	8C	58	16	D1	3C	76	A5	96	C7	15	88	9E	C7	6F	C5	98	C7	15	EA	A0	C7	EA	A2	BB	C7	76	A5	96	C7	15	88	9E	C7	6F	C5	98	C7	15	EA	A0	C7	EA	A2	BB	C7	00	00	00	00	00	00	00	00	00	00	00	00	00	00	00	00	00	00	00	00
7.803	3D DATA	true	-	-	-	-	-77130.9	-81168.2	-78218.9	-82388.2	-96069.8	-77130.9	-81168.2	-78218.9	-82388.2	-96069.8	-	-	-	-	-
7.828	3D MESSAGE	48	00	78	91	20	59	1F	8C	58	16	D1	3C	67	8F	96	C7	C0	83	9E	C7	7E	A9	98	C7	F8	BE	A0	C7	BA	87	BB	C7	67	8F	96	C7	C0	83	9E	C7	7E	A9	98	C7	F8	BE	A0	C7	BA	87	BB	C7	00	00	00	00	00	00	00	00	00	00	00	00	00	00	00	00	00	00	00	00
7.828	3D DATA	true	-	-	-	-	-77086.8	-81159.5	-78163.0	-82301.9	-96015.5	-77086.8	-81159.5	-78163.0	-82301.9	-96015.5	-	-	-	-	-
7.829	3D MESSAGE	48	00	79	91	20	59	20	8C	58	16	D1	3C	C2	75	96	C7	EE	7E	9E	C7	08	8C	98	C7	9E	9D	A0	C7	F9	68	BB	C7	C2	75	96	C7	EE	7E	9E	C7	08	8C	98	C7	9E	9D	A0	C7	F9	68	BB	C7	00	00	00	00	00	00	00	00	00	00	00	00	00	00	00	00	00	00	00	00
7.829	3D DATA	true	-	-	-	-	-77035.5	-81149.9	-78104.1	-82235.2	-95953.9	-77035.5	-81149.9	-78104.1	-82235.2	-95953.9	-	-	-	-	-
7.829	3D MESSAGE	48	00	7A	91	20	59	21	8C	58	16	D1	3C	C2	58	96	C7	9A	79	9E	C7	31	6E	98	C7	68	89	A0	C7	6D	47	BB	C7	C2	58	96	C7	9A	79	9E	C7	31	6E	98	C7	68	89	A0	C7	6D	47	BB	C7	00	00	00	00	00	00	00	00	00	00	00	00	00	00	00	00	00	00	00	00
7.829	3D DATA	true	-	-	-	-	-76977.5	-81139.2	-78044.4	-82194.8	-95886.9	-76977.5	-81139.2	-78044.4	-82194.8	-95886.9	-	-	-	-	-
7.829	3D MESSAGE	48	00	7B	91	20	59	22	8C	58	16	D1	3C	FE	38	96	C7	B9	73	9E	C7	24	51	98	C7	26	84	A0	C7	30	24	BB	C7	FE	38	96	C7	B9	73	9E	C7	24	51	98	C7	26	84	A0	C7	30	24	BB	C7	00	00	00	00	00	00	00	00	00	00	00	00	00	00	00	00	00	00	00	00
7.829	3D DATA	true	-	-	-	-	-76914.0	-81127.4	-77986.3	-82184.3	-95816.4	-76914.0	-81127.4	-77986.3	-82184.3	-95816.4	-	-	-	-	-
7.830	3D MESSAGE	4C	00	7C	91	22	59	23	8C	00	00	00	80	58	16	D1	3C	68	17	96	C7	3C	6D	9E	C7	02	36	98	C7	BA	8D	A0	C7	9B	00	BB	C7	68	17	96	C7	3C	6D	9E	C7	02	36	98	C7	BA	8D	A0	C7	9B	00	BB	C7	00	00	00	00	00	00	00	00	00	00	00	00	00	00	00	00	00	00	00	00
7.830	3D DATA	true	-	-	-	-	-76846.8	-81114.5	-77932.0	-82203.5	-95745.2	-76846.8	-81114.5	-77932.0	-82203.5	-95745.2	-	-	-	-	-
7.830	3D MESSAGE	48	00	7D	91	20	59	24	8C	B8	B5	66	42	3B	F5	95	C7	04	66	9E	C7	CA	1D	98	C7	38	A4	A0	C7	1C	DE	BA	C7	3B	F5	95	C7	04	66	9E	C7	CA	1D	98	C7	38	A4	A0	C7	1C	DE	BA	C7	00	00	00	00	00	00	00	00	00	00	00	00	00	00	00	00	00	00	00	00
7.830	3D DATA	true	-	-	-	-	-76778.5	-81100.0	-77883.6	-82248.4	-95676.2	-76778.5	-81100.0	-77883.6	-82248.4	-95676.2	-	-	-	-	-
7.859	3D MESSAGE	48	00	7E	91	20	59	25	8C	B8	B5	66	42	D6	D3	95	C7	E6	5D	9E	C7	57	09	98	C7	5C	C4	A0	C7	0B	BE	BA	C7	D6	D3	95	C7	E6	5D	9E	C7	57	09	98	C7	5C	C4	A0	C7	0B	BE	BA	C7	00	00	00	00	00	00	00	00	00	00	00	00	00	00	00	00	00	00	00	00
7.859	3D DATA	true	-	-	-	-	-76711.7	-81083.8	-77842.7	-82312.7	-95612.1	-76711.7	-81083.8	-77842.7	-82312.7	-95612.1	-	-	-	-	-
7.860	3D MESSAGE	48	00	7F	91	20	59	26	8C	B8	B5	66	42	9B	B4	95	C7	A3	54	9E	C7	6A	F9	97	C7	46	EA	A0	C7	92	A1	BA	C7	9B	B4	95	C7	A3	54	9E	C7	6A	F9	97	C7	46	EA	A0	C7	92	A1	BA	C7	00	00	00	00	00	00	00	00	00	00	00	00	00	00	00	00	00	00	00	00
7.860	3D DATA	true	-	-	-	-	-76649.2	-81065.3	-77810.8	-82388.5	-95555.1	-76649.2	-81065.3	-77810.8	-82388.5	-95555.1	-	-	-	-	-
7.860	3D MESSAGE	48	00	80	91	20	59	27	8C	B8	B5	66	42	BE	98	95	C7	E6	49	9E	C7	AE	EE	97	C7	3C	12	A1	C7	95	89	BA	C7	BE	98	95	C7	E6	49	9E	C7	AE	EE	97	C7	3C	12	A1	C7	95	89	BA	C7	00	00	00	00	00	00	00	00	00	00	00	00	00	00	00	00	00	00	00	00
7.860	3D DATA	true	-	-	-	-	-76593.5	-81043.8	-77789.4	-82468.5	-95507.2	-76593.5	-81043.8	-77789.4	-82468.5	-95507.2	-	-	-	-	-
7.860	3D MESSAGE	48	00	81	91	20	59	28	8C	B8	B5	66	42	30	81	95	C7	45	3D	9E	C7	BD	E9	97	C7	3A	39	A1	C7	B3	76	BA	C7	30	81	95	C7	45	3D	9E	C7	BD	E9	97	C7	3A	39	A1	C7	B3	76	BA	C7	00	00	00	00	00	00	00	00	00	00	00	00	00	00	00	00	00	00	00	00
7.860	3D DATA	true	-	-	-	-	-76546.4	-81018.5	-77779.5	-82546.5	-95469.4	-76546.4	-81018.5	-77779.5	-82546.5	-95469.4	-	-	-	-	-
7.861	3D MESSAGE	48	00	82	91	20	59	29	8C	B8	B5	66	42	8A	6E	95	C7	49	2E	9E	C7	12	EB	97	C7	3F	5D	A1	C7	55	69	BA	C7	8A	6E	95	C7	49	2E	9E	C7	12	EB	97	C7	3F	5D	A1	C7	55	69	BA	C7	00	00	00	00	00	00	00	00	00	00	00	00	00	00	00	00	00	00	00	00
7.861	3D DATA	true	-	-	-	-	-76509.1	-80988.6	-77782.1	-82618.5	-95442.7	-76509.1	-80988.6	-77782.1	-82618.5	-95442.7	-	-	-	-	-
7.861	3D MESSAGE	48	00	83	91	20	59	2A	8C	B8	B5	66	42	0E	61	95	C7	86	1C	9E	C7	F0	F2	97	C7	4A	7D	A1	C7	BD	61	BA	C7	0E	61	95	C7	86	1C	9E	C7	F0	F2	97	C7	4A	7D	A1	C7	BD	61	BA	C7	00	00	00	00	00	00	00	00	00	00	00	00	00	00	00	00	00	00	00	00
7.861	3D DATA	true	-	-	-	-	-76482.1	-80953.0	-77797.9	-82682.6	-95427.5	-76482.1	-80953.0	-77797.9	-82682.6	-95427.5	-	-	-	-	-
7.891	3D MESSAGE	48	00	84	91	20	59	2B	8C	B8	B5	66	42	BA	58	95	C7	C0	07	9E	C7	3E	01	98	C7	27	99	A1	C7	15	60	BA	C7	BA	58	95	C7	C0	07	9E	C7	3E	01	98	C7	27	99	A1	C7	15	60	BA	C7	00	00	00	00	00	00	00	00	00	00	00	00	00	00	00	00	00	00	00	00
7.891	3D DATA	true	-	-	-	-	-76465.5	-80911.5	-77826.5	-82738.3	-95424.2	-76465.5	-80911.5	-77826.5	-82738.3	-95424.2	-	-	-	-	-
7.891	3D MESSAGE	48	00	85	91	20	59	2C	8C	B8	B5	66	42	52	55	95	C7	1A	F0	9D	C7	74	15	98	C7	1B	B1	A1	C7	76	64	BA	C7	52	55	95	C7	1A	F0	9D	C7	74	15	98	C7	1B	B1	A1	C7	76	64	BA	C7	00	00	00	00	00	00	00	00	00	00	00	00	00	00	00	00	00	00	00	00
7.892	3D DATA	true	-	-	-	-	-76458.6	-80864.2	-77866.9	-82786.2	-95432.9	-76458.6	-80864.2	-77866.9	-82786.2	-95432.9	-	-	-	-	-
7.892	3D MESSAGE	48	00	86	91	20	59	2D	8C	B8	B5	66	42	81	56	95	C7	3C	D6	9D	C7	90	2E	98	C7	A9	C5	A1	C7	DA	6E	BA	C7	81	56	95	C7	3C	D6	9D	C7	90	2E	98	C7	A9	C5	A1	C7	DA	6E	BA	C7	00	00	00	00	00	00	00	00	00	00	00	00	00	00	00	00	00	00	00	00
7.892	3D DATA	true	-	-	-	-	-76461.0	-80812.5	-77917.1	-82827.3	-95453.7	-76461.0	-80812.5	-77917.1	-82827.3	-95453.7	-	-	-	-	-
7.892	3D MESSAGE	48	00	87	91	20	59	2E	8C	B8	B5	66	42	E6	5B	95	C7	69	BB	9D	C7	27	4B	98	C7	57	D7	A1	C7	15	7F	BA	C7	E6	5B	95	C7	69	BB	9D	C7	27	4B	98	C7	57	D7	A1	C7	15	7F	BA	C7	00	00	00	00	00	00	00	00	00	00	00	00	00	00	00	00	00	00	00	00
7.892	3D DATA	true	-	-	-	-	-76471.8	-80758.8	-77974.3	-82862.7	-95486.2	-76471.8	-80758.8	-77974.3	-82862.7	-95486.2	-	-	-	-	-
7.893	3D MESSAGE	48	00	88	91	20	59	2F	8C	B8	B5	66	42	2B	65	95	C7	73	A1	9D	C7	92	69	98	C7	9E	E6	A1	C7	C0	94	BA	C7	2B	65	95	C7	73	A1	9D	C7	92	69	98	C7	9E	E6	A1	C7	C0	94	BA	C7	00	00	00	00	00	00	00	00	00	00	00	00	00	00	00	00	00	00	00	00
7.893	3D DATA	true	-	-	-	-	-76490.3	-80706.9	-78035.1	-82893.2	-95529.5	-76490.3	-80706.9	-78035.1	-82893.2	-95529.5	-	-	-	-	-
7.893	3D MESSAGE	48	00	89	91	20	59	30	8C	B8	B5	66	42	06	72	95	C7	88	8A	9D	C7	22	88	98	C7	E2	F3	A1	C7	2D	AF	BA	C7	06	72	95	C7	88	8A	9D	C7	22	88	98	C7	E2	F3	A1	C7	2D	AF	BA	C7	00	00	00	00	00	00	00	00	00	00	00	00	00	00	00	00	00	00	00	00
7.893	3D DATA	true	-	-	-	-	-76516.0	-80661.1	-78096.3	-82919.8	-95582.4	-76516.0	-80661.1	-78096.3	-82919.8	-95582.4	-	-	-	-	-
7.922	3D MESSAGE	48	00	8A	91	20	59	31	8C	B8	B5	66	42	42	82	95	C7	DC	78	9D	C7	5C	A5	98	C7	73	FF	A1	C7	66	CD	BA	C7	42	82	95	C7	DC	78	9D	C7	5C	A5	98	C7	73	FF	A1	C7	66	CD	BA	C7	00	00	00	00	00	00	00	00	00	00	00	00	00	00	00	00	00	00	00	00
7.922	3D DATA	true	-	-	-	-	-76548.5	-80625.7	-78154.7	-82942.9	-95642.8	-76548.5	-80625.7	-78154.7	-82942.9	-95642.8	-	-	-	-	-
7.922	3D MESSAGE	48	00	8B	91	20	59	32	8C	B8	B5	66	42	B2	95	95	C7	4A	6E	9D	C7	1E	C0	98	C7	94	09	A2	C7	38	EE	BA	C7	B2	95	95	C7	4A	6E	9D	C7	1E	C0	98	C7	94	09	A2	C7	38	EE	BA	C7	00	00	00	00	00	00	00	00	00	00	00	00	00	00	00	00	00	00	00	00
7.922	3D DATA	true	-	-	-	-	-76587.4	-80604.6	-78208.2	-82963.2	-95708.4	-76587.4	-80604.6	-78208.2	-82963.2	-95708.4	-	-	-	-	-
7.923	3D MESSAGE	48	00	8C	91	20	59	33	8C	B8	B5	66	42	26	AC	95	C7	00	6C	9D	C7	BA	D7	98	C7	7F	12	A2	C7	52	10	BB	C7	26	AC	95	C7	00	6C	9D	C7	BA	D7	98	C7	7F	12	A2	C7	52	10	BB	C7	00	00	00	00	00	00	00	00	00	00	00	00	00	00	00	00	00	00	00	00
7.923	3D DATA	true	-	-	-	-	-76632.3	-80600.0	-78255.5	-82981.0	-95776.6	-76632.3	-80600.0	-78255.5	-82981.0	-95776.6	-	-	-	-	-
7.923	3D MESSAGE	48	00	8D	91	20	59	34	8C	B8	B5	66	42	52	C5	95	C7	45	72	9D	C7	EF	EB	98	C7	60	1A	A2	C7	58	32	BB	C7	52	C5	95	C7	45	72	9D	C7	EF	EB	98	C7	60	1A	A2	C7	58	32	BB	C7	00	00	00	00	00	00	00	00	00	00	00	00	00	00	00	00	00	00	00	00
7.923	3D DATA	true	-	-	-	-	-76682.6	-80612.5	-78295.9	-82996.8	-95844.7	-76682.6	-80612.5	-78295.9	-82996.8	-95844.7	-	-	-	-	-
7.923	3D MESSAGE	48	00	8E	91	20	59	35	8C	B8	B5	66	42	C5	E0	95	C7	78	80	9D	C7	D9	FC	98	C7	5E	21	A2	C7	11	53	BB	C7	C5	E0	95	C7	78	80	9D	C7	D9	FC	98	C7	5E	21	A2	C7	11	53	BB	C7	00	00	00	00	00	00	00	00	00	00	00	00	00	00	00	00	00	00	00	00
7.924	3D DATA	true	-	-	-	-	-76737.5	-80640.9	-78329.7	-83010.7	-95910.1	-76737.5	-80640.9	-78329.7	-83010.7	-95910.1	-	-	-	-	-
7.924	3D MESSAGE	48	00	8F	91	20	59	36	8C	B8	B5	66	42	DD	FD	95	C7	31	95	9D	C7	CD	0A	99	C7	93	27	A2	C7	7C	71	BB	C7	DD	FD	95	C7	31	95	9D	C7	CD	0A	99	C7	93	27	A2	C7	7C	71	BB	C7	00	00	00	00	00	00	00	00	00	00	00	00	00	00	00	00	00	00	00	00
7.924	3D DATA	true	-	-	-	-	-76795.7	-80682.4	-78357.6	-83023.1	-95971.0	-76795.7	-80682.4	-78357.6	-83023.1	-95971.0	-	-	-	-	-
7.957	3D MESSAGE	48	00	90	91	20	59	37	8C	B8	B5	66	42	CA	1B	96	C7	8A	AE	9D	C7	3E	16	99	C7	1A	2D	A2	C7	E8	8C	BB	C7	CA	1B	96	C7	8A	AE	9D	C7	3E	16	99	C7	1A	2D	A2	C7	E8	8C	BB	C7	00	00	00	00	00	00	00	00	00	00	00	00	00	00	00	00	00	00	00	00
7.957	3D DATA	true	-	-	-	-	-76855.6	-80733.1	-78380.5	-83034.2	-96025.8	-76855.6	-80733.1	-78380.5	-83034.2	-96025.8	-	-	-	-	-
7.958	3D MESSAGE	48	00	91	91	20	59	38	8C	B8	B5	66	42	A1	39	96	C7	6F	CA	9D	C7	A1	1F	99	C7	03	32	A2	C7	EF	A4	BB	C7	A1	39	96	C7	6F	CA	9D	C7	A1	1F	99	C7	03	32	A2	C7	EF	A4	BB	C7	00	00	00	00	00	00	00	00	00	00	00	00	00	00	00	00	00	00	00	00
7.958	3D DATA	true	-	-	-	-	-76915.3	-80788.9	-78399.3	-83044.0	-96073.9	-76915.3	-80788.9	-78399.3	-83044.0	-96073.9	-	-	-	-	-
7.958	3D MESSAGE	48	00	92	91	20	59	39	8C	B8	B5	66	42	70	56	96	C7	EA	E6	9D	C7	61	27	99	C7	62	36	A2	C7	7F	B9	BB	C7	70	56	96	C7	EA	E6	9D	C7	61	27	99	C7	62	36	A2	C7	7F	B9	BB	C7	00	00	00	00	00	00	00	00	00	00	00	00	00	00	00	00	00	00	00	00
7.958	3D DATA	true	-	-	-	-	-76972.9	-80845.8	-78414.8	-83052.8	-96115.0	-76972.9	-80845.8	-78414.8	-83052.8	-96115.0	-	-	-	-	-
7.959	3D MESSAGE	48	00	93	91	20	59	3A	8C	B8	B5	66	42	63	71	96	C7	58	02	9E	C7	D4	2D	99	C7	44	3A	A2	C7	BE	CA	BB	C7	63	71	96	C7	58	02	9E	C7	D4	2D	99	C7	44	3A	A2	C7	BE	CA	BB	C7	00	00	00	00	00	00	00	00	00	00	00	00	00	00	00	00	00	00	00	00
7.959	3D DATA	true	-	-	-	-	-77026.8	-80900.7	-78427.7	-83060.5	-96149.5	-77026.8	-80900.7	-78427.7	-83060.5	-96149.5	-	-	-	-	-
7.959	3D MESSAGE	48	00	94	91	20	59	3B	8C	B8	B5	66	42	D3	89	96	C7	8C	1B	9E	C7	40	33	99	C7	B8	3D	A2	C7	FC	D8	BB	C7	D3	89	96	C7	8C	1B	9E	C7	40	33	99	C7	B8	3D	A2	C7	FC	D8	BB	C7	00	00	00	00	00	00	00	00	00	00	00	00	00	00	00	00	00	00	00	00
7.959	3D DATA	true	-	-	-	-	-77075.6	-80951.1	-78438.5	-83067.4	-96178.0	-77075.6	-80951.1	-78438.5	-83067.4	-96178.0	-	-	-	-	-
7.960	3D MESSAGE	48	00	95	91	20	59	3C	8C	B8	B5	66	42	5B	9F	96	C7	D2	31	9E	C7	D8	37	99	C7	C6	40	A2	C7	9E	E4	BB	C7	5B	9F	96	C7	D2	31	9E	C7	D8	37	99	C7	C6	40	A2	C7	9E	E4	BB	C7	00	00	00	00	00	00	00	00	00	00	00	00	00	00	00	00	00	00	00	00
7.960	3D DATA	true	-	-	-	-	-77118.7	-80995.6	-78447.7	-83073.5	-96201.2	-77118.7	-80995.6	-78447.7	-83073.5	-96201.2	-	-	-	-	-
7.960	3D MESSAGE	48	00	96	91	20	59	3D	8C	B8	B5	66	42	D7	B1	96	C7	E2	44	9E	C7	C0	3B	99	C7	75	43	A2	C7	0E	EE	BB	C7	D7	B1	96	C7	E2	44	9E	C7	C0	3B	99	C7	75	43	A2	C7	0E	EE	BB	C7	00	00	00	00	00	00	00	00	00	00	00	00	00	00	00	00	00	00	00	00
7.960	3D DATA	true	-	-	-	-	-77155.7	-81033.8	-78455.5	-83078.9	-96220.1	-77155.7	-81033.8	-78455.5	-83078.9	-96220.1	-	-	-	-	-
7.961	3D MESSAGE	48	00	97	91	20	59	3E	8C	B8	B5	66	42	5C	C1	96	C7	C8	54	9E	C7	15	3F	99	C7	CA	45	A2	C7	AC	F5	BB	C7	5C	C1	96	C7	C8	54	9E	C7	15	3F	99	C7	CA	45	A2	C7	AC	F5	BB	C7	00	00	00	00	00	00	00	00	00	00	00	00	00	00	00	00	00	00	00	00
7.961	3D DATA	true	-	-	-	-	-77186.7	-81065.6	-78462.2	-83083.6	-96235.3	-77186.7	-81065.6	-78462.2	-83083.6	-96235.3	-	-	-	-	-
7.986	3D MESSAGE	48	00	98	91	20	59	3F	8C	B8	B5	66	42	28	CE	96	C7	CC	61	9E	C7	EA	41	99	C7	CA	47	A2	C7	CD	FB	BB	C7	28	CE	96	C7	CC	61	9E	C7	EA	41	99	C7	CA	47	A2	C7	CD	FB	BB	C7	00	00	00	00	00	00	00	00	00	00	00	00	00	00	00	00	00	00	00	00
7.986	3D DATA	true	-	-	-	-	-77212.3	-81091.6	-78467.8	-83087.6	-96247.6	-77212.3	-81091.6	-78467.8	-83087.6	-96247.6	-	-	-	-	-
7.987	3D MESSAGE	48	00	99	91	20	59	40	8C	B8	B5	66	42	94	D8	96	C7	54	6C	9E	C7	4E	44	99	C7	7A	49	A2	C7	B8	00	BC	C7	94	D8	96	C7	54	6C	9E	C7	4E	44	99	C7	7A	49	A2	C7	B8	00	BC	C7	00	00	00	00	00	00	00	00	00	00	00	00	00	00	00	00	00	00	00	00
7.987	3D DATA	true	-	-	-	-	-77233.2	-81112.7	-78472.6	-83091.0	-96257.4	-77233.2	-81112.7	-78472.6	-83091.0	-96257.4	-	-	-	-	-
7.987	3D MESSAGE	48	00	9A	91	20	59	41	8C	B8	B5	66	42	01	E1	96	C7	CF	74	9E	C7	50	46	99	C7	E2	4A	A2	C7	A9	04	BC	C7	01	E1	96	C7	CF	74	9E	C7	50	46	99	C7	E2	4A	A2	C7	A9	04	BC	C7	00	00	00	00	00	00	00	00	00	00	00	00	00	00	00	00	00	00	00	00
7.987	3D DATA	true	-	-	-	-	-77250.0	-81129.6	-78476.6	-83093.8	-96265.3	-77250.0	-81129.6	-78476.6	-83093.8	-96265.3	-	-	-	-	-
7.987	3D MESSAGE	48	00	9B	91	20	59	42	8C	B8	B5	66	42	CC	E7	96	C7	A6	7B	9E	C7	FE	47	99	C7	0F	4C	A2	C7	D1	07	BC	C7	CC	E7	96	C7	A6	7B	9E	C7	FE	47	99	C7	0F	4C	A2	C7	D1	07	BC	C7	00	00	00	00	00	00	00	00	00	00	00	00	00	00	00	00	00	00	00	00
7.987	3D DATA	true	-	-	-	-	-77263.6	-81143.3	-78480.0	-83096.1	-96271.6	-77263.6	-81143.3	-78480.0	-83096.1	-96271.6	-	-	-	-	-
7.987	3D MESSAGE	48	00	9C	91	20	59	43	8C	B8	B5	66	42	4B	ED	96	C7	32	81	9E	C7	65	49	99	C7	0E	4D	A2	C7	5E	0A	BC	C7	4B	ED	96	C7	32	81	9E	C7	65	49	99	C7	0E	4D	A2	C7	5E	0A	BC	C7	00	00	00	00	00	00	00	00	00	00	00	00	00	00	00	00	00	00	00	00
7.987	3D DATA	true	-	-	-	-	-77274.6	-81154.4	-78482.8	-83098.1	-96276.7	-77274.6	-81154.4	-78482.8	-83098.1	-96276.7	-	-	-	-	-
8.018	3D MESSAGE	48	00	9D	91	20	59	44	8C	B8	B5	66	42	CA	F1	96	C7	BE	85	9E	C7	93	4A	99	C7	EF	4D	A2	C7	79	0C	BC	C7	CA	F1	96	C7	BE	85	9E	C7	93	4A	99	C7	EF	4D	A2	C7	79	0C	BC	C7	00	00	00	00	00	00	00	00	00	00	00	00	00	00	00	00	00	00	00	00
8.018	3D DATA	true	-	-	-	-	-77283.6	-81163.5	-78485.1	-83099.9	-96280.9	-77283.6	-81163.5	-78485.1	-83099.9	-96280.9	-	-	-	-	-
8.019	3D MESSAGE	48	00	9E	91	20	59	45	8C	B8	B5	66	42	87	F5	96	C7	84	89	9E	C7	95	4B	99	C7	BE	4E	A2	C7	44	0E	BC	C7	87	F5	96	C7	84	89	9E	C7	95	4B	99	C7	BE	4E	A2	C7	44	0E	BC	C7	00	00	00	00	00	00	00	00	00	00	00	00	00	00	00	00	00	00	00	00
8.019	3D DATA	true	-	-	-	-	-77291.1	-81171.0	-78487.2	-83101.5	-96284.5	-77291.1	-81171.0	-78487.2	-83101.5	-96284.5	-	-	-	-	-
8.020	3D MESSAGE	48	00	9F	91	20	59	46	8C	B8	B5	66	42	B1	F8	96	C7	B0	8C	9E	C7	74	4C	99	C7	85	4F	A2	C7	D8	0F	BC	C7	B1	F8	96	C7	B0	8C	9E	C7	74	4C	99	C7	85	4F	A2	C7	D8	0F	BC	C7	00	00	00	00	00	00	00	00	00	00	00	00	00	00	00	00	00	00	00	00
8.020	3D DATA	true	-	-	-	-	-77297.4	-81177.4	-78488.9	-83103.0	-96287.7	-77297.4	-81177.4	-78488.9	-83103.0	-96287.7	-	-	-	-	-
8.020	3D MESSAGE	48	00	A0	91	20	59	47	8C	B8	B5	66	42	6E	FB	96	C7	64	8F	9E	C7	38	4D	99	C7	48	50	A2	C7	49	11	BC	C7	6E	FB	96	C7	64	8F	9E	C7	38	4D	99	C7	48	50	A2	C7	49	11	BC	C7	00	00	00	00	00	00	00	00	00	00	00	00	00	00	00	00	00	00	00	00
8.020	3D DATA	true	-	-	-	-	-77302.9	-81182.8	-78490.4	-83104.6	-96290.6	-77302.9	-81182.8	-78490.4	-83104.6	-96290.6	-	-	-	-	-
8.020	3D MESSAGE	48	00	A1	91	20	59	48	8C	B8	B5	66	42	D4	FD	96	C7	B9	91	9E	C7	E5	4D	99	C7	07	51	A2	C7	9F	12	BC	C7	D4	FD	96	C7	B9	91	9E	C7	E5	4D	99	C7	07	51	A2	C7	9F	12	BC	C7	00	00	00	00	00	00	00	00	00	00	00	00	00	00	00	00	00	00	00	00
8.020	3D DATA	true	-	-	-	-	-77307.7	-81187.4	-78491.8	-83106.1	-96293.2	-77307.7	-81187.4	-78491.8	-83106.1	-96293.2	-	-	-	-	-
8.021	3D MESSAGE	48	00	A2	91	20	59	49	8C	B8	B5	66	42	F3	FF	96	C7	BE	93	9E	C7	7E	4E	99	C7	C0	51	A2	C7	DA	13	BC	C7	F3	FF	96	C7	BE	93	9E	C7	7E	4E	99	C7	C0	51	A2	C7	DA	13	BC	C7	00	00	00	00	00	00	00	00	00	00	00	00	00	00	00	00	00	00	00	00
8.021	3D DATA	true	-	-	-	-	-77311.9	-81191.5	-78493.0	-83107.5	-96295.7	-77311.9	-81191.5	-78493.0	-83107.5	-96295.7	-	-	-	-	-
8.021	3D MESSAGE	48	00	A3	91	20	59	4A	8C	B8	B5	66	42	D4	01	97	C7	7E	95	9E	C7	04	4F	99	C7	6E	52	A2	C7	F9	14	BC	C7	D4	01	97	C7	7E	95	9E	C7	04	4F	99	C7	6E	52	A2	C7	F9	14	BC	C7	00	00	00	00	00	00	00	00	00	00	00	00	00	00	00	00	00	00	00	00
8.021	3D DATA	true	-	-	-	-	-77315.7	-81195.0	-78494.0	-83108.9	-96297.9	-77315.7	-81195.0	-78494.0	-83108.9	-96297.9	-	-	-	-	-
8.021	3D MESSAGE	48	00	A4	91	20	59	4B	8C	B8	B5	66	42	7C	03	97	C7	02	97	9E	C7	7B	4F	99	C7	0C	53	A2	C7	F7	15	BC	C7	7C	03	97	C7	02	97	9E	C7	7B	4F	99	C7	0C	53	A2	C7	F7	15	BC	C7	00	00	00	00	00	00	00	00	00	00	00	00	00	00	00	00	00	00	00	00
8.021	3D DATA	true	-	-	-	-	-77319.0	-81198.0	-78495.0	-83110.1	-96299.9	-77319.0	-81198.0	-78495.0	-83110.1	-96299.9	-	-	-	-	-
8.050	3D MESSAGE	48	00	A5	91	20	59	4C	8C	B0	3C	01	42	F0	04	97	C7	52	98	9E	C7	E3	4F	99	C7	96	53	A2	C7	D1	16	BC	C7	F0	04	97	C7	52	98	9E	C7	E3	4F	99	C7	96	53	A2	C7	D1	16	BC	C7	00	00	00	00	00	00	00	00	00	00	00	00	00	00	00	00	00	00	00	00
8.050	3D DATA	true	-	-	-	-	-77321.9	-81200.6	-78495.8	-83111.2	-96301.6	-77321.9	-81200.6	-78495.8	-83111.2	-96301.6	-	-	-	-	-
8.051	3D MESSAGE	48	00	A6	91	20	59	4D	8C	B0	3C	01	42	33	06	97	C7	75	99	9E	C7	3F	50	99	C7	0A	54	A2	C7	8A	17	BC	C7	33	06	97	C7	75	99	9E	C7	3F	50	99	C7	0A	54	A2	C7	8A	17	BC	C7	00	00	00	00	00	00	00	00	00	00	00	00	00	00	00	00	00	00	00	00
8.051	3D DATA	true	-	-	-	-	-77324.4	-81202.9	-78496.5	-83112.1	-96303.1	-77324.4	-81202.9	-78496.5	-83112.1	-96303.1	-	-	-	-	-
8.051	3D MESSAGE	48	00	A7	91	20	59	4E	8C	B0	3C	01	42	4D	07	97	C7	75	9A	9E	C7	92	50	99	C7	69	54	A2	C7	25	18	BC	C7	4D	07	97	C7	75	9A	9E	C7	92	50	99	C7	69	54	A2	C7	25	18	BC	C7	00	00	00	00	00	00	00	00	00	00	00	00	00	00	00	00	00	00	00	00
8.051	3D DATA	true	-	-	-	-	-77326.6	-81204.9	-78497.1	-83112.8	-96304.3	-77326.6	-81204.9	-78497.1	-83112.8	-96304.3	-	-	-	-	-
8.051	3D MESSAGE	48	00	A8	91	20	59	4F	8C	B0	3C	01	42	43	08	97	C7	58	9B	9E	C7	DD	50	99	C7	B4	54	A2	C7	A7	18	BC	C7	43	08	97	C7	58	9B	9E	C7	DD	50	99	C7	B4	54	A2	C7	A7	18	BC	C7	00	00	00	00	00	00	00	00	00	00	00	00	00	00	00	00	00	00	00	00
8.052	3D DATA	true	-	-	-	-	-77328.5	-81206.7	-78497.7	-83113.4	-96305.3	-77328.5	-81206.7	-78497.7	-83113.4	-96305.3	-	-	-	-	-
8.052	3D MESSAGE	48	00	A9	91	20	59	50	8C	B0	3C	01	42	1B	09	97	C7	24	9C	9E	C7	20	51	99	C7	EF	54	A2	C7	15	19	BC	C7	1B	09	97	C7	24	9C	9E	C7	20	51	99	C7	EF	54	A2	C7	15	19	BC	C7	00	00	00	00	00	00	00	00	00	00	00	00	00	00	00	00	00	00	00	00
8.052	3D DATA	true	-	-	-	-	-77330.2	-81208.3	-78498.2	-83113.9	-96306.2	-77330.2	-81208.3	-78498.2	-83113.9	-96306.2	-	-	-	-	-
8.052	3D MESSAGE	48	00	AA	91	20	59	51	8C	B0	3C	01	42	DA	09	97	C7	DC	9C	9E	C7	5C	51	99	C7	20	55	A2	C7	71	19	BC	C7	DA	09	97	C7	DC	9C	9E	C7	5C	51	99	C7	20	55	A2	C7	71	19	BC	C7	00	00	00	00	00	00	00	00	00	00	00	00	00	00	00	00	00	00	00	00
8.052	3D DATA	true	-	-	-	-	-77331.7	-81209.7	-78498.7	-83114.2	-96306.9	-77331.7	-81209.7	-78498.7	-83114.2	-96306.9	-	-	-	-	-
8.080	3D MESSAGE	4C	00	AB	91	22	59	52	8C	00	00	00	00	B0	3C	01	42	86	0A	97	C7	81	9D	9E	C7	91	51	99	C7	4C	55	A2	C7	BB	19	BC	C7	86	0A	97	C7	81	9D	9E	C7	91	51	99	C7	4C	55	A2	C7	BB	19	BC	C7	00	00	00	00	00	00	00	00	00	00	00	00	00	00	00	00	00	00	00	00
8.080	3D DATA	true	-	-	-	-	-77333.0	-81211.0	-78499.1	-83114.6	-96307.5	-77333.0	-81211.0	-78499.1	-83114.6	-96307.5	-	-	-	-	-
8.091	3D MESSAGE	48	00	AC	91	20	59	53	8C	B0	3C	01	42	20	0B	97	C7	13	9E	9E	C7	BE	51	99	C7	74	55	A2	C7	F1	19	BC	C7	20	0B	97	C7	13	9E	9E	C7	BE	51	99	C7	74	55	A2	C7	F1	19	BC	C7	00	00	00	00	00	00	00	00	00	00	00	00	00	00	00	00	00	00	00	00
8.091	3D DATA	true	-	-	-	-	-77334.2	-81212.1	-78499.5	-83114.9	-96307.9	-77334.2	-81212.1	-78499.5	-83114.9	-96307.9	-	-	-	-	-
8.092	3D MESSAGE	48	00	AD	91	20	59	54	8C	B0	3C	01	42	AB	0B	97	C7	92	9E	9E	C7	E2	51	99	C7	9C	55	A2	C7	12	1A	BC	C7	AB	0B	97	C7	92	9E	9E	C7	E2	51	99	C7	9C	55	A2	C7	12	1A	BC	C7	00	00	00	00	00	00	00	00	00	00	00	00	00	00	00	00	00	00	00	00
8.092	3D DATA	true	-	-	-	-	-77335.3	-81213.1	-78499.8	-83115.2	-96308.1	-77335.3	-81213.1	-78499.8	-83115.2	-96308.1	-	-	-	-	-
8.093	3D MESSAGE	48	00	AE	91	20	59	55	8C	B0	3C	01	42	27	0C	97	C7	FE	9E	9E	C7	00	52	99	C7	C0	55	A2	C7	21	1A	BC	C7	27	0C	97	C7	FE	9E	9E	C7	00	52	99	C7	C0	55	A2	C7	21	1A	BC	C7	00	00	00	00	00	00	00	00	00	00	00	00	00	00	00	00	00	00	00	00
8.093	3D DATA	true	-	-	-	-	-77336.3	-81214.0	-78500.0	-83115.5	-96308.3	-77336.3	-81214.0	-78500.0	-83115.5	-96308.3	-	-	-	-	-
8.093	3D MESSAGE	48	00	AF	91	20	59	56	8C	B0	3C	01	42	94	0C	97	C7	59	9F	9E	C7	16	52	99	C7	DD	55	A2	C7	20	1A	BC	C7	94	0C	97	C7	59	9F	9E	C7	16	52	99	C7	DD	55	A2	C7	20	1A	BC	C7	00	00	00	00	00	00	00	00	00	00	00	00	00	00	00	00	00	00	00	00
8.093	3D DATA	true	-	-	-	-	-77337.2	-81214.7	-78500.2	-83115.7	-96308.2	-77337.2	-81214.7	-78500.2	-83115.7	-96308.2	-	-	-	-	-
8.093	3D MESSAGE	48	00	B0	91	20	59	57	8C	B0	3C	01	42	F5	0C	97	C7	A5	9F	9E	C7	27	52	99	C7	F2	55	A2	C7	18	1A	BC	C7	F5	0C	97	C7	A5	9F	9E	C7	27	52	99	C7	F2	55	A2	C7	18	1A	BC	C7	00	00	00	00	00	00	00	00	00	00	00	00	00	00	00	00	00	00	00	00
8.093	3D DATA	true	-	-	-	-	-77337.9	-81215.3	-78500.3	-83115.9	-96308.2	-77337.9	-81215.3	-78500.3	-83115.9	-96308.2	-	-	-	-	-
8.094	3D MESSAGE	48	00	B1	91	20	59	58	8C	B0	3C	01	42	49	0D	97	C7	E6	9F	9E	C7	34	52	99	C7	FC	55	A2	C7	10	1A	BC	C7	49	0D	97	C7	E6	9F	9E	C7	34	52	99	C7	FC	55	A2	C7	10	1A	BC	C7	00	00	00	00	00	00	00	00	00	00	00	00	00	00	00	00	00	00	00	00
8.094	3D DATA	true	-	-	-	-	-77338.6	-81215.8	-78500.4	-83116.0	-96308.1	-77338.6	-81215.8	-78500.4	-83116.0	-96308.1	-	-	-	-	-
8.094	3D MESSAGE	48	00	B2	91	20	59	59	8C	B0	3C	01	42	94	0D	97	C7	23	A0	9E	C7	3E	52	99	C7	FC	55	A2	C7	10	1A	BC	C7	94	0D	97	C7	23	A0	9E	C7	3E	52	99	C7	FC	55	A2	C7	10	1A	BC	C7	00	00	00	00	00	00	00	00	00	00	00	00	00	00	00	00	00	00	00	00
8.094	3D DATA	true	-	-	-	-	-77339.2	-81216.3	-78500.5	-83116.0	-96308.1	-77339.2	-81216.3	-78500.5	-83116.0	-96308.1	-	-	-	-	-
8.111	3D MESSAGE	48	00	B3	91	20	59	5A	8C	B0	3C	01	42	D9	0D	97	C7	5E	A0	9E	C7	46	52	99	C7	F5	55	A2	C7	20	1A	BC	C7	D9	0D	97	C7	5E	A0	9E	C7	46	52	99	C7	F5	55	A2	C7	20	1A	BC	C7	00	00	00	00	00	00	00	00	00	00	00	00	00	00	00	00	00	00	00	00
8.111	3D DATA	true	-	-	-	-	-77339.7	-81216.7	-78500.5	-83115.9	-96308.2	-77339.7	-81216.7	-78500.5	-83115.9	-96308.2	-	-	-	-	-
8.111	3D MESSAGE	48	00	B4	91	20	59	5B	8C	B0	3C	01	42	1B	0E	97	C7	9A	A0	9E	C7	4D	52	99	C7	ED	55	A2	C7	41	1A	BC	C7	1B	0E	97	C7	9A	A0	9E	C7	4D	52	99	C7	ED	55	A2	C7	41	1A	BC	C7	00	00	00	00	00	00	00	00	00	00	00	00	00	00	00	00	00	00	00	00
8.111	3D DATA	true	-	-	-	-	-77340.2	-81217.2	-78500.6	-83115.9	-96308.5	-77340.2	-81217.2	-78500.6	-83115.9	-96308.5	-	-	-	-	-
8.112	3D MESSAGE	48	00	B5	91	20	59	5C	8C	B0	3C	01	42	5D	0E	97	C7	D8	A0	9E	C7	54	52	99	C7	EA	55	A2	C7	75	1A	BC	C7	5D	0E	97	C7	D8	A0	9E	C7	54	52	99	C7	EA	55	A2	C7	75	1A	BC	C7	00	00	00	00	00	00	00	00	00	00	00	00	00	00	00	00	00	00	00	00
8.112	3D DATA	true	-	-	-	-	-77340.7	-81217.7	-78500.7	-83115.8	-96308.9	-77340.7	-81217.7	-78500.7	-83115.8	-96308.9	-	-	-	-	-
8.113	3D MESSAGE	48	00	B6	91	20	59	5D	8C	B0	3C	01	42	A0	0E	97	C7	14	A1	9E	C7	5C	52	99	C7	EF	55	A2	C7	B8	1A	BC	C7	A0	0E	97	C7	14	A1	9E	C7	5C	52	99	C7	EF	55	A2	C7	B8	1A	BC	C7	00	00	00	00	00	00	00	00	00	00	00	00	00	00	00	00	00	00	00	00
8.113	3D DATA	true	-	-	-	-	-77341.2	-81218.2	-78500.7	-83115.9	-96309.4	-77341.2	-81218.2	-78500.7	-83115.9	-96309.4	-	-	-	-	-
8.142	3D MESSAGE	48	00	B7	91	20	59	5E	8C	B0	3C	01	42	E5	0E	97	C7	4E	A1	9E	C7	68	52	99	C7	00	56	A2	C7	04	1B	BC	C7	E5	0E	97	C7	4E	A1	9E	C7	68	52	99	C7	00	56	A2	C7	04	1B	BC	C7	00	00	00	00	00	00	00	00	00	00	00	00	00	00	00	00	00	00	00	00
8.142	3D DATA	true	-	-	-	-	-77341.8	-81218.6	-78500.8	-83116.0	-96310.0	-77341.8	-81218.6	-78500.8	-83116.0	-96310.0	-	-	-	-	-
8.142	3D MESSAGE	48	00	B8	91	20	59	5F	8C	B0	3C	01	42	2A	0F	97	C7	81	A1	9E	C7	7A	52	99	C7	1E	56	A2	C7	54	1B	BC	C7	2A	0F	97	C7	81	A1	9E	C7	7A	52	99	C7	1E	56	A2	C7	54	1B	BC	C7	00	00	00	00	00	00	00	00	00	00	00	00	00	00	00	00	00	00	00	00
8.142	3D DATA	true	-	-	-	-	-77342.3	-81219.0	-78501.0	-83116.2	-96310.7	-77342.3	-81219.0	-78501.0	-83116.2	-96310.7	-	-	-	-	-
8.143	3D MESSAGE	48	00	B9	91	20	59	60	8C	B0	3C	01	42	6E	0F	97	C7	AC	A1	9E	C7	93	52	99	C7	47	56	A2	C7	A2	1B	BC	C7	6E	0F	97	C7	AC	A1	9E	C7	93	52	99	C7	47	56	A2	C7	A2	1B	BC	C7	00	00	00	00	00	00	00	00	00	00	00	00	00	00	00	00	00	00	00	00
8.143	3D DATA	true	-	-	-	-	-77342.9	-81219.3	-78501.1	-83116.6	-96311.3	-77342.9	-81219.3	-78501.1	-83116.6	-96311.3	-	-	-	-	-
8.143	3D MESSAGE	48	00	BA	91	20	59	61	8C	B0	3C	01	42	B2	0F	97	C7	D2	A1	9E	C7	B7	52	99	C7	79	56	A2	C7	EE	1B	BC	C7	B2	0F	97	C7	D2	A1	9E	C7	B7	52	99	C7	79	56	A2	C7	EE	1B	BC	C7	00	00	00	00	00	00	00	00	00	00	00	00	00	00	00	00	00	00	00	00
8.143	3D DATA	true	-	-	-	-	-77343.4	-81219.6	-78501.4	-83116.9	-96311.9	-77343.4	-81219.6	-78501.4	-83116.9	-96311.9	-	-	-	-	-
8.143	3D MESSAGE	48	00	BB	91	20	59	62	8C	B0	3C	01	42	F6	0F	97	C7	F4	A1	9E	C7	E6	52	99	C7	B2	56	A2	C7	35	1C	BC	C7	F6	0F	97	C7	F4	A1	9E	C7	E6	52	99	C7	B2	56	A2	C7	35	1C	BC	C7	00	00	00	00	00	00	00	00	00	00	00	00	00	00	00	00	00	00	00	00
8.143	3D DATA	true	-	-	-	-	-77343.9	-81219.9	-78501.8	-83117.4	-96312.4	-77343.9	-81219.9	-78501.8	-83117.4	-96312.4	-	-	-	-	-
8.144	3D MESSAGE	48	00	BC	91	20	59	63	8C	B0	3C	01	42	3E	10	97	C7	1A	A2	9E	C7	1F	53	99	C7	ED	56	A2	C7	7A	1C	BC	C7	3E	10	97	C7	1A	A2	9E	C7	1F	53	99	C7	ED	56	A2	C7	7A	1C	BC	C7	00	00	00	00	00	00	00	00	00	00	00	00	00	00	00	00	00	00	00	00
8.144	3D DATA	true	-	-	-	-	-77344.5	-81220.2	-78502.2	-83117.9	-96313.0	-77344.5	-81220.2	-78502.2	-83117.9	-96313.0	-	-	-	-	-
8.176	3D MESSAGE	48	00	BD	91	20	59	64	8C	B0	3C	01	42	8C	10	97	C7	48	A2	9E	C7	63	53	99	C7	2A	57	A2	C7	C1	1C	BC	C7	8C	10	97	C7	48	A2	9E	C7	63	53	99	C7	2A	57	A2	C7	C1	1C	BC	C7	00	00	00	00	00	00	00	00	00	00	00	00	00	00	00	00	00	00	00	00
8.176	3D DATA	true	-	-	-	-	-77345.1	-81220.6	-78502.8	-83118.3	-96313.5	-77345.1	-81220.6	-78502.8	-83118.3	-96313.5	-	-	-	-	-
8.176	3D MESSAGE	48	00	BE	91	20	59	65	8C	B0	3C	01	42	E2	10	97	C7	82	A2	9E	C7	AC	53	99	C7	67	57	A2	C7	0C	1D	BC	C7	E2	10	97	C7	82	A2	9E	C7	AC	53	99	C7	67	57	A2	C7	0C	1D	BC	C7	00	00	00	00	00	00	00	00	00	00	00	00	00	00	00	00	00	00	00	00
8.176	3D DATA	true	-	-	-	-	-77345.8	-81221.0	-78503.3	-83118.8	-96314.1	-77345.8	-81221.0	-78503.3	-83118.8	-96314.1	-	-	-	-	-
8.177	3D MESSAGE	48	00	BF	91	20	59	66	8C	B0	3C	01	42	3F	11	97	C7	C8	A2	9E	C7	F6	53	99	C7	A4	57	A2	C7	5D	1D	BC	C7	3F	11	97	C7	C8	A2	9E	C7	F6	53	99	C7	A4	57	A2	C7	5D	1D	BC	C7	00	00	00	00	00	00	00	00	00	00	00	00	00	00	00	00	00	00	00	00
8.177	3D DATA	true	-	-	-	-	-77346.5	-81221.6	-78503.9	-83119.3	-96314.7	-77346.5	-81221.6	-78503.9	-83119.3	-96314.7	-	-	-	-	-
8.178	3D MESSAGE	48	00	C0	91	20	59	67	8C	B0	3C	01	42	9D	11	97	C7	18	A3	9E	C7	3D	54	99	C7	DF	57	A2	C7	B4	1D	BC	C7	9D	11	97	C7	18	A3	9E	C7	3D	54	99	C7	DF	57	A2	C7	B4	1D	BC	C7	00	00	00	00	00	00	00	00	00	00	00	00	00	00	00	00	00	00	00	00
8.178	3D DATA	true	-	-	-	-	-77347.2	-81222.2	-78504.5	-83119.7	-96315.4	-77347.2	-81222.2	-78504.5	-83119.7	-96315.4	-	-	-	-	-
8.178	3D MESSAGE	48	00	C1	91	20	59	68	8C	B0	3C	01	42	F7	11	97	C7	6A	A3	9E	C7	7C	54	99	C7	17	58	A2	C7	0D	1E	BC	C7	F7	11	97	C7	6A	A3	9E	C7	7C	54	99	C7	17	58	A2	C7	0D	1E	BC	C7	00	00	00	00	00	00	00	00	00	00	00	00	00	00	00	00	00	00	00	00
8.178	3D DATA	true	-	-	-	-	-77347.9	-81222.8	-78505.0	-83120.2	-96316.1	-77347.9	-81222.8	-78505.0	-83120.2	-96316.1	-	-	-	-	-
8.178	3D MESSAGE	48	00	C2	91	20	59	69	8C	B0	3C	01	42	44	12	97	C7	B9	A3	9E	C7	AF	54	99	C7	4A	58	A2	C7	62	1E	BC	C7	44	12	97	C7	B9	A3	9E	C7	AF	54	99	C7	4A	58	A2	C7	62	1E	BC	C7	00	00	00	00	00	00	00	00	00	00	00	00	00	00	00	00	00	00	00	00
8.178	3D DATA	true	-	-	-	-	-77348.5	-81223.4	-78505.4	-83120.6	-96316.8	-77348.5	-81223.4	-78505.4	-83120.6	-96316.8	-	-	-	-	-
8.179	3D MESSAGE	48	00	C3	91	20	59	6A	8C	B0	3C	01	42	82	12	97	C7	FE	A3	9E	C7	D3	54	99	C7	76	58	A2	C7	AC	1E	BC	C7	82	12	97	C7	FE	A3	9E	C7	D3	54	99	C7	76	58	A2	C7	AC	1E	BC	C7	00	00	00	00	00	00	00	00	00	00	00	00	00	00	00	00	00	00	00	00
8.179	3D DATA	true	-	-	-	-	-77349.0	-81224.0	-78505.6	-83120.9	-96317.3	-77349.0	-81224.0	-78505.6	-83120.9	-96317.3	-	-	-	-	-
8.205	3D MESSAGE	48	00	C4	91	20	59	6B	8C	B0	3C	01	42	AD	12	97	C7	34	A4	9E	C7	E9	54	99	C7	9A	58	A2	C7	E4	1E	BC	C7	AD	12	97	C7	34	A4	9E	C7	E9	54	99	C7	9A	58	A2	C7	E4	1E	BC	C7	00	00	00	00	00	00	00	00	00	00	00	00	00	00	00	00	00	00	00	00
8.205	3D DATA	true	-	-	-	-	-77349.4	-81224.4	-78505.8	-83121.2	-96317.8	-77349.4	-81224.4	-78505.8	-83121.2	-96317.8	-	-	-	-	-
8.208	3D MESSAGE	48	00	C5	91	20	59	6C	8C	B0	3C	01	42	C8	12	97	C7	57	A4	9E	C7	F1	54	99	C7	B6	58	A2	C7	07	1F	BC	C7	C8	12	97	C7	57	A4	9E	C7	F1	54	99	C7	B6	58	A2	C7	07	1F	BC	C7	00	00	00	00	00	00	00	00	00	00	00	00	00	00	00	00	00	00	00	00
8.208	3D DATA	true	-	-	-	-	-77349.6	-81224.7	-78505.9	-83121.4	-96318.1	-77349.6	-81224.7	-78505.9	-83121.4	-96318.1	-	-	-	-	-
8.209	3D MESSAGE	48	00	C6	91	20	59	6D	8C	B0	3C	01	42	D8	12	97	C7	68	A4	9E	C7	ED	54	99	C7	CA	58	A2	C7	15	1F	BC	C7	D8	12	97	C7	68	A4	9E	C7	ED	54	99	C7	CA	58	A2	C7	15	1F	BC	C7	00	00	00	00	00	00	00	00	00	00	00	00	00	00	00	00	00	00	00	00
8.209	3D DATA	true	-	-	-	-	-77349.7	-81224.8	-78505.9	-83121.6	-96318.2	-77349.7	-81224.8	-78505.9	-83121.6	-96318.2	-	-	-	-	-
8.209	3D MESSAGE	48	00	C7	91	20	59	6E	8C	B0	3C	01	42	DF	12	97	C7	68	A4	9E	C7	DF	54	99	C7	D8	58	A2	C7	10	1F	BC	C7	DF	12	97	C7	68	A4	9E	C7	DF	54	99	C7	D8	58	A2	C7	10	1F	BC	C7	00	00	00	00	00	00	00	00	00	00	00	00	00	00	00	00	00	00	00	00
8.209	3D DATA	true	-	-	-	-	-77349.7	-81224.8	-78505.7	-83121.7	-96318.1	-77349.7	-81224.8	-78505.7	-83121.7	-96318.1	-	-	-	-	-
8.210	3D MESSAGE	48	00	C8	91	20	59	6F	8C	B0	3C	01	42	E1	12	97	C7	5A	A4	9E	C7	CB	54	99	C7	E0	58	A2	C7	FF	1E	BC	C7	E1	12	97	C7	5A	A4	9E	C7	CB	54	99	C7	E0	58	A2	C7	FF	1E	BC	C7	00	00	00	00	00	00	00	00	00	00	00	00	00	00	00	00	00	00	00	00
8.210	3D DATA	true	-	-	-	-	-77349.8	-81224.7	-78505.6	-83121.8	-96318.0	-77349.8	-81224.7	-78505.6	-83121.8	-96318.0	-	-	-	-	-
8.210	3D MESSAGE	48	00	C9	91	20	59	70	8C	B0	3C	01	42	E0	12	97	C7	42	A4	9E	C7	B4	54	99	C7	E2	58	A2	C7	E6	1E	BC	C7	E0	12	97	C7	42	A4	9E	C7	B4	54	99	C7	E2	58	A2	C7	E6	1E	BC	C7	00	00	00	00	00	00	00	00	00	00	00	00	00	00	00	00	00	00	00	00
8.210	3D DATA	true	-	-	-	-	-77349.8	-81224.5	-78505.4	-83121.8	-96317.8	-77349.8	-81224.5	-78505.4	-83121.8	-96317.8	-	-	-	-	-
8.210	3D MESSAGE	48	00	CA	91	20	59	71	8C	B0	3C	01	42	DB	12	97	C7	26	A4	9E	C7	A0	54	99	C7	DE	58	A2	C7	CC	1E	BC	C7	DB	12	97	C7	26	A4	9E	C7	A0	54	99	C7	DE	58	A2	C7	CC	1E	BC	C7	00	00	00	00	00	00	00	00	00	00	00	00	00	00	00	00	00	00	00	00
8.210	3D DATA	true	-	-	-	-	-77349.7	-81224.3	-78505.2	-83121.7	-96317.6	-77349.7	-81224.3	-78505.2	-83121.7	-96317.6	-	-	-	-	-
8.237	3D MESSAGE	48	00	CB	91	20	59	72	8C	B0	3C	01	42	D5	12	97	C7	0C	A4	9E	C7	90	54	99	C7	D7	58	A2	C7	B7	1E	BC	C7	D5	12	97	C7	0C	A4	9E	C7	90	54	99	C7	D7	58	A2	C7	B7	1E	BC	C7	00	00	00	00	00	00	00	00	00	00	00	00	00	00	00	00	00	00	00	00
8.237	3D DATA	true	-	-	-	-	-77349.7	-81224.1	-78505.1	-83121.7	-96317.4	-77349.7	-81224.1	-78505.1	-83121.7	-96317.4	-	-	-	-	-
8.238	3D MESSAGE	48	00	CC	91	20	59	73	8C	B0	3C	01	42	D1	12	97	C7	F8	A3	9E	C7	8C	54	99	C7	CC	58	A2	C7	AC	1E	BC	C7	D1	12	97	C7	F8	A3	9E	C7	8C	54	99	C7	CC	58	A2	C7	AC	1E	BC	C7	00	00	00	00	00	00	00	00	00	00	00	00	00	00	00	00	00	00	00	00
8.238	3D DATA	true	-	-	-	-	-77349.6	-81223.9	-78505.1	-83121.6	-96317.3	-77349.6	-81223.9	-78505.1	-83121.6	-96317.3	-	-	-	-	-
8.238	3D MESSAGE	48	00	CD	91	20	59	74	8C	18	66	DA	3C	D2	12	97	C7	F2	A3	9E	C7	94	54	99	C7	C2	58	A2	C7	AE	1E	BC	C7	D2	12	97	C7	F2	A3	9E	C7	94	54	99	C7	C2	58	A2	C7	AE	1E	BC	C7	00	00	00	00	00	00	00	00	00	00	00	00	00	00	00	00	00	00	00	00
8.238	3D DATA	true	-	-	-	-	-77349.6	-81223.9	-78505.2	-83121.5	-96317.4	-77349.6	-81223.9	-78505.2	-83121.5	-96317.4	-	-	-	-	-
8.238	3D MESSAGE	48	00	CE	91	20	59	75	8C	18	66	DA	3C	DE	12	97	C7	FF	A3	9E	C7	AA	54	99	C7	BA	58	A2	C7	C1	1E	BC	C7	DE	12	97	C7	FF	A3	9E	C7	AA	54	99	C7	BA	58	A2	C7	C1	1E	BC	C7	00	00	00	00	00	00	00	00	00	00	00	00	00	00	00	00	00	00	00	00
8.238	3D DATA	true	-	-	-	-	-77349.7	-81224.0	-78505.3	-83121.5	-96317.5	-77349.7	-81224.0	-78505.3	-83121.5	-96317.5	-	-	-	-	-
8.239	3D MESSAGE	48	00	CF	91	20	59	76	8C	18	66	DA	3C	F6	12	97	C7	20	A4	9E	C7	CB	54	99	C7	B9	58	A2	C7	E4	1E	BC	C7	F6	12	97	C7	20	A4	9E	C7	CB	54	99	C7	B9	58	A2	C7	E4	1E	BC	C7	00	00	00	00	00	00	00	00	00	00	00	00	00	00	00	00	00	00	00	00
8.239	3D DATA	true	-	-	-	-	-77349.9	-81224.2	-78505.6	-83121.4	-96317.8	-77349.9	-81224.2	-78505.6	-83121.4	-96317.8	-	-	-	-	-
8.266	3D MESSAGE	48	00	D0	91	20	59	77	8C	18	66	DA	3C	1C	13	97	C7	53	A4	9E	C7	F2	54	99	C7	C0	58	A2	C7	12	1F	BC	C7	1C	13	97	C7	53	A4	9E	C7	F2	54	99	C7	C0	58	A2	C7	12	1F	BC	C7	00	00	00	00	00	00	00	00	00	00	00	00	00	00	00	00	00	00	00	00
8.266	3D DATA	true	-	-	-	-	-77350.2	-81224.6	-78505.9	-83121.5	-96318.1	-77350.2	-81224.6	-78505.9	-83121.5	-96318.1	-	-	-	-	-
8.267	3D MESSAGE	48	00	D1	91	20	59	78	8C	18	66	DA	3C	4A	13	97	C7	92	A4	9E	C7	1A	55	99	C7	CE	58	A2	C7	49	1F	BC	C7	4A	13	97	C7	92	A4	9E	C7	1A	55	99	C7	CE	58	A2	C7	49	1F	BC	C7	00	00	00	00	00	00	00	00	00	00	00	00	00	00	00	00	00	00	00	00
8.267	3D DATA	true	-	-	-	-	-77350.6	-81225.1	-78506.2	-83121.6	-96318.6	-77350.6	-81225.1	-78506.2	-83121.6	-96318.6	-	-	-	-	-
8.267	3D MESSAGE	48	00	D2	91	20	59	79	8C	18	66	DA	3C	7A	13	97	C7	D4	A4	9E	C7	3D	55	99	C7	E1	58	A2	C7	7E	1F	BC	C7	7A	13	97	C7	D4	A4	9E	C7	3D	55	99	C7	E1	58	A2	C7	7E	1F	BC	C7	00	00	00	00	00	00	00	00	00	00	00	00	00	00	00	00	00	00	00	00
8.267	3D DATA	true	-	-	-	-	-77351.0	-81225.7	-78506.5	-83121.8	-96319.0	-77351.0	-81225.7	-78506.5	-83121.8	-96319.0	-	-	-	-	-
8.267	3D MESSAGE	48	00	D3	91	20	59	7A	8C	18	66	DA	3C	A7	13	97	C7	11	A5	9E	C7	56	55	99	C7	F2	58	A2	C7	AC	1F	BC	C7	A7	13	97	C7	11	A5	9E	C7	56	55	99	C7	F2	58	A2	C7	AC	1F	BC	C7	00	00	00	00	00	00	00	00	00	00	00	00	00	00	00	00	00	00	00	00
8.267	3D DATA	true	-	-	-	-	-77351.3	-81226.1	-78506.7	-83121.9	-96319.3	-77351.3	-81226.1	-78506.7	-83121.9	-96319.3	-	-	-	-	-
8.268	3D MESSAGE	48	00	D4	91	20	59	7B	8C	18	66	DA	3C	CC	13	97	C7	40	A5	9E	C7	66	55	99	C7	FE	58	A2	C7	CB	1F	BC	C7	CC	13	97	C7	40	A5	9E	C7	66	55	99	C7	FE	58	A2	C7	CB	1F	BC	C7	00	00	00	00	00	00	00	00	00	00	00	00	00	00	00	00	00	00	00	00
8.268	3D DATA	true	-	-	-	-	-77351.6	-81226.5	-78506.8	-83122.0	-96319.6	-77351.6	-81226.5	-78506.8	-83122.0	-96319.6	-	-	-	-	-
8.268	3D MESSAGE	48	00	D5	91	20	59	7C	8C	18	66	DA	3C	E7	13	97	C7	5E	A5	9E	C7	6E	55	99	C7	00	59	A2	C7	D8	1F	BC	C7	E7	13	97	C7	5E	A5	9E	C7	6E	55	99	C7	00	59	A2	C7	D8	1F	BC	C7	00	00	00	00	00	00	00	00	00	00	00	00	00	00	00	00	00	00	00	00
8.268	3D DATA	true	-	-	-	-	-77351.8	-81226.7	-78506.9	-83122.0	-96319.7	-77351.8	-81226.7	-78506.9	-83122.0	-96319.7	-	-	-	-	-
8.298	3D MESSAGE	48	00	D6	91	20	59	7D	8C	18	66	DA	3C	FA	13	97	C7	6B	A5	9E	C7	70	55	99	C7	FC	58	A2	C7	D4	1F	BC	C7	FA	13	97	C7	6B	A5	9E	C7	70	55	99	C7	FC	58	A2	C7	D4	1F	BC	C7	00	00	00	00	00	00	00	00	00	00	00	00	00	00	00	00	00	00	00	00
8.298	3D DATA	true	-	-	-	-	-77352.0	-81226.8	-78506.9	-83122.0	-96319.7	-77352.0	-81226.8	-78506.9	-83122.0	-96319.7	-	-	-	-	-
8.308	3D MESSAGE	48	00	D7	91	20	59	7E	8C	18	66	DA	3C	08	14	97	C7	6A	A5	9E	C7	6F	55	99	C7	F3	58	A2	C7	C6	1F	BC	C7	08	14	97	C7	6A	A5	9E	C7	6F	55	99	C7	F3	58	A2	C7	C6	1F	BC	C7	00	00	00	00	00	00	00	00	00	00	00	00	00	00	00	00	00	00	00	00
8.308	3D DATA	true	-	-	-	-	-77352.1	-81226.8	-78506.9	-83121.9	-96319.5	-77352.1	-81226.8	-78506.9	-83121.9	-96319.5	-	-	-	-	-
8.309	3D MESSAGE	48	00	D8	91	20	59	7F	8C	18	66	DA	3C	14	14	97	C7	64	A5	9E	C7	70	55	99	C7	ED	58	A2	C7	B6	1F	BC	C7	14	14	97	C7	64	A5	9E	C7	70	55	99	C7	ED	58	A2	C7	B6	1F	BC	C7	00	00	00	00	00	00	00	00	00	00	00	00	00	00	00	00	00	00	00	00
8.309	3D DATA	true	-	-	-	-	-77352.2	-81226.8	-78506.9	-83121.9	-96319.4	-77352.2	-81226.8	-78506.9	-83121.9	-96319.4	-	-	-	-	-
8.309	3D MESSAGE	48	00	D9	91	20	59	80	8C	18	66	DA	3C	1E	14	97	C7	5E	A5	9E	C7	74	55	99	C7	ED	58	A2	C7	AC	1F	BC	C7	1E	14	97	C7	5E	A5	9E	C7	74	55	99	C7	ED	58	A2	C7	AC	1F	BC	C7	00	00	00	00	00	00	00	00	00	00	00	00	00	00	00	00	00	00	00	00
8.309	3D DATA	true	-	-	-	-	-77352.2	-81226.7	-78506.9	-83121.9	-96319.3	-77352.2	-81226.7	-78506.9	-83121.9	-96319.3	-	-	-	-	-
8.310	3D MESSAGE	48	00	DA	91	20	59	81	8C	18	66	DA	3C	29	14	97	C7	5C	A5	9E	C7	7A	55	99	C7	F6	58	A2	C7	B0	1F	BC	C7	29	14	97	C7	5C	A5	9E	C7	7A	55	99	C7	F6	58	A2	C7	B0	1F	BC	C7	00	00	00	00	00	00	00	00	00	00	00	00	00	00	00	00	00	00	00	00
8.310	3D DATA	true	-	-	-	-	-77352.3	-81226.7	-78507.0	-83121.9	-96319.4	-77352.3	-81226.7	-78507.0	-83121.9	-96319.4	-	-	-	-	-
8.311	3D MESSAGE	48	00	DB	91	20	59	82	8C	18	66	DA	3C	32	14	97	C7	61	A5	9E	C7	82	55	99	C7	04	59	A2	C7	C2	1F	BC	C7	32	14	97	C7	61	A5	9E	C7	82	55	99	C7	04	59	A2	C7	C2	1F	BC	C7	00	00	00	00	00	00	00	00	00	00	00	00	00	00	00	00	00	00	00	00
8.311	3D DATA	true	-	-	-	-	-77352.4	-81226.8	-78507.0	-83122.0	-96319.5	-77352.4	-81226.8	-78507.0	-83122.0	-96319.5	-	-	-	-	-
8.311	3D MESSAGE	48	00	DC	91	20	59	83	8C	18	66	DA	3C	37	14	97	C7	69	A5	9E	C7	89	55	99	C7	15	59	A2	C7	DF	1F	BC	C7	37	14	97	C7	69	A5	9E	C7	89	55	99	C7	15	59	A2	C7	DF	1F	BC	C7	00	00	00	00	00	00	00	00	00	00	00	00	00	00	00	00	00	00	00	00
8.311	3D DATA	true	-	-	-	-	-77352.4	-81226.8	-78507.1	-83122.2	-96319.7	-77352.4	-81226.8	-78507.1	-83122.2	-96319.7	-	-	-	-	-
8.311	3D MESSAGE	48	00	DD	91	20	59	84	8C	18	66	DA	3C	37	14	97	C7	70	A5	9E	C7	8B	55	99	C7	20	59	A2	C7	FE	1F	BC	C7	37	14	97	C7	70	A5	9E	C7	8B	55	99	C7	20	59	A2	C7	FE	1F	BC	C7	00	00	00	00	00	00	00	00	00	00	00	00	00	00	00	00	00	00	00	00
8.311	3D DATA	true	-	-	-	-	-77352.4	-81226.9	-78507.1	-83122.2	-96320.0	-77352.4	-81226.9	-78507.1	-83122.2	-96320.0	-	-	-	-	-
8.312	3D MESSAGE	48	00	DE	91	20	59	85	8C	18	66	DA	3C	31	14	97	C7	72	A5	9E	C7	86	55	99	C7	1F	59	A2	C7	15	20	BC	C7	31	14	97	C7	72	A5	9E	C7	86	55	99	C7	1F	59	A2	C7	15	20	BC	C7	00	00	00	00	00	00	00	00	00	00	00	00	00	00	00	00	00	00	00	00
8.312	3D DATA	true	-	-	-	-	-77352.4	-81226.9	-78507.0	-83122.2	-96320.2	-77352.4	-81226.9	-78507.0	-83122.2	-96320.2	-	-	-	-	-
8.330	3D MESSAGE	48	00	DF	91	20	59	86	8C	18	66	DA	3C	25	14	97	C7	69	A5	9E	C7	77	55	99	C7	12	59	A2	C7	19	20	BC	C7	25	14	97	C7	69	A5	9E	C7	77	55	99	C7	12	59	A2	C7	19	20	BC	C7	00	00	00	00	00	00	00	00	00	00	00	00	00	00	00	00	00	00	00	00
8.330	3D DATA	true	-	-	-	-	-77352.3	-81226.8	-78506.9	-83122.1	-96320.2	-77352.3	-81226.8	-78506.9	-83122.1	-96320.2	-	-	-	-	-
8.331	3D MESSAGE	48	00	E0	91	20	59	87	8C	18	66	DA	3C	16	14	97	C7	54	A5	9E	C7	5F	55	99	C7	FA	58	A2	C7	04	20	BC	C7	16	14	97	C7	54	A5	9E	C7	5F	55	99	C7	FA	58	A2	C7	04	20	BC	C7	00	00	00	00	00	00	00	00	00	00	00	00	00	00	00	00	00	00	00	00
8.331	3D DATA	true	-	-	-	-	-77352.2	-81226.7	-78506.7	-83122.0	-96320.0	-77352.2	-81226.7	-78506.7	-83122.0	-96320.0	-	-	-	-	-
8.331	3D MESSAGE	48	00	E1	91	20	59	88	8C	18	66	DA	3C	05	14	97	C7	36	A5	9E	C7	40	55	99	C7	DB	58	A2	C7	D8	1F	BC	C7	05	14	97	C7	36	A5	9E	C7	40	55	99	C7	DB	58	A2	C7	D8	1F	BC	C7	00	00	00	00	00	00	00	00	00	00	00	00	00	00	00	00	00	00	00	00
8.331	3D DATA	true	-	-	-	-	-77352.0	-81226.4	-78506.5	-83121.7	-96319.7	-77352.0	-81226.4	-78506.5	-83121.7	-96319.7	-	-	-	-	-
8.331	3D MESSAGE	48	00	E2	91	20	59	89	8C	18	66	DA	3C	F7	13	97	C7	13	A5	9E	C7	1D	55	99	C7	BE	58	A2	C7	9C	1F	BC	C7	F7	13	97	C7	13	A5	9E	C7	1D	55	99	C7	BE	58	A2	C7	9C	1F	BC	C7	00	00	00	00	00	00	00	00	00	00	00	00	00	00	00	00	00	00	00	00
8.331	3D DATA	true	-	-	-	-	-77351.9	-81226.1	-78506.2	-83121.5	-96319.2	-77351.9	-81226.1	-78506.2	-83121.5	-96319.2	-	-	-	-	-
8.361	3D MESSAGE	48	00	E3	91	20	59	8A	8C	18	66	DA	3C	EE	13	97	C7	EF	A4	9E	C7	FA	54	99	C7	A7	58	A2	C7	5C	1F	BC	C7	EE	13	97	C7	EF	A4	9E	C7	FA	54	99	C7	A7	58	A2	C7	5C	1F	BC	C7	00	00	00	00	00	00	00	00	00	00	00	00	00	00	00	00	00	00	00	00
8.361	3D DATA	true	-	-	-	-	-77351.9	-81225.9	-78506.0	-83121.3	-96318.7	-77351.9	-81225.9	-78506.0	-83121.3	-96318.7	-	-	-	-	-
8.362	3D MESSAGE	48	00	E4	91	20	59	8B	8C	18	66	DA	3C	EB	13	97	C7	D1	A4	9E	C7	DD	54	99	C7	9C	58	A2	C7	24	1F	BC	C7	EB	13	97	C7	D1	A4	9E	C7	DD	54	99	C7	9C	58	A2	C7	24	1F	BC	C7	00	00	00	00	00	00	00	00	00	00	00	00	00	00	00	00	00	00	00	00
8.362	3D DATA	true	-	-	-	-	-77351.8	-81225.6	-78505.7	-83121.2	-96318.3	-77351.8	-81225.6	-78505.7	-83121.2	-96318.3	-	-	-	-	-
8.362	3D MESSAGE	48	00	E5	91	20	59	8C	8C	18	66	DA	3C	EF	13	97	C7	BF	A4	9E	C7	C8	54	99	C7	9D	58	A2	C7	FE	1E	BC	C7	EF	13	97	C7	BF	A4	9E	C7	C8	54	99	C7	9D	58	A2	C7	FE	1E	BC	C7	00	00	00	00	00	00	00	00	00	00	00	00	00	00	00	00	00	00	00	00
8.362	3D DATA	true	-	-	-	-	-77351.9	-81225.5	-78505.6	-83121.2	-96318.0	-77351.9	-81225.5	-78505.6	-83121.2	-96318.0	-	-	-	-	-
8.362	3D MESSAGE	48	00	E6	91	20	59	8D	8C	18	66	DA	3C	FA	13	97	C7	BC	A4	9E	C7	BE	54	99	C7	AC	58	A2	C7	F1	1E	BC	C7	FA	13	97	C7	BC	A4	9E	C7	BE	54	99	C7	AC	58	A2	C7	F1	1E	BC	C7	00	00	00	00	00	00	00	00	00	00	00	00	00	00	00	00	00	00	00	00
8.362	3D DATA	true	-	-	-	-	-77352.0	-81225.5	-78505.5	-83121.3	-96317.9	-77352.0	-81225.5	-78505.5	-83121.3	-96317.9	-	-	-	-	-
8.363	3D MESSAGE	48	00	E7	91	20	59	8E	8C	18	66	DA	3C	0A	14	97	C7	CA	A4	9E	C7	BF	54	99	C7	C3	58	A2	C7	FD	1E	BC	C7	0A	14	97	C7	CA	A4	9E	C7	BF	54	99	C7	C3	58	A2	C7	FD	1E	BC	C7	00	00	00	00	00	00	00	00	00	00	00	00	00	00	00	00	00	00	00	00
8.363	3D DATA	true	-	-	-	-	-77352.1	-81225.6	-78505.5	-83121.5	-96318.0	-77352.1	-81225.6	-78505.5	-83121.5	-96318.0	-	-	-	-	-
8.363	3D MESSAGE	48	00	E8	91	20	59	8F	8C	18	66	DA	3C	1E	14	97	C7	E8	A4	9E	C7	CC	54	99	C7	E0	58	A2	C7	1D	1F	BC	C7	1E	14	97	C7	E8	A4	9E	C7	CC	54	99	C7	E0	58	A2	C7	1D	1F	BC	C7	00	00	00	00	00	00	00	00	00	00	00	00	00	00	00	00	00	00	00	00
8.363	3D DATA	true	-	-	-	-	-77352.2	-81225.8	-78505.6	-83121.8	-96318.2	-77352.2	-81225.8	-78505.6	-83121.8	-96318.2	-	-	-	-	-
8.363	3D MESSAGE	48	00	E9	91	20	59	90	8C	18	66	DA	3C	32	14	97	C7	10	A5	9E	C7	DF	54	99	C7	FD	58	A2	C7	48	1F	BC	C7	32	14	97	C7	10	A5	9E	C7	DF	54	99	C7	FD	58	A2	C7	48	1F	BC	C7	00	00	00	00	00	00	00	00	00	00	00	00	00	00	00	00	00	00	00	00
8.363	3D DATA	true	-	-	-	-	-77352.4	-81226.1	-78505.7	-83122.0	-96318.6	-77352.4	-81226.1	-78505.7	-83122.0	-96318.6	-	-	-	-	-
8.390	3D MESSAGE	48	00	EA	91	20	59	91	8C	18	66	DA	3C	47	14	97	C7	3B	A5	9E	C7	F3	54	99	C7	14	59	A2	C7	74	1F	BC	C7	47	14	97	C7	3B	A5	9E	C7	F3	54	99	C7	14	59	A2	C7	74	1F	BC	C7	00	00	00	00	00	00	00	00	00	00	00	00	00	00	00	00	00	00	00	00
8.390	3D DATA	true	-	-	-	-	-77352.6	-81226.5	-78505.9	-83122.2	-96318.9	-77352.6	-81226.5	-78505.9	-83122.2	-96318.9	-	-	-	-	-
8.391	3D MESSAGE	48	00	EB	91	20	59	92	8C	18	66	DA	3C	5A	14	97	C7	62	A5	9E	C7	01	55	99	C7	21	59	A2	C7	94	1F	BC	C7	5A	14	97	C7	62	A5	9E	C7	01	55	99	C7	21	59	A2	C7	94	1F	BC	C7	00	00	00	00	00	00	00	00	00	00	00	00	00	00	00	00	00	00	00	00
8.391	3D DATA	true	-	-	-	-	-77352.7	-81226.8	-78506.0	-83122.3	-96319.2	-77352.7	-81226.8	-78506.0	-83122.3	-96319.2	-	-	-	-	-
8.391	3D MESSAGE	48	00	EC	91	20	59	93	8C	18	66	DA	3C	69	14	97	C7	7D	A5	9E	C7	03	55	99	C7	22	59	A2	C7	A2	1F	BC	C7	69	14	97	C7	7D	A5	9E	C7	03	55	99	C7	22	59	A2	C7	A2	1F	BC	C7	00	00	00	00	00	00	00	00	00	00	00	00	00	00	00	00	00	00	00	00
8.391	3D DATA	true	-	-	-	-	-77352.8	-81227.0	-78506.0	-83122.3	-96319.3	-77352.8	-81227.0	-78506.0	-83122.3	-96319.3	-	-	-	-	-
8.391	3D MESSAGE	48	00	ED	91	20	59	94	8C	18	66	DA	3C	74	14	97	C7	8B	A5	9E	C7	F8	54	99	C7	19	59	A2	C7	9A	1F	BC	C7	74	14	97	C7	8B	A5	9E	C7	F8	54	99	C7	19	59	A2	C7	9A	1F	BC	C7	00	00	00	00	00	00	00	00	00	00	00	00	00	00	00	00	00	00	00	00
8.391	3D DATA	true	-	-	-	-	-77352.9	-81227.1	-78505.9	-83122.2	-96319.2	-77352.9	-81227.1	-78505.9	-83122.2	-96319.2	-	-	-	-	-
8.392	3D MESSAGE	48	00	EE	91	20	59	95	8C	18	66	DA	3C	7A	14	97	C7	8D	A5	9E	C7	E1	54	99	C7	0A	59	A2	C7	7F	1F	BC	C7	7A	14	97	C7	8D	A5	9E	C7	E1	54	99	C7	0A	59	A2	C7	7F	1F	BC	C7	00	00	00	00	00	00	00	00	00	00	00	00	00	00	00	00	00	00	00	00
8.392	3D DATA	true	-	-	-	-	-77353.0	-81227.1	-78505.8	-83122.1	-96319.0	-77353.0	-81227.1	-78505.8	-83122.1	-96319.0	-	-	-	-	-
8.392	3D MESSAGE	48	00	EF	91	20	59	96	8C	18	66	DA	3C	7C	14	97	C7	86	A5	9E	C7	C4	54	99	C7	FB	58	A2	C7	57	1F	BC	C7	7C	14	97	C7	86	A5	9E	C7	C4	54	99	C7	FB	58	A2	C7	57	1F	BC	C7	00	00	00	00	00	00	00	00	00	00	00	00	00	00	00	00	00	00	00	00
8.392	3D DATA	true	-	-	-	-	-77353.0	-81227.0	-78505.5	-83122.0	-96318.7	-77353.0	-81227.0	-78505.5	-83122.0	-96318.7	-	-	-	-	-
8.424	3D MESSAGE	48	00	F0	91	20	59	97	8C	18	66	DA	3C	7A	14	97	C7	7E	A5	9E	C7	AB	54	99	C7	F2	58	A2	C7	2E	1F	BC	C7	7A	14	97	C7	7E	A5	9E	C7	AB	54	99	C7	F2	58	A2	C7	2E	1F	BC	C7	00	00	00	00	00	00	00	00	00	00	00	00	00	00	00	00	00	00	00	00
8.424	3D DATA	true	-	-	-	-	-77353.0	-81227.0	-78505.3	-83121.9	-96318.4	-77353.0	-81227.0	-78505.3	-83121.9	-96318.4	-	-	-	-	-
8.424	3D MESSAGE	48	00	F1	91	20	59	98	8C	18	66	DA	3C	75	14	97	C7	77	A5	9E	C7	9C	54	99	C7	F3	58	A2	C7	0B	1F	BC	C7	75	14	97	C7	77	A5	9E	C7	9C	54	99	C7	F3	58	A2	C7	0B	1F	BC	C7	00	00	00	00	00	00	00	00	00	00	00	00	00	00	00	00	00	00	00	00
8.424	3D DATA	true	-	-	-	-	-77352.9	-81226.9	-78505.2	-83121.9	-96318.1	-77352.9	-81226.9	-78505.2	-83121.9	-96318.1	-	-	-	-	-
8.425	3D MESSAGE	48	00	F2	91	20	59	99	8C	18	66	DA	3C	6D	14	97	C7	73	A5	9E	C7	9A	54	99	C7	FE	58	A2	C7	F6	1E	BC	C7	6D	14	97	C7	73	A5	9E	C7	9A	54	99	C7	FE	58	A2	C7	F6	1E	BC	C7	00	00	00	00	00	00	00	00	00	00	00	00	00	00	00	00	00	00	00	00
8.425	3D DATA	true	-	-	-	-	-77352.9	-81226.9	-78505.2	-83122.0	-96317.9	-77352.9	-81226.9	-78505.2	-83122.0	-96317.9	-	-	-	-	-
8.425	3D MESSAGE	48	00	F3	91	20	59	9A	8C	18	66	DA	3C	62	14	97	C7	73	A5	9E	C7	A7	54	99	C7	11	59	A2	C7	F1	1E	BC	C7	62	14	97	C7	73	A5	9E	C7	A7	54	99	C7	11	59	A2	C7	F1	1E	BC	C7	00	00	00	00	00	00	00	00	00	00	00	00	00	00	00	00	00	00	00	00
8.425	3D DATA	true	-	-	-	-	-77352.8	-81226.9	-78505.3	-83122.1	-96317.9	-77352.8	-81226.9	-78505.3	-83122.1	-96317.9	-	-	-	-	-
8.425	3D MESSAGE	48	00	F4	91	20	59	9B	8C	18	66	DA	3C	56	14	97	C7	75	A5	9E	C7	BF	54	99	C7	2A	59	A2	C7	FB	1E	BC	C7	56	14	97	C7	75	A5	9E	C7	BF	54	99	C7	2A	59	A2	C7	FB	1E	BC	C7	00	00	00	00	00	00	00	00	00	00	00	00	00	00	00	00	00	00	00	00
8.425	3D DATA	true	-	-	-	-	-77352.7	-81226.9	-78505.5	-83122.3	-96318.0	-77352.7	-81226.9	-78505.5	-83122.3	-96318.0	-	-	-	-	-
8.426	3D MESSAGE	48	00	F5	91	20	59	9C	8C	CC	FF	8C	3C	47	14	97	C7	7A	A5	9E	C7	DC	54	99	C7	44	59	A2	C7	10	1F	BC	C7	47	14	97	C7	7A	A5	9E	C7	DC	54	99	C7	44	59	A2	C7	10	1F	BC	C7	00	00	00	00	00	00	00	00	00	00	00	00	00	00	00	00	00	00	00	00
8.426	3D DATA	true	-	-	-	-	-77352.6	-81227.0	-78505.7	-83122.5	-96318.1	-77352.6	-81227.0	-78505.7	-83122.5	-96318.1	-	-	-	-	-
8.426	3D MESSAGE	48	00	F6	91	20	59	9D	8C	CC	FF	8C	3C	39	14	97	C7	83	A5	9E	C7	F9	54	99	C7	5D	59	A2	C7	2D	1F	BC	C7	39	14	97	C7	83	A5	9E	C7	F9	54	99	C7	5D	59	A2	C7	2D	1F	BC	C7	00	00	00	00	00	00	00	00	00	00	00	00	00	00	00	00	00	00	00	00
8.426	3D DATA	true	-	-	-	-	-77352.4	-81227.0	-78505.9	-83122.7	-96318.4	-77352.4	-81227.0	-78505.9	-83122.7	-96318.4	-	-	-	-	-
8.456	3D MESSAGE	48	00	F7	91	20	59	9E	8C	CC	FF	8C	3C	2E	14	97	C7	92	A5	9E	C7	12	55	99	C7	73	59	A2	C7	4C	1F	BC	C7	2E	14	97	C7	92	A5	9E	C7	12	55	99	C7	73	59	A2	C7	4C	1F	BC	C7	00	00	00	00	00	00	00	00	00	00	00	00	00	00	00	00	00	00	00	00
8.456	3D DATA	true	-	-	-	-	-77352.4	-81227.1	-78506.1	-83122.9	-96318.6	-77352.4	-81227.1	-78506.1	-83122.9	-96318.6	-	-	-	-	-
8.456	3D MESSAGE	48	00	F8	91	20	59	9F	8C	CC	FF	8C	3C	2B	14	97	C7	AA	A5	9E	C7	25	55	99	C7	86	59	A2	C7	6A	1F	BC	C7	2B	14	97	C7	AA	A5	9E	C7	25	55	99	C7	86	59	A2	C7	6A	1F	BC	C7	00	00	00	00	00	00	00	00	00	00	00	00	00	00	00	00	00	00	00	00
8.456	3D DATA	true	-	-	-	-	-77352.3	-81227.3	-78506.3	-83123.0	-96318.8	-77352.3	-81227.3	-78506.3	-83123.0	-96318.8	-	-	-	-	-
8.457	3D MESSAGE	48	00	F9	91	20	59	A0	8C	CC	FF	8C	3C	2F	14	97	C7	C8	A5	9E	C7	31	55	99	C7	93	59	A2	C7	85	1F	BC	C7	2F	14	97	C7	C8	A5	9E	C7	31	55	99	C7	93	59	A2	C7	85	1F	BC	C7	00	00	00	00	00	00	00	00	00	00	00	00	00	00	00	00	00	00	00	00
8.457	3D DATA	true	-	-	-	-	-77352.4	-81227.6	-78506.4	-83123.1	-96319.0	-77352.4	-81227.6	-78506.4	-83123.1	-96319.0	-	-	-	-	-
8.457	3D MESSAGE	48	00	FA	91	20	59	A1	8C	CC	FF	8C	3C	3B	14	97	C7	EB	A5	9E	C7	37	55	99	C7	9A	59	A2	C7	9C	1F	BC	C7	3B	14	97	C7	EB	A5	9E	C7	37	55	99	C7	9A	59	A2	C7	9C	1F	BC	C7	00	00	00	00	00	00	00	00	00	00	00	00	00	00	00	00	00	00	00	00
8.457	3D DATA	true	-	-	-	-	-77352.5	-81227.8	-78506.4	-83123.2	-96319.2	-77352.5	-81227.8	-78506.4	-83123.2	-96319.2	-	-	-	-	-
8.457	3D MESSAGE	48	00	FB	91	20	59	A2	8C	CC	FF	8C	3C	4C	14	97	C7	0D	A6	9E	C7	36	55	99	C7	99	59	A2	C7	AC	1F	BC	C7	4C	14	97	C7	0D	A6	9E	C7	36	55	99	C7	99	59	A2	C7	AC	1F	BC	C7	00	00	00	00	00	00	00	00	00	00	00	00	00	00	00	00	00	00	00	00
8.457	3D DATA	true	-	-	-	-	-77352.6	-81228.1	-78506.4	-83123.2	-96319.3	-77352.6	-81228.1	-78506.4	-83123.2	-96319.3	-	-	-	-	-
8.457	3D MESSAGE	48	00	FC	91	20	59	A3	8C	CC	FF	8C	3C	60	14	97	C7	28	A6	9E	C7	31	55	99	C7	91	59	A2	C7	B6	1F	BC	C7	60	14	97	C7	28	A6	9E	C7	31	55	99	C7	91	59	A2	C7	B6	1F	BC	C7	00	00	00	00	00	00	00	00	00	00	00	00	00	00	00	00	00	00	00	00
8.457	3D DATA	true	-	-	-	-	-77352.8	-81228.3	-78506.4	-83123.1	-96319.4	-77352.8	-81228.3	-78506.4	-83123.1	-96319.4	-	-	-	-	-
8.484	3D MESSAGE	48	00	FD	91	20	59	A4	8C	CC	FF	8C	3C	70	14	97	C7	39	A6	9E	C7	28	55	99	C7	82	59	A2	C7	B9	1F	BC	C7	70	14	97	C7	39	A6	9E	C7	28	55	99	C7	82	59	A2	C7	B9	1F	BC	C7	00	00	00	00	00	00	00	00	00	00	00	00	00	00	00	00	00	00	00	00
8.484	3D DATA	true	-	-	-	-	-77352.9	-81228.4	-78506.3	-83123.0	-96319.4	-77352.9	-81228.4	-78506.3	-83123.0	-96319.4	-	-	-	-	-
8.485	3D MESSAGE	48	00	FE	91	20	59	A5	8C	CC	FF	8C	3C	7C	14	97	C7	3A	A6	9E	C7	1D	55	99	C7	72	59	A2	C7	B4	1F	BC	C7	7C	14	97	C7	3A	A6	9E	C7	1D	55	99	C7	72	59	A2	C7	B4	1F	BC	C7	00	00	00	00	00	00	00	00	00	00	00	00	00	00	00	00	00	00	00	00
8.485	3D DATA	true	-	-	-	-	-77353.0	-81228.5	-78506.2	-83122.9	-96319.4	-77353.0	-81228.5	-78506.2	-83122.9	-96319.4	-	-	-	-	-
8.485	3D MESSAGE	48	00	FF	91	20	59	A6	8C	CC	FF	8C	3C	84	14	97	C7	2D	A6	9E	C7	12	55	99	C7	61	59	A2	C7	AA	1F	BC	C7	84	14	97	C7	2D	A6	9E	C7	12	55	99	C7	61	59	A2	C7	AA	1F	BC	C7	00	00	00	00	00	00	00	00	00	00	00	00	00	00	00	00	00	00	00	00
8.485	3D DATA	true	-	-	-	-	-77353.0	-81228.4	-78506.1	-83122.8	-96319.3	-77353.0	-81228.4	-78506.1	-83122.8	-96319.3	-	-	-	-	-
8.486	3D MESSAGE	48	00	00	91	20	59	A7	8C	CC	FF	8C	3C	86	14	97	C7	14	A6	9E	C7	0A	55	99	C7	54	59	A2	C7	9B	1F	BC	C7	86	14	97	C7	14	A6	9E	C7	0A	55	99	C7	54	59	A2	C7	9B	1F	BC	C7	00	00	00	00	00	00	00	00	00	00	00	00	00	00	00	00	00	00	00	00
8.486	3D DATA	true	-	-	-	-	-77353.0	-81228.2	-78506.1	-83122.7	-96319.2	-77353.0	-81228.2	-78506.1	-83122.7	-96319.2	-	-	-	-	-
8.486	3D MESSAGE	48	00	01	91	20	59	A8	8C	CC	FF	8C	3C	88	14	97	C7	F2	A5	9E	C7	06	55	99	C7	4D	59	A2	C7	89	1F	BC	C7	88	14	97	C7	F2	A5	9E	C7	06	55	99	C7	4D	59	A2	C7	89	1F	BC	C7	00	00	00	00	00	00	00	00	00	00	00	00	00	00	00	00	00	00	00	00
8.486	3D DATA	true	-	-	-	-	-77353.1	-81227.9	-78506.0	-83122.6	-96319.1	-77353.1	-81227.9	-78506.0	-83122.6	-96319.1	-	-	-	-	-
8.486	3D MESSAGE	48	00	02	91	20	59	A9	8C	CC	FF	8C	3C	89	14	97	C7	CD	A5	9E	C7	06	55	99	C7	4C	59	A2	C7	75	1F	BC	C7	89	14	97	C7	CD	A5	9E	C7	06	55	99	C7	4C	59	A2	C7	75	1F	BC	C7	00	00	00	00	00	00	00	00	00	00	00	00	00	00	00	00	00	00	00	00
8.486	3D DATA	true	-	-	-	-	-77353.1	-81227.6	-78506.0	-83122.6	-96318.9	-77353.1	-81227.6	-78506.0	-83122.6	-96318.9	-	-	-	-	-
8.518	3D MESSAGE	48	00	03	91	20	59	AA	8C	CC	FF	8C	3C	8B	14	97	C7	A8	A5	9E	C7	0A	55	99	C7	51	59	A2	C7	60	1F	BC	C7	8B	14	97	C7	A8	A5	9E	C7	0A	55	99	C7	51	59	A2	C7	60	1F	BC	C7	00	00	00	00	00	00	00	00	00	00	00	00	00	00	00	00	00	00	00	00
8.518	3D DATA	true	-	-	-	-	-77353.1	-81227.3	-78506.1	-83122.6	-96318.8	-77353.1	-81227.3	-78506.1	-83122.6	-96318.8	-	-	-	-	-
8.519	3D MESSAGE	48	00	04	91	20	59	AB	8C	CC	FF	8C	3C	8B	14	97	C7	85	A5	9E	C7	10	55	99	C7	59	59	A2	C7	4B	1F	BC	C7	8B	14	97	C7	85	A5	9E	C7	10	55	99	C7	59	59	A2	C7	4B	1F	BC	C7	00	00	00	00	00	00	00	00	00	00	00	00	00	00	00	00	00	00	00	00
8.519	3D DATA	true	-	-	-	-	-77353.1	-81227.0	-78506.1	-83122.7	-96318.6	-77353.1	-81227.0	-78506.1	-83122.7	-96318.6	-	-	-	-	-
8.519	3D MESSAGE	48	00	05	91	20	59	AC	8C	CC	FF	8C	3C	87	14	97	C7	66	A5	9E	C7	17	55	99	C7	63	59	A2	C7	37	1F	BC	C7	87	14	97	C7	66	A5	9E	C7	17	55	99	C7	63	59	A2	C7	37	1F	BC	C7	00	00	00	00	00	00	00	00	00	00	00	00	00	00	00	00	00	00	00	00
8.519	3D DATA	true	-	-	-	-	-77353.1	-81226.8	-78506.2	-83122.8	-96318.4	-77353.1	-81226.8	-78506.2	-83122.8	-96318.4	-	-	-	-	-
8.519	3D MESSAGE	48	00	06	91	20	59	AD	8C	CC	FF	8C	3C	7D	14	97	C7	4C	A5	9E	C7	20	55	99	C7	6C	59	A2	C7	24	1F	BC	C7	7D	14	97	C7	4C	A5	9E	C7	20	55	99	C7	6C	59	A2	C7	24	1F	BC	C7	00	00	00	00	00	00	00	00	00	00	00	00	00	00	00	00	00	00	00	00
8.519	3D DATA	true	-	-	-	-	-77353.0	-81226.6	-78506.2	-83122.8	-96318.3	-77353.0	-81226.6	-78506.2	-83122.8	-96318.3	-	-	-	-	-
8.520	3D MESSAGE	48	00	07	91	20	59	AE	8C	CC	FF	8C	3C	6C	14	97	C7	34	A5	9E	C7	2A	55	99	C7	74	59	A2	C7	14	1F	BC	C7	6C	14	97	C7	34	A5	9E	C7	2A	55	99	C7	74	59	A2	C7	14	1F	BC	C7	00	00	00	00	00	00	00	00	00	00	00	00	00	00	00	00	00	00	00	00
8.520	3D DATA	true	-	-	-	-	-77352.8	-81226.4	-78506.3	-83122.9	-96318.2	-77352.8	-81226.4	-78506.3	-83122.9	-96318.2	-	-	-	-	-
8.520	3D MESSAGE	48	00	08	91	20	59	AF	8C	CC	FF	8C	3C	55	14	97	C7	1C	A5	9E	C7	34	55	99	C7	7A	59	A2	C7	06	1F	BC	C7	55	14	97	C7	1C	A5	9E	C7	34	55	99	C7	7A	59	A2	C7	06	1F	BC	C7	00	00	00	00	00	00	00	00	00	00	00	00	00	00	00	00	00	00	00	00
8.520	3D DATA	true	-	-	-	-	-77352.7	-81226.2	-78506.4	-83123.0	-96318.0	-77352.7	-81226.2	-78506.4	-83123.0	-96318.0	-	-	-	-	-
8.520	3D MESSAGE	48	00	09	91	20	59	B0	8C	CC	FF	8C	3C	3B	14	97	C7	03	A5	9E	C7	3E	55	99	C7	7C	59	A2	C7	F9	1E	BC	C7	3B	14	97	C7	03	A5	9E	C7	3E	55	99	C7	7C	59	A2	C7	F9	1E	BC	C7	00	00	00	00	00	00	00	00	00	00	00	00	00	00	00	00	00	00	00	00
8.520	3D DATA	true	-	-	-	-	-77352.5	-81226.0	-78506.5	-83123.0	-96317.9	-77352.5	-81226.0	-78506.5	-83123.0	-96317.9	-	-	-	-	-
8.547	3D MESSAGE	48	00	0A	91	20	59	B1	8C	CC	FF	8C	3C	21	14	97	C7	E9	A4	9E	C7	48	55	99	C7	7E	59	A2	C7	ED	1E	BC	C7	21	14	97	C7	E9	A4	9E	C7	48	55	99	C7	7E	59	A2	C7	ED	1E	BC	C7	00	00	00	00	00	00	00	00	00	00	00	00	00	00	00	00	00	00	00	00
8.547	3D DATA	true	-	-	-	-	-77352.3	-81225.8	-78506.6	-83123.0	-96317.9	-77352.3	-81225.8	-78506.6	-83123.0	-96317.9	-	-	-	-	-
8.548	3D MESSAGE	48	00	0B	91	20	59	B2	8C	CC	FF	8C	3C	0C	14	97	C7	D0	A4	9E	C7	50	55	99	C7	7E	59	A2	C7	E2	1E	BC	C7	0C	14	97	C7	D0	A4	9E	C7	50	55	99	C7	7E	59	A2	C7	E2	1E	BC	C7	00	00	00	00	00	00	00	00	00	00	00	00	00	00	00	00	00	00	00	00
8.548	3D DATA	true	-	-	-	-	-77352.1	-81225.6	-78506.6	-83123.0	-96317.8	-77352.1	-81225.6	-78506.6	-83123.0	-96317.8	-	-	-	-	-
8.548	3D MESSAGE	48	00	0C	91	20	59	B3	8C	CC	FF	8C	3C	02	14	97	C7	BA	A4	9E	C7	55	55	99	C7	80	59	A2	C7	DD	1E	BC	C7	02	14	97	C7	BA	A4	9E	C7	55	55	99	C7	80	59	A2	C7	DD	1E	BC	C7	00	00	00	00	00	00	00	00	00	00	00	00	00	00	00	00	00	00	00	00
8.548	3D DATA	true	-	-	-	-	-77352.0	-81225.5	-78506.7	-83123.0	-96317.7	-77352.0	-81225.5	-78506.7	-83123.0	-96317.7	-	-	-	-	-
8.548	3D MESSAGE	48	00	0D	91	20	59	B4	8C	CC	FF	8C	3C	06	14	97	C7	AB	A4	9E	C7	59	55	99	C7	84	59	A2	C7	DE	1E	BC	C7	06	14	97	C7	AB	A4	9E	C7	59	55	99	C7	84	59	A2	C7	DE	1E	BC	C7	00	00	00	00	00	00	00	00	00	00	00	00	00	00	00	00	00	00	00	00
8.548	3D DATA	true	-	-	-	-	-77352.0	-81225.3	-78506.7	-83123.0	-96317.7	-77352.0	-81225.3	-78506.7	-83123.0	-96317.7	-	-	-	-	-
8.548	3D MESSAGE	48	00	0E	91	20	59	B5	8C	CC	FF	8C	3C	18	14	97	C7	A6	A4	9E	C7	5E	55	99	C7	8A	59	A2	C7	E9	1E	BC	C7	18	14	97	C7	A6	A4	9E	C7	5E	55	99	C7	8A	59	A2	C7	E9	1E	BC	C7	00	00	00	00	00	00	00	00	00	00	00	00	00	00	00	00	00	00	00	00
8.548	3D DATA	true	-	-	-	-	-77352.2	-81225.3	-78506.7	-83123.1	-96317.8	-77352.2	-81225.3	-78506.7	-83123.1	-96317.8	-	-	-	-	-
8.577	3D MESSAGE	48	00	0F	91	20	59	B6	8C	CC	FF	8C	3C	39	14	97	C7	AC	A4	9E	C7	66	55	99	C7	92	59	A2	C7	FF	1E	BC	C7	39	14	97	C7	AC	A4	9E	C7	66	55	99	C7	92	59	A2	C7	FF	1E	BC	C7	00	00	00	00	00	00	00	00	00	00	00	00	00	00	00	00	00	00	00	00
8.577	3D DATA	true	-	-	-	-	-77352.4	-81225.3	-78506.8	-83123.1	-96318.0	-77352.4	-81225.3	-78506.8	-83123.1	-96318.0	-	-	-	-	-
8.578	3D MESSAGE	48	00	10	91	20	59	B7	8C	CC	FF	8C	3C	65	14	97	C7	BF	A4	9E	C7	74	55	99	C7	98	59	A2	C7	1F	1F	BC	C7	65	14	97	C7	BF	A4	9E	C7	74	55	99	C7	98	59	A2	C7	1F	1F	BC	C7	00	00	00	00	00	00	00	00	00	00	00	00	00	00	00	00	00	00	00	00
8.578	3D DATA	true	-	-	-	-	-77352.8	-81225.5	-78506.9	-83123.2	-96318.2	-77352.8	-81225.5	-78506.9	-83123.2	-96318.2	-	-	-	-	-
8.578	3D MESSAGE	48	00	11	91	20	59	B8	8C	CC	FF	8C	3C	97	14	97	C7	DC	A4	9E	C7	87	55	99	C7	9C	59	A2	C7	45	1F	BC	C7	97	14	97	C7	DC	A4	9E	C7	87	55	99	C7	9C	59	A2	C7	45	1F	BC	C7	00	00	00	00	00	00	00	00	00	00	00	00	00	00	00	00	00	00	00	00
8.578	3D DATA	true	-	-	-	-	-77353.2	-81225.7	-78507.1	-83123.2	-96318.5	-77353.2	-81225.7	-78507.1	-83123.2	-96318.5	-	-	-	-	-
8.578	3D MESSAGE	48	00	12	91	20	59	B9	8C	CC	FF	8C	3C	CB	14	97	C7	FF	A4	9E	C7	9D	55	99	C7	9A	59	A2	C7	6C	1F	BC	C7	CB	14	97	C7	FF	A4	9E	C7	9D	55	99	C7	9A	59	A2	C7	6C	1F	BC	C7	00	00	00	00	00	00	00	00	00	00	00	00	00	00	00	00	00	00	00	00
8.578	3D DATA	true	-	-	-	-	-77353.6	-81226.0	-78507.2	-83123.2	-96318.8	-77353.6	-81226.0	-78507.2	-83123.2	-96318.8	-	-	-	-	-
8.579	3D MESSAGE	48	00	13	91	20	59	BA	8C	CC	FF	8C	3C	FA	14	97	C7	25	A5	9E	C7	B2	55	99	C7	92	59	A2	C7	8E	1F	BC	C7	FA	14	97	C7	25	A5	9E	C7	B2	55	99	C7	92	59	A2	C7	8E	1F	BC	C7	00	00	00	00	00	00	00	00	00	00	00	00	00	00	00	00	00	00	00	00
8.579	3D DATA	true	-	-	-	-	-77354.0	-81226.3	-78507.4	-83123.1	-96319.1	-77354.0	-81226.3	-78507.4	-83123.1	-96319.1	-	-	-	-	-
8.579	3D MESSAGE	48	00	14	91	20	59	BB	8C	CC	FF	8C	3C	1F	15	97	C7	48	A5	9E	C7	C0	55	99	C7	86	59	A2	C7	A8	1F	BC	C7	1F	15	97	C7	48	A5	9E	C7	C0	55	99	C7	86	59	A2	C7	A8	1F	BC	C7	00	00	00	00	00	00	00	00	00	00	00	00	00	00	00	00	00	00	00	00
8.579	3D DATA	true	-	-	-	-	-77354.2	-81226.6	-78507.5	-83123.0	-96319.3	-77354.2	-81226.6	-78507.5	-83123.0	-96319.3	-	-	-	-	-
8.609	3D MESSAGE	48	00	15	91	20	59	BC	8C	CC	FF	8C	3C	3A	15	97	C7	67	A5	9E	C7	C5	55	99	C7	76	59	A2	C7	B8	1F	BC	C7	3A	15	97	C7	67	A5	9E	C7	C5	55	99	C7	76	59	A2	C7	B8	1F	BC	C7	00	00	00	00	00	00	00	00	00	00	00	00	00	00	00	00	00	00	00	00
8.609	3D DATA	true	-	-	-	-	-77354.5	-81226.8	-78507.5	-83122.9	-96319.4	-77354.5	-81226.8	-78507.5	-83122.9	-96319.4	-	-	-	-	-
8.610	3D MESSAGE	48	00	16	91	20	59	BD	8C	CC	FF	8C	3C	48	15	97	C7	80	A5	9E	C7	BF	55	99	C7	66	59	A2	C7	BE	1F	BC	C7	48	15	97	C7	80	A5	9E	C7	BF	55	99	C7	66	59	A2	C7	BE	1F	BC	C7	00	00	00	00	00	00	00	00	00	00	00	00	00	00	00	00	00	00	00	00
8.610	3D DATA	true	-	-	-	-	-77354.6	-81227.0	-78507.5	-83122.8	-96319.5	-77354.6	-81227.0	-78507.5	-83122.8	-96319.5	-	-	-	-	-
8.610	3D MESSAGE	48	00	17	91	20	59	BE	8C	CC	FF	8C	3C	4C	15	97	C7	95	A5	9E	C7	AE	55	99	C7	5B	59	A2	C7	BE	1F	BC	C7	4C	15	97	C7	95	A5	9E	C7	AE	55	99	C7	5B	59	A2	C7	BE	1F	BC	C7	00	00	00	00	00	00	00	00	00	00	00	00	00	00	00	00	00	00	00	00
8.610	3D DATA	true	-	-	-	-	-77354.6	-81227.2	-78507.4	-83122.7	-96319.5	-77354.6	-81227.2	-78507.4	-83122.7	-96319.5	-	-	-	-	-
8.610	3D MESSAGE	48	00	18	91	20	59	BF	8C	CC	FF	8C	3C	4A	15	97	C7	A9	A5	9E	C7	99	55	99	C7	57	59	A2	C7	BF	1F	BC	C7	4A	15	97	C7	A9	A5	9E	C7	99	55	99	C7	57	59	A2	C7	BF	1F	BC	C7	00	00	00	00	00	00	00	00	00	00	00	00	00	00	00	00	00	00	00	00
8.610	3D DATA	true	-	-	-	-	-77354.6	-81227.3	-78507.2	-83122.7	-96319.5	-77354.6	-81227.3	-78507.2	-83122.7	-96319.5	-	-	-	-	-
8.611	3D MESSAGE	48	00	19	91	20	59	C0	8C	CC	FF	8C	3C	46	15	97	C7	BF	A5	9E	C7	84	55	99	C7	5C	59	A2	C7	C3	1F	BC	C7	46	15	97	C7	BF	A5	9E	C7	84	55	99	C7	5C	59	A2	C7	C3	1F	BC	C7	00	00	00	00	00	00	00	00	00	00	00	00	00	00	00	00	00	00	00	00
8.611	3D DATA	true	-	-	-	-	-77354.5	-81227.5	-78507.0	-83122.7	-96319.5	-77354.5	-81227.5	-78507.0	-83122.7	-96319.5	-	-	-	-	-
8.611	3D MESSAGE	48	00	1A	91	20	59	C1	8C	CC	FF	8C	3C	42	15	97	C7	DB	A5	9E	C7	73	55	99	C7	6A	59	A2	C7	CD	1F	BC	C7	42	15	97	C7	DB	A5	9E	C7	73	55	99	C7	6A	59	A2	C7	CD	1F	BC	C7	00	00	00	00	00	00	00	00	00	00	00	00	00	00	00	00	00	00	00	00
8.611	3D DATA	true	-	-	-	-	-77354.5	-81227.7	-78506.9	-83122.8	-96319.6	-77354.5	-81227.7	-78506.9	-83122.8	-96319.6	-	-	-	-	-
8.611	3D MESSAGE	48	00	1B	91	20	59	C2	8C	CC	FF	8C	3C	40	15	97	C7	FD	A5	9E	C7	68	55	99	C7	7F	59	A2	C7	DC	1F	BC	C7	40	15	97	C7	FD	A5	9E	C7	68	55	99	C7	7F	59	A2	C7	DC	1F	BC	C7	00	00	00	00	00	00	00	00	00	00	00	00	00	00	00	00	00	00	00	00
8.611	3D DATA	true	-	-	-	-	-77354.5	-81228.0	-78506.8	-83123.0	-96319.7	-77354.5	-81228.0	-78506.8	-83123.0	-96319.7	-	-	-	-	-
8.642	3D MESSAGE	48	00	1C	91	20	59	C3	8C	CC	FF	8C	3C	40	15	97	C7	22	A6	9E	C7	64	55	99	C7	97	59	A2	C7	EC	1F	BC	C7	40	15	97	C7	22	A6	9E	C7	64	55	99	C7	97	59	A2	C7	EC	1F	BC	C7	00	00	00	00	00	00	00	00	00	00	00	00	00	00	00	00	00	00	00	00
8.642	3D DATA	true	-	-	-	-	-77354.5	-81228.3	-78506.8	-83123.2	-96319.8	-77354.5	-81228.3	-78506.8	-83123.2	-96319.8	-	-	-	-	-
8.642	3D MESSAGE	48	00	1D	91	20	59	C4	8C	BA	FE	90	3C	3F	15	97	C7	46	A6	9E	C7	63	55	99	C7	AE	59	A2	C7	F8	1F	BC	C7	3F	15	97	C7	46	A6	9E	C7	63	55	99	C7	AE	59	A2	C7	F8	1F	BC	C7	00	00	00	00	00	00	00	00	00	00	00	00	00	00	00	00	00	00	00	00
8.642	3D DATA	true	-	-	-	-	-77354.5	-81228.5	-78506.8	-83123.4	-96319.9	-77354.5	-81228.5	-78506.8	-83123.4	-96319.9	-	-	-	-	-
8.643	3D MESSAGE	48	00	1E	91	20	59	C5	8C	BA	FE	90	3C	3E	15	97	C7	62	A6	9E	C7	63	55	99	C7	C1	59	A2	C7	F9	1F	BC	C7	3E	15	97	C7	62	A6	9E	C7	63	55	99	C7	C1	59	A2	C7	F9	1F	BC	C7	00	00	00	00	00	00	00	00	00	00	00	00	00	00	00	00	00	00	00	00
8.643	3D DATA	true	-	-	-	-	-77354.5	-81228.8	-78506.8	-83123.5	-96319.9	-77354.5	-81228.8	-78506.8	-83123.5	-96319.9	-	-	-	-	-
8.643	3D MESSAGE	48	00	1F	91	20	59	C6	8C	BA	FE	90	3C	3A	15	97	C7	70	A6	9E	C7	61	55	99	C7	CA	59	A2	C7	EC	1F	BC	C7	3A	15	97	C7	70	A6	9E	C7	61	55	99	C7	CA	59	A2	C7	EC	1F	BC	C7	00	00	00	00	00	00	00	00	00	00	00	00	00	00	00	00	00	00	00	00
8.643	3D DATA	true	-	-	-	-	-77354.5	-81228.9	-78506.8	-83123.6	-96319.8	-77354.5	-81228.9	-78506.8	-83123.6	-96319.8	-	-	-	-	-
8.643	3D MESSAGE	48	00	20	91	20	59	C7	8C	BA	FE	90	3C	35	15	97	C7	6E	A6	9E	C7	5E	55	99	C7	CB	59	A2	C7	CE	1F	BC	C7	35	15	97	C7	6E	A6	9E	C7	5E	55	99	C7	CB	59	A2	C7	CE	1F	BC	C7	00	00	00	00	00	00	00	00	00	00	00	00	00	00	00	00	00	00	00	00
8.643	3D DATA	true	-	-	-	-	-77354.4	-81228.9	-78506.7	-83123.6	-96319.6	-77354.4	-81228.9	-78506.7	-83123.6	-96319.6	-	-	-	-	-
8.643	3D MESSAGE	48	00	21	91	20	59	C8	8C	BA	FE	90	3C	2D	15	97	C7	58	A6	9E	C7	58	55	99	C7	C2	59	A2	C7	A1	1F	BC	C7	2D	15	97	C7	58	A6	9E	C7	58	55	99	C7	C2	59	A2	C7	A1	1F	BC	C7	00	00	00	00	00	00	00	00	00	00	00	00	00	00	00	00	00	00	00	00
8.643	3D DATA	true	-	-	-	-	-77354.4	-81228.7	-78506.7	-83123.5	-96319.3	-77354.4	-81228.7	-78506.7	-83123.5	-96319.3	-	-	-	-	-
8.671	3D MESSAGE	48	00	22	91	20	59	C9	8C	BA	FE	90	3C	23	15	97	C7	32	A6	9E	C7	51	55	99	C7	B2	59	A2	C7	68	1F	BC	C7	23	15	97	C7	32	A6	9E	C7	51	55	99	C7	B2	59	A2	C7	68	1F	BC	C7	00	00	00	00	00	00	00	00	00	00	00	00	00	00	00	00	00	00	00	00
8.671	3D DATA	true	-	-	-	-	-77354.3	-81228.4	-78506.6	-83123.4	-96318.8	-77354.3	-81228.4	-78506.6	-83123.4	-96318.8	-	-	-	-	-
8.671	3D MESSAGE	48	00	23	91	20	59	CA	8C	BA	FE	90	3C	17	15	97	C7	FF	A5	9E	C7	4A	55	99	C7	9E	59	A2	C7	24	1F	BC	C7	17	15	97	C7	FF	A5	9E	C7	4A	55	99	C7	9E	59	A2	C7	24	1F	BC	C7	00	00	00	00	00	00	00	00	00	00	00	00	00	00	00	00	00	00	00	00
8.672	3D DATA	true	-	-	-	-	-77354.2	-81228.0	-78506.6	-83123.2	-96318.3	-77354.2	-81228.0	-78506.6	-83123.2	-96318.3	-	-	-	-	-
8.672	3D MESSAGE	48	00	24	91	20	59	CB	8C	BA	FE	90	3C	07	15	97	C7	C6	A5	9E	C7	42	55	99	C7	89	59	A2	C7	DC	1E	BC	C7	07	15	97	C7	C6	A5	9E	C7	42	55	99	C7	89	59	A2	C7	DC	1E	BC	C7	00	00	00	00	00	00	00	00	00	00	00	00	00	00	00	00	00	00	00	00
8.672	3D DATA	true	-	-	-	-	-77354.1	-81227.5	-78506.5	-83123.1	-96317.7	-77354.1	-81227.5	-78506.5	-83123.1	-96317.7	-	-	-	-	-
8.672	3D MESSAGE	48	00	25	91	20	59	CC	8C	BA	FE	90	3C	F5	14	97	C7	8D	A5	9E	C7	3B	55	99	C7	76	59	A2	C7	92	1E	BC	C7	F5	14	97	C7	8D	A5	9E	C7	3B	55	99	C7	76	59	A2	C7	92	1E	BC	C7	00	00	00	00	00	00	00	00	00	00	00	00	00	00	00	00	00	00	00	00
8.672	3D DATA	true	-	-	-	-	-77353.9	-81227.1	-78506.5	-83122.9	-96317.1	-77353.9	-81227.1	-78506.5	-83122.9	-96317.1	-	-	-	-	-
8.673	3D MESSAGE	48	00	26	91	20	59	CD	8C	BA	FE	90	3C	E0	14	97	C7	5B	A5	9E	C7	33	55	99	C7	68	59	A2	C7	4A	1E	BC	C7	E0	14	97	C7	5B	A5	9E	C7	33	55	99	C7	68	59	A2	C7	4A	1E	BC	C7	00	00	00	00	00	00	00	00	00	00	00	00	00	00	00	00	00	00	00	00
8.673	3D DATA	true	-	-	-	-	-77353.8	-81226.7	-78506.4	-83122.8	-96316.6	-77353.8	-81226.7	-78506.4	-83122.8	-96316.6	-	-	-	-	-
8.673	3D MESSAGE	48	00	27	91	20	59	CE	8C	BA	FE	90	3C	CC	14	97	C7	35	A5	9E	C7	2B	55	99	C7	60	59	A2	C7	0B	1E	BC	C7	CC	14	97	C7	35	A5	9E	C7	2B	55	99	C7	60	59	A2	C7	0B	1E	BC	C7	00	00	00	00	00	00	00	00	00	00	00	00	00	00	00	00	00	00	00	00
8.673	3D DATA	true	-	-	-	-	-77353.6	-81226.4	-78506.3	-83122.8	-96316.1	-77353.6	-81226.4	-78506.3	-83122.8	-96316.1	-	-	-	-	-
8.703	3D MESSAGE	48	00	28	91	20	59	CF	8C	BA	FE	90	3C	BB	14	97	C7	1E	A5	9E	C7	24	55	99	C7	5F	59	A2	C7	D8	1D	BC	C7	BB	14	97	C7	1E	A5	9E	C7	24	55	99	C7	5F	59	A2	C7	D8	1D	BC	C7	00	00	00	00	00	00	00	00	00	00	00	00	00	00	00	00	00	00	00	00
8.703	3D DATA	true	-	-	-	-	-77353.5	-81226.2	-78506.3	-83122.7	-96315.7	-77353.5	-81226.2	-78506.3	-83122.7	-96315.7	-	-	-	-	-
8.704	3D MESSAGE	48	00	29	91	20	59	D0	8C	BA	FE	90	3C	B1	14	97	C7	18	A5	9E	C7	20	55	99	C7	63	59	A2	C7	B7	1D	BC	C7	B1	14	97	C7	18	A5	9E	C7	20	55	99	C7	63	59	A2	C7	B7	1D	BC	C7	00	00	00	00	00	00	00	00	00	00	00	00	00	00	00	00	00	00	00	00
8.704	3D DATA	true	-	-	-	-	-77353.4	-81226.2	-78506.2	-83122.8	-96315.4	-77353.4	-81226.2	-78506.2	-83122.8	-96315.4	-	-	-	-	-
8.705	3D MESSAGE	48	00	2A	91	20	59	D1	8C	BA	FE	90	3C	B1	14	97	C7	22	A5	9E	C7	22	55	99	C7	6D	59	A2	C7	AE	1D	BC	C7	B1	14	97	C7	22	A5	9E	C7	22	55	99	C7	6D	59	A2	C7	AE	1D	BC	C7	00	00	00	00	00	00	00	00	00	00	00	00	00	00	00	00	00	00	00	00
8.705	3D DATA	true	-	-	-	-	-77353.4	-81226.3	-78506.3	-83122.9	-96315.4	-77353.4	-81226.3	-78506.3	-83122.9	-96315.4	-	-	-	-	-
8.705	3D MESSAGE	48	00	2B	91	20	59	D2	8C	BA	FE	90	3C	BA	14	97	C7	3A	A5	9E	C7	2A	55	99	C7	7A	59	A2	C7	BE	1D	BC	C7	BA	14	97	C7	3A	A5	9E	C7	2A	55	99	C7	7A	59	A2	C7	BE	1D	BC	C7	00	00	00	00	00	00	00	00	00	00	00	00	00	00	00	00	00	00	00	00
8.705	3D DATA	true	-	-	-	-	-77353.5	-81226.5	-78506.3	-83123.0	-96315.5	-77353.5	-81226.5	-78506.3	-83123.0	-96315.5	-	-	-	-	-
8.706	3D MESSAGE	48	00	2C	91	20	59	D3	8C	BA	FE	90	3C	CC	14	97	C7	5A	A5	9E	C7	39	55	99	C7	88	59	A2	C7	E3	1D	BC	C7	CC	14	97	C7	5A	A5	9E	C7	39	55	99	C7	88	59	A2	C7	E3	1D	BC	C7	00	00	00	00	00	00	00	00	00	00	00	00	00	00	00	00	00	00	00	00
8.706	3D DATA	true	-	-	-	-	-77353.6	-81226.7	-78506.4	-83123.1	-96315.8	-77353.6	-81226.7	-78506.4	-83123.1	-96315.8	-	-	-	-	-
8.706	3D MESSAGE	48	00	2D	91	20	59	D4	8C	BA	FE	90	3C	E3	14	97	C7	7F	A5	9E	C7	4D	55	99	C7	93	59	A2	C7	17	1E	BC	C7	E3	14	97	C7	7F	A5	9E	C7	4D	55	99	C7	93	59	A2	C7	17	1E	BC	C7	00	00	00	00	00	00	00	00	00	00	00	00	00	00	00	00	00	00	00	00
8.706	3D DATA	true	-	-	-	-	-77353.8	-81227.0	-78506.6	-83123.1	-96316.2	-77353.8	-81227.0	-78506.6	-83123.1	-96316.2	-	-	-	-	-
8.706	3D MESSAGE	48	00	2E	91	20	59	D5	8C	BA	FE	90	3C	FE	14	97	C7	A4	A5	9E	C7	62	55	99	C7	9A	59	A2	C7	4F	1E	BC	C7	FE	14	97	C7	A4	A5	9E	C7	62	55	99	C7	9A	59	A2	C7	4F	1E	BC	C7	00	00	00	00	00	00	00	00	00	00	00	00	00	00	00	00	00	00	00	00
8.706	3D DATA	true	-	-	-	-	-77354.0	-81227.3	-78506.8	-83123.2	-96316.6	-77354.0	-81227.3	-78506.8	-83123.2	-96316.6	-	-	-	-	-
8.734	3D MESSAGE	48	00	2F	91	20	59	D6	8C	BA	FE	90	3C	18	15	97	C7	C6	A5	9E	C7	74	55	99	C7	9A	59	A2	C7	83	1E	BC	C7	18	15	97	C7	C6	A5	9E	C7	74	55	99	C7	9A	59	A2	C7	83	1E	BC	C7	00	00	00	00	00	00	00	00	00	00	00	00	00	00	00	00	00	00	00	00
8.734	3D DATA	true	-	-	-	-	-77354.2	-81227.5	-78506.9	-83123.2	-96317.0	-77354.2	-81227.5	-78506.9	-83123.2	-96317.0	-	-	-	-	-
8.734	3D MESSAGE	48	00	30	91	20	59	D7	8C	BA	FE	90	3C	2E	15	97	C7	E3	A5	9E	C7	80	55	99	C7	95	59	A2	C7	AA	1E	BC	C7	2E	15	97	C7	E3	A5	9E	C7	80	55	99	C7	95	59	A2	C7	AA	1E	BC	C7	00	00	00	00	00	00	00	00	00	00	00	00	00	00	00	00	00	00	00	00
8.734	3D DATA	true	-	-	-	-	-77354.4	-81227.8	-78507.0	-83123.2	-96317.3	-77354.4	-81227.8	-78507.0	-83123.2	-96317.3	-	-	-	-	-
8.735	3D MESSAGE	48	00	31	91	20	59	D8	8C	BA	FE	90	3C	3F	15	97	C7	F8	A5	9E	C7	83	55	99	C7	8B	59	A2	C7	C0	1E	BC	C7	3F	15	97	C7	F8	A5	9E	C7	83	55	99	C7	8B	59	A2	C7	C0	1E	BC	C7	00	00	00	00	00	00	00	00	00	00	00	00	00	00	00	00	00	00	00	00
8.735	3D DATA	true	-	-	-	-	-77354.5	-81227.9	-78507.0	-83123.1	-96317.5	-77354.5	-81227.9	-78507.0	-83123.1	-96317.5	-	-	-	-	-
8.735	3D MESSAGE	48	00	32	91	20	59	D9	8C	BA	FE	90	3C	48	15	97	C7	04	A6	9E	C7	7E	55	99	C7	7F	59	A2	C7	C6	1E	BC	C7	48	15	97	C7	04	A6	9E	C7	7E	55	99	C7	7F	59	A2	C7	C6	1E	BC	C7	00	00	00	00	00	00	00	00	00	00	00	00	00	00	00	00	00	00	00	00
8.735	3D DATA	true	-	-	-	-	-77354.6	-81228.0	-78507.0	-83123.0	-96317.5	-77354.6	-81228.0	-78507.0	-83123.0	-96317.5	-	-	-	-	-
8.735	3D MESSAGE	48	00	33	91	20	59	DA	8C	BA	FE	90	3C	47	15	97	C7	06	A6	9E	C7	74	55	99	C7	71	59	A2	C7	BD	1E	BC	C7	47	15	97	C7	06	A6	9E	C7	74	55	99	C7	71	59	A2	C7	BD	1E	BC	C7	00	00	00	00	00	00	00	00	00	00	00	00	00	00	00	00	00	00	00	00
8.735	3D DATA	true	-	-	-	-	-77354.6	-81228.0	-78506.9	-83122.9	-96317.5	-77354.6	-81228.0	-78506.9	-83122.9	-96317.5	-	-	-	-	-
8.736	3D MESSAGE	48	00	34	91	20	59	DB	8C	BA	FE	90	3C	3C	15	97	C7	FC	A5	9E	C7	65	55	99	C7	64	59	A2	C7	AB	1E	BC	C7	3C	15	97	C7	FC	A5	9E	C7	65	55	99	C7	64	59	A2	C7	AB	1E	BC	C7	00	00	00	00	00	00	00	00	00	00	00	00	00	00	00	00	00	00	00	00
8.736	3D DATA	true	-	-	-	-	-77354.5	-81228.0	-78506.8	-83122.8	-96317.3	-77354.5	-81228.0	-78506.8	-83122.8	-96317.3	-	-	-	-	-
8.736	3D MESSAGE	48	00	35	91	20	59	DC	8C	BA	FE	90	3C	28	15	97	C7	E8	A5	9E	C7	56	55	99	C7	56	59	A2	C7	94	1E	BC	C7	28	15	97	C7	E8	A5	9E	C7	56	55	99	C7	56	59	A2	C7	94	1E	BC	C7	00	00	00	00	00	00	00	00	00	00	00	00	00	00	00	00	00	00	00	00
8.736	3D DATA	true	-	-	-	-	-77354.3	-81227.8	-78506.7	-83122.7	-96317.2	-77354.3	-81227.8	-78506.7	-83122.7	-96317.2	-	-	-	-	-
8.765	3D MESSAGE	48	00	36	91	20	59	DD	8C	BA	FE	90	3C	0E	15	97	C7	CC	A5	9E	C7	48	55	99	C7	47	59	A2	C7	7B	1E	BC	C7	0E	15	97	C7	CC	A5	9E	C7	48	55	99	C7	47	59	A2	C7	7B	1E	BC	C7	00	00	00	00	00	00	00	00	00	00	00	00	00	00	00	00	00	00	00	00
8.765	3D DATA	true	-	-	-	-	-77354.1	-81227.6	-78506.6	-83122.6	-96317.0	-77354.1	-81227.6	-78506.6	-83122.6	-96317.0	-	-	-	-	-
8.766	3D MESSAGE	48	00	37	91	20	59	DE	8C	BA	FE	90	3C	F0	14	97	C7	AB	A5	9E	C7	3A	55	99	C7	37	59	A2	C7	65	1E	BC	C7	F0	14	97	C7	AB	A5	9E	C7	3A	55	99	C7	37	59	A2	C7	65	1E	BC	C7	00	00	00	00	00	00	00	00	00	00	00	00	00	00	00	00	00	00	00	00
8.766	3D DATA	true	-	-	-	-	-77353.9	-81227.3	-78506.5	-83122.4	-96316.8	-77353.9	-81227.3	-78506.5	-83122.4	-96316.8	-	-	-	-	-
8.766	3D MESSAGE	48	00	38	91	20	59	DF	8C	BA	FE	90	3C	D5	14	97	C7	8C	A5	9E	C7	2D	55	99	C7	26	59	A2	C7	54	1E	BC	C7	D5	14	97	C7	8C	A5	9E	C7	2D	55	99	C7	26	59	A2	C7	54	1E	BC	C7	00	00	00	00	00	00	00	00	00	00	00	00	00	00	00	00	00	00	00	00
8.766	3D DATA	true	-	-	-	-	-77353.7	-81227.1	-78506.4	-83122.3	-96316.7	-77353.7	-81227.1	-78506.4	-83122.3	-96316.7	-	-	-	-	-
8.766	3D MESSAGE	48	00	39	91	20	59	E0	8C	BA	FE	90	3C	BF	14	97	C7	76	A5	9E	C7	21	55	99	C7	16	59	A2	C7	4E	1E	BC	C7	BF	14	97	C7	76	A5	9E	C7	21	55	99	C7	16	59	A2	C7	4E	1E	BC	C7	00	00	00	00	00	00	00	00	00	00	00	00	00	00	00	00	00	00	00	00
8.766	3D DATA	true	-	-	-	-	-77353.5	-81226.9	-78506.3	-83122.2	-96316.6	-77353.5	-81226.9	-78506.3	-83122.2	-96316.6	-	-	-	-	-
8.767	3D MESSAGE	48	00	3A	91	20	59	E1	8C	BA	FE	90	3C	B2	14	97	C7	6E	A5	9E	C7	13	55	99	C7	0A	59	A2	C7	52	1E	BC	C7	B2	14	97	C7	6E	A5	9E	C7	13	55	99	C7	0A	59	A2	C7	52	1E	BC	C7	00	00	00	00	00	00	00	00	00	00	00	00	00	00	00	00	00	00	00	00
8.767	3D DATA	true	-	-	-	-	-77353.4	-81226.9	-78506.1	-83122.1	-96316.6	-77353.4	-81226.9	-78506.1	-83122.1	-96316.6	-	-	-	-	-
8.767	3D MESSAGE	48	00	3B	91	20	59	E2	8C	BA	FE	90	3C	AE	14	97	C7	76	A5	9E	C7	04	55	99	C7	04	59	A2	C7	62	1E	BC	C7	AE	14	97	C7	76	A5	9E	C7	04	55	99	C7	04	59	A2	C7	62	1E	BC	C7	00	00	00	00	00	00	00	00	00	00	00	00	00	00	00	00	00	00	00	00
8.767	3D DATA	true	-	-	-	-	-77353.4	-81226.9	-78506.0	-83122.0	-96316.8	-77353.4	-81226.9	-78506.0	-83122.0	-96316.8	-	-	-	-	-
8.799	3D MESSAGE	48	00	3C	91	20	59	E3	8C	BA	FE	90	3C	B1	14	97	C7	8E	A5	9E	C7	F4	54	99	C7	07	59	A2	C7	7C	1E	BC	C7	B1	14	97	C7	8E	A5	9E	C7	F4	54	99	C7	07	59	A2	C7	7C	1E	BC	C7	00	00	00	00	00	00	00	00	00	00	00	00	00	00	00	00	00	00	00	00
8.799	3D DATA	true	-	-	-	-	-77353.4	-81227.1	-78505.9	-83122.1	-96317.0	-77353.4	-81227.1	-78505.9	-83122.1	-96317.0	-	-	-	-	-
8.799	3D MESSAGE	48	00	3D	91	20	59	E4	8C	BA	FE	90	3C	B8	14	97	C7	B0	A5	9E	C7	E3	54	99	C7	11	59	A2	C7	99	1E	BC	C7	B8	14	97	C7	B0	A5	9E	C7	E3	54	99	C7	11	59	A2	C7	99	1E	BC	C7	00	00	00	00	00	00	00	00	00	00	00	00	00	00	00	00	00	00	00	00
8.799	3D DATA	true	-	-	-	-	-77353.4	-81227.4	-78505.8	-83122.1	-96317.2	-77353.4	-81227.4	-78505.8	-83122.1	-96317.2	-	-	-	-	-
8.800	3D MESSAGE	48	00	3E	91	20	59	E5	8C	BA	FE	90	3C	C0	14	97	C7	D4	A5	9E	C7	D0	54	99	C7	20	59	A2	C7	B3	1E	BC	C7	C0	14	97	C7	D4	A5	9E	C7	D0	54	99	C7	20	59	A2	C7	B3	1E	BC	C7	00	00	00	00	00	00	00	00	00	00	00	00	00	00	00	00	00	00	00	00
8.800	3D DATA	true	-	-	-	-	-77353.5	-81227.7	-78505.6	-83122.2	-96317.4	-77353.5	-81227.7	-78505.6	-83122.2	-96317.4	-	-	-	-	-
8.800	3D MESSAGE	48	00	3F	91	20	59	E6	8C	BA	FE	90	3C	C3	14	97	C7	F5	A5	9E	C7	BC	54	99	C7	30	59	A2	C7	C2	1E	BC	C7	C3	14	97	C7	F5	A5	9E	C7	BC	54	99	C7	30	59	A2	C7	C2	1E	BC	C7	00	00	00	00	00	00	00	00	00	00	00	00	00	00	00	00	00	00	00	00
8.800	3D DATA	true	-	-	-	-	-77353.5	-81227.9	-78505.5	-83122.4	-96317.5	-77353.5	-81227.9	-78505.5	-83122.4	-96317.5	-	-	-	-	-
8.800	3D MESSAGE	48	00	40	91	20	59	E7	8C	BA	FE	90	3C	C0	14	97	C7	0B	A6	9E	C7	A8	54	99	C7	3D	59	A2	C7	C5	1E	BC	C7	C0	14	97	C7	0B	A6	9E	C7	A8	54	99	C7	3D	59	A2	C7	C5	1E	BC	C7	00	00	00	00	00	00	00	00	00	00	00	00	00	00	00	00	00	00	00	00
8.800	3D DATA	true	-	-	-	-	-77353.5	-81228.1	-78505.3	-83122.5	-96317.5	-77353.5	-81228.1	-78505.3	-83122.5	-96317.5	-	-	-	-	-
8.801	3D MESSAGE	48	00	41	91	20	59	E8	8C	BA	FE	90	3C	B4	14	97	C7	12	A6	9E	C7	96	54	99	C7	44	59	A2	C7	BB	1E	BC	C7	B4	14	97	C7	12	A6	9E	C7	96	54	99	C7	44	59	A2	C7	BB	1E	BC	C7	00	00	00	00	00	00	00	00	00	00	00	00	00	00	00	00	00	00	00	00
8.801	3D DATA	true	-	-	-	-	-77353.4	-81228.1	-78505.2	-83122.5	-96317.5	-77353.4	-81228.1	-78505.2	-83122.5	-96317.5	-	-	-	-	-
8.801	3D MESSAGE	48	00	42	91	20	59	E9	8C	BA	FE	90	3C	A2	14	97	C7	0A	A6	9E	C7	86	54	99	C7	42	59	A2	C7	A8	1E	BC	C7	A2	14	97	C7	0A	A6	9E	C7	86	54	99	C7	42	59	A2	C7	A8	1E	BC	C7	00	00	00	00	00	00	00	00	00	00	00	00	00	00	00	00	00	00	00	00
8.801	3D DATA	true	-	-	-	-	-77353.3	-81228.1	-78505.0	-83122.5	-96317.3	-77353.3	-81228.1	-78505.0	-83122.5	-96317.3	-	-	-	-	-
8.829	3D MESSAGE	48	00	43	91	20	59	EA	8C	BA	FE	90	3C	8A	14	97	C7	F2	A5	9E	C7	7C	54	99	C7	38	59	A2	C7	94	1E	BC	C7	8A	14	97	C7	F2	A5	9E	C7	7C	54	99	C7	38	59	A2	C7	94	1E	BC	C7	00	00	00	00	00	00	00	00	00	00	00	00	00	00	00	00	00	00	00	00
8.829	3D DATA	true	-	-	-	-	-77353.1	-81227.9	-78505.0	-83122.4	-96317.2	-77353.1	-81227.9	-78505.0	-83122.4	-96317.2	-	-	-	-	-
8.829	3D MESSAGE	48	00	44	91	20	59	EB	8C	BA	FE	90	3C	72	14	97	C7	CE	A5	9E	C7	77	54	99	C7	28	59	A2	C7	84	1E	BC	C7	72	14	97	C7	CE	A5	9E	C7	77	54	99	C7	28	59	A2	C7	84	1E	BC	C7	00	00	00	00	00	00	00	00	00	00	00	00	00	00	00	00	00	00	00	00
8.829	3D DATA	true	-	-	-	-	-77352.9	-81227.6	-78504.9	-83122.3	-96317.0	-77352.9	-81227.6	-78504.9	-83122.3	-96317.0	-	-	-	-	-
8.830	3D MESSAGE	48	00	45	91	20	59	EC	8C	82	D3	8B	3C	5E	14	97	C7	A4	A5	9E	C7	77	54	99	C7	17	59	A2	C7	7A	1E	BC	C7	5E	14	97	C7	A4	A5	9E	C7	77	54	99	C7	17	59	A2	C7	7A	1E	BC	C7	00	00	00	00	00	00	00	00	00	00	00	00	00	00	00	00	00	00	00	00
8.830	3D DATA	true	-	-	-	-	-77352.7	-81227.3	-78504.9	-83122.2	-96317.0	-77352.7	-81227.3	-78504.9	-83122.2	-96317.0	-	-	-	-	-
8.831	3D MESSAGE	48	00	46	91	20	59	ED	8C	82	D3	8B	3C	4F	14	97	C7	7A	A5	9E	C7	7A	54	99	C7	09	59	A2	C7	76	1E	BC	C7	4F	14	97	C7	7A	A5	9E	C7	7A	54	99	C7	09	59	A2	C7	76	1E	BC	C7	00	00	00	00	00	00	00	00	00	00	00	00	00	00	00	00	00	00	00	00
8.831	3D DATA	true	-	-	-	-	-77352.6	-81227.0	-78505.0	-83122.1	-96316.9	-77352.6	-81227.0	-78505.0	-83122.1	-96316.9	-	-	-	-	-
8.831	3D MESSAGE	48	00	47	91	20	59	EE	8C	82	D3	8B	3C	48	14	97	C7	55	A5	9E	C7	7E	54	99	C7	02	59	A2	C7	73	1E	BC	C7	48	14	97	C7	55	A5	9E	C7	7E	54	99	C7	02	59	A2	C7	73	1E	BC	C7	00	00	00	00	00	00	00	00	00	00	00	00	00	00	00	00	00	00	00	00
8.831	3D DATA	true	-	-	-	-	-77352.6	-81226.7	-78505.0	-83122.0	-96316.9	-77352.6	-81226.7	-78505.0	-83122.0	-96316.9	-	-	-	-	-
8.831	3D MESSAGE	48	00	48	91	20	59	EF	8C	82	D3	8B	3C	46	14	97	C7	3A	A5	9E	C7	81	54	99	C7	05	59	A2	C7	6C	1E	BC	C7	46	14	97	C7	3A	A5	9E	C7	81	54	99	C7	05	59	A2	C7	6C	1E	BC	C7	00	00	00	00	00	00	00	00	00	00	00	00	00	00	00	00	00	00	00	00
8.831	3D DATA	true	-	-	-	-	-77352.5	-81226.5	-78505.0	-83122.0	-96316.8	-77352.5	-81226.5	-78505.0	-83122.0	-96316.8	-	-	-	-	-
8.861	3D MESSAGE	48	00	49	91	20	59	F0	8C	82	D3	8B	3C	48	14	97	C7	28	A5	9E	C7	81	54	99	C7	11	59	A2	C7	5A	1E	BC	C7	48	14	97	C7	28	A5	9E	C7	81	54	99	C7	11	59	A2	C7	5A	1E	BC	C7	00	00	00	00	00	00	00	00	00	00	00	00	00	00	00	00	00	00	00	00
8.861	3D DATA	true	-	-	-	-	-77352.6	-81226.3	-78505.0	-83122.1	-96316.7	-77352.6	-81226.3	-78505.0	-83122.1	-96316.7	-	-	-	-	-
8.861	3D MESSAGE	48	00	4A	91	20	59	F1	8C	82	D3	8B	3C	4A	14	97	C7	1E	A5	9E	C7	7D	54	99	C7	23	59	A2	C7	3C	1E	BC	C7	4A	14	97	C7	1E	A5	9E	C7	7D	54	99	C7	23	59	A2	C7	3C	1E	BC	C7	00	00	00	00	00	00	00	00	00	00	00	00	00	00	00	00	00	00	00	00
8.861	3D DATA	true	-	-	-	-	-77352.6	-81226.2	-78505.0	-83122.3	-96316.5	-77352.6	-81226.2	-78505.0	-83122.3	-96316.5	-	-	-	-	-
8.862	3D MESSAGE	48	00	4B	91	20	59	F2	8C	82	D3	8B	3C	4B	14	97	C7	18	A5	9E	C7	77	54	99	C7	37	59	A2	C7	12	1E	BC	C7	4B	14	97	C7	18	A5	9E	C7	77	54	99	C7	37	59	A2	C7	12	1E	BC	C7	00	00	00	00	00	00	00	00	00	00	00	00	00	00	00	00	00	00	00	00
8.862	3D DATA	true	-	-	-	-	-77352.6	-81226.2	-78504.9	-83122.4	-96316.1	-77352.6	-81226.2	-78504.9	-83122.4	-96316.1	-	-	-	-	-
8.862	3D MESSAGE	48	00	4C	91	20	59	F3	8C	82	D3	8B	3C	48	14	97	C7	14	A5	9E	C7	71	54	99	C7	48	59	A2	C7	E2	1D	BC	C7	48	14	97	C7	14	A5	9E	C7	71	54	99	C7	48	59	A2	C7	E2	1D	BC	C7	00	00	00	00	00	00	00	00	00	00	00	00	00	00	00	00	00	00	00	00
8.862	3D DATA	true	-	-	-	-	-77352.6	-81226.2	-78504.9	-83122.6	-96315.8	-77352.6	-81226.2	-78504.9	-83122.6	-96315.8	-	-	-	-	-
8.863	3D MESSAGE	48	00	4D	91	20	59	F4	8C	82	D3	8B	3C	44	14	97	C7	10	A5	9E	C7	6E	54	99	C7	51	59	A2	C7	B4	1D	BC	C7	44	14	97	C7	10	A5	9E	C7	6E	54	99	C7	51	59	A2	C7	B4	1D	BC	C7	00	00	00	00	00	00	00	00	00	00	00	00	00	00	00	00	00	00	00	00
8.863	3D DATA	true	-	-	-	-	-77352.5	-81226.1	-78504.9	-83122.6	-96315.4	-77352.5	-81226.1	-78504.9	-83122.6	-96315.4	-	-	-	-	-
8.864	3D MESSAGE	48	00	4E	91	20	59	F5	8C	82	D3	8B	3C	40	14	97	C7	0E	A5	9E	C7	70	54	99	C7	51	59	A2	C7	94	1D	BC	C7	40	14	97	C7	0E	A5	9E	C7	70	54	99	C7	51	59	A2	C7	94	1D	BC	C7	00	00	00	00	00	00	00	00	00	00	00	00	00	00	00	00	00	00	00	00
8.864	3D DATA	true	-	-	-	-	-77352.5	-81226.1	-78504.9	-83122.6	-96315.2	-77352.5	-81226.1	-78504.9	-83122.6	-96315.2	-	-	-	-	-
8.893	3D MESSAGE	48	00	4F	91	20	59	F6	8C	82	D3	8B	3C	3E	14	97	C7	12	A5	9E	C7	7B	54	99	C7	49	59	A2	C7	87	1D	BC	C7	3E	14	97	C7	12	A5	9E	C7	7B	54	99	C7	49	59	A2	C7	87	1D	BC	C7	00	00	00	00	00	00	00	00	00	00	00	00	00	00	00	00	00	00	00	00
8.893	3D DATA	true	-	-	-	-	-77352.5	-81226.1	-78505.0	-83122.6	-96315.1	-77352.5	-81226.1	-78505.0	-83122.6	-96315.1	-	-	-	-	-
8.893	3D MESSAGE	48	00	50	91	20	59	F7	8C	82	D3	8B	3C	42	14	97	C7	1E	A5	9E	C7	8E	54	99	C7	3C	59	A2	C7	8E	1D	BC	C7	42	14	97	C7	1E	A5	9E	C7	8E	54	99	C7	3C	59	A2	C7	8E	1D	BC	C7	00	00	00	00	00	00	00	00	00	00	00	00	00	00	00	00	00	00	00	00
8.893	3D DATA	true	-	-	-	-	-77352.5	-81226.2	-78505.1	-83122.5	-96315.1	-77352.5	-81226.2	-78505.1	-83122.5	-96315.1	-	-	-	-	-
8.894	3D MESSAGE	48	00	51	91	20	59	F8	8C	82	D3	8B	3C	4C	14	97	C7	34	A5	9E	C7	A8	54	99	C7	2C	59	A2	C7	A8	1D	BC	C7	4C	14	97	C7	34	A5	9E	C7	A8	54	99	C7	2C	59	A2	C7	A8	1D	BC	C7	00	00	00	00	00	00	00	00	00	00	00	00	00	00	00	00	00	00	00	00
8.894	3D DATA	true	-	-	-	-	-77352.6	-81226.4	-78505.3	-83122.3	-96315.3	-77352.6	-81226.4	-78505.3	-83122.3	-96315.3	-	-	-	-	-
8.894	3D MESSAGE	48	00	52	91	20	59	F9	8C	82	D3	8B	3C	5D	14	97	C7	52	A5	9E	C7	C6	54	99	C7	1E	59	A2	C7	CC	1D	BC	C7	5D	14	97	C7	52	A5	9E	C7	C6	54	99	C7	1E	59	A2	C7	CC	1D	BC	C7	00	00	00	00	00	00	00	00	00	00	00	00	00	00	00	00	00	00	00	00
8.894	3D DATA	true	-	-	-	-	-77352.7	-81226.6	-78505.5	-83122.2	-96315.6	-77352.7	-81226.6	-78505.5	-83122.2	-96315.6	-	-	-	-	-
8.894	3D MESSAGE	48	00	53	91	20	59	FA	8C	82	D3	8B	3C	73	14	97	C7	75	A5	9E	C7	E5	54	99	C7	16	59	A2	C7	F5	1D	BC	C7	73	14	97	C7	75	A5	9E	C7	E5	54	99	C7	16	59	A2	C7	F5	1D	BC	C7	00	00	00	00	00	00	00	00	00	00	00	00	00	00	00	00	00	00	00	00
8.894	3D DATA	true	-	-	-	-	-77352.9	-81226.9	-78505.8	-83122.2	-96315.9	-77352.9	-81226.9	-78505.8	-83122.2	-96315.9	-	-	-	-	-
8.895	3D MESSAGE	48	00	54	91	20	59	FB	8C	82	D3	8B	3C	8C	14	97	C7	98	A5	9E	C7	00	55	99	C7	16	59	A2	C7	1C	1E	BC	C7	8C	14	97	C7	98	A5	9E	C7	00	55	99	C7	16	59	A2	C7	1C	1E	BC	C7	00	00	00	00	00	00	00	00	00	00	00	00	00	00	00	00	00	00	00	00
8.895	3D DATA	true	-	-	-	-	-77353.1	-81227.2	-78506.0	-83122.2	-96316.2	-77353.1	-81227.2	-78506.0	-83122.2	-96316.2	-	-	-	-	-
8.895	3D MESSAGE	48	00	55	91	20	59	FC	8C	82	D3	8B	3C	A6	14	97	C7	B7	A5	9E	C7	16	55	99	C7	1E	59	A2	C7	3E	1E	BC	C7	A6	14	97	C7	B7	A5	9E	C7	16	55	99	C7	1E	59	A2	C7	3E	1E	BC	C7	00	00	00	00	00	00	00	00	00	00	00	00	00	00	00	00	00	00	00	00
8.895	3D DATA	true	-	-	-	-	-77353.3	-81227.4	-78506.2	-83122.2	-96316.5	-77353.3	-81227.4	-78506.2	-83122.2	-96316.5	-	-	-	-	-
8.923	3D MESSAGE	48	00	56	91	20	59	FD	8C	82	D3	8B	3C	BD	14	97	C7	D0	A5	9E	C7	24	55	99	C7	2D	59	A2	C7	5B	1E	BC	C7	BD	14	97	C7	D0	A5	9E	C7	24	55	99	C7	2D	59	A2	C7	5B	1E	BC	C7	00	00	00	00	00	00	00	00	00	00	00	00	00	00	00	00	00	00	00	00
8.923	3D DATA	true	-	-	-	-	-77353.5	-81227.6	-78506.3	-83122.4	-96316.7	-77353.5	-81227.6	-78506.3	-83122.4	-96316.7	-	-	-	-	-
8.924	3D MESSAGE	48	00	57	91	20	59	FE	8C	82	D3	8B	3C	D2	14	97	C7	E4	A5	9E	C7	2C	55	99	C7	40	59	A2	C7	76	1E	BC	C7	D2	14	97	C7	E4	A5	9E	C7	2C	55	99	C7	40	59	A2	C7	76	1E	BC	C7	00	00	00	00	00	00	00	00	00	00	00	00	00	00	00	00	00	00	00	00
8.924	3D DATA	true	-	-	-	-	-77353.6	-81227.8	-78506.3	-83122.5	-96316.9	-77353.6	-81227.8	-78506.3	-83122.5	-96316.9	-	-	-	-	-
8.924	3D MESSAGE	48	00	58	91	20	59	FF	8C	82	D3	8B	3C	E1	14	97	C7	F0	A5	9E	C7	2F	55	99	C7	53	59	A2	C7	92	1E	BC	C7	E1	14	97	C7	F0	A5	9E	C7	2F	55	99	C7	53	59	A2	C7	92	1E	BC	C7	00	00	00	00	00	00	00	00	00	00	00	00	00	00	00	00	00	00	00	00
8.924	3D DATA	true	-	-	-	-	-77353.8	-81227.9	-78506.4	-83122.6	-96317.1	-77353.8	-81227.9	-78506.4	-83122.6	-96317.1	-	-	-	-	-
8.924	3D MESSAGE	48	00	59	91	20	59	00	8C	82	D3	8B	3C	EB	14	97	C7	F6	A5	9E	C7	30	55	99	C7	62	59	A2	C7	AC	1E	BC	C7	EB	14	97	C7	F6	A5	9E	C7	30	55	99	C7	62	59	A2	C7	AC	1E	BC	C7	00	00	00	00	00	00	00	00	00	00	00	00	00	00	00	00	00	00	00	00
8.924	3D DATA	true	-	-	-	-	-77353.8	-81227.9	-78506.4	-83122.8	-96317.3	-77353.8	-81227.9	-78506.4	-83122.8	-96317.3	-	-	-	-	-
8.925	3D MESSAGE	48	00	5A	91	20	59	01	8C	82	D3	8B	3C	F0	14	97	C7	F4	A5	9E	C7	2F	55	99	C7	6A	59	A2	C7	C2	1E	BC	C7	F0	14	97	C7	F4	A5	9E	C7	2F	55	99	C7	6A	59	A2	C7	C2	1E	BC	C7	00	00	00	00	00	00	00	00	00	00	00	00	00	00	00	00	00	00	00	00
8.925	3D DATA	true	-	-	-	-	-77353.9	-81227.9	-78506.4	-83122.8	-96317.5	-77353.9	-81227.9	-78506.4	-83122.8	-96317.5	-	-	-	-	-
8.925	3D MESSAGE	48	00	5B	91	20	59	02	8C	82	D3	8B	3C	F2	14	97	C7	E8	A5	9E	C7	2E	55	99	C7	6B	59	A2	C7	D4	1E	BC	C7	F2	14	97	C7	E8	A5	9E	C7	2E	55	99	C7	6B	59	A2	C7	D4	1E	BC	C7	00	00	00	00	00	00	00	00	00	00	00	00	00	00	00	00	00	00	00	00
8.925	3D DATA	true	-	-	-	-	-77353.9	-81227.8	-78506.4	-83122.8	-96317.7	-77353.9	-81227.8	-78506.4	-83122.8	-96317.7	-	-	-	-	-
8.952	3D MESSAGE	48	00	5C	91	20	59	03	8C	82	D3	8B	3C	F0	14	97	C7	D2	A5	9E	C7	2B	55	99	C7	66	59	A2	C7	DC	1E	BC	C7	F0	14	97	C7	D2	A5	9E	C7	2B	55	99	C7	66	59	A2	C7	DC	1E	BC	C7	00	00	00	00	00	00	00	00	00	00	00	00	00	00	00	00	00	00	00	00
8.952	3D DATA	true	-	-	-	-	-77353.9	-81227.6	-78506.3	-83122.8	-96317.7	-77353.9	-81227.6	-78506.3	-83122.8	-96317.7	-	-	-	-	-
8.953	3D MESSAGE	48	00	5D	91	20	59	04	8C	82	D3	8B	3C	EC	14	97	C7	B3	A5	9E	C7	28	55	99	C7	60	59	A2	C7	DE	1E	BC	C7	EC	14	97	C7	B3	A5	9E	C7	28	55	99	C7	60	59	A2	C7	DE	1E	BC	C7	00	00	00	00	00	00	00	00	00	00	00	00	00	00	00	00	00	00	00	00
8.953	3D DATA	true	-	-	-	-	-77353.8	-81227.4	-78506.3	-83122.8	-96317.7	-77353.8	-81227.4	-78506.3	-83122.8	-96317.7	-	-	-	-	-
8.953	3D MESSAGE	48	00	5E	91	20	59	05	8C	82	D3	8B	3C	E6	14	97	C7	8F	A5	9E	C7	24	55	99	C7	5B	59	A2	C7	D9	1E	BC	C7	E6	14	97	C7	8F	A5	9E	C7	24	55	99	C7	5B	59	A2	C7	D9	1E	BC	C7	00	00	00	00	00	00	00	00	00	00	00	00	00	00	00	00	00	00	00	00
8.953	3D DATA	true	-	-	-	-	-77353.8	-81227.1	-78506.3	-83122.7	-96317.7	-77353.8	-81227.1	-78506.3	-83122.7	-96317.7	-	-	-	-	-
8.953	3D MESSAGE	48	00	5F	91	20	59	06	8C	82	D3	8B	3C	DD	14	97	C7	6A	A5	9E	C7	1E	55	99	C7	5B	59	A2	C7	D1	1E	BC	C7	DD	14	97	C7	6A	A5	9E	C7	1E	55	99	C7	5B	59	A2	C7	D1	1E	BC	C7	00	00	00	00	00	00	00	00	00	00	00	00	00	00	00	00	00	00	00	00
8.953	3D DATA	true	-	-	-	-	-77353.7	-81226.8	-78506.2	-83122.7	-96317.6	-77353.7	-81226.8	-78506.2	-83122.7	-96317.6	-	-	-	-	-
8.954	3D MESSAGE	48	00	60	91	20	59	07	8C	82	D3	8B	3C	D4	14	97	C7	4D	A5	9E	C7	1A	55	99	C7	60	59	A2	C7	CB	1E	BC	C7	D4	14	97	C7	4D	A5	9E	C7	1A	55	99	C7	60	59	A2	C7	CB	1E	BC	C7	00	00	00	00	00	00	00	00	00	00	00	00	00	00	00	00	00	00	00	00
8.954	3D DATA	true	-	-	-	-	-77353.7	-81226.6	-78506.2	-83122.8	-96317.6	-77353.7	-81226.6	-78506.2	-83122.8	-96317.6	-	-	-	-	-
8.984	3D MESSAGE	48	00	61	91	20	59	08	8C	82	D3	8B	3C	CC	14	97	C7	3B	A5	9E	C7	1A	55	99	C7	69	59	A2	C7	C8	1E	BC	C7	CC	14	97	C7	3B	A5	9E	C7	1A	55	99	C7	69	59	A2	C7	C8	1E	BC	C7	00	00	00	00	00	00	00	00	00	00	00	00	00	00	00	00	00	00	00	00
8.984	3D DATA	true	-	-	-	-	-77353.6	-81226.5	-78506.2	-83122.8	-96317.6	-77353.6	-81226.5	-78506.2	-83122.8	-96317.6	-	-	-	-	-
8.985	3D MESSAGE	48	00	62	91	20	59	09	8C	82	D3	8B	3C	C7	14	97	C7	39	A5	9E	C7	20	55	99	C7	73	59	A2	C7	CB	1E	BC	C7	C7	14	97	C7	39	A5	9E	C7	20	55	99	C7	73	59	A2	C7	CB	1E	BC	C7	00	00	00	00	00	00	00	00	00	00	00	00	00	00	00	00	00	00	00	00
8.985	3D DATA	true	-	-	-	-	-77353.6	-81226.4	-78506.2	-83122.9	-96317.6	-77353.6	-81226.4	-78506.2	-83122.9	-96317.6	-	-	-	-	-
8.985	3D MESSAGE	48	00	63	91	20	59	0A	8C	82	D3	8B	3C	CC	14	97	C7	47	A5	9E	C7	2E	55	99	C7	7B	59	A2	C7	D6	1E	BC	C7	CC	14	97	C7	47	A5	9E	C7	2E	55	99	C7	7B	59	A2	C7	D6	1E	BC	C7	00	00	00	00	00	00	00	00	00	00	00	00	00	00	00	00	00	00	00	00
8.985	3D DATA	true	-	-	-	-	-77353.6	-81226.6	-78506.4	-83123.0	-96317.7	-77353.6	-81226.6	-78506.4	-83123.0	-96317.7	-	-	-	-	-
8.986	3D MESSAGE	48	00	64	91	20	59	0B	8C	82	D3	8B	3C	DC	14	97	C7	63	A5	9E	C7	48	55	99	C7	82	59	A2	C7	EA	1E	BC	C7	DC	14	97	C7	63	A5	9E	C7	48	55	99	C7	82	59	A2	C7	EA	1E	BC	C7	00	00	00	00	00	00	00	00	00	00	00	00	00	00	00	00	00	00	00	00
8.986	3D DATA	true	-	-	-	-	-77353.7	-81226.8	-78506.6	-83123.0	-96317.8	-77353.7	-81226.8	-78506.6	-83123.0	-96317.8	-	-	-	-	-
8.986	3D MESSAGE	48	00	65	91	20	59	0C	8C	82	D3	8B	3C	FC	14	97	C7	8A	A5	9E	C7	6A	55	99	C7	86	59	A2	C7	08	1F	BC	C7	FC	14	97	C7	8A	A5	9E	C7	6A	55	99	C7	86	59	A2	C7	08	1F	BC	C7	00	00	00	00	00	00	00	00	00	00	00	00	00	00	00	00	00	00	00	00
8.986	3D DATA	true	-	-	-	-	-77354.0	-81227.1	-78506.8	-83123.0	-96318.1	-77354.0	-81227.1	-78506.8	-83123.0	-96318.1	-	-	-	-	-
8.987	3D MESSAGE	48	00	66	91	20	59	0D	8C	82	D3	8B	3C	28	15	97	C7	B6	A5	9E	C7	93	55	99	C7	88	59	A2	C7	30	1F	BC	C7	28	15	97	C7	B6	A5	9E	C7	93	55	99	C7	88	59	A2	C7	30	1F	BC	C7	00	00	00	00	00	00	00	00	00	00	00	00	00	00	00	00	00	00	00	00
8.987	3D DATA	true	-	-	-	-	-77354.3	-81227.4	-78507.1	-83123.1	-96318.4	-77354.3	-81227.4	-78507.1	-83123.1	-96318.4	-	-	-	-	-
8.987	3D MESSAGE	48	00	67	91	20	59	0E	8C	82	D3	8B	3C	5C	15	97	C7	E4	A5	9E	C7	BD	55	99	C7	8B	59	A2	C7	5F	1F	BC	C7	5C	15	97	C7	E4	A5	9E	C7	BD	55	99	C7	8B	59	A2	C7	5F	1F	BC	C7	00	00	00	00	00	00	00	00	00	00	00	00	00	00	00	00	00	00	00	00
8.987	3D DATA	true	-	-	-	-	-77354.7	-81227.8	-78507.5	-83123.1	-96318.7	-77354.7	-81227.8	-78507.5	-83123.1	-96318.7	-	-	-	-	-
9.015	3D MESSAGE	48	00	68	91	20	59	0F	8C	82	D3	8B	3C	90	15	97	C7	0D	A6	9E	C7	E1	55	99	C7	8D	59	A2	C7	8E	1F	BC	C7	90	15	97	C7	0D	A6	9E	C7	E1	55	99	C7	8D	59	A2	C7	8E	1F	BC	C7	00	00	00	00	00	00	00	00	00	00	00	00	00	00	00	00	00	00	00	00
9.015	3D DATA	true	-	-	-	-	-77355.1	-81228.1	-78507.8	-83123.1	-96319.1	-77355.1	-81228.1	-78507.8	-83123.1	-96319.1	-	-	-	-	-
9.016	3D MESSAGE	48	00	69	91	20	59	10	8C	82	D3	8B	3C	BA	15	97	C7	2E	A6	9E	C7	FA	55	99	C7	8D	59	A2	C7	B5	1F	BC	C7	BA	15	97	C7	2E	A6	9E	C7	FA	55	99	C7	8D	59	A2	C7	B5	1F	BC	C7	00	00	00	00	00	00	00	00	00	00	00	00	00	00	00	00	00	00	00	00
9.016	3D DATA	true	-	-	-	-	-77355.5	-81228.4	-78508.0	-83123.1	-96319.4	-77355.5	-81228.4	-78508.0	-83123.1	-96319.4	-	-	-	-	-
9.016	3D MESSAGE	48	00	6A	91	20	59	11	8C	82	D3	8B	3C	D4	15	97	C7	42	A6	9E	C7	04	56	99	C7	88	59	A2	C7	D0	1F	BC	C7	D4	15	97	C7	42	A6	9E	C7	04	56	99	C7	88	59	A2	C7	D0	1F	BC	C7	00	00	00	00	00	00	00	00	00	00	00	00	00	00	00	00	00	00	00	00
9.016	3D DATA	true	-	-	-	-	-77355.7	-81228.5	-78508.0	-83123.1	-96319.6	-77355.7	-81228.5	-78508.0	-83123.1	-96319.6	-	-	-	-	-
9.016	3D MESSAGE	48	00	6B	91	20	59	12	8C	82	D3	8B	3C	DC	15	97	C7	4B	A6	9E	C7	02	56	99	C7	7E	59	A2	C7	DC	1F	BC	C7	DC	15	97	C7	4B	A6	9E	C7	02	56	99	C7	7E	59	A2	C7	DC	1F	BC	C7	00	00	00	00	00	00	00	00	00	00	00	00	00	00	00	00	00	00	00	00
9.016	3D DATA	true	-	-	-	-	-77355.7	-81228.6	-78508.0	-83123.0	-96319.7	-77355.7	-81228.6	-78508.0	-83123.0	-96319.7	-	-	-	-	-
9.016	3D MESSAGE	48	00	6C	91	20	59	13	8C	82	D3	8B	3C	D1	15	97	C7	49	A6	9E	C7	F8	55	99	C7	70	59	A2	C7	DC	1F	BC	C7	D1	15	97	C7	49	A6	9E	C7	F8	55	99	C7	70	59	A2	C7	DC	1F	BC	C7	00	00	00	00	00	00	00	00	00	00	00	00	00	00	00	00	00	00	00	00
9.016	3D DATA	true	-	-	-	-	-77355.6	-81228.6	-78507.9	-83122.9	-96319.7	-77355.6	-81228.6	-78507.9	-83122.9	-96319.7	-	-	-	-	-
9.017	3D MESSAGE	48	00	6D	91	20	59	14	8C	A6	D0	82	3C	BA	15	97	C7	43	A6	9E	C7	EC	55	99	C7	62	59	A2	C7	D9	1F	BC	C7	BA	15	97	C7	43	A6	9E	C7	EC	55	99	C7	62	59	A2	C7	D9	1F	BC	C7	00	00	00	00	00	00	00	00	00	00	00	00	00	00	00	00	00	00	00	00
9.017	3D DATA	true	-	-	-	-	-77355.5	-81228.5	-78507.8	-83122.8	-96319.7	-77355.5	-81228.5	-78507.8	-83122.8	-96319.7	-	-	-	-	-
9.049	3D MESSAGE	48	00	6E	91	20	59	15	8C	A6	D0	82	3C	A0	15	97	C7	3D	A6	9E	C7	E6	55	99	C7	55	59	A2	C7	DA	1F	BC	C7	A0	15	97	C7	3D	A6	9E	C7	E6	55	99	C7	55	59	A2	C7	DA	1F	BC	C7	00	00	00	00	00	00	00	00	00	00	00	00	00	00	00	00	00	00	00	00
9.049	3D DATA	true	-	-	-	-	-77355.2	-81228.5	-78507.8	-83122.7	-96319.7	-77355.2	-81228.5	-78507.8	-83122.7	-96319.7	-	-	-	-	-
9.050	3D MESSAGE	48	00	6F	91	20	59	16	8C	A6	D0	82	3C	8C	15	97	C7	3E	A6	9E	C7	EB	55	99	C7	50	59	A2	C7	E5	1F	BC	C7	8C	15	97	C7	3E	A6	9E	C7	EB	55	99	C7	50	59	A2	C7	E5	1F	BC	C7	00	00	00	00	00	00	00	00	00	00	00	00	00	00	00	00	00	00	00	00
9.050	3D DATA	true	-	-	-	-	-77355.1	-81228.5	-78507.8	-83122.6	-96319.8	-77355.1	-81228.5	-78507.8	-83122.6	-96319.8	-	-	-	-	-
9.050	3D MESSAGE	48	00	70	91	20	59	17	8C	A6	D0	82	3C	81	15	97	C7	48	A6	9E	C7	F9	55	99	C7	54	59	A2	C7	FB	1F	BC	C7	81	15	97	C7	48	A6	9E	C7	F9	55	99	C7	54	59	A2	C7	FB	1F	BC	C7	00	00	00	00	00	00	00	00	00	00	00	00	00	00	00	00	00	00	00	00
9.050	3D DATA	true	-	-	-	-	-77355.0	-81228.6	-78507.9	-83122.7	-96320.0	-77355.0	-81228.6	-78507.9	-83122.7	-96320.0	-	-	-	-	-
9.051	3D MESSAGE	48	00	71	91	20	59	18	8C	A6	D0	82	3C	82	15	97	C7	5C	A6	9E	C7	0E	56	99	C7	60	59	A2	C7	18	20	BC	C7	82	15	97	C7	5C	A6	9E	C7	0E	56	99	C7	60	59	A2	C7	18	20	BC	C7	00	00	00	00	00	00	00	00	00	00	00	00	00	00	00	00	00	00	00	00
9.051	3D DATA	true	-	-	-	-	-77355.0	-81228.7	-78508.1	-83122.8	-96320.2	-77355.0	-81228.7	-78508.1	-83122.8	-96320.2	-	-	-	-	-
9.051	3D MESSAGE	48	00	72	91	20	59	19	8C	A6	D0	82	3C	8B	15	97	C7	74	A6	9E	C7	23	56	99	C7	6E	59	A2	C7	30	20	BC	C7	8B	15	97	C7	74	A6	9E	C7	23	56	99	C7	6E	59	A2	C7	30	20	BC	C7	00	00	00	00	00	00	00	00	00	00	00	00	00	00	00	00	00	00	00	00
9.051	3D DATA	true	-	-	-	-	-77355.1	-81228.9	-78508.3	-83122.9	-96320.4	-77355.1	-81228.9	-78508.3	-83122.9	-96320.4	-	-	-	-	-
9.051	3D MESSAGE	48	00	73	91	20	59	1A	8C	A6	D0	82	3C	97	15	97	C7	88	A6	9E	C7	2F	56	99	C7	7A	59	A2	C7	3A	20	BC	C7	97	15	97	C7	88	A6	9E	C7	2F	56	99	C7	7A	59	A2	C7	3A	20	BC	C7	00	00	00	00	00	00	00	00	00	00	00	00	00	00	00	00	00	00	00	00
9.052	3D DATA	true	-	-	-	-	-77355.2	-81229.1	-78508.4	-83123.0	-96320.5	-77355.2	-81229.1	-78508.4	-83123.0	-96320.5	-	-	-	-	-
9.052	3D MESSAGE	48	00	74	91	20	59	1B	8C	A6	D0	82	3C	9E	15	97	C7	90	A6	9E	C7	2E	56	99	C7	7E	59	A2	C7	2C	20	BC	C7	9E	15	97	C7	90	A6	9E	C7	2E	56	99	C7	7E	59	A2	C7	2C	20	BC	C7	00	00	00	00	00	00	00	00	00	00	00	00	00	00	00	00	00	00	00	00
9.052	3D DATA	true	-	-	-	-	-77355.2	-81229.1	-78508.4	-83123.0	-96320.3	-77355.2	-81229.1	-78508.4	-83123.0	-96320.3	-	-	-	-	-
9.081	3D MESSAGE	48	00	75	91	20	59	1C	8C	A6	D0	82	3C	9A	15	97	C7	86	A6	9E	C7	1E	56	99	C7	74	59	A2	C7	04	20	BC	C7	9A	15	97	C7	86	A6	9E	C7	1E	56	99	C7	74	59	A2	C7	04	20	BC	C7	00	00	00	00	00	00	00	00	00	00	00	00	00	00	00	00	00	00	00	00
9.081	3D DATA	true	-	-	-	-	-77355.2	-81229.0	-78508.2	-83122.9	-96320.0	-77355.2	-81229.0	-78508.2	-83122.9	-96320.0	-	-	-	-	-
9.082	3D MESSAGE	48	00	76	91	20	59	1D	8C	A6	D0	82	3C	8A	15	97	C7	69	A6	9E	C7	FE	55	99	C7	5C	59	A2	C7	C4	1F	BC	C7	8A	15	97	C7	69	A6	9E	C7	FE	55	99	C7	5C	59	A2	C7	C4	1F	BC	C7	00	00	00	00	00	00	00	00	00	00	00	00	00	00	00	00	00	00	00	00
9.082	3D DATA	true	-	-	-	-	-77355.1	-81228.8	-78508.0	-83122.7	-96319.5	-77355.1	-81228.8	-78508.0	-83122.7	-96319.5	-	-	-	-	-
9.082	3D MESSAGE	48	00	77	91	20	59	1E	8C	A6	D0	82	3C	6D	15	97	C7	3F	A6	9E	C7	D4	55	99	C7	3B	59	A2	C7	78	1F	BC	C7	6D	15	97	C7	3F	A6	9E	C7	D4	55	99	C7	3B	59	A2	C7	78	1F	BC	C7	00	00	00	00	00	00	00	00	00	00	00	00	00	00	00	00	00	00	00	00
9.082	3D DATA	true	-	-	-	-	-77354.9	-81228.5	-78507.7	-83122.5	-96318.9	-77354.9	-81228.5	-78507.7	-83122.5	-96318.9	-	-	-	-	-
9.082	3D MESSAGE	48	00	78	91	20	59	1F	8C	A6	D0	82	3C	48	15	97	C7	10	A6	9E	C7	A3	55	99	C7	16	59	A2	C7	2E	1F	BC	C7	48	15	97	C7	10	A6	9E	C7	A3	55	99	C7	16	59	A2	C7	2E	1F	BC	C7	00	00	00	00	00	00	00	00	00	00	00	00	00	00	00	00	00	00	00	00
9.083	3D DATA	true	-	-	-	-	-77354.6	-81228.1	-78507.3	-83122.2	-96318.4	-77354.6	-81228.1	-78507.3	-83122.2	-96318.4	-	-	-	-	-
9.083	3D MESSAGE	48	00	79	91	20	59	20	8C	A6	D0	82	3C	21	15	97	C7	E7	A5	9E	C7	71	55	99	C7	F5	58	A2	C7	F3	1E	BC	C7	21	15	97	C7	E7	A5	9E	C7	71	55	99	C7	F5	58	A2	C7	F3	1E	BC	C7	00	00	00	00	00	00	00	00	00	00	00	00	00	00	00	00	00	00	00	00
9.083	3D DATA	true	-	-	-	-	-77354.3	-81227.8	-78506.9	-83121.9	-96317.9	-77354.3	-81227.8	-78506.9	-83121.9	-96317.9	-	-	-	-	-
9.083	3D MESSAGE	48	00	7A	91	20	59	21	8C	A6	D0	82	3C	FD	14	97	C7	CA	A5	9E	C7	43	55	99	C7	DC	58	A2	C7	CF	1E	BC	C7	FD	14	97	C7	CA	A5	9E	C7	43	55	99	C7	DC	58	A2	C7	CF	1E	BC	C7	00	00	00	00	00	00	00	00	00	00	00	00	00	00	00	00	00	00	00	00
9.083	3D DATA	true	-	-	-	-	-77354.0	-81227.6	-78506.5	-83121.7	-96317.6	-77354.0	-81227.6	-78506.5	-83121.7	-96317.6	-	-	-	-	-
9.110	3D MESSAGE	48	00	7B	91	20	59	22	8C	A6	D0	82	3C	E1	14	97	C7	BC	A5	9E	C7	1C	55	99	C7	D0	58	A2	C7	C4	1E	BC	C7	E1	14	97	C7	BC	A5	9E	C7	1C	55	99	C7	D0	58	A2	C7	C4	1E	BC	C7	00	00	00	00	00	00	00	00	00	00	00	00	00	00	00	00	00	00	00	00
9.110	3D DATA	true	-	-	-	-	-77353.8	-81227.5	-78506.2	-83121.6	-96317.5	-77353.8	-81227.5	-78506.2	-83121.6	-96317.5	-	-	-	-	-
9.110	3D MESSAGE	48	00	7C	91	20	59	23	8C	A6	D0	82	3C	CE	14	97	C7	BC	A5	9E	C7	FF	54	99	C7	CE	58	A2	C7	CA	1E	BC	C7	CE	14	97	C7	BC	A5	9E	C7	FF	54	99	C7	CE	58	A2	C7	CA	1E	BC	C7	00	00	00	00	00	00	00	00	00	00	00	00	00	00	00	00	00	00	00	00
9.110	3D DATA	true	-	-	-	-	-77353.6	-81227.5	-78506.0	-83121.6	-96317.6	-77353.6	-81227.5	-78506.0	-83121.6	-96317.6	-	-	-	-	-
9.111	3D MESSAGE	48	00	7D	91	20	59	24	8C	A6	D0	82	3C	C1	14	97	C7	C4	A5	9E	C7	EC	54	99	C7	D2	58	A2	C7	D9	1E	BC	C7	C1	14	97	C7	C4	A5	9E	C7	EC	54	99	C7	D2	58	A2	C7	D9	1E	BC	C7	00	00	00	00	00	00	00	00	00	00	00	00	00	00	00	00	00	00	00	00
9.111	3D DATA	true	-	-	-	-	-77353.5	-81227.5	-78505.8	-83121.6	-96317.7	-77353.5	-81227.5	-78505.8	-83121.6	-96317.7	-	-	-	-	-
9.111	3D MESSAGE	48	00	7E	91	20	59	25	8C	A6	D0	82	3C	B8	14	97	C7	CF	A5	9E	C7	E2	54	99	C7	D8	58	A2	C7	E4	1E	BC	C7	B8	14	97	C7	CF	A5	9E	C7	E2	54	99	C7	D8	58	A2	C7	E4	1E	BC	C7	00	00	00	00	00	00	00	00	00	00	00	00	00	00	00	00	00	00	00	00
9.111	3D DATA	true	-	-	-	-	-77353.4	-81227.6	-78505.8	-83121.7	-96317.8	-77353.4	-81227.6	-78505.8	-83121.7	-96317.8	-	-	-	-	-
9.111	3D MESSAGE	48	00	7F	91	20	59	26	8C	A6	D0	82	3C	AE	14	97	C7	DA	A5	9E	C7	DF	54	99	C7	DC	58	A2	C7	E2	1E	BC	C7	AE	14	97	C7	DA	A5	9E	C7	DF	54	99	C7	DC	58	A2	C7	E2	1E	BC	C7	00	00	00	00	00	00	00	00	00	00	00	00	00	00	00	00	00	00	00	00
9.111	3D DATA	true	-	-	-	-	-77353.4	-81227.7	-78505.7	-83121.7	-96317.8	-77353.4	-81227.7	-78505.7	-83121.7	-96317.8	-	-	-	-	-
9.112	3D MESSAGE	48	00	80	91	20	59	27	8C	A6	D0	82	3C	9F	14	97	C7	E3	A5	9E	C7	E0	54	99	C7	DB	58	A2	C7	CF	1E	BC	C7	9F	14	97	C7	E3	A5	9E	C7	E0	54	99	C7	DB	58	A2	C7	CF	1E	BC	C7	00	00	00	00	00	00	00	00	00	00	00	00	00	00	00	00	00	00	00	00
9.112	3D DATA	true	-	-	-	-	-77353.2	-81227.8	-78505.8	-83121.7	-96317.6	-77353.2	-81227.8	-78505.8	-83121.7	-96317.6	-	-	-	-	-
9.145	3D MESSAGE	48	00	81	91	20	59	28	8C	A6	D0	82	3C	8B	14	97	C7	E9	A5	9E	C7	E5	54	99	C7	D6	58	A2	C7	AF	1E	BC	C7	8B	14	97	C7	E9	A5	9E	C7	E5	54	99	C7	D6	58	A2	C7	AF	1E	BC	C7	00	00	00	00	00	00	00	00	00	00	00	00	00	00	00	00	00	00	00	00
9.145	3D DATA	true	-	-	-	-	-77353.1	-81227.8	-78505.8	-83121.7	-96317.4	-77353.1	-81227.8	-78505.8	-83121.7	-96317.4	-	-	-	-	-
9.145	3D MESSAGE	48	00	82	91	20	59	29	8C	A6	D0	82	3C	74	14	97	C7	EF	A5	9E	C7	EA	54	99	C7	CE	58	A2	C7	89	1E	BC	C7	74	14	97	C7	EF	A5	9E	C7	EA	54	99	C7	CE	58	A2	C7	89	1E	BC	C7	00	00	00	00	00	00	00	00	00	00	00	00	00	00	00	00	00	00	00	00
9.146	3D DATA	true	-	-	-	-	-77352.9	-81227.9	-78505.8	-83121.6	-96317.1	-77352.9	-81227.9	-78505.8	-83121.6	-96317.1	-	-	-	-	-
9.146	3D MESSAGE	48	00	83	91	20	59	2A	8C	A6	D0	82	3C	5F	14	97	C7	F4	A5	9E	C7	F1	54	99	C7	C6	58	A2	C7	65	1E	BC	C7	5F	14	97	C7	F4	A5	9E	C7	F1	54	99	C7	C6	58	A2	C7	65	1E	BC	C7	00	00	00	00	00	00	00	00	00	00	00	00	00	00	00	00	00	00	00	00
9.146	3D DATA	true	-	-	-	-	-77352.7	-81227.9	-78505.9	-83121.5	-96316.8	-77352.7	-81227.9	-78505.9	-83121.5	-96316.8	-	-	-	-	-
9.146	3D MESSAGE	48	00	84	91	20	59	2B	8C	A6	D0	82	3C	52	14	97	C7	F8	A5	9E	C7	F8	54	99	C7	C0	58	A2	C7	4B	1E	BC	C7	52	14	97	C7	F8	A5	9E	C7	F8	54	99	C7	C0	58	A2	C7	4B	1E	BC	C7	00	00	00	00	00	00	00	00	00	00	00	00	00	00	00	00	00	00	00	00
9.146	3D DATA	true	-	-	-	-	-77352.6	-81227.9	-78505.9	-83121.5	-96316.6	-77352.6	-81227.9	-78505.9	-83121.5	-96316.6	-	-	-	-	-
9.146	3D MESSAGE	48	00	85	91	20	59	2C	8C	A6	D0	82	3C	50	14	97	C7	F6	A5	9E	C7	00	55	99	C7	BA	58	A2	C7	3E	1E	BC	C7	50	14	97	C7	F6	A5	9E	C7	00	55	99	C7	BA	58	A2	C7	3E	1E	BC	C7	00	00	00	00	00	00	00	00	00	00	00	00	00	00	00	00	00	00	00	00
9.146	3D DATA	true	-	-	-	-	-77352.6	-81227.9	-78506.0	-83121.5	-96316.5	-77352.6	-81227.9	-78506.0	-83121.5	-96316.5	-	-	-	-	-
9.147	3D MESSAGE	48	00	86	91	20	59	2D	8C	A6	D0	82	3C	5A	14	97	C7	EB	A5	9E	C7	05	55	99	C7	B2	58	A2	C7	3C	1E	BC	C7	5A	14	97	C7	EB	A5	9E	C7	05	55	99	C7	B2	58	A2	C7	3C	1E	BC	C7	00	00	00	00	00	00	00	00	00	00	00	00	00	00	00	00	00	00	00	00
9.147	3D DATA	true	-	-	-	-	-77352.7	-81227.8	-78506.0	-83121.4	-96316.5	-77352.7	-81227.8	-78506.0	-83121.4	-96316.5	-	-	-	-	-
9.147	3D MESSAGE	48	00	87	91	20	59	2E	8C	A6	D0	82	3C	71	14	97	C7	D6	A5	9E	C7	09	55	99	C7	A8	58	A2	C7	44	1E	BC	C7	71	14	97	C7	D6	A5	9E	C7	09	55	99	C7	A8	58	A2	C7	44	1E	BC	C7	00	00	00	00	00	00	00	00	00	00	00	00	00	00	00	00	00	00	00	00
9.147	3D DATA	true	-	-	-	-	-77352.9	-81227.7	-78506.1	-83121.3	-96316.5	-77352.9	-81227.7	-78506.1	-83121.3	-96316.5	-	-	-	-	-
9.147	3D MESSAGE	48	00	88	91	20	59	2F	8C	A6	D0	82	3C	8D	14	97	C7	B6	A5	9E	C7	08	55	99	C7	99	58	A2	C7	4D	1E	BC	C7	8D	14	97	C7	B6	A5	9E	C7	08	55	99	C7	99	58	A2	C7	4D	1E	BC	C7	00	00	00	00	00	00	00	00	00	00	00	00	00	00	00	00	00	00	00	00
9.147	3D DATA	true	-	-	-	-	-77353.1	-81227.4	-78506.1	-83121.2	-96316.6	-77353.1	-81227.4	-78506.1	-83121.2	-96316.6	-	-	-	-	-
9.175	3D MESSAGE	48	00	89	91	20	59	30	8C	A6	D0	82	3C	A9	14	97	C7	90	A5	9E	C7	04	55	99	C7	84	58	A2	C7	56	1E	BC	C7	A9	14	97	C7	90	A5	9E	C7	04	55	99	C7	84	58	A2	C7	56	1E	BC	C7	00	00	00	00	00	00	00	00	00	00	00	00	00	00	00	00	00	00	00	00
9.175	3D DATA	true	-	-	-	-	-77353.3	-81227.1	-78506.0	-83121.0	-96316.7	-77353.3	-81227.1	-78506.0	-83121.0	-96316.7	-	-	-	-	-
9.176	3D MESSAGE	48	00	8A	91	20	59	31	8C	A6	D0	82	3C	BE	14	97	C7	66	A5	9E	C7	FB	54	99	C7	6B	58	A2	C7	5A	1E	BC	C7	BE	14	97	C7	66	A5	9E	C7	FB	54	99	C7	6B	58	A2	C7	5A	1E	BC	C7	00	00	00	00	00	00	00	00	00	00	00	00	00	00	00	00	00	00	00	00
9.176	3D DATA	true	-	-	-	-	-77353.5	-81226.8	-78506.0	-83120.8	-96316.7	-77353.5	-81226.8	-78506.0	-83120.8	-96316.7	-	-	-	-	-
9.176	3D MESSAGE	48	00	8B	91	20	59	32	8C	A6	D0	82	3C	C8	14	97	C7	41	A5	9E	C7	F1	54	99	C7	4F	58	A2	C7	5C	1E	BC	C7	C8	14	97	C7	41	A5	9E	C7	F1	54	99	C7	4F	58	A2	C7	5C	1E	BC	C7	00	00	00	00	00	00	00	00	00	00	00	00	00	00	00	00	00	00	00	00
9.176	3D DATA	true	-	-	-	-	-77353.6	-81226.5	-78505.9	-83120.6	-96316.7	-77353.6	-81226.5	-78505.9	-83120.6	-96316.7	-	-	-	-	-
9.176	3D MESSAGE	48	00	8C	91	20	59	33	8C	A6	D0	82	3C	C8	14	97	C7	26	A5	9E	C7	E6	54	99	C7	34	58	A2	C7	5C	1E	BC	C7	C8	14	97	C7	26	A5	9E	C7	E6	54	99	C7	34	58	A2	C7	5C	1E	BC	C7	00	00	00	00	00	00	00	00	00	00	00	00	00	00	00	00	00	00	00	00
9.176	3D DATA	true	-	-	-	-	-77353.6	-81226.3	-78505.8	-83120.4	-96316.7	-77353.6	-81226.3	-78505.8	-83120.4	-96316.7	-	-	-	-	-
9.177	3D MESSAGE	48	00	8D	91	20	59	34	8C	A6	D0	82	3C	BF	14	97	C7	18	A5	9E	C7	DB	54	99	C7	1C	58	A2	C7	5F	1E	BC	C7	BF	14	97	C7	18	A5	9E	C7	DB	54	99	C7	1C	58	A2	C7	5F	1E	BC	C7	00	00	00	00	00	00	00	00	00	00	00	00	00	00	00	00	00	00	00	00
9.177	3D DATA	true	-	-	-	-	-77353.5	-81226.2	-78505.7	-83120.2	-96316.7	-77353.5	-81226.2	-78505.7	-83120.2	-96316.7	-	-	-	-	-
9.204	3D MESSAGE	48	00	8E	91	20	59	35	8C	A6	D0	82	3C	B2	14	97	C7	1A	A5	9E	C7	D1	54	99	C7	0B	58	A2	C7	69	1E	BC	C7	B2	14	97	C7	1A	A5	9E	C7	D1	54	99	C7	0B	58	A2	C7	69	1E	BC	C7	00	00	00	00	00	00	00	00	00	00	00	00	00	00	00	00	00	00	00	00
9.205	3D DATA	true	-	-	-	-	-77353.4	-81226.2	-78505.6	-83120.1	-96316.8	-77353.4	-81226.2	-78505.6	-83120.1	-96316.8	-	-	-	-	-
9.205	3D MESSAGE	48	00	8F	91	20	59	36	8C	A6	D0	82	3C	A6	14	97	C7	29	A5	9E	C7	C7	54	99	C7	00	58	A2	C7	7C	1E	BC	C7	A6	14	97	C7	29	A5	9E	C7	C7	54	99	C7	00	58	A2	C7	7C	1E	BC	C7	00	00	00	00	00	00	00	00	00	00	00	00	00	00	00	00	00	00	00	00
9.205	3D DATA	true	-	-	-	-	-77353.3	-81226.3	-78505.6	-83120.0	-96317.0	-77353.3	-81226.3	-78505.6	-83120.0	-96317.0	-	-	-	-	-
9.205	3D MESSAGE	48	00	90	91	20	59	37	8C	A6	D0	82	3C	9E	14	97	C7	43	A5	9E	C7	BE	54	99	C7	FE	57	A2	C7	9A	1E	BC	C7	9E	14	97	C7	43	A5	9E	C7	BE	54	99	C7	FE	57	A2	C7	9A	1E	BC	C7	00	00	00	00	00	00	00	00	00	00	00	00	00	00	00	00	00	00	00	00
9.205	3D DATA	true	-	-	-	-	-77353.2	-81226.5	-78505.5	-83120.0	-96317.2	-77353.2	-81226.5	-78505.5	-83120.0	-96317.2	-	-	-	-	-
9.205	3D MESSAGE	48	00	91	91	20	59	38	8C	A6	D0	82	3C	9B	14	97	C7	63	A5	9E	C7	B4	54	99	C7	02	58	A2	C7	C1	1E	BC	C7	9B	14	97	C7	63	A5	9E	C7	B4	54	99	C7	02	58	A2	C7	C1	1E	BC	C7	00	00	00	00	00	00	00	00	00	00	00	00	00	00	00	00	00	00	00	00
9.206	3D DATA	true	-	-	-	-	-77353.2	-81226.8	-78505.4	-83120.0	-96317.5	-77353.2	-81226.8	-78505.4	-83120.0	-96317.5	-	-	-	-	-
9.206	3D MESSAGE	48	00	92	91	20	59	39	8C	A6	D0	82	3C	9B	14	97	C7	85	A5	9E	C7	AA	54	99	C7	08	58	A2	C7	EC	1E	BC	C7	9B	14	97	C7	85	A5	9E	C7	AA	54	99	C7	08	58	A2	C7	EC	1E	BC	C7	00	00	00	00	00	00	00	00	00	00	00	00	00	00	00	00	00	00	00	00
9.206	3D DATA	true	-	-	-	-	-77353.2	-81227.0	-78505.3	-83120.1	-96317.8	-77353.2	-81227.0	-78505.3	-83120.1	-96317.8	-	-	-	-	-
9.206	3D MESSAGE	48	00	93	91	20	59	3A	8C	A6	D0	82	3C	9B	14	97	C7	A6	A5	9E	C7	A1	54	99	C7	10	58	A2	C7	16	1F	BC	C7	9B	14	97	C7	A6	A5	9E	C7	A1	54	99	C7	10	58	A2	C7	16	1F	BC	C7	00	00	00	00	00	00	00	00	00	00	00	00	00	00	00	00	00	00	00	00
9.206	3D DATA	true	-	-	-	-	-77353.2	-81227.3	-78505.3	-83120.1	-96318.2	-77353.2	-81227.3	-78505.3	-83120.1	-96318.2	-	-	-	-	-
9.206	3D MESSAGE	48	00	94	91	20	59	3B	8C	A6	D0	82	3C	98	14	97	C7	C6	A5	9E	C7	9A	54	99	C7	14	58	A2	C7	37	1F	BC	C7	98	14	97	C7	C6	A5	9E	C7	9A	54	99	C7	14	58	A2	C7	37	1F	BC	C7	00	00	00	00	00	00	00	00	00	00	00	00	00	00	00	00	00	00	00	00
9.206	3D DATA	true	-	-	-	-	-77353.2	-81227.5	-78505.2	-83120.2	-96318.4	-77353.2	-81227.5	-78505.2	-83120.2	-96318.4	-	-	-	-	-
9.235	3D MESSAGE	48	00	95	91	20	59	3C	8C	40	C9	8E	3C	8F	14	97	C7	E4	A5	9E	C7	95	54	99	C7	15	58	A2	C7	4B	1F	BC	C7	8F	14	97	C7	E4	A5	9E	C7	95	54	99	C7	15	58	A2	C7	4B	1F	BC	C7	00	00	00	00	00	00	00	00	00	00	00	00	00	00	00	00	00	00	00	00
9.235	3D DATA	true	-	-	-	-	-77353.1	-81227.8	-78505.2	-83120.2	-96318.6	-77353.1	-81227.8	-78505.2	-83120.2	-96318.6	-	-	-	-	-
9.236	3D MESSAGE	48	00	96	91	20	59	3D	8C	40	C9	8E	3C	81	14	97	C7	FD	A5	9E	C7	92	54	99	C7	12	58	A2	C7	4F	1F	BC	C7	81	14	97	C7	FD	A5	9E	C7	92	54	99	C7	12	58	A2	C7	4F	1F	BC	C7	00	00	00	00	00	00	00	00	00	00	00	00	00	00	00	00	00	00	00	00
9.236	3D DATA	true	-	-	-	-	-77353.0	-81228.0	-78505.1	-83120.1	-96318.6	-77353.0	-81228.0	-78505.1	-83120.1	-96318.6	-	-	-	-	-
9.236	3D MESSAGE	48	00	97	91	20	59	3E	8C	40	C9	8E	3C	6E	14	97	C7	10	A6	9E	C7	90	54	99	C7	0A	58	A2	C7	42	1F	BC	C7	6E	14	97	C7	10	A6	9E	C7	90	54	99	C7	0A	58	A2	C7	42	1F	BC	C7	00	00	00	00	00	00	00	00	00	00	00	00	00	00	00	00	00	00	00	00
9.236	3D DATA	true	-	-	-	-	-77352.9	-81228.1	-78505.1	-83120.1	-96318.5	-77352.9	-81228.1	-78505.1	-83120.1	-96318.5	-	-	-	-	-
9.237	3D MESSAGE	48	00	98	91	20	59	3F	8C	40	C9	8E	3C	5A	14	97	C7	19	A6	9E	C7	8D	54	99	C7	01	58	A2	C7	27	1F	BC	C7	5A	14	97	C7	19	A6	9E	C7	8D	54	99	C7	01	58	A2	C7	27	1F	BC	C7	00	00	00	00	00	00	00	00	00	00	00	00	00	00	00	00	00	00	00	00
9.237	3D DATA	true	-	-	-	-	-77352.7	-81228.2	-78505.1	-83120.0	-96318.3	-77352.7	-81228.2	-78505.1	-83120.0	-96318.3	-	-	-	-	-
9.237	3D MESSAGE	48	00	99	91	20	59	40	8C	40	C9	8E	3C	48	14	97	C7	16	A6	9E	C7	88	54	99	C7	F6	57	A2	C7	02	1F	BC	C7	48	14	97	C7	16	A6	9E	C7	88	54	99	C7	F6	57	A2	C7	02	1F	BC	C7	00	00	00	00	00	00	00	00	00	00	00	00	00	00	00	00	00	00	00	00
9.237	3D DATA	true	-	-	-	-	-77352.6	-81228.2	-78505.1	-83119.9	-96318.0	-77352.6	-81228.2	-78505.1	-83119.9	-96318.0	-	-	-	-	-
9.237	3D MESSAGE	48	00	9A	91	20	59	41	8C	40	C9	8E	3C	39	14	97	C7	04	A6	9E	C7	82	54	99	C7	E9	57	A2	C7	D7	1E	BC	C7	39	14	97	C7	04	A6	9E	C7	82	54	99	C7	E9	57	A2	C7	D7	1E	BC	C7	00	00	00	00	00	00	00	00	00	00	00	00	00	00	00	00	00	00	00	00
9.237	3D DATA	true	-	-	-	-	-77352.4	-81228.0	-78505.0	-83119.8	-96317.7	-77352.4	-81228.0	-78505.0	-83119.8	-96317.7	-	-	-	-	-
9.267	3D MESSAGE	48	00	9B	91	20	59	42	8C	40	C9	8E	3C	2F	14	97	C7	E6	A5	9E	C7	79	54	99	C7	DB	57	A2	C7	AD	1E	BC	C7	2F	14	97	C7	E6	A5	9E	C7	79	54	99	C7	DB	57	A2	C7	AD	1E	BC	C7	00	00	00	00	00	00	00	00	00	00	00	00	00	00	00	00	00	00	00	00
9.267	3D DATA	true	-	-	-	-	-77352.4	-81227.8	-78504.9	-83119.7	-96317.4	-77352.4	-81227.8	-78504.9	-83119.7	-96317.4	-	-	-	-	-
9.268	3D MESSAGE	48	00	9C	91	20	59	43	8C	40	C9	8E	3C	29	14	97	C7	BF	A5	9E	C7	70	54	99	C7	CC	57	A2	C7	88	1E	BC	C7	29	14	97	C7	BF	A5	9E	C7	70	54	99	C7	CC	57	A2	C7	88	1E	BC	C7	00	00	00	00	00	00	00	00	00	00	00	00	00	00	00	00	00	00	00	00
9.268	3D DATA	true	-	-	-	-	-77352.3	-81227.5	-78504.9	-83119.6	-96317.1	-77352.3	-81227.5	-78504.9	-83119.6	-96317.1	-	-	-	-	-
9.268	3D MESSAGE	48	00	9D	91	20	59	44	8C	40	C9	8E	3C	25	14	97	C7	95	A5	9E	C7	66	54	99	C7	BC	57	A2	C7	6B	1E	BC	C7	25	14	97	C7	95	A5	9E	C7	66	54	99	C7	BC	57	A2	C7	6B	1E	BC	C7	00	00	00	00	00	00	00	00	00	00	00	00	00	00	00	00	00	00	00	00
9.268	3D DATA	true	-	-	-	-	-77352.3	-81227.2	-78504.8	-83119.5	-96316.8	-77352.3	-81227.2	-78504.8	-83119.5	-96316.8	-	-	-	-	-
9.268	3D MESSAGE	48	00	9E	91	20	59	45	8C	40	C9	8E	3C	22	14	97	C7	6D	A5	9E	C7	5D	54	99	C7	AD	57	A2	C7	57	1E	BC	C7	22	14	97	C7	6D	A5	9E	C7	5D	54	99	C7	AD	57	A2	C7	57	1E	BC	C7	00	00	00	00	00	00	00	00	00	00	00	00	00	00	00	00	00	00	00	00
9.268	3D DATA	true	-	-	-	-	-77352.3	-81226.9	-78504.7	-83119.4	-96316.7	-77352.3	-81226.9	-78504.7	-83119.4	-96316.7	-	-	-	-	-
9.269	3D MESSAGE	48	00	9F	91	20	59	46	8C	40	C9	8E	3C	1E	14	97	C7	4D	A5	9E	C7	56	54	99	C7	9F	57	A2	C7	4A	1E	BC	C7	1E	14	97	C7	4D	A5	9E	C7	56	54	99	C7	9F	57	A2	C7	4A	1E	BC	C7	00	00	00	00	00	00	00	00	00	00	00	00	00	00	00	00	00	00	00	00
9.269	3D DATA	true	-	-	-	-	-77352.2	-81226.6	-78504.7	-83119.2	-96316.6	-77352.2	-81226.6	-78504.7	-83119.2	-96316.6	-	-	-	-	-
9.269	3D MESSAGE	48	00	A0	91	20	59	47	8C	40	C9	8E	3C	1A	14	97	C7	38	A5	9E	C7	51	54	99	C7	93	57	A2	C7	44	1E	BC	C7	1A	14	97	C7	38	A5	9E	C7	51	54	99	C7	93	57	A2	C7	44	1E	BC	C7	00	00	00	00	00	00	00	00	00	00	00	00	00	00	00	00	00	00	00	00
9.269	3D DATA	true	-	-	-	-	-77352.2	-81226.4	-78504.6	-83119.1	-96316.5	-77352.2	-81226.4	-78504.6	-83119.1	-96316.5	-	-	-	-	-
9.300	3D MESSAGE	48	00	A1	91	20	59	48	8C	40	C9	8E	3C	17	14	97	C7	2E	A5	9E	C7	4E	54	99	C7	88	57	A2	C7	41	1E	BC	C7	17	14	97	C7	2E	A5	9E	C7	4E	54	99	C7	88	57	A2	C7	41	1E	BC	C7	00	00	00	00	00	00	00	00	00	00	00	00	00	00	00	00	00	00	00	00
9.300	3D DATA	true	-	-	-	-	-77352.2	-81226.4	-78504.6	-83119.1	-96316.5	-77352.2	-81226.4	-78504.6	-83119.1	-96316.5	-	-	-	-	-
9.300	3D MESSAGE	48	00	A2	91	20	59	49	8C	40	C9	8E	3C	16	14	97	C7	2E	A5	9E	C7	4E	54	99	C7	7E	57	A2	C7	44	1E	BC	C7	16	14	97	C7	2E	A5	9E	C7	4E	54	99	C7	7E	57	A2	C7	44	1E	BC	C7	00	00	00	00	00	00	00	00	00	00	00	00	00	00	00	00	00	00	00	00
9.300	3D DATA	true	-	-	-	-	-77352.2	-81226.4	-78504.6	-83119.0	-96316.5	-77352.2	-81226.4	-78504.6	-83119.0	-96316.5	-	-	-	-	-
9.301	3D MESSAGE	48	00	A3	91	20	59	4A	8C	40	C9	8E	3C	1A	14	97	C7	37	A5	9E	C7	50	54	99	C7	74	57	A2	C7	4E	1E	BC	C7	1A	14	97	C7	37	A5	9E	C7	50	54	99	C7	74	57	A2	C7	4E	1E	BC	C7	00	00	00	00	00	00	00	00	00	00	00	00	00	00	00	00	00	00	00	00
9.301	3D DATA	true	-	-	-	-	-77352.2	-81226.4	-78504.6	-83118.9	-96316.6	-77352.2	-81226.4	-78504.6	-83118.9	-96316.6	-	-	-	-	-
9.301	3D MESSAGE	48	00	A4	91	20	59	4B	8C	40	C9	8E	3C	22	14	97	C7	44	A5	9E	C7	56	54	99	C7	66	57	A2	C7	60	1E	BC	C7	22	14	97	C7	44	A5	9E	C7	56	54	99	C7	66	57	A2	C7	60	1E	BC	C7	00	00	00	00	00	00	00	00	00	00	00	00	00	00	00	00	00	00	00	00
9.301	3D DATA	true	-	-	-	-	-77352.3	-81226.5	-78504.7	-83118.8	-96316.8	-77352.3	-81226.5	-78504.7	-83118.8	-96316.8	-	-	-	-	-
9.301	3D MESSAGE	48	00	A5	91	20	59	4C	8C	40	C9	8E	3C	2E	14	97	C7	55	A5	9E	C7	60	54	99	C7	57	57	A2	C7	7C	1E	BC	C7	2E	14	97	C7	55	A5	9E	C7	60	54	99	C7	57	57	A2	C7	7C	1E	BC	C7	00	00	00	00	00	00	00	00	00	00	00	00	00	00	00	00	00	00	00	00
9.301	3D DATA	true	-	-	-	-	-77352.4	-81226.7	-78504.8	-83118.7	-96317.0	-77352.4	-81226.7	-78504.8	-83118.7	-96317.0	-	-	-	-	-
9.302	3D MESSAGE	48	00	A6	91	20	59	4D	8C	40	C9	8E	3C	3B	14	97	C7	65	A5	9E	C7	6C	54	99	C7	44	57	A2	C7	9F	1E	BC	C7	3B	14	97	C7	65	A5	9E	C7	6C	54	99	C7	44	57	A2	C7	9F	1E	BC	C7	00	00	00	00	00	00	00	00	00	00	00	00	00	00	00	00	00	00	00	00
9.302	3D DATA	true	-	-	-	-	-77352.5	-81226.8	-78504.8	-83118.5	-96317.2	-77352.5	-81226.8	-78504.8	-83118.5	-96317.2	-	-	-	-	-
9.303	3D MESSAGE	48	00	A7	91	20	59	4E	8C	40	C9	8E	3C	45	14	97	C7	71	A5	9E	C7	76	54	99	C7	2F	57	A2	C7	C5	1E	BC	C7	45	14	97	C7	71	A5	9E	C7	76	54	99	C7	2F	57	A2	C7	C5	1E	BC	C7	00	00	00	00	00	00	00	00	00	00	00	00	00	00	00	00	00	00	00	00
9.303	3D DATA	true	-	-	-	-	-77352.5	-81226.9	-78504.9	-83118.4	-96317.5	-77352.5	-81226.9	-78504.9	-83118.4	-96317.5	-	-	-	-	-
9.328	3D MESSAGE	48	00	A8	91	20	59	4F	8C	40	C9	8E	3C	49	14	97	C7	75	A5	9E	C7	7D	54	99	C7	18	57	A2	C7	E6	1E	BC	C7	49	14	97	C7	75	A5	9E	C7	7D	54	99	C7	18	57	A2	C7	E6	1E	BC	C7	00	00	00	00	00	00	00	00	00	00	00	00	00	00	00	00	00	00	00	00
9.328	3D DATA	true	-	-	-	-	-77352.6	-81226.9	-78505.0	-83118.2	-96317.8	-77352.6	-81226.9	-78505.0	-83118.2	-96317.8	-	-	-	-	-
9.328	3D MESSAGE	48	00	A9	91	20	59	50	8C	40	C9	8E	3C	44	14	97	C7	70	A5	9E	C7	7B	54	99	C7	FE	56	A2	C7	FA	1E	BC	C7	44	14	97	C7	70	A5	9E	C7	7B	54	99	C7	FE	56	A2	C7	FA	1E	BC	C7	00	00	00	00	00	00	00	00	00	00	00	00	00	00	00	00	00	00	00	00
9.328	3D DATA	true	-	-	-	-	-77352.5	-81226.9	-78505.0	-83118.0	-96318.0	-77352.5	-81226.9	-78505.0	-83118.0	-96318.0	-	-	-	-	-
9.329	3D MESSAGE	48	00	AA	91	20	59	51	8C	40	C9	8E	3C	37	14	97	C7	62	A5	9E	C7	70	54	99	C7	E2	56	A2	C7	FA	1E	BC	C7	37	14	97	C7	62	A5	9E	C7	70	54	99	C7	E2	56	A2	C7	FA	1E	BC	C7	00	00	00	00	00	00	00	00	00	00	00	00	00	00	00	00	00	00	00	00
9.329	3D DATA	true	-	-	-	-	-77352.4	-81226.8	-78504.9	-83117.8	-96318.0	-77352.4	-81226.8	-78504.9	-83117.8	-96318.0	-	-	-	-	-
9.329	3D MESSAGE	48	00	AB	91	20	59	52	8C	40	C9	8E	3C	22	14	97	C7	4C	A5	9E	C7	5E	54	99	C7	C4	56	A2	C7	E5	1E	BC	C7	22	14	97	C7	4C	A5	9E	C7	5E	54	99	C7	C4	56	A2	C7	E5	1E	BC	C7	00	00	00	00	00	00	00	00	00	00	00	00	00	00	00	00	00	00	00	00
9.329	3D DATA	true	-	-	-	-	-77352.3	-81226.6	-78504.7	-83117.5	-96317.8	-77352.3	-81226.6	-78504.7	-83117.5	-96317.8	-	-	-	-	-
9.329	3D MESSAGE	48	00	AC	91	20	59	53	8C	40	C9	8E	3C	0B	14	97	C7	31	A5	9E	C7	46	54	99	C7	A5	56	A2	C7	BB	1E	BC	C7	0B	14	97	C7	31	A5	9E	C7	46	54	99	C7	A5	56	A2	C7	BB	1E	BC	C7	00	00	00	00	00	00	00	00	00	00	00	00	00	00	00	00	00	00	00	00
9.329	3D DATA	true	-	-	-	-	-77352.1	-81226.4	-78504.5	-83117.3	-96317.5	-77352.1	-81226.4	-78504.5	-83117.3	-96317.5	-	-	-	-	-
9.330	3D MESSAGE	48	00	AD	91	20	59	54	8C	40	C9	8E	3C	F5	13	97	C7	16	A5	9E	C7	2C	54	99	C7	86	56	A2	C7	82	1E	BC	C7	F5	13	97	C7	16	A5	9E	C7	2C	54	99	C7	86	56	A2	C7	82	1E	BC	C7	00	00	00	00	00	00	00	00	00	00	00	00	00	00	00	00	00	00	00	00
9.330	3D DATA	true	-	-	-	-	-77351.9	-81226.2	-78504.3	-83117.0	-96317.0	-77351.9	-81226.2	-78504.3	-83117.0	-96317.0	-	-	-	-	-
9.359	3D MESSAGE	48	00	AE	91	20	59	55	8C	40	C9	8E	3C	E4	13	97	C7	02	A5	9E	C7	16	54	99	C7	68	56	A2	C7	41	1E	BC	C7	E4	13	97	C7	02	A5	9E	C7	16	54	99	C7	68	56	A2	C7	41	1E	BC	C7	00	00	00	00	00	00	00	00	00	00	00	00	00	00	00	00	00	00	00	00
9.359	3D DATA	true	-	-	-	-	-77351.8	-81226.0	-78504.2	-83116.8	-96316.5	-77351.8	-81226.0	-78504.2	-83116.8	-96316.5	-	-	-	-	-
9.359	3D MESSAGE	48	00	AF	91	20	59	56	8C	40	C9	8E	3C	D9	13	97	C7	F6	A4	9E	C7	05	54	99	C7	4D	56	A2	C7	FE	1D	BC	C7	D9	13	97	C7	F6	A4	9E	C7	05	54	99	C7	4D	56	A2	C7	FE	1D	BC	C7	00	00	00	00	00	00	00	00	00	00	00	00	00	00	00	00	00	00	00	00
9.359	3D DATA	true	-	-	-	-	-77351.7	-81225.9	-78504.0	-83116.6	-96316.0	-77351.7	-81225.9	-78504.0	-83116.6	-96316.0	-	-	-	-	-
9.359	3D MESSAGE	48	00	B0	91	20	59	57	8C	40	C9	8E	3C	D3	13	97	C7	F4	A4	9E	C7	F9	53	99	C7	38	56	A2	C7	C0	1D	BC	C7	D3	13	97	C7	F4	A4	9E	C7	F9	53	99	C7	38	56	A2	C7	C0	1D	BC	C7	00	00	00	00	00	00	00	00	00	00	00	00	00	00	00	00	00	00	00	00
9.359	3D DATA	true	-	-	-	-	-77351.6	-81225.9	-78503.9	-83116.4	-96315.5	-77351.6	-81225.9	-78503.9	-83116.4	-96315.5	-	-	-	-	-
9.360	3D MESSAGE	48	00	B1	91	20	59	58	8C	40	C9	8E	3C	D0	13	97	C7	FE	A4	9E	C7	F0	53	99	C7	2A	56	A2	C7	8A	1D	BC	C7	D0	13	97	C7	FE	A4	9E	C7	F0	53	99	C7	2A	56	A2	C7	8A	1D	BC	C7	00	00	00	00	00	00	00	00	00	00	00	00	00	00	00	00	00	00	00	00
9.360	3D DATA	true	-	-	-	-	-77351.6	-81226.0	-78503.9	-83116.3	-96315.1	-77351.6	-81226.0	-78503.9	-83116.3	-96315.1	-	-	-	-	-
9.360	3D MESSAGE	48	00	B2	91	20	59	59	8C	40	C9	8E	3C	CE	13	97	C7	0E	A5	9E	C7	EA	53	99	C7	23	56	A2	C7	5E	1D	BC	C7	CE	13	97	C7	0E	A5	9E	C7	EA	53	99	C7	23	56	A2	C7	5E	1D	BC	C7	00	00	00	00	00	00	00	00	00	00	00	00	00	00	00	00	00	00	00	00
9.360	3D DATA	true	-	-	-	-	-77351.6	-81226.1	-78503.8	-83116.3	-96314.7	-77351.6	-81226.1	-78503.8	-83116.3	-96314.7	-	-	-	-	-
9.361	3D MESSAGE	48	00	B3	91	20	59	5A	8C	40	C9	8E	3C	C9	13	97	C7	21	A5	9E	C7	E2	53	99	C7	24	56	A2	C7	3C	1D	BC	C7	C9	13	97	C7	21	A5	9E	C7	E2	53	99	C7	24	56	A2	C7	3C	1D	BC	C7	00	00	00	00	00	00	00	00	00	00	00	00	00	00	00	00	00	00	00	00
9.361	3D DATA	true	-	-	-	-	-77351.6	-81226.3	-78503.8	-83116.3	-96314.5	-77351.6	-81226.3	-78503.8	-83116.3	-96314.5	-	-	-	-	-
9.392	3D MESSAGE	48	00	B4	91	20	59	5B	8C	40	C9	8E	3C	C1	13	97	C7	32	A5	9E	C7	DA	53	99	C7	28	56	A2	C7	24	1D	BC	C7	C1	13	97	C7	32	A5	9E	C7	DA	53	99	C7	28	56	A2	C7	24	1D	BC	C7	00	00	00	00	00	00	00	00	00	00	00	00	00	00	00	00	00	00	00	00
9.392	3D DATA	true	-	-	-	-	-77351.5	-81226.4	-78503.7	-83116.3	-96314.3	-77351.5	-81226.4	-78503.7	-83116.3	-96314.3	-	-	-	-	-
9.393	3D MESSAGE	48	00	B5	91	20	59	5C	8C	40	C9	8E	3C	B6	13	97	C7	39	A5	9E	C7	CE	53	99	C7	2D	56	A2	C7	14	1D	BC	C7	B6	13	97	C7	39	A5	9E	C7	CE	53	99	C7	2D	56	A2	C7	14	1D	BC	C7	00	00	00	00	00	00	00	00	00	00	00	00	00	00	00	00	00	00	00	00
9.393	3D DATA	true	-	-	-	-	-77351.4	-81226.4	-78503.6	-83116.4	-96314.2	-77351.4	-81226.4	-78503.6	-83116.4	-96314.2	-	-	-	-	-
9.393	3D MESSAGE	48	00	B6	91	20	59	5D	8C	40	C9	8E	3C	A8	13	97	C7	35	A5	9E	C7	C0	53	99	C7	2D	56	A2	C7	0A	1D	BC	C7	A8	13	97	C7	35	A5	9E	C7	C0	53	99	C7	2D	56	A2	C7	0A	1D	BC	C7	00	00	00	00	00	00	00	00	00	00	00	00	00	00	00	00	00	00	00	00
9.393	3D DATA	true	-	-	-	-	-77351.3	-81226.4	-78503.5	-83116.4	-96314.1	-77351.3	-81226.4	-78503.5	-83116.4	-96314.1	-	-	-	-	-
9.393	3D MESSAGE	48	00	B7	91	20	59	5E	8C	40	C9	8E	3C	98	13	97	C7	24	A5	9E	C7	B0	53	99	C7	26	56	A2	C7	02	1D	BC	C7	98	13	97	C7	24	A5	9E	C7	B0	53	99	C7	26	56	A2	C7	02	1D	BC	C7	00	00	00	00	00	00	00	00	00	00	00	00	00	00	00	00	00	00	00	00
9.393	3D DATA	true	-	-	-	-	-77351.2	-81226.3	-78503.4	-83116.3	-96314.0	-77351.2	-81226.3	-78503.4	-83116.3	-96314.0	-	-	-	-	-
9.394	3D MESSAGE	48	00	B8	91	20	59	5F	8C	40	C9	8E	3C	84	13	97	C7	05	A5	9E	C7	A0	53	99	C7	15	56	A2	C7	F8	1C	BC	C7	84	13	97	C7	05	A5	9E	C7	A0	53	99	C7	15	56	A2	C7	F8	1C	BC	C7	00	00	00	00	00	00	00	00	00	00	00	00	00	00	00	00	00	00	00	00
9.394	3D DATA	true	-	-	-	-	-77351.0	-81226.0	-78503.2	-83116.2	-96313.9	-77351.0	-81226.0	-78503.2	-83116.2	-96313.9	-	-	-	-	-
9.394	3D MESSAGE	48	00	B9	91	20	59	60	8C	40	C9	8E	3C	6E	13	97	C7	DD	A4	9E	C7	8E	53	99	C7	FA	55	A2	C7	E6	1C	BC	C7	6E	13	97	C7	DD	A4	9E	C7	8E	53	99	C7	FA	55	A2	C7	E6	1C	BC	C7	00	00	00	00	00	00	00	00	00	00	00	00	00	00	00	00	00	00	00	00
9.394	3D DATA	true	-	-	-	-	-77350.9	-81225.7	-78503.1	-83116.0	-96313.8	-77350.9	-81225.7	-78503.1	-83116.0	-96313.8	-	-	-	-	-
9.424	3D MESSAGE	48	00	BA	91	20	59	61	8C	40	C9	8E	3C	56	13	97	C7	B0	A4	9E	C7	7B	53	99	C7	D4	55	A2	C7	CD	1C	BC	C7	56	13	97	C7	B0	A4	9E	C7	7B	53	99	C7	D4	55	A2	C7	CD	1C	BC	C7	00	00	00	00	00	00	00	00	00	00	00	00	00	00	00	00	00	00	00	00
9.424	3D DATA	true	-	-	-	-	-77350.7	-81225.4	-78503.0	-83115.7	-96313.6	-77350.7	-81225.4	-78503.0	-83115.7	-96313.6	-	-	-	-	-
9.425	3D MESSAGE	48	00	BB	91	20	59	62	8C	40	C9	8E	3C	3D	13	97	C7	86	A4	9E	C7	67	53	99	C7	A8	55	A2	C7	AB	1C	BC	C7	3D	13	97	C7	86	A4	9E	C7	67	53	99	C7	A8	55	A2	C7	AB	1C	BC	C7	00	00	00	00	00	00	00	00	00	00	00	00	00	00	00	00	00	00	00	00
9.425	3D DATA	true	-	-	-	-	-77350.5	-81225.0	-78502.8	-83115.3	-96313.3	-77350.5	-81225.0	-78502.8	-83115.3	-96313.3	-	-	-	-	-
9.425	3D MESSAGE	48	00	BC	91	20	59	63	8C	40	C9	8E	3C	23	13	97	C7	62	A4	9E	C7	52	53	99	C7	78	55	A2	C7	81	1C	BC	C7	23	13	97	C7	62	A4	9E	C7	52	53	99	C7	78	55	A2	C7	81	1C	BC	C7	00	00	00	00	00	00	00	00	00	00	00	00	00	00	00	00	00	00	00	00
9.425	3D DATA	true	-	-	-	-	-77350.3	-81224.8	-78502.6	-83114.9	-96313.0	-77350.3	-81224.8	-78502.6	-83114.9	-96313.0	-	-	-	-	-
9.426	3D MESSAGE	48	00	BD	91	20	59	64	8C	3C	9E	A7	3C	0A	13	97	C7	4C	A4	9E	C7	3C	53	99	C7	44	55	A2	C7	54	1C	BC	C7	0A	13	97	C7	4C	A4	9E	C7	3C	53	99	C7	44	55	A2	C7	54	1C	BC	C7	00	00	00	00	00	00	00	00	00	00	00	00	00	00	00	00	00	00	00	00
9.426	3D DATA	true	-	-	-	-	-77350.1	-81224.6	-78502.5	-83114.5	-96312.7	-77350.1	-81224.6	-78502.5	-83114.5	-96312.7	-	-	-	-	-
9.426	3D MESSAGE	48	00	BE	91	20	59	65	8C	3C	9E	A7	3C	F4	12	97	C7	42	A4	9E	C7	25	53	99	C7	10	55	A2	C7	26	1C	BC	C7	F4	12	97	C7	42	A4	9E	C7	25	53	99	C7	10	55	A2	C7	26	1C	BC	C7	00	00	00	00	00	00	00	00	00	00	00	00	00	00	00	00	00	00	00	00
9.426	3D DATA	true	-	-	-	-	-77349.9	-81224.5	-78502.3	-83114.1	-96312.3	-77349.9	-81224.5	-78502.3	-83114.1	-96312.3	-	-	-	-	-
9.426	3D MESSAGE	48	00	BF	91	20	59	66	8C	3C	9E	A7	3C	DD	12	97	C7	43	A4	9E	C7	0E	53	99	C7	DC	54	A2	C7	FB	1B	BC	C7	DD	12	97	C7	43	A4	9E	C7	0E	53	99	C7	DC	54	A2	C7	FB	1B	BC	C7	00	00	00	00	00	00	00	00	00	00	00	00	00	00	00	00	00	00	00	00
9.426	3D DATA	true	-	-	-	-	-77349.7	-81224.5	-78502.1	-83113.7	-96312.0	-77349.7	-81224.5	-78502.1	-83113.7	-96312.0	-	-	-	-	-
9.427	3D MESSAGE	48	00	C0	91	20	59	67	8C	3C	9E	A7	3C	C6	12	97	C7	48	A4	9E	C7	F5	52	99	C7	A8	54	A2	C7	D6	1B	BC	C7	C6	12	97	C7	48	A4	9E	C7	F5	52	99	C7	A8	54	A2	C7	D6	1B	BC	C7	00	00	00	00	00	00	00	00	00	00	00	00	00	00	00	00	00	00	00	00
9.427	3D DATA	true	-	-	-	-	-77349.5	-81224.6	-78501.9	-83113.3	-96311.7	-77349.5	-81224.6	-78501.9	-83113.3	-96311.7	-	-	-	-	-
9.456	3D MESSAGE	48	00	C1	91	20	59	68	8C	3C	9E	A7	3C	AA	12	97	C7	4B	A4	9E	C7	DA	52	99	C7	74	54	A2	C7	B8	1B	BC	C7	AA	12	97	C7	4B	A4	9E	C7	DA	52	99	C7	74	54	A2	C7	B8	1B	BC	C7	00	00	00	00	00	00	00	00	00	00	00	00	00	00	00	00	00	00	00	00
9.456	3D DATA	true	-	-	-	-	-77349.3	-81224.6	-78501.7	-83112.9	-96311.4	-77349.3	-81224.6	-78501.7	-83112.9	-96311.4	-	-	-	-	-
9.457	3D MESSAGE	48	00	C2	91	20	59	69	8C	3C	9E	A7	3C	89	12	97	C7	45	A4	9E	C7	BA	52	99	C7	41	54	A2	C7	A2	1B	BC	C7	89	12	97	C7	45	A4	9E	C7	BA	52	99	C7	41	54	A2	C7	A2	1B	BC	C7	00	00	00	00	00	00	00	00	00	00	00	00	00	00	00	00	00	00	00	00
9.457	3D DATA	true	-	-	-	-	-77349.1	-81224.5	-78501.5	-83112.5	-96311.3	-77349.1	-81224.5	-78501.5	-83112.5	-96311.3	-	-	-	-	-
9.457	3D MESSAGE	48	00	C3	91	20	59	6A	8C	3C	9E	A7	3C	61	12	97	C7	34	A4	9E	C7	97	52	99	C7	0C	54	A2	C7	94	1B	BC	C7	61	12	97	C7	34	A4	9E	C7	97	52	99	C7	0C	54	A2	C7	94	1B	BC	C7	00	00	00	00	00	00	00	00	00	00	00	00	00	00	00	00	00	00	00	00
9.457	3D DATA	true	-	-	-	-	-77348.8	-81224.4	-78501.2	-83112.1	-96311.2	-77348.8	-81224.4	-78501.2	-83112.1	-96311.2	-	-	-	-	-
9.457	3D MESSAGE	48	00	C4	91	20	59	6B	8C	3C	9E	A7	3C	33	12	97	C7	1B	A4	9E	C7	6F	52	99	C7	D8	53	A2	C7	8D	1B	BC	C7	33	12	97	C7	1B	A4	9E	C7	6F	52	99	C7	D8	53	A2	C7	8D	1B	BC	C7	00	00	00	00	00	00	00	00	00	00	00	00	00	00	00	00	00	00	00	00
9.457	3D DATA	true	-	-	-	-	-77348.4	-81224.2	-78500.9	-83111.7	-96311.1	-77348.4	-81224.2	-78500.9	-83111.7	-96311.1	-	-	-	-	-
9.458	3D MESSAGE	48	00	C5	91	20	59	6C	8C	3C	9E	A7	3C	03	12	97	C7	FF	A3	9E	C7	46	52	99	C7	A3	53	A2	C7	8A	1B	BC	C7	03	12	97	C7	FF	A3	9E	C7	46	52	99	C7	A3	53	A2	C7	8A	1B	BC	C7	00	00	00	00	00	00	00	00	00	00	00	00	00	00	00	00	00	00	00	00
9.458	3D DATA	true	-	-	-	-	-77348.0	-81224.0	-78500.5	-83111.3	-96311.1	-77348.0	-81224.0	-78500.5	-83111.3	-96311.1	-	-	-	-	-
9.458	3D MESSAGE	48	00	C6	91	20	59	6D	8C	3C	9E	A7	3C	D4	11	97	C7	E7	A3	9E	C7	1C	52	99	C7	6C	53	A2	C7	8A	1B	BC	C7	D4	11	97	C7	E7	A3	9E	C7	1C	52	99	C7	6C	53	A2	C7	8A	1B	BC	C7	00	00	00	00	00	00	00	00	00	00	00	00	00	00	00	00	00	00	00	00
9.458	3D DATA	true	-	-	-	-	-77347.7	-81223.8	-78500.2	-83110.8	-96311.1	-77347.7	-81223.8	-78500.2	-83110.8	-96311.1	-	-	-	-	-
9.486	3D MESSAGE	48	00	C7	91	20	59	6E	8C	3C	9E	A7	3C	A9	11	97	C7	D7	A3	9E	C7	F6	51	99	C7	32	53	A2	C7	89	1B	BC	C7	A9	11	97	C7	D7	A3	9E	C7	F6	51	99	C7	32	53	A2	C7	89	1B	BC	C7	00	00	00	00	00	00	00	00	00	00	00	00	00	00	00	00	00	00	00	00
9.486	3D DATA	true	-	-	-	-	-77347.3	-81223.7	-78499.9	-83110.4	-96311.1	-77347.3	-81223.7	-78499.9	-83110.4	-96311.1	-	-	-	-	-
9.487	3D MESSAGE	48	00	C8	91	20	59	6F	8C	3C	9E	A7	3C	83	11	97	C7	D2	A3	9E	C7	D5	51	99	C7	F2	52	A2	C7	82	1B	BC	C7	83	11	97	C7	D2	A3	9E	C7	D5	51	99	C7	F2	52	A2	C7	82	1B	BC	C7	00	00	00	00	00	00	00	00	00	00	00	00	00	00	00	00	00	00	00	00
9.487	3D DATA	true	-	-	-	-	-77347.0	-81223.6	-78499.7	-83109.9	-96311.0	-77347.0	-81223.6	-78499.7	-83109.9	-96311.0	-	-	-	-	-
9.487	3D MESSAGE	48	00	C9	91	20	59	70	8C	3C	9E	A7	3C	60	11	97	C7	D4	A3	9E	C7	B9	51	99	C7	A9	52	A2	C7	73	1B	BC	C7	60	11	97	C7	D4	A3	9E	C7	B9	51	99	C7	A9	52	A2	C7	73	1B	BC	C7	00	00	00	00	00	00	00	00	00	00	00	00	00	00	00	00	00	00	00	00
9.487	3D DATA	true	-	-	-	-	-77346.8	-81223.7	-78499.4	-83109.3	-96310.9	-77346.8	-81223.7	-78499.4	-83109.3	-96310.9	-	-	-	-	-
9.488	3D MESSAGE	48	00	CA	91	20	59	71	8C	3C	9E	A7	3C	3C	11	97	C7	D9	A3	9E	C7	9E	51	99	C7	55	52	A2	C7	56	1B	BC	C7	3C	11	97	C7	D9	A3	9E	C7	9E	51	99	C7	55	52	A2	C7	56	1B	BC	C7	00	00	00	00	00	00	00	00	00	00	00	00	00	00	00	00	00	00	00	00
9.488	3D DATA	true	-	-	-	-	-77346.5	-81223.7	-78499.2	-83108.7	-96310.7	-77346.5	-81223.7	-78499.2	-83108.7	-96310.7	-	-	-	-	-
9.488	3D MESSAGE	48	00	CB	91	20	59	72	8C	3C	9E	A7	3C	12	11	97	C7	DA	A3	9E	C7	80	51	99	C7	F4	51	A2	C7	2E	1B	BC	C7	12	11	97	C7	DA	A3	9E	C7	80	51	99	C7	F4	51	A2	C7	2E	1B	BC	C7	00	00	00	00	00	00	00	00	00	00	00	00	00	00	00	00	00	00	00	00
9.488	3D DATA	true	-	-	-	-	-77346.1	-81223.7	-78499.0	-83107.9	-96310.4	-77346.1	-81223.7	-78499.0	-83107.9	-96310.4	-	-	-	-	-
9.488	3D MESSAGE	48	00	CC	91	20	59	73	8C	3C	9E	A7	3C	DE	10	97	C7	D3	A3	9E	C7	5C	51	99	C7	84	51	A2	C7	FA	1A	BC	C7	DE	10	97	C7	D3	A3	9E	C7	5C	51	99	C7	84	51	A2	C7	FA	1A	BC	C7	00	00	00	00	00	00	00	00	00	00	00	00	00	00	00	00	00	00	00	00
9.488	3D DATA	true	-	-	-	-	-77345.7	-81223.6	-78498.7	-83107.0	-96310.0	-77345.7	-81223.6	-78498.7	-83107.0	-96310.0	-	-	-	-	-
9.518	3D MESSAGE	48	00	CD	91	20	59	74	8C	3C	9E	A7	3C	9E	10	97	C7	C4	A3	9E	C7	2E	51	99	C7	09	51	A2	C7	BE	1A	BC	C7	9E	10	97	C7	C4	A3	9E	C7	2E	51	99	C7	09	51	A2	C7	BE	1A	BC	C7	00	00	00	00	00	00	00	00	00	00	00	00	00	00	00	00	00	00	00	00
9.518	3D DATA	true	-	-	-	-	-77345.2	-81223.5	-78498.4	-83106.1	-96309.5	-77345.2	-81223.5	-78498.4	-83106.1	-96309.5	-	-	-	-	-
9.518	3D MESSAGE	48	00	CE	91	20	59	75	8C	3C	9E	A7	3C	50	10	97	C7	AC	A3	9E	C7	F3	50	99	C7	83	50	A2	C7	81	1A	BC	C7	50	10	97	C7	AC	A3	9E	C7	F3	50	99	C7	83	50	A2	C7	81	1A	BC	C7	00	00	00	00	00	00	00	00	00	00	00	00	00	00	00	00	00	00	00	00
9.518	3D DATA	true	-	-	-	-	-77344.6	-81223.3	-78497.9	-83105.0	-96309.0	-77344.6	-81223.3	-78497.9	-83105.0	-96309.0	-	-	-	-	-
9.519	3D MESSAGE	48	00	CF	91	20	59	76	8C	3C	9E	A7	3C	F5	0F	97	C7	91	A3	9E	C7	AC	50	99	C7	F2	4F	A2	C7	43	1A	BC	C7	F5	0F	97	C7	91	A3	9E	C7	AC	50	99	C7	F2	4F	A2	C7	43	1A	BC	C7	00	00	00	00	00	00	00	00	00	00	00	00	00	00	00	00	00	00	00	00
9.519	3D DATA	true	-	-	-	-	-77343.9	-81223.1	-78497.3	-83103.9	-96308.5	-77343.9	-81223.1	-78497.3	-83103.9	-96308.5	-	-	-	-	-
9.519	3D MESSAGE	48	00	D0	91	20	59	77	8C	3C	9E	A7	3C	8D	0F	97	C7	73	A3	9E	C7	5A	50	99	C7	58	4F	A2	C7	06	1A	BC	C7	8D	0F	97	C7	73	A3	9E	C7	5A	50	99	C7	58	4F	A2	C7	06	1A	BC	C7	00	00	00	00	00	00	00	00	00	00	00	00	00	00	00	00	00	00	00	00
9.519	3D DATA	true	-	-	-	-	-77343.1	-81222.9	-78496.7	-83102.7	-96308.0	-77343.1	-81222.9	-78496.7	-83102.7	-96308.0	-	-	-	-	-
9.520	3D MESSAGE	48	00	D1	91	20	59	78	8C	3C	9E	A7	3C	18	0F	97	C7	54	A3	9E	C7	FD	4F	99	C7	B0	4E	A2	C7	C5	19	BC	C7	18	0F	97	C7	54	A3	9E	C7	FD	4F	99	C7	B0	4E	A2	C7	C5	19	BC	C7	00	00	00	00	00	00	00	00	00	00	00	00	00	00	00	00	00	00	00	00
9.520	3D DATA	true	-	-	-	-	-77342.2	-81222.7	-78496.0	-83101.4	-96307.5	-77342.2	-81222.7	-78496.0	-83101.4	-96307.5	-	-	-	-	-
9.520	3D MESSAGE	48	00	D2	91	20	59	79	8C	3C	9E	A7	3C	97	0E	97	C7	32	A3	9E	C7	98	4F	99	C7	F6	4D	A2	C7	7C	19	BC	C7	97	0E	97	C7	32	A3	9E	C7	98	4F	99	C7	F6	4D	A2	C7	7C	19	BC	C7	00	00	00	00	00	00	00	00	00	00	00	00	00	00	00	00	00	00	00	00
9.520	3D DATA	true	-	-	-	-	-77341.2	-81222.4	-78495.2	-83099.9	-96307.0	-77341.2	-81222.4	-78495.2	-83099.9	-96307.0	-	-	-	-	-
9.521	3D MESSAGE	48	00	D3	91	20	59	7A	8C	3C	9E	A7	3C	09	0E	97	C7	0A	A3	9E	C7	2A	4F	99	C7	27	4D	A2	C7	25	19	BC	C7	09	0E	97	C7	0A	A3	9E	C7	2A	4F	99	C7	27	4D	A2	C7	25	19	BC	C7	00	00	00	00	00	00	00	00	00	00	00	00	00	00	00	00	00	00	00	00
9.521	3D DATA	true	-	-	-	-	-77340.1	-81222.1	-78494.3	-83098.3	-96306.3	-77340.1	-81222.1	-78494.3	-83098.3	-96306.3	-	-	-	-	-
9.521	3D MESSAGE	48	00	D4	91	20	59	7B	8C	3C	9E	A7	3C	6E	0D	97	C7	D8	A2	9E	C7	B8	4E	99	C7	3C	4C	A2	C7	BA	18	BC	C7	6E	0D	97	C7	D8	A2	9E	C7	B8	4E	99	C7	3C	4C	A2	C7	BA	18	BC	C7	00	00	00	00	00	00	00	00	00	00	00	00	00	00	00	00	00	00	00	00
9.521	3D DATA	true	-	-	-	-	-77338.9	-81221.7	-78493.4	-83096.5	-96305.5	-77338.9	-81221.7	-78493.4	-83096.5	-96305.5	-	-	-	-	-
9.551	3D MESSAGE	48	00	D5	91	20	59	7C	8C	3C	9E	A7	3C	C6	0C	97	C7	9B	A2	9E	C7	40	4E	99	C7	32	4B	A2	C7	3B	18	BC	C7	C6	0C	97	C7	9B	A2	9E	C7	40	4E	99	C7	32	4B	A2	C7	3B	18	BC	C7	00	00	00	00	00	00	00	00	00	00	00	00	00	00	00	00	00	00	00	00
9.551	3D DATA	true	-	-	-	-	-77337.5	-81221.2	-78492.5	-83094.4	-96304.5	-77337.5	-81221.2	-78492.5	-83094.4	-96304.5	-	-	-	-	-
9.551	3D MESSAGE	48	00	D6	91	20	59	7D	8C	3C	9E	A7	3C	13	0C	97	C7	53	A2	9E	C7	C9	4D	99	C7	08	4A	A2	C7	A9	17	BC	C7	13	0C	97	C7	53	A2	9E	C7	C9	4D	99	C7	08	4A	A2	C7	A9	17	BC	C7	00	00	00	00	00	00	00	00	00	00	00	00	00	00	00	00	00	00	00	00
9.551	3D DATA	true	-	-	-	-	-77336.1	-81220.6	-78491.6	-83092.1	-96303.3	-77336.1	-81220.6	-78491.6	-83092.1	-96303.3	-	-	-	-	-
9.551	3D MESSAGE	48	00	D7	91	20	59	7E	8C	3C	9E	A7	3C	56	0B	97	C7	03	A2	9E	C7	51	4D	99	C7	C0	48	A2	C7	0B	17	BC	C7	56	0B	97	C7	03	A2	9E	C7	51	4D	99	C7	C0	48	A2	C7	0B	17	BC	C7	00	00	00	00	00	00	00	00	00	00	00	00	00	00	00	00	00	00	00	00
9.552	3D DATA	true	-	-	-	-	-77334.7	-81220.0	-78490.6	-83089.5	-96302.1	-77334.7	-81220.0	-78490.6	-83089.5	-96302.1	-	-	-	-	-
9.552	3D MESSAGE	48	00	D8	91	20	59	7F	8C	3C	9E	A7	3C	90	0A	97	C7	B1	A1	9E	C7	DA	4C	99	C7	5D	47	A2	C7	66	16	BC	C7	90	0A	97	C7	B1	A1	9E	C7	DA	4C	99	C7	5D	47	A2	C7	66	16	BC	C7	00	00	00	00	00	00	00	00	00	00	00	00	00	00	00	00	00	00	00	00
9.552	3D DATA	true	-	-	-	-	-77333.1	-81219.4	-78489.7	-83086.7	-96300.8	-77333.1	-81219.4	-78489.7	-83086.7	-96300.8	-	-	-	-	-
9.552	3D MESSAGE	48	00	D9	91	20	59	80	8C	3C	9E	A7	3C	C0	09	97	C7	60	A1	9E	C7	62	4C	99	C7	E2	45	A2	C7	BF	15	BC	C7	C0	09	97	C7	60	A1	9E	C7	62	4C	99	C7	E2	45	A2	C7	BF	15	BC	C7	00	00	00	00	00	00	00	00	00	00	00	00	00	00	00	00	00	00	00	00
9.552	3D DATA	true	-	-	-	-	-77331.5	-81218.8	-78488.8	-83083.8	-96299.5	-77331.5	-81218.8	-78488.8	-83083.8	-96299.5	-	-	-	-	-
9.552	3D MESSAGE	48	00	DA	91	20	59	81	8C	3C	9E	A7	3C	E4	08	97	C7	14	A1	9E	C7	E2	4B	99	C7	51	44	A2	C7	18	15	BC	C7	E4	08	97	C7	14	A1	9E	C7	E2	4B	99	C7	51	44	A2	C7	18	15	BC	C7	00	00	00	00	00	00	00	00	00	00	00	00	00	00	00	00	00	00	00	00
9.552	3D DATA	true	-	-	-	-	-77329.8	-81218.2	-78487.8	-83080.6	-96298.2	-77329.8	-81218.2	-78487.8	-83080.6	-96298.2	-	-	-	-	-
9.579	3D MESSAGE	48	00	DB	91	20	59	82	8C	3C	9E	A7	3C	FC	07	97	C7	CA	A0	9E	C7	56	4B	99	C7	A7	42	A2	C7	6D	14	BC	C7	FC	07	97	C7	CA	A0	9E	C7	56	4B	99	C7	A7	42	A2	C7	6D	14	BC	C7	00	00	00	00	00	00	00	00	00	00	00	00	00	00	00	00	00	00	00	00
9.579	3D DATA	true	-	-	-	-	-77328.0	-81217.6	-78486.7	-83077.3	-96296.9	-77328.0	-81217.6	-78486.7	-83077.3	-96296.9	-	-	-	-	-
9.580	3D MESSAGE	48	00	DC	91	20	59	83	8C	3C	9E	A7	3C	02	07	97	C7	81	A0	9E	C7	B5	4A	99	C7	DE	40	A2	C7	B8	13	BC	C7	02	07	97	C7	81	A0	9E	C7	B5	4A	99	C7	DE	40	A2	C7	B8	13	BC	C7	00	00	00	00	00	00	00	00	00	00	00	00	00	00	00	00	00	00	00	00
9.580	3D DATA	true	-	-	-	-	-77326.0	-81217.0	-78485.4	-83073.7	-96295.4	-77326.0	-81217.0	-78485.4	-83073.7	-96295.4	-	-	-	-	-
9.580	3D MESSAGE	48	00	DD	91	20	59	84	8C	3C	9E	A7	3C	F2	05	97	C7	30	A0	9E	C7	F7	49	99	C7	F0	3E	A2	C7	ED	12	BC	C7	F2	05	97	C7	30	A0	9E	C7	F7	49	99	C7	F0	3E	A2	C7	ED	12	BC	C7	00	00	00	00	00	00	00	00	00	00	00	00	00	00	00	00	00	00	00	00
9.580	3D DATA	true	-	-	-	-	-77323.9	-81216.4	-78483.9	-83069.9	-96293.9	-77323.9	-81216.4	-78483.9	-83069.9	-96293.9	-	-	-	-	-
9.580	3D MESSAGE	48	00	DE	91	20	59	85	8C	3C	9E	A7	3C	CA	04	97	C7	D0	9F	9E	C7	17	49	99	C7	D0	3C	A2	C7	02	12	BC	C7	CA	04	97	C7	D0	9F	9E	C7	17	49	99	C7	D0	3C	A2	C7	02	12	BC	C7	00	00	00	00	00	00	00	00	00	00	00	00	00	00	00	00	00	00	00	00
9.580	3D DATA	true	-	-	-	-	-77321.6	-81215.6	-78482.2	-83065.6	-96292.0	-77321.6	-81215.6	-78482.2	-83065.6	-96292.0	-	-	-	-	-
9.580	3D MESSAGE	48	00	DF	91	20	59	86	8C	3C	9E	A7	3C	82	03	97	C7	5C	9F	9E	C7	11	48	99	C7	74	3A	A2	C7	EC	10	BC	C7	82	03	97	C7	5C	9F	9E	C7	11	48	99	C7	74	3A	A2	C7	EC	10	BC	C7	00	00	00	00	00	00	00	00	00	00	00	00	00	00	00	00	00	00	00	00
9.581	3D DATA	true	-	-	-	-	-77319.0	-81214.7	-78480.1	-83060.9	-96289.8	-77319.0	-81214.7	-78480.1	-83060.9	-96289.8	-	-	-	-	-
9.581	3D MESSAGE	48	00	E0	91	20	59	87	8C	3C	9E	A7	3C	17	02	97	C7	D0	9E	9E	C7	E5	46	99	C7	D2	37	A2	C7	A6	0F	BC	C7	17	02	97	C7	D0	9E	9E	C7	E5	46	99	C7	D2	37	A2	C7	A6	0F	BC	C7	00	00	00	00	00	00	00	00	00	00	00	00	00	00	00	00	00	00	00	00
9.581	3D DATA	true	-	-	-	-	-77316.2	-81213.6	-78477.8	-83055.6	-96287.3	-77316.2	-81213.6	-78477.8	-83055.6	-96287.3	-	-	-	-	-
9.609	3D MESSAGE	48	00	E1	91	20	59	88	8C	3C	9E	A7	3C	82	00	97	C7	2B	9E	9E	C7	92	45	99	C7	DD	34	A2	C7	2F	0E	BC	C7	82	00	97	C7	2B	9E	9E	C7	92	45	99	C7	DD	34	A2	C7	2F	0E	BC	C7	00	00	00	00	00	00	00	00	00	00	00	00	00	00	00	00	00	00	00	00
9.609	3D DATA	true	-	-	-	-	-77313.0	-81212.3	-78475.1	-83049.7	-96284.4	-77313.0	-81212.3	-78475.1	-83049.7	-96284.4	-	-	-	-	-
9.609	3D MESSAGE	48	00	E2	91	20	59	89	8C	3C	9E	A7	3C	C1	FE	96	C7	6F	9D	9E	C7	19	44	99	C7	8B	31	A2	C7	8A	0C	BC	C7	C1	FE	96	C7	6F	9D	9E	C7	19	44	99	C7	8B	31	A2	C7	8A	0C	BC	C7	00	00	00	00	00	00	00	00	00	00	00	00	00	00	00	00	00	00	00	00
9.609	3D DATA	true	-	-	-	-	-77309.5	-81210.9	-78472.2	-83043.1	-96281.1	-77309.5	-81210.9	-78472.2	-83043.1	-96281.1	-	-	-	-	-
9.610	3D MESSAGE	48	00	E3	91	20	59	8A	8C	3C	9E	A7	3C	D1	FC	96	C7	9F	9C	9E	C7	7B	42	99	C7	CF	2D	A2	C7	BD	0A	BC	C7	D1	FC	96	C7	9F	9C	9E	C7	7B	42	99	C7	CF	2D	A2	C7	BD	0A	BC	C7	00	00	00	00	00	00	00	00	00	00	00	00	00	00	00	00	00	00	00	00
9.610	3D DATA	true	-	-	-	-	-77305.6	-81209.2	-78469.0	-83035.6	-96277.5	-77305.6	-81209.2	-78469.0	-83035.6	-96277.5	-	-	-	-	-
9.610	3D MESSAGE	48	00	E4	91	20	59	8B	8C	3C	9E	A7	3C	B1	FA	96	C7	C0	9B	9E	C7	B6	40	99	C7	94	29	A2	C7	CF	08	BC	C7	B1	FA	96	C7	C0	9B	9E	C7	B6	40	99	C7	94	29	A2	C7	CF	08	BC	C7	00	00	00	00	00	00	00	00	00	00	00	00	00	00	00	00	00	00	00	00
9.610	3D DATA	true	-	-	-	-	-77301.4	-81207.5	-78465.4	-83027.2	-96273.6	-77301.4	-81207.5	-78465.4	-83027.2	-96273.6	-	-	-	-	-
9.610	3D MESSAGE	48	00	E5	91	20	59	8C	8C	FA	B7	94	3F	62	F8	96	C7	D6	9A	9E	C7	C5	3E	99	C7	BF	24	A2	C7	C3	06	BC	C7	62	F8	96	C7	D6	9A	9E	C7	C5	3E	99	C7	BF	24	A2	C7	C3	06	BC	C7	00	00	00	00	00	00	00	00	00	00	00	00	00	00	00	00	00	00	00	00
9.610	3D DATA	true	-	-	-	-	-77296.8	-81205.7	-78461.5	-83017.5	-96269.5	-77296.8	-81205.7	-78461.5	-83017.5	-96269.5	-	-	-	-	-
9.611	3D MESSAGE	48	00	E6	91	20	59	8D	8C	FA	B7	94	3F	E1	F5	96	C7	E4	99	9E	C7	A2	3C	99	C7	22	1F	A2	C7	98	04	BC	C7	E1	F5	96	C7	E4	99	9E	C7	A2	3C	99	C7	22	1F	A2	C7	98	04	BC	C7	00	00	00	00	00	00	00	00	00	00	00	00	00	00	00	00	00	00	00	00
9.611	3D DATA	true	-	-	-	-	-77291.8	-81203.8	-78457.3	-83006.3	-96265.2	-77291.8	-81203.8	-78457.3	-83006.3	-96265.2	-	-	-	-	-
9.639	3D MESSAGE	48	00	E7	91	20	59	8E	8C	FA	B7	94	3F	2A	F3	96	C7	E9	98	9E	C7	3F	3A	99	C7	7C	18	A2	C7	41	02	BC	C7	2A	F3	96	C7	E9	98	9E	C7	3F	3A	99	C7	7C	18	A2	C7	41	02	BC	C7	00	00	00	00	00	00	00	00	00	00	00	00	00	00	00	00	00	00	00	00
9.639	3D DATA	true	-	-	-	-	-77286.3	-81201.8	-78452.5	-82993.0	-96260.5	-77286.3	-81201.8	-78452.5	-82993.0	-96260.5	-	-	-	-	-
9.640	3D MESSAGE	48	00	E8	91	20	59	8F	8C	FA	B7	94	3F	34	F0	96	C7	E2	97	9E	C7	87	37	99	C7	6B	10	A2	C7	AA	FF	BB	C7	34	F0	96	C7	E2	97	9E	C7	87	37	99	C7	6B	10	A2	C7	AA	FF	BB	C7	00	00	00	00	00	00	00	00	00	00	00	00	00	00	00	00	00	00	00	00
9.640	3D DATA	true	-	-	-	-	-77280.4	-81199.8	-78447.1	-82976.8	-96255.3	-77280.4	-81199.8	-78447.1	-82976.8	-96255.3	-	-	-	-	-
9.640	3D MESSAGE	48	00	E9	91	20	59	90	8C	FA	B7	94	3F	EA	EC	96	C7	CA	96	9E	C7	5A	34	99	C7	5E	06	A2	C7	B5	FC	BB	C7	EA	EC	96	C7	CA	96	9E	C7	5A	34	99	C7	5E	06	A2	C7	B5	FC	BB	C7	00	00	00	00	00	00	00	00	00	00	00	00	00	00	00	00	00	00	00	00
9.640	3D DATA	true	-	-	-	-	-77273.8	-81197.6	-78440.7	-82956.7	-96249.4	-77273.8	-81197.6	-78440.7	-82956.7	-96249.4	-	-	-	-	-
9.641	3D MESSAGE	48	00	EA	91	20	59	91	8C	FA	B7	94	3F	31	E9	96	C7	96	95	9E	C7	88	30	99	C7	82	F9	A1	C7	38	F9	BB	C7	31	E9	96	C7	96	95	9E	C7	88	30	99	C7	82	F9	A1	C7	38	F9	BB	C7	00	00	00	00	00	00	00	00	00	00	00	00	00	00	00	00	00	00	00	00
9.641	3D DATA	true	-	-	-	-	-77266.4	-81195.2	-78433.1	-82931.0	-96242.4	-77266.4	-81195.2	-78433.1	-82931.0	-96242.4	-	-	-	-	-
9.641	3D MESSAGE	48	00	EB	91	20	59	92	8C	FA	B7	94	3F	E5	E4	96	C7	3C	94	9E	C7	CC	2B	99	C7	B0	E8	A1	C7	02	F5	BB	C7	E5	E4	96	C7	3C	94	9E	C7	CC	2B	99	C7	B0	E8	A1	C7	02	F5	BB	C7	00	00	00	00	00	00	00	00	00	00	00	00	00	00	00	00	00	00	00	00
9.641	3D DATA	true	-	-	-	-	-77257.8	-81192.5	-78423.6	-82897.4	-96234.0	-77257.8	-81192.5	-78423.6	-82897.4	-96234.0	-	-	-	-	-
9.641	3D MESSAGE	48	00	EC	91	20	59	93	8C	FA	B7	94	3F	DB	DF	96	C7	AD	92	9E	C7	BE	25	99	C7	60	D2	A1	C7	D5	EF	BB	C7	DB	DF	96	C7	AD	92	9E	C7	BE	25	99	C7	60	D2	A1	C7	D5	EF	BB	C7	00	00	00	00	00	00	00	00	00	00	00	00	00	00	00	00	00	00	00	00
9.641	3D DATA	true	-	-	-	-	-77247.7	-81189.4	-78411.5	-82852.8	-96223.7	-77247.7	-81189.4	-78411.5	-82852.8	-96223.7	-	-	-	-	-
9.674	3D MESSAGE	48	00	ED	91	20	59	94	8C	FA	B7	94	3F	E0	D9	96	C7	E0	90	9E	C7	D4	1D	99	C7	BC	B4	A1	C7	67	E9	BB	C7	E0	D9	96	C7	E0	90	9E	C7	D4	1D	99	C7	BC	B4	A1	C7	67	E9	BB	C7	00	00	00	00	00	00	00	00	00	00	00	00	00	00	00	00	00	00	00	00
9.674	3D DATA	true	-	-	-	-	-77235.8	-81185.8	-78395.7	-82793.5	-96210.8	-77235.8	-81185.8	-78395.7	-82793.5	-96210.8	-	-	-	-	-
9.674	3D MESSAGE	48	00	EE	91	20	59	95	8C	FA	B7	94	3F	BB	D2	96	C7	CA	8E	9E	C7	5A	13	99	C7	E1	8D	A1	C7	5B	E1	BB	C7	BB	D2	96	C7	CA	8E	9E	C7	5A	13	99	C7	E1	8D	A1	C7	5B	E1	BB	C7	00	00	00	00	00	00	00	00	00	00	00	00	00	00	00	00	00	00	00	00
9.674	3D DATA	true	-	-	-	-	-77221.5	-81181.6	-78374.7	-82715.8	-96194.7	-77221.5	-81181.6	-78374.7	-82715.8	-96194.7	-	-	-	-	-
9.674	3D MESSAGE	48	00	EF	91	20	59	96	8C	FA	B7	94	3F	29	CA	96	C7	62	8C	9E	C7	81	05	99	C7	4C	5C	A1	C7	3C	D7	BB	C7	29	CA	96	C7	62	8C	9E	C7	81	05	99	C7	4C	5C	A1	C7	3C	D7	BB	C7	00	00	00	00	00	00	00	00	00	00	00	00	00	00	00	00	00	00	00	00
9.674	3D DATA	true	-	-	-	-	-77204.3	-81176.8	-78347.0	-82616.6	-96174.5	-77204.3	-81176.8	-78347.0	-82616.6	-96174.5	-	-	-	-	-
9.675	3D MESSAGE	48	00	F0	91	20	59	97	8C	FA	B7	94	3F	DD	BF	96	C7	A2	89	9E	C7	73	F3	98	C7	78	1F	A1	C7	82	CA	BB	C7	DD	BF	96	C7	A2	89	9E	C7	73	F3	98	C7	78	1F	A1	C7	82	CA	BB	C7	00	00	00	00	00	00	00	00	00	00	00	00	00	00	00	00	00	00	00	00
9.675	3D DATA	true	-	-	-	-	-77183.7	-81171.3	-78310.9	-82494.9	-96149.0	-77183.7	-81171.3	-78310.9	-82494.9	-96149.0	-	-	-	-	-
9.675	3D MESSAGE	48	00	F1	91	20	59	98	8C	FA	B7	94	3F	7A	B3	96	C7	86	86	9E	C7	80	DC	98	C7	7D	D8	A0	C7	91	BA	BB	C7	7A	B3	96	C7	86	86	9E	C7	80	DC	98	C7	7D	D8	A0	C7	91	BA	BB	C7	00	00	00	00	00	00	00	00	00	00	00	00	00	00	00	00	00	00	00	00
9.675	3D DATA	true	-	-	-	-	-77159.0	-81165.0	-78265.0	-82353.0	-96117.1	-77159.0	-81165.0	-78265.0	-82353.0	-96117.1	-	-	-	-	-
9.675	3D MESSAGE	48	00	F2	91	20	59	99	8C	FA	B7	94	3F	95	A4	96	C7	0C	83	9E	C7	4E	C0	98	C7	7F	8A	A0	C7	D4	A6	BB	C7	95	A4	96	C7	0C	83	9E	C7	4E	C0	98	C7	7F	8A	A0	C7	D4	A6	BB	C7	00	00	00	00	00	00	00	00	00	00	00	00	00	00	00	00	00	00	00	00
9.675	3D DATA	true	-	-	-	-	-77129.2	-81158.1	-78208.6	-82197.0	-96077.7	-77129.2	-81158.1	-78208.6	-82197.0	-96077.7	-	-	-	-	-
9.676	3D MESSAGE	48	00	F3	91	20	59	9A	8C	FA	B7	94	3F	BC	92	96	C7	35	7F	9E	C7	FE	9E	98	C7	B1	3A	A0	C7	D0	8E	BB	C7	BC	92	96	C7	35	7F	9E	C7	FE	9E	98	C7	B1	3A	A0	C7	D0	8E	BB	C7	00	00	00	00	00	00	00	00	00	00	00	00	00	00	00	00	00	00	00	00
9.676	3D DATA	true	-	-	-	-	-77093.5	-81150.4	-78142.0	-82037.4	-96029.6	-77093.5	-81150.4	-78142.0	-82037.4	-96029.6	-	-	-	-	-
9.709	3D MESSAGE	48	00	F4	91	20	59	9B	8C	FA	B7	94	3F	82	7D	96	C7	01	7B	9E	C7	4B	79	98	C7	D8	EF	9F	C7	4D	72	BB	C7	82	7D	96	C7	01	7B	9E	C7	4B	79	98	C7	D8	EF	9F	C7	4D	72	BB	C7	00	00	00	00	00	00	00	00	00	00	00	00	00	00	00	00	00	00	00	00
9.709	3D DATA	true	-	-	-	-	-77051.0	-81142.0	-78066.6	-81887.7	-95972.6	-77051.0	-81142.0	-78066.6	-81887.7	-95972.6	-	-	-	-	-
9.709	3D MESSAGE	48	00	F5	91	20	59	9C	8C	FA	B7	94	3F	98	64	96	C7	73	76	9E	C7	7A	50	98	C7	41	B1	9F	C7	6E	51	BB	C7	98	64	96	C7	73	76	9E	C7	7A	50	98	C7	41	B1	9F	C7	6E	51	BB	C7	00	00	00	00	00	00	00	00	00	00	00	00	00	00	00	00	00	00	00	00
9.710	3D DATA	true	-	-	-	-	-77001.2	-81132.9	-77985.0	-81762.5	-95906.9	-77001.2	-81132.9	-77985.0	-81762.5	-95906.9	-	-	-	-	-
9.710	3D MESSAGE	48	00	F6	91	20	59	9D	8C	FA	B7	94	3F	E8	47	96	C7	91	71	9E	C7	3A	26	98	C7	72	85	9F	C7	CC	2C	BB	C7	E8	47	96	C7	91	71	9E	C7	3A	26	98	C7	72	85	9F	C7	CC	2C	BB	C7	00	00	00	00	00	00	00	00	00	00	00	00	00	00	00	00	00	00	00	00
9.710	3D DATA	true	-	-	-	-	-76943.8	-81123.1	-77900.5	-81674.9	-95833.6	-76943.8	-81123.1	-77900.5	-81674.9	-95833.6	-	-	-	-	-
9.710	3D MESSAGE	48	00	F7	91	20	59	9E	8C	FA	B7	94	3F	AD	27	96	C7	63	6C	9E	C7	5E	FC	97	C7	E4	70	9F	C7	72	05	BB	C7	AD	27	96	C7	63	6C	9E	C7	5E	FC	97	C7	E4	70	9F	C7	72	05	BB	C7	00	00	00	00	00	00	00	00	00	00	00	00	00	00	00	00	00	00	00	00
9.710	3D DATA	true	-	-	-	-	-76879.4	-81112.8	-77816.7	-81633.8	-95754.9	-76879.4	-81112.8	-77816.7	-81633.8	-95754.9	-	-	-	-	-
9.711	3D MESSAGE	4C	00	F8	91	22	59	9F	8C	00	00	00	80	FA	B7	94	3F	7F	04	96	C7	F0	66	9E	C7	94	D4	97	C7	1A	75	9F	C7	C2	DC	BA	C7	7F	04	96	C7	F0	66	9E	C7	94	D4	97	C7	1A	75	9F	C7	C2	DC	BA	C7	00	00	00	00	00	00	00	00	00	00	00	00	00	00	00	00	00	00	00	00
9.711	3D DATA	true	-	-	-	-	-76809.0	-81101.9	-77737.2	-81642.2	-95673.5	-76809.0	-81101.9	-77737.2	-81642.2	-95673.5	-	-	-	-	-
9.711	3D MESSAGE	48	00	F9	91	20	59	A0	8C	FA	B7	94	3F	56	DF	95	C7	44	61	9E	C7	28	B0	97	C7	6C	90	9F	C7	51	B4	BA	C7	56	DF	95	C7	44	61	9E	C7	28	B0	97	C7	6C	90	9F	C7	51	B4	BA	C7	00	00	00	00	00	00	00	00	00	00	00	00	00	00	00	00	00	00	00	00
9.711	3D DATA	true	-	-	-	-	-76734.7	-81090.5	-77664.3	-81696.8	-95592.6	-76734.7	-81090.5	-77664.3	-81696.8	-95592.6	-	-	-	-	-
9.711	3D MESSAGE	48	00	FA	91	20	59	A1	8C	FA	B7	94	3F	70	B9	95	C7	65	5B	9E	C7	DA	8F	97	C7	77	BE	9F	C7	A8	8D	BA	C7	70	B9	95	C7	65	5B	9E	C7	DA	8F	97	C7	77	BE	9F	C7	A8	8D	BA	C7	00	00	00	00	00	00	00	00	00	00	00	00	00	00	00	00	00	00	00	00
9.711	3D DATA	true	-	-	-	-	-76658.9	-81078.8	-77599.7	-81788.9	-95515.3	-76658.9	-81078.8	-77599.7	-81788.9	-95515.3	-	-	-	-	-
9.734	3D MESSAGE	48	00	FB	91	20	59	A2	8C	FA	B7	94	3F	2A	94	95	C7	55	55	9E	C7	D4	73	97	C7	20	F9	9F	C7	12	6A	BA	C7	2A	94	95	C7	55	55	9E	C7	D4	73	97	C7	20	F9	9F	C7	12	6A	BA	C7	00	00	00	00	00	00	00	00	00	00	00	00	00	00	00	00	00	00	00	00
9.734	3D DATA	true	-	-	-	-	-76584.3	-81066.7	-77543.7	-81906.2	-95444.1	-76584.3	-81066.7	-77543.7	-81906.2	-95444.1	-	-	-	-	-
9.743	3D MESSAGE	48	00	FC	91	20	59	A3	8C	FA	B7	94	3F	D6	70	95	C7	0A	4F	9E	C7	CA	5B	97	C7	D5	39	A0	C7	74	4A	BA	C7	D6	70	95	C7	0A	4F	9E	C7	CA	5B	97	C7	D5	39	A0	C7	74	4A	BA	C7	00	00	00	00	00	00	00	00	00	00	00	00	00	00	00	00	00	00	00	00
9.743	3D DATA	true	-	-	-	-	-76513.7	-81054.1	-77495.6	-82035.7	-95380.9	-76513.7	-81054.1	-77495.6	-82035.7	-95380.9	-	-	-	-	-
9.743	3D MESSAGE	48	00	FD	91	20	59	A4	8C	FA	B7	94	3F	8F	50	95	C7	6B	48	9E	C7	1D	47	97	C7	B6	7A	A0	C7	3C	2F	BA	C7	8F	50	95	C7	6B	48	9E	C7	1D	47	97	C7	B6	7A	A0	C7	3C	2F	BA	C7	00	00	00	00	00	00	00	00	00	00	00	00	00	00	00	00	00	00	00	00
9.743	3D DATA	true	-	-	-	-	-76449.1	-81040.8	-77454.2	-82165.4	-95326.5	-76449.1	-81040.8	-77454.2	-82165.4	-95326.5	-	-	-	-	-
9.743	3D MESSAGE	48	00	FE	91	20	59	A5	8C	FA	B7	94	3F	1E	34	95	C7	4F	41	9E	C7	16	35	97	C7	5C	B7	A0	C7	68	18	BA	C7	1E	34	95	C7	4F	41	9E	C7	16	35	97	C7	5C	B7	A0	C7	68	18	BA	C7	00	00	00	00	00	00	00	00	00	00	00	00	00	00	00	00	00	00	00	00
9.743	3D DATA	true	-	-	-	-	-76392.2	-81026.6	-77418.2	-82286.7	-95280.8	-76392.2	-81026.6	-77418.2	-82286.7	-95280.8	-	-	-	-	-
9.744	3D MESSAGE	48	00	FF	91	20	59	A6	8C	FA	B7	94	3F	F2	1B	95	C7	7B	39	9E	C7	13	25	97	C7	25	ED	A0	C7	A4	05	BA	C7	F2	1B	95	C7	7B	39	9E	C7	13	25	97	C7	25	ED	A0	C7	A4	05	BA	C7	00	00	00	00	00	00	00	00	00	00	00	00	00	00	00	00	00	00	00	00
9.744	3D DATA	true	-	-	-	-	-76343.9	-81011.0	-77386.1	-82394.3	-95243.3	-76343.9	-81011.0	-77386.1	-82394.3	-95243.3	-	-	-	-	-
9.744	3D MESSAGE	48	00	00	91	20	59	A7	8C	FA	B7	94	3F	2E	08	95	C7	9D	30	9E	C7	B0	16	97	C7	18	1B	A1	C7	67	F6	B9	C7	2E	08	95	C7	9D	30	9E	C7	B0	16	97	C7	18	1B	A1	C7	67	F6	B9	C7	00	00	00	00	00	00	00	00	00	00	00	00	00	00	00	00	00	00	00	00
9.744	3D DATA	true	-	-	-	-	-76304.4	-80993.2	-77357.4	-82486.2	-95212.8	-76304.4	-80993.2	-77357.4	-82486.2	-95212.8	-	-	-	-	-
9.769	3D MESSAGE	48	00	01	91	20	59	A8	8C	FA	B7	94	3F	BE	F8	94	C7	3F	26	9E	C7	F2	09	97	C7	7A	41	A1	C7	1F	EA	B9	C7	BE	F8	94	C7	3F	26	9E	C7	F2	09	97	C7	7A	41	A1	C7	1F	EA	B9	C7	00	00	00	00	00	00	00	00	00	00	00	00	00	00	00	00	00	00	00	00
9.769	3D DATA	true	-	-	-	-	-76273.5	-80972.5	-77331.9	-82563.0	-95188.2	-76273.5	-80972.5	-77331.9	-82563.0	-95188.2	-	-	-	-	-
9.769	3D MESSAGE	48	00	02	91	20	59	A9	8C	FA	B7	94	3F	70	ED	94	C7	A6	19	9E	C7	6B	FF	96	C7	46	61	A1	C7	50	E0	B9	C7	70	ED	94	C7	A6	19	9E	C7	6B	FF	96	C7	46	61	A1	C7	50	E0	B9	C7	00	00	00	00	00	00	00	00	00	00	00	00	00	00	00	00	00	00	00	00
9.769	3D DATA	true	-	-	-	-	-76250.9	-80947.3	-77310.8	-82626.5	-95168.6	-76250.9	-80947.3	-77310.8	-82626.5	-95168.6	-	-	-	-	-
9.769	3D MESSAGE	48	00	03	91	20	59	AA	8C	FA	B7	94	3F	12	E6	94	C7	B0	09	9E	C7	55	F8	96	C7	C1	7B	A1	C7	AF	D8	B9	C7	12	E6	94	C7	B0	09	9E	C7	55	F8	96	C7	C1	7B	A1	C7	AF	D8	B9	C7	00	00	00	00	00	00	00	00	00	00	00	00	00	00	00	00	00	00	00	00
9.769	3D DATA	true	-	-	-	-	-76236.1	-80915.4	-77296.7	-82679.5	-95153.4	-76236.1	-80915.4	-77296.7	-82679.5	-95153.4	-	-	-	-	-
9.770	3D MESSAGE	48	00	04	91	20	59	AB	8C	FA	B7	94	3F	6E	E2	94	C7	C6	F4	9D	C7	86	F6	96	C7	1F	92	A1	C7	3A	D3	B9	C7	6E	E2	94	C7	C6	F4	9D	C7	86	F6	96	C7	1F	92	A1	C7	3A	D3	B9	C7	00	00	00	00	00	00	00	00	00	00	00	00	00	00	00	00	00	00	00	00
9.770	3D DATA	true	-	-	-	-	-76228.9	-80873.5	-77293.0	-82724.2	-95142.5	-76228.9	-80873.5	-77293.0	-82724.2	-95142.5	-	-	-	-	-
9.770	3D MESSAGE	48	00	05	91	20	59	AC	8C	FA	B7	94	3F	5A	E2	94	C7	17	D9	9D	C7	38	FC	96	C7	61	A5	A1	C7	42	D0	B9	C7	5A	E2	94	C7	17	D9	9D	C7	38	FC	96	C7	61	A5	A1	C7	42	D0	B9	C7	00	00	00	00	00	00	00	00	00	00	00	00	00	00	00	00	00	00	00	00
9.770	3D DATA	true	-	-	-	-	-76228.7	-80818.2	-77304.4	-82762.8	-95136.5	-76228.7	-80818.2	-77304.4	-82762.8	-95136.5	-	-	-	-	-
9.770	3D MESSAGE	48	00	06	91	20	59	AD	8C	FA	B7	94	3F	A3	E5	94	C7	0C	B5	9D	C7	99	0B	97	C7	46	B6	A1	C7	6C	D0	B9	C7	A3	E5	94	C7	0C	B5	9D	C7	99	0B	97	C7	46	B6	A1	C7	6C	D0	B9	C7	00	00	00	00	00	00	00	00	00	00	00	00	00	00	00	00	00	00	00	00
9.770	3D DATA	true	-	-	-	-	-76235.3	-80746.1	-77335.2	-82796.5	-95136.8	-76235.3	-80746.1	-77335.2	-82796.5	-95136.8	-	-	-	-	-
9.798	3D MESSAGE	48	00	07	91	20	59	AE	8C	FA	B7	94	3F	11	EC	94	C7	F8	87	9D	C7	2F	26	97	C7	52	C5	A1	C7	A2	D4	B9	C7	11	EC	94	C7	F8	87	9D	C7	2F	26	97	C7	52	C5	A1	C7	A2	D4	B9	C7	00	00	00	00	00	00	00	00	00	00	00	00	00	00	00	00	00	00	00	00
9.798	3D DATA	true	-	-	-	-	-76248.1	-80655.9	-77388.4	-82826.6	-95145.3	-76248.1	-80655.9	-77388.4	-82826.6	-95145.3	-	-	-	-	-
9.799	3D MESSAGE	48	00	08	91	20	59	AF	8C	FA	B7	94	3F	5E	F5	94	C7	C3	52	9D	C7	4E	4C	97	C7	DC	D2	A1	C7	EB	DD	B9	C7	5E	F5	94	C7	C3	52	9D	C7	4E	4C	97	C7	DC	D2	A1	C7	EB	DD	B9	C7	00	00	00	00	00	00	00	00	00	00	00	00	00	00	00	00	00	00	00	00
9.799	3D DATA	true	-	-	-	-	-76266.7	-80549.5	-77464.6	-82853.7	-95163.8	-76266.7	-80549.5	-77464.6	-82853.7	-95163.8	-	-	-	-	-
9.799	3D MESSAGE	48	00	09	91	20	59	B0	8C	FA	B7	94	3F	3A	01	95	C7	49	18	9D	C7	B8	7C	97	C7	1D	DF	A1	C7	34	ED	B9	C7	3A	01	95	C7	49	18	9D	C7	B8	7C	97	C7	1D	DF	A1	C7	34	ED	B9	C7	00	00	00	00	00	00	00	00	00	00	00	00	00	00	00	00	00	00	00	00
9.799	3D DATA	true	-	-	-	-	-76290.5	-80432.6	-77561.4	-82878.2	-95194.4	-76290.5	-80432.6	-77561.4	-82878.2	-95194.4	-	-	-	-	-
9.800	3D MESSAGE	48	00	0A	91	20	59	B1	8C	FA	B7	94	3F	57	0F	95	C7	3C	DD	9C	C7	A7	B4	97	C7	3E	EA	A1	C7	18	03	BA	C7	57	0F	95	C7	3C	DD	9C	C7	A7	B4	97	C7	3E	EA	A1	C7	18	03	BA	C7	00	00	00	00	00	00	00	00	00	00	00	00	00	00	00	00	00	00	00	00
9.800	3D DATA	true	-	-	-	-	-76318.7	-80314.5	-77673.3	-82900.5	-95238.2	-76318.7	-80314.5	-77673.3	-82900.5	-95238.2	-	-	-	-	-
9.800	3D MESSAGE	48	00	0B	91	20	59	B2	8C	FA	B7	94	3F	6E	1F	95	C7	6C	A7	9C	C7	35	F0	97	C7	5E	F4	A1	C7	A4	1F	BA	C7	6E	1F	95	C7	6C	A7	9C	C7	35	F0	97	C7	5E	F4	A1	C7	A4	1F	BA	C7	00	00	00	00	00	00	00	00	00	00	00	00	00	00	00	00	00	00	00	00
9.800	3D DATA	true	-	-	-	-	-76350.9	-80206.8	-77792.4	-82920.7	-95295.3	-76350.9	-80206.8	-77792.4	-82920.7	-95295.3	-	-	-	-	-
9.800	3D MESSAGE	48	00	0C	91	20	59	B3	8C	FA	B7	94	3F	4B	31	95	C7	A2	7C	9C	C7	1E	2B	98	C7	96	FD	A1	C7	46	42	BA	C7	4B	31	95	C7	A2	7C	9C	C7	1E	2B	98	C7	96	FD	A1	C7	46	42	BA	C7	00	00	00	00	00	00	00	00	00	00	00	00	00	00	00	00	00	00	00	00
9.800	3D DATA	true	-	-	-	-	-76386.6	-80121.3	-77910.2	-82939.2	-95364.5	-76386.6	-80121.3	-77910.2	-82939.2	-95364.5	-	-	-	-	-
9.832	3D MESSAGE	48	00	0D	91	20	59	B4	8C	08	9E	15	42	D3	44	95	C7	66	61	9C	C7	8D	61	98	C7	FD	05	A2	C7	C8	69	BA	C7	D3	44	95	C7	66	61	9C	C7	8D	61	98	C7	FD	05	A2	C7	C8	69	BA	C7	00	00	00	00	00	00	00	00	00	00	00	00	00	00	00	00	00	00	00	00
9.832	3D DATA	true	-	-	-	-	-76425.6	-80066.8	-78019.1	-82956.0	-95443.6	-76425.6	-80066.8	-78019.1	-82956.0	-95443.6	-	-	-	-	-
9.843	3D MESSAGE	48	00	0E	91	20	59	B5	8C	08	9E	15	42	FF	59	95	C7	1A	58	9C	C7	CE	90	98	C7	A6	0D	A2	C7	83	94	BA	C7	FF	59	95	C7	1A	58	9C	C7	CE	90	98	C7	A6	0D	A2	C7	83	94	BA	C7	00	00	00	00	00	00	00	00	00	00	00	00	00	00	00	00	00	00	00	00
9.843	3D DATA	true	-	-	-	-	-76468.0	-80048.2	-78113.6	-82971.3	-95529.0	-76468.0	-80048.2	-78113.6	-82971.3	-95529.0	-	-	-	-	-
9.843	3D MESSAGE	48	00	0F	91	20	59	B6	8C	08	9E	15	42	D8	70	95	C7	9D	60	9C	C7	9C	B7	98	C7	A3	14	A2	C7	95	C0	BA	C7	D8	70	95	C7	9D	60	9C	C7	9C	B7	98	C7	A3	14	A2	C7	95	C0	BA	C7	00	00	00	00	00	00	00	00	00	00	00	00	00	00	00	00	00	00	00	00
9.843	3D DATA	true	-	-	-	-	-76513.7	-80065.2	-78191.2	-82985.3	-95617.2	-76513.7	-80065.2	-78191.2	-82985.3	-95617.2	-	-	-	-	-
9.843	3D MESSAGE	48	00	10	91	20	59	B7	8C	08	9E	15	42	65	89	95	C7	9E	78	9C	C7	0F	D6	98	C7	04	1B	A2	C7	2A	EC	BA	C7	65	89	95	C7	9E	78	9C	C7	0F	D6	98	C7	04	1B	A2	C7	2A	EC	BA	C7	00	00	00	00	00	00	00	00	00	00	00	00	00	00	00	00	00	00	00	00
9.843	3D DATA	true	-	-	-	-	-76562.8	-80113.2	-78252.1	-82998.0	-95704.3	-76562.8	-80113.2	-78252.1	-82998.0	-95704.3	-	-	-	-	-
9.844	3D MESSAGE	48	00	11	91	20	59	B8	8C	08	9E	15	42	9E	A3	95	C7	67	9C	9C	C7	3E	ED	98	C7	D8	20	A2	C7	B1	15	BB	C7	9E	A3	95	C7	67	9C	9C	C7	3E	ED	98	C7	D8	20	A2	C7	B1	15	BB	C7	00	00	00	00	00	00	00	00	00	00	00	00	00	00	00	00	00	00	00	00
9.844	3D DATA	true	-	-	-	-	-76615.2	-80184.8	-78298.5	-83009.7	-95787.4	-76615.2	-80184.8	-78298.5	-83009.7	-95787.4	-	-	-	-	-
9.844	3D MESSAGE	48	00	12	91	20	59	B9	8C	08	9E	15	42	5C	BF	95	C7	D2	C7	9C	C7	B8	FE	98	C7	2C	26	A2	C7	04	3C	BB	C7	5C	BF	95	C7	D2	C7	9C	C7	B8	FE	98	C7	2C	26	A2	C7	04	3C	BB	C7	00	00	00	00	00	00	00	00	00	00	00	00	00	00	00	00	00	00	00	00
9.844	3D DATA	true	-	-	-	-	-76670.7	-80271.6	-78333.4	-83020.3	-95864.0	-76670.7	-80271.6	-78333.4	-83020.3	-95864.0	-	-	-	-	-
9.844	3D MESSAGE	48	00	13	91	20	59	BA	8C	08	9E	15	42	4E	DC	95	C7	18	F7	9C	C7	0E	0C	99	C7	0C	2B	A2	C7	6E	5E	BB	C7	4E	DC	95	C7	18	F7	9C	C7	0E	0C	99	C7	0C	2B	A2	C7	6E	5E	BB	C7	00	00	00	00	00	00	00	00	00	00	00	00	00	00	00	00	00	00	00	00
9.844	3D DATA	true	-	-	-	-	-76728.6	-80366.2	-78360.1	-83030.1	-95932.9	-76728.6	-80366.2	-78360.1	-83030.1	-95932.9	-	-	-	-	-
9.845	3D MESSAGE	48	00	14	91	20	59	BB	8C	08	9E	15	42	FA	F9	95	C7	48	27	9D	C7	88	16	99	C7	7F	2F	A2	C7	A0	7C	BB	C7	FA	F9	95	C7	48	27	9D	C7	88	16	99	C7	7F	2F	A2	C7	A0	7C	BB	C7	00	00	00	00	00	00	00	00	00	00	00	00	00	00	00	00	00	00	00	00
9.845	3D DATA	true	-	-	-	-	-76788.0	-80462.6	-78381.1	-83039.0	-95993.2	-76788.0	-80462.6	-78381.1	-83039.0	-95993.2	-	-	-	-	-
9.845	3D MESSAGE	48	00	15	91	20	59	BC	8C	08	9E	15	42	BF	17	96	C7	5B	56	9D	C7	07	1F	99	C7	8B	33	A2	C7	A0	96	BB	C7	BF	17	96	C7	5B	56	9D	C7	07	1F	99	C7	8B	33	A2	C7	A0	96	BB	C7	00	00	00	00	00	00	00	00	00	00	00	00	00	00	00	00	00	00	00	00
9.845	3D DATA	true	-	-	-	-	-76847.5	-80556.7	-78398.1	-83047.1	-96045.2	-76847.5	-80556.7	-78398.1	-83047.1	-96045.2	-	-	-	-	-
9.862	3D MESSAGE	48	00	16	91	20	59	BD	8C	08	9E	15	42	EB	34	96	C7	07	83	9D	C7	18	26	99	C7	33	37	A2	C7	A9	AC	BB	C7	EB	34	96	C7	07	83	9D	C7	18	26	99	C7	33	37	A2	C7	A9	AC	BB	C7	00	00	00	00	00	00	00	00	00	00	00	00	00	00	00	00	00	00	00	00
9.862	3D DATA	true	-	-	-	-	-76905.8	-80646.1	-78412.2	-83054.4	-96089.3	-76905.8	-80646.1	-78412.2	-83054.4	-96089.3	-	-	-	-	-
9.863	3D MESSAGE	48	00	17	91	20	59	BE	8C	08	9E	15	42	C8	50	96	C7	81	AC	9D	C7	0C	2C	99	C7	7A	3A	A2	C7	1C	BF	BB	C7	C8	50	96	C7	81	AC	9D	C7	0C	2C	99	C7	7A	3A	A2	C7	1C	BF	BB	C7	00	00	00	00	00	00	00	00	00	00	00	00	00	00	00	00	00	00	00	00
9.863	3D DATA	true	-	-	-	-	-76961.6	-80729.0	-78424.1	-83061.0	-96126.2	-76961.6	-80729.0	-78424.1	-83061.0	-96126.2	-	-	-	-	-
9.863	3D MESSAGE	48	00	18	91	20	59	BF	8C	08	9E	15	42	BA	6A	96	C7	3B	D2	9D	C7	1B	31	99	C7	66	3D	A2	C7	66	CE	BB	C7	BA	6A	96	C7	3B	D2	9D	C7	1B	31	99	C7	66	3D	A2	C7	66	CE	BB	C7	00	00	00	00	00	00	00	00	00	00	00	00	00	00	00	00	00	00	00	00
9.863	3D DATA	true	-	-	-	-	-77013.5	-80804.5	-78434.2	-83066.8	-96156.8	-77013.5	-80804.5	-78434.2	-83066.8	-96156.8	-	-	-	-	-
9.891	3D MESSAGE	48	00	19	91	20	59	C0	8C	08	9E	15	42	47	82	96	C7	DA	F3	9D	C7	6C	35	99	C7	FD	3F	A2	C7	FE	DA	BB	C7	47	82	96	C7	DA	F3	9D	C7	6C	35	99	C7	FD	3F	A2	C7	FE	DA	BB	C7	00	00	00	00	00	00	00	00	00	00	00	00	00	00	00	00	00	00	00	00
9.891	3D DATA	true	-	-	-	-	-77060.6	-80871.7	-78442.8	-83072.0	-96182.0	-77060.6	-80871.7	-78442.8	-83072.0	-96182.0	-	-	-	-	-
9.892	3D MESSAGE	48	00	1A	91	20	59	C1	8C	08	9E	15	42	27	97	96	C7	2D	11	9E	C7	1D	39	99	C7	4A	42	A2	C7	50	E5	BB	C7	27	97	96	C7	2D	11	9E	C7	1D	39	99	C7	4A	42	A2	C7	50	E5	BB	C7	00	00	00	00	00	00	00	00	00	00	00	00	00	00	00	00	00	00	00	00
9.892	3D DATA	true	-	-	-	-	-77102.3	-80930.4	-78450.2	-83076.6	-96202.6	-77102.3	-80930.4	-78450.2	-83076.6	-96202.6	-	-	-	-	-
9.892	3D MESSAGE	48	00	1B	91	20	59	C2	8C	08	9E	15	42	44	A9	96	C7	3A	2A	9E	C7	49	3C	99	C7	56	44	A2	C7	C3	ED	BB	C7	44	A9	96	C7	3A	2A	9E	C7	49	3C	99	C7	56	44	A2	C7	C3	ED	BB	C7	00	00	00	00	00	00	00	00	00	00	00	00	00	00	00	00	00	00	00	00
9.892	3D DATA	true	-	-	-	-	-77138.5	-80980.5	-78456.6	-83080.7	-96219.5	-77138.5	-80980.5	-78456.6	-83080.7	-96219.5	-	-	-	-	-
9.892	3D MESSAGE	48	00	1C	91	20	59	C3	8C	08	9E	15	42	B4	B8	96	C7	36	3F	9E	C7	06	3F	99	C7	2A	46	A2	C7	AD	F4	BB	C7	B4	B8	96	C7	36	3F	9E	C7	06	3F	99	C7	2A	46	A2	C7	AD	F4	BB	C7	00	00	00	00	00	00	00	00	00	00	00	00	00	00	00	00	00	00	00	00
9.892	3D DATA	true	-	-	-	-	-77169.4	-81022.4	-78462.0	-83084.3	-96233.4	-77169.4	-81022.4	-78462.0	-83084.3	-96233.4	-	-	-	-	-
9.893	3D MESSAGE	48	00	1D	91	20	59	C4	8C	08	9E	15	42	AE	C5	96	C7	7E	50	9E	C7	65	41	99	C7	CC	47	A2	C7	58	FA	BB	C7	AE	C5	96	C7	7E	50	9E	C7	65	41	99	C7	CC	47	A2	C7	58	FA	BB	C7	00	00	00	00	00	00	00	00	00	00	00	00	00	00	00	00	00	00	00	00
9.893	3D DATA	true	-	-	-	-	-77195.4	-81057.0	-78466.8	-83087.6	-96244.7	-77195.4	-81057.0	-78466.8	-83087.6	-96244.7	-	-	-	-	-
9.893	3D MESSAGE	48	00	1E	91	20	59	C5	8C	08	9E	15	42	7C	D0	96	C7	86	5E	9E	C7	75	43	99	C7	40	49	A2	C7	FE	FE	BB	C7	7C	D0	96	C7	86	5E	9E	C7	75	43	99	C7	40	49	A2	C7	FE	FE	BB	C7	00	00	00	00	00	00	00	00	00	00	00	00	00	00	00	00	00	00	00	00
9.893	3D DATA	true	-	-	-	-	-77217.0	-81085.0	-78470.9	-83090.5	-96254.0	-77217.0	-81085.0	-78470.9	-83090.5	-96254.0	-	-	-	-	-
9.927	3D MESSAGE	48	00	1F	91	20	59	C6	8C	08	9E	15	42	70	D9	96	C7	CE	69	9E	C7	41	45	99	C7	89	4A	A2	C7	D2	02	BC	C7	70	D9	96	C7	CE	69	9E	C7	41	45	99	C7	89	4A	A2	C7	D2	02	BC	C7	00	00	00	00	00	00	00	00	00	00	00	00	00	00	00	00	00	00	00	00
9.927	3D DATA	true	-	-	-	-	-77234.9	-81107.6	-78474.5	-83093.1	-96261.6	-77234.9	-81107.6	-78474.5	-83093.1	-96261.6	-	-	-	-	-
9.927	3D MESSAGE	48	00	20	91	20	59	C7	8C	08	9E	15	42	D9	E0	96	C7	D2	72	9E	C7	D1	46	99	C7	A9	4B	A2	C7	F9	05	BC	C7	D9	E0	96	C7	D2	72	9E	C7	D1	46	99	C7	A9	4B	A2	C7	F9	05	BC	C7	00	00	00	00	00	00	00	00	00	00	00	00	00	00	00	00	00	00	00	00
9.927	3D DATA	true	-	-	-	-	-77249.7	-81125.6	-78477.6	-83095.3	-96267.9	-77249.7	-81125.6	-78477.6	-83095.3	-96267.9	-	-	-	-	-
9.927	3D MESSAGE	48	00	21	91	20	59	C8	8C	08	9E	15	42	FE	E6	96	C7	05	7A	9E	C7	2A	48	99	C7	A3	4C	A2	C7	94	08	BC	C7	FE	E6	96	C7	05	7A	9E	C7	2A	48	99	C7	A3	4C	A2	C7	94	08	BC	C7	00	00	00	00	00	00	00	00	00	00	00	00	00	00	00	00	00	00	00	00
9.927	3D DATA	true	-	-	-	-	-77262.0	-81140.0	-78480.3	-83097.3	-96273.2	-77262.0	-81140.0	-78480.3	-83097.3	-96273.2	-	-	-	-	-
9.927	3D MESSAGE	48	00	22	91	20	59	C9	8C	08	9E	15	42	1B	EC	96	C7	C7	7F	9E	C7	52	49	99	C7	7B	4D	A2	C7	BC	0A	BC	C7	1B	EC	96	C7	C7	7F	9E	C7	52	49	99	C7	7B	4D	A2	C7	BC	0A	BC	C7	00	00	00	00	00	00	00	00	00	00	00	00	00	00	00	00	00	00	00	00
9.927	3D DATA	true	-	-	-	-	-77272.2	-81151.6	-78482.6	-83099.0	-96277.5	-77272.2	-81151.6	-78482.6	-83099.0	-96277.5	-	-	-	-	-
9.928	3D MESSAGE	48	00	23	91	20	59	CA	8C	08	9E	15	42	5F	F0	96	C7	6A	84	9E	C7	4D	4A	99	C7	37	4E	A2	C7	87	0C	BC	C7	5F	F0	96	C7	6A	84	9E	C7	4D	4A	99	C7	37	4E	A2	C7	87	0C	BC	C7	00	00	00	00	00	00	00	00	00	00	00	00	00	00	00	00	00	00	00	00
9.928	3D DATA	true	-	-	-	-	-77280.7	-81160.8	-78484.6	-83100.4	-96281.1	-77280.7	-81160.8	-78484.6	-83100.4	-96281.1	-	-	-	-	-
9.928	3D MESSAGE	48	00	24	91	20	59	CB	8C	08	9E	15	42	F2	F3	96	C7	30	88	9E	C7	21	4B	99	C7	DA	4E	A2	C7	05	0E	BC	C7	F2	F3	96	C7	30	88	9E	C7	21	4B	99	C7	DA	4E	A2	C7	05	0E	BC	C7	00	00	00	00	00	00	00	00	00	00	00	00	00	00	00	00	00	00	00	00
9.928	3D DATA	true	-	-	-	-	-77287.9	-81168.4	-78486.3	-83101.7	-96284.0	-77287.9	-81168.4	-78486.3	-83101.7	-96284.0	-	-	-	-	-
9.928	3D MESSAGE	48	00	25	91	20	59	CC	8C	08	9E	15	42	F7	F6	96	C7	4A	8B	9E	C7	D4	4B	99	C7	6A	4F	A2	C7	45	0F	BC	C7	F7	F6	96	C7	4A	8B	9E	C7	D4	4B	99	C7	6A	4F	A2	C7	45	0F	BC	C7	00	00	00	00	00	00	00	00	00	00	00	00	00	00	00	00	00	00	00	00
9.928	3D DATA	true	-	-	-	-	-77293.9	-81174.6	-78487.7	-83102.8	-96286.5	-77293.9	-81174.6	-78487.7	-83102.8	-96286.5	-	-	-	-	-
9.928	3D MESSAGE	48	00	26	91	20	59	CD	8C	08	9E	15	42	8A	F9	96	C7	E3	8D	9E	C7	6C	4C	99	C7	EC	4F	A2	C7	57	10	BC	C7	8A	F9	96	C7	E3	8D	9E	C7	6C	4C	99	C7	EC	4F	A2	C7	57	10	BC	C7	00	00	00	00	00	00	00	00	00	00	00	00	00	00	00	00	00	00	00	00
9.929	3D DATA	true	-	-	-	-	-77299.1	-81179.8	-78488.8	-83103.8	-96288.7	-77299.1	-81179.8	-78488.8	-83103.8	-96288.7	-	-	-	-	-
9.954	3D MESSAGE	48	00	27	91	20	59	CE	8C	08	9E	15	42	C2	FB	96	C7	18	90	9E	C7	F0	4C	99	C7	60	50	A2	C7	48	11	BC	C7	C2	FB	96	C7	18	90	9E	C7	F0	4C	99	C7	60	50	A2	C7	48	11	BC	C7	00	00	00	00	00	00	00	00	00	00	00	00	00	00	00	00	00	00	00	00
9.954	3D DATA	true	-	-	-	-	-77303.5	-81184.2	-78489.9	-83104.8	-96290.6	-77303.5	-81184.2	-78489.9	-83104.8	-96290.6	-	-	-	-	-
9.959	3D MESSAGE	48	00	28	91	20	59	CF	8C	08	9E	15	42	B4	FD	96	C7	FF	91	9E	C7	66	4D	99	C7	CA	50	A2	C7	22	12	BC	C7	B4	FD	96	C7	FF	91	9E	C7	66	4D	99	C7	CA	50	A2	C7	22	12	BC	C7	00	00	00	00	00	00	00	00	00	00	00	00	00	00	00	00	00	00	00	00
9.959	3D DATA	true	-	-	-	-	-77307.4	-81188.0	-78490.8	-83105.6	-96292.3	-77307.4	-81188.0	-78490.8	-83105.6	-96292.3	-	-	-	-	-
9.960	3D MESSAGE	48	00	29	91	20	59	D0	8C	08	9E	15	42	70	FF	96	C7	A8	93	9E	C7	D2	4D	99	C7	2C	51	A2	C7	EB	12	BC	C7	70	FF	96	C7	A8	93	9E	C7	D2	4D	99	C7	2C	51	A2	C7	EB	12	BC	C7	00	00	00	00	00	00	00	00	00	00	00	00	00	00	00	00	00	00	00	00
9.960	3D DATA	true	-	-	-	-	-77310.9	-81191.3	-78491.6	-83106.3	-96293.8	-77310.9	-81191.3	-78491.6	-83106.3	-96293.8	-	-	-	-	-
9.960	3D MESSAGE	48	00	2A	91	20	59	D1	8C	08	9E	15	42	FF	00	97	C7	1D	95	9E	C7	37	4E	99	C7	84	51	A2	C7	A7	13	BC	C7	FF	00	97	C7	1D	95	9E	C7	37	4E	99	C7	84	51	A2	C7	A7	13	BC	C7	00	00	00	00	00	00	00	00	00	00	00	00	00	00	00	00	00	00	00	00
9.960	3D DATA	true	-	-	-	-	-77314.0	-81194.2	-78492.4	-83107.0	-96295.3	-77314.0	-81194.2	-78492.4	-83107.0	-96295.3	-	-	-	-	-
9.960	3D MESSAGE	48	00	2B	91	20	59	D2	8C	08	9E	15	42	66	02	97	C7	66	96	9E	C7	93	4E	99	C7	D4	51	A2	C7	54	14	BC	C7	66	02	97	C7	66	96	9E	C7	93	4E	99	C7	D4	51	A2	C7	54	14	BC	C7	00	00	00	00	00	00	00	00	00	00	00	00	00	00	00	00	00	00	00	00
9.960	3D DATA	true	-	-	-	-	-77316.8	-81196.8	-78493.1	-83107.7	-96296.7	-77316.8	-81196.8	-78493.1	-83107.7	-96296.7	-	-	-	-	-
9.961	3D MESSAGE	48	00	2C	91	20	59	D3	8C	08	9E	15	42	A8	03	97	C7	88	97	9E	C7	E6	4E	99	C7	1C	52	A2	C7	EF	14	BC	C7	A8	03	97	C7	88	97	9E	C7	E6	4E	99	C7	1C	52	A2	C7	EF	14	BC	C7	00	00	00	00	00	00	00	00	00	00	00	00	00	00	00	00	00	00	00	00
9.961	3D DATA	true	-	-	-	-	-77319.3	-81199.1	-78493.8	-83108.2	-96297.9	-77319.3	-81199.1	-78493.8	-83108.2	-96297.9	-	-	-	-	-
9.961	3D MESSAGE	4C	00	2D	91	22	59	D4	8C	00	00	00	00	08	9E	15	42	C9	04	97	C7	88	98	9E	C7	2F	4F	99	C7	5C	52	A2	C7	78	15	BC	C7	C9	04	97	C7	88	98	9E	C7	2F	4F	99	C7	5C	52	A2	C7	78	15	BC	C7	00	00	00	00	00	00	00	00	00	00	00	00	00	00	00	00	00	00	00	00
9.961	3D DATA	true	-	-	-	-	-77321.6	-81201.1	-78494.4	-83108.7	-96298.9	-77321.6	-81201.1	-78494.4	-83108.7	-96298.9	-	-	-	-	-
9.986	3D MESSAGE	48	00	2E	91	20	59	D5	8C	08	9E	15	42	CD	05	97	C7	6E	99	9E	C7	6F	4F	99	C7	99	52	A2	C7	F0	15	BC	C7	CD	05	97	C7	6E	99	9E	C7	6F	4F	99	C7	99	52	A2	C7	F0	15	BC	C7	00	00	00	00	00	00	00	00	00	00	00	00	00	00	00	00	00	00	00	00
9.986	3D DATA	true	-	-	-	-	-77323.6	-81202.9	-78494.9	-83109.2	-96299.9	-77323.6	-81202.9	-78494.9	-83109.2	-96299.9	-	-	-	-	-
9.986	3D MESSAGE	48	00	2F	91	20	59	D6	8C	08	9E	15	42	B9	06	97	C7	3E	9A	9E	C7	A8	4F	99	C7	D6	52	A2	C7	59	16	BC	C7	B9	06	97	C7	3E	9A	9E	C7	A8	4F	99	C7	D6	52	A2	C7	59	16	BC	C7	00	00	00	00	00	00	00	00	00	00	00	00	00	00	00	00	00	00	00	00
9.986	3D DATA	true	-	-	-	-	-77325.4	-81204.5	-78495.3	-83109.7	-96300.7	-77325.4	-81204.5	-78495.3	-83109.7	-96300.7	-	-	-	-	-
9.987	3D MESSAGE	48	00	30	91	20	59	D7	8C	08	9E	15	42	93	07	97	C7	FD	9A	9E	C7	DE	4F	99	C7	19	53	A2	C7	B9	16	BC	C7	93	07	97	C7	FD	9A	9E	C7	DE	4F	99	C7	19	53	A2	C7	B9	16	BC	C7	00	00	00	00	00	00	00	00	00	00	00	00	00	00	00	00	00	00	00	00
9.987	3D DATA	true	-	-	-	-	-77327.1	-81206.0	-78495.7	-83110.2	-96301.4	-77327.1	-81206.0	-78495.7	-83110.2	-96301.4	-	-	-	-	-
9.987	3D MESSAGE	48	00	31	91	20	59	D8	8C	08	9E	15	42	5F	08	97	C7	B1	9B	9E	C7	16	50	99	C7	64	53	A2	C7	16	17	BC	C7	5F	08	97	C7	B1	9B	9E	C7	16	50	99	C7	64	53	A2	C7	16	17	BC	C7	00	00	00	00	00	00	00	00	00	00	00	00	00	00	00	00	00	00	00	00
9.987	3D DATA	true	-	-	-	-	-77328.7	-81207.4	-78496.2	-83110.8	-96302.2	-77328.7	-81207.4	-78496.2	-83110.8	-96302.2	-	-	-	-	-
9.988	3D MESSAGE	48	00	32	91	20	59	D9	8C	08	9E	15	42	1E	09	97	C7	5B	9C	9E	C7	55	50	99	C7	B8	53	A2	C7	75	17	BC	C7	1E	09	97	C7	5B	9C	9E	C7	55	50	99	C7	B8	53	A2	C7	75	17	BC	C7	00	00	00	00	00	00	00	00	00	00	00	00	00	00	00	00	00	00	00	00
9.988	3D DATA	true	-	-	-	-	-77330.2	-81208.7	-78496.7	-83111.4	-96302.9	-77330.2	-81208.7	-78496.7	-83111.4	-96302.9	-	-	-	-	-
10.017	3D MESSAGE	48	00	33	91	20	59	DA	8C	08	9E	15	42	CE	09	97	C7	FC	9C	9E	C7	9A	50	99	C7	10	54	A2	C7	D8	17	BC	C7	CE	09	97	C7	FC	9C	9E	C7	9A	50	99	C7	10	54	A2	C7	D8	17	BC	C7	00	00	00	00	00	00	00	00	00	00	00	00	00	00	00	00	00	00	00	00
10.017	3D DATA	true	-	-	-	-	-77331.6	-81210.0	-78497.2	-83112.1	-96303.7	-77331.6	-81210.0	-78497.2	-83112.1	-96303.7	-	-	-	-	-
10.017	3D MESSAGE	48	00	34	91	20	59	DB	8C	08	9E	15	42	6B	0A	97	C7	95	9D	9E	C7	E3	50	99	C7	67	54	A2	C7	3E	18	BC	C7	6B	0A	97	C7	95	9D	9E	C7	E3	50	99	C7	67	54	A2	C7	3E	18	BC	C7	00	00	00	00	00	00	00	00	00	00	00	00	00	00	00	00	00	00	00	00
10.018	3D DATA	true	-	-	-	-	-77332.8	-81211.2	-78497.8	-83112.8	-96304.5	-77332.8	-81211.2	-78497.8	-83112.8	-96304.5	-	-	-	-	-
10.018	3D MESSAGE	48	00	35	91	20	59	DC	8C	C7	B1	48	40	F4	0A	97	C7	24	9E	9E	C7	2C	51	99	C7	B7	54	A2	C7	A8	18	BC	C7	F4	0A	97	C7	24	9E	9E	C7	2C	51	99	C7	B7	54	A2	C7	A8	18	BC	C7	00	00	00	00	00	00	00	00	00	00	00	00	00	00	00	00	00	00	00	00
10.018	3D DATA	true	-	-	-	-	-77333.9	-81212.3	-78498.3	-83113.4	-96305.3	-77333.9	-81212.3	-78498.3	-83113.4	-96305.3	-	-	-	-	-
10.018	3D MESSAGE	48	00	36	91	20	59	DD	8C	C7	B1	48	40	6A	0B	97	C7	A9	9E	9E	C7	70	51	99	C7	FA	54	A2	C7	13	19	BC	C7	6A	0B	97	C7	A9	9E	9E	C7	70	51	99	C7	FA	54	A2	C7	13	19	BC	C7	00	00	00	00	00	00	00	00	00	00	00	00	00	00	00	00	00	00	00	00
10.018	3D DATA	true	-	-	-	-	-77334.8	-81213.3	-78498.9	-83114.0	-96306.1	-77334.8	-81213.3	-78498.9	-83114.0	-96306.1	-	-	-	-	-
10.018	3D MESSAGE	48	00	37	91	20	59	DE	8C	C7	B1	48	40	CE	0B	97	C7	27	9F	9E	C7	A9	51	99	C7	30	55	A2	C7	7E	19	BC	C7	CE	0B	97	C7	27	9F	9E	C7	A9	51	99	C7	30	55	A2	C7	7E	19	BC	C7	00	00	00	00	00	00	00	00	00	00	00	00	00	00	00	00	00	00	00	00
10.018	3D DATA	true	-	-	-	-	-77335.6	-81214.3	-78499.3	-83114.4	-96307.0	-77335.6	-81214.3	-78499.3	-83114.4	-96307.0	-	-	-	-	-
10.019	3D MESSAGE	48	00	38	91	20	59	DF	8C	C7	B1	48	40	28	0C	97	C7	9D	9F	9E	C7	D3	51	99	C7	57	55	A2	C7	E5	19	BC	C7	28	0C	97	C7	9D	9F	9E	C7	D3	51	99	C7	57	55	A2	C7	E5	19	BC	C7	00	00	00	00	00	00	00	00	00	00	00	00	00	00	00	00	00	00	00	00
10.019	3D DATA	true	-	-	-	-	-77336.3	-81215.2	-78499.6	-83114.7	-96307.8	-77336.3	-81215.2	-78499.6	-83114.7	-96307.8	-	-	-	-	-
10.050	3D MESSAGE	48	00	39	91	20	59	E0	8C	C7	B1	48	40	7C	0C	97	C7	0A	A0	9E	C7	EE	51	99	C7	72	55	A2	C7	46	1A	BC	C7	7C	0C	97	C7	0A	A0	9E	C7	EE	51	99	C7	72	55	A2	C7	46	1A	BC	C7	00	00	00	00	00	00	00	00	00	00	00	00	00	00	00	00	00	00	00	00
10.050	3D DATA	true	-	-	-	-	-77337.0	-81216.1	-78499.9	-83114.9	-96308.5	-77337.0	-81216.1	-78499.9	-83114.9	-96308.5	-	-	-	-	-
10.059	3D MESSAGE	48	00	3A	91	20	59	E1	8C	C7	B1	48	40	D0	0C	97	C7	70	A0	9E	C7	FC	51	99	C7	86	55	A2	C7	9D	1A	BC	C7	D0	0C	97	C7	70	A0	9E	C7	FC	51	99	C7	86	55	A2	C7	9D	1A	BC	C7	00	00	00	00	00	00	00	00	00	00	00	00	00	00	00	00	00	00	00	00
10.059	3D DATA	true	-	-	-	-	-77337.6	-81216.9	-78500.0	-83115.0	-96309.2	-77337.6	-81216.9	-78500.0	-83115.0	-96309.2	-	-	-	-	-
10.059	3D MESSAGE	48	00	3B	91	20	59	E2	8C	C7	B1	48	40	23	0D	97	C7	C8	A0	9E	C7	01	52	99	C7	94	55	A2	C7	E8	1A	BC	C7	23	0D	97	C7	C8	A0	9E	C7	01	52	99	C7	94	55	A2	C7	E8	1A	BC	C7	00	00	00	00	00	00	00	00	00	00	00	00	00	00	00	00	00	00	00	00
10.059	3D DATA	true	-	-	-	-	-77338.3	-81217.6	-78500.0	-83115.2	-96309.8	-77338.3	-81217.6	-78500.0	-83115.2	-96309.8	-	-	-	-	-
10.059	3D MESSAGE	48	00	3C	91	20	59	E3	8C	C7	B1	48	40	74	0D	97	C7	12	A1	9E	C7	03	52	99	C7	A1	55	A2	C7	26	1B	BC	C7	74	0D	97	C7	12	A1	9E	C7	03	52	99	C7	A1	55	A2	C7	26	1B	BC	C7	00	00	00	00	00	00	00	00	00	00	00	00	00	00	00	00	00	00	00	00
10.059	3D DATA	true	-	-	-	-	-77338.9	-81218.1	-78500.0	-83115.3	-96310.3	-77338.9	-81218.1	-78500.0	-83115.3	-96310.3	-	-	-	-	-
10.060	3D MESSAGE	48	00	3D	91	20	59	E4	8C	C7	B1	48	40	C1	0D	97	C7	4C	A1	9E	C7	06	52	99	C7	AE	55	A2	C7	55	1B	BC	C7	C1	0D	97	C7	4C	A1	9E	C7	06	52	99	C7	AE	55	A2	C7	55	1B	BC	C7	00	00	00	00	00	00	00	00	00	00	00	00	00	00	00	00	00	00	00	00
10.060	3D DATA	true	-	-	-	-	-77339.5	-81218.6	-78500.0	-83115.4	-96310.7	-77339.5	-81218.6	-78500.0	-83115.4	-96310.7	-	-	-	-	-
10.060	3D MESSAGE	48	00	3E	91	20	59	E5	8C	C7	B1	48	40	06	0E	97	C7	73	A1	9E	C7	0E	52	99	C7	BC	55	A2	C7	79	1B	BC	C7	06	0E	97	C7	73	A1	9E	C7	0E	52	99	C7	BC	55	A2	C7	79	1B	BC	C7	00	00	00	00	00	00	00	00	00	00	00	00	00	00	00	00	00	00	00	00
10.060	3D DATA	true	-	-	-	-	-77340.0	-81218.9	-78500.1	-83115.5	-96310.9	-77340.0	-81218.9	-78500.1	-83115.5	-96310.9	-	-	-	-	-
10.060	3D MESSAGE	48	00	3F	91	20	59	E6	8C	C7	B1	48	40	43	0E	97	C7	8A	A1	9E	C7	1F	52	99	C7	CD	55	A2	C7	94	1B	BC	C7	43	0E	97	C7	8A	A1	9E	C7	1F	52	99	C7	CD	55	A2	C7	94	1B	BC	C7	00	00	00	00	00	00	00	00	00	00	00	00	00	00	00	00	00	00	00	00
10.060	3D DATA	true	-	-	-	-	-77340.5	-81219.1	-78500.2	-83115.6	-96311.2	-77340.5	-81219.1	-78500.2	-83115.6	-96311.2	-	-	-	-	-
10.060	3D MESSAGE	48	00	40	91	20	59	E7	8C	C7	B1	48	40	7A	0E	97	C7	95	A1	9E	C7	38	52	99	C7	E1	55	A2	C7	AB	1B	BC	C7	7A	0E	97	C7	95	A1	9E	C7	38	52	99	C7	E1	55	A2	C7	AB	1B	BC	C7	00	00	00	00	00	00	00	00	00	00	00	00	00	00	00	00	00	00	00	00
10.060	3D DATA	true	-	-	-	-	-77341.0	-81219.2	-78500.4	-83115.8	-96311.3	-77341.0	-81219.2	-78500.4	-83115.8	-96311.3	-	-	-	-	-
10.061	3D MESSAGE	48	00	41	91	20	59	E8	8C	C7	B1	48	40	AC	0E	97	C7	99	A1	9E	C7	59	52	99	C7	F9	55	A2	C7	C2	1B	BC	C7	AC	0E	97	C7	99	A1	9E	C7	59	52	99	C7	F9	55	A2	C7	C2	1B	BC	C7	00	00	00	00	00	00	00	00	00	00	00	00	00	00	00	00	00	00	00	00
10.061	3D DATA	true	-	-	-	-	-77341.3	-81219.2	-78500.7	-83115.9	-96311.5	-77341.3	-81219.2	-78500.7	-83115.9	-96311.5	-	-	-	-	-
10.077	3D MESSAGE	48	00	42	91	20	59	E9	8C	C7	B1	48	40	DD	0E	97	C7	9B	A1	9E	C7	80	52	99	C7	14	56	A2	C7	D8	1B	BC	C7	DD	0E	97	C7	9B	A1	9E	C7	80	52	99	C7	14	56	A2	C7	D8	1B	BC	C7	00	00	00	00	00	00	00	00	00	00	00	00	00	00	00	00	00	00	00	00
10.077	3D DATA	true	-	-	-	-	-77341.7	-81219.2	-78501.0	-83116.2	-96311.7	-77341.7	-81219.2	-78501.0	-83116.2	-96311.7	-	-	-	-	-
10.077	3D MESSAGE	48	00	43	91	20	59	EA	8C	C7	B1	48	40	10	0F	97	C7	9F	A1	9E	C7	A9	52	99	C7	31	56	A2	C7	ED	1B	BC	C7	10	0F	97	C7	9F	A1	9E	C7	A9	52	99	C7	31	56	A2	C7	ED	1B	BC	C7	00	00	00	00	00	00	00	00	00	00	00	00	00	00	00	00	00	00	00	00
10.077	3D DATA	true	-	-	-	-	-77342.1	-81219.2	-78501.3	-83116.4	-96311.9	-77342.1	-81219.2	-78501.3	-83116.4	-96311.9	-	-	-	-	-
10.078	3D MESSAGE	48	00	44	91	20	59	EB	8C	C7	B1	48	40	46	0F	97	C7	AA	A1	9E	C7	D0	52	99	C7	50	56	A2	C7	02	1C	BC	C7	46	0F	97	C7	AA	A1	9E	C7	D0	52	99	C7	50	56	A2	C7	02	1C	BC	C7	00	00	00	00	00	00	00	00	00	00	00	00	00	00	00	00	00	00	00	00
10.078	3D DATA	true	-	-	-	-	-77342.5	-81219.3	-78501.6	-83116.6	-96312.0	-77342.5	-81219.3	-78501.6	-83116.6	-96312.0	-	-	-	-	-
10.110	3D MESSAGE	48	00	45	91	20	59	EC	8C	C7	B1	48	40	82	0F	97	C7	BD	A1	9E	C7	F2	52	99	C7	70	56	A2	C7	14	1C	BC	C7	82	0F	97	C7	BD	A1	9E	C7	F2	52	99	C7	70	56	A2	C7	14	1C	BC	C7	00	00	00	00	00	00	00	00	00	00	00	00	00	00	00	00	00	00	00	00
10.110	3D DATA	true	-	-	-	-	-77343.0	-81219.5	-78501.9	-83116.9	-96312.2	-77343.0	-81219.5	-78501.9	-83116.9	-96312.2	-	-	-	-	-
10.110	3D MESSAGE	48	00	46	91	20	59	ED	8C	C7	B1	48	40	C4	0F	97	C7	DB	A1	9E	C7	0C	53	99	C7	91	56	A2	C7	24	1C	BC	C7	C4	0F	97	C7	DB	A1	9E	C7	0C	53	99	C7	91	56	A2	C7	24	1C	BC	C7	00	00	00	00	00	00	00	00	00	00	00	00	00	00	00	00	00	00	00	00
10.110	3D DATA	true	-	-	-	-	-77343.5	-81219.7	-78502.1	-83117.1	-96312.3	-77343.5	-81219.7	-78502.1	-83117.1	-96312.3	-	-	-	-	-
10.111	3D MESSAGE	48	00	47	91	20	59	EE	8C	C7	B1	48	40	08	10	97	C7	02	A2	9E	C7	1E	53	99	C7	B2	56	A2	C7	32	1C	BC	C7	08	10	97	C7	02	A2	9E	C7	1E	53	99	C7	B2	56	A2	C7	32	1C	BC	C7	00	00	00	00	00	00	00	00	00	00	00	00	00	00	00	00	00	00	00	00
10.111	3D DATA	true	-	-	-	-	-77344.1	-81220.0	-78502.2	-83117.4	-96312.4	-77344.1	-81220.0	-78502.2	-83117.4	-96312.4	-	-	-	-	-
10.112	3D MESSAGE	48	00	48	91	20	59	EF	8C	C7	B1	48	40	4F	10	97	C7	34	A2	9E	C7	28	53	99	C7	D3	56	A2	C7	42	1C	BC	C7	4F	10	97	C7	34	A2	9E	C7	28	53	99	C7	D3	56	A2	C7	42	1C	BC	C7	00	00	00	00	00	00	00	00	00	00	00	00	00	00	00	00	00	00	00	00
10.112	3D DATA	true	-	-	-	-	-77344.6	-81220.4	-78502.3	-83117.6	-96312.5	-77344.6	-81220.4	-78502.3	-83117.6	-96312.5	-	-	-	-	-
10.112	3D MESSAGE	48	00	49	91	20	59	F0	8C	C7	B1	48	40	94	10	97	C7	6C	A2	9E	C7	2E	53	99	C7	F4	56	A2	C7	57	1C	BC	C7	94	10	97	C7	6C	A2	9E	C7	2E	53	99	C7	F4	56	A2	C7	57	1C	BC	C7	00	00	00	00	00	00	00	00	00	00	00	00	00	00	00	00	00	00	00	00
10.112	3D DATA	true	-	-	-	-	-77345.2	-81220.8	-78502.4	-83117.9	-96312.7	-77345.2	-81220.8	-78502.4	-83117.9	-96312.7	-	-	-	-	-
10.112	3D MESSAGE	48	00	4A	91	20	59	F1	8C	C7	B1	48	40	D6	10	97	C7	AA	A2	9E	C7	32	53	99	C7	15	57	A2	C7	71	1C	BC	C7	D6	10	97	C7	AA	A2	9E	C7	32	53	99	C7	15	57	A2	C7	71	1C	BC	C7	00	00	00	00	00	00	00	00	00	00	00	00	00	00	00	00	00	00	00	00
10.112	3D DATA	true	-	-	-	-	-77345.7	-81221.3	-78502.4	-83118.2	-96312.9	-77345.7	-81221.3	-78502.4	-83118.2	-96312.9	-	-	-	-	-
10.112	3D MESSAGE	48	00	4B	91	20	59	F2	8C	C7	B1	48	40	13	11	97	C7	E8	A2	9E	C7	38	53	99	C7	34	57	A2	C7	93	1C	BC	C7	13	11	97	C7	E8	A2	9E	C7	38	53	99	C7	34	57	A2	C7	93	1C	BC	C7	00	00	00	00	00	00	00	00	00	00	00	00	00	00	00	00	00	00	00	00
10.112	3D DATA	true	-	-	-	-	-77346.1	-81221.8	-78502.4	-83118.4	-96313.1	-77346.1	-81221.8	-78502.4	-83118.4	-96313.1	-	-	-	-	-
10.144	3D MESSAGE	48	00	4C	91	20	59	F3	8C	C7	B1	48	40	4A	11	97	C7	24	A3	9E	C7	44	53	99	C7	50	57	A2	C7	BB	1C	BC	C7	4A	11	97	C7	24	A3	9E	C7	44	53	99	C7	50	57	A2	C7	BB	1C	BC	C7	00	00	00	00	00	00	00	00	00	00	00	00	00	00	00	00	00	00	00	00
10.144	3D DATA	true	-	-	-	-	-77346.6	-81222.3	-78502.5	-83118.6	-96313.5	-77346.6	-81222.3	-78502.5	-83118.6	-96313.5	-	-	-	-	-
10.144	3D MESSAGE	48	00	4D	91	20	59	F4	8C	C7	B1	48	40	7D	11	97	C7	59	A3	9E	C7	58	53	99	C7	68	57	A2	C7	E7	1C	BC	C7	7D	11	97	C7	59	A3	9E	C7	58	53	99	C7	68	57	A2	C7	E7	1C	BC	C7	00	00	00	00	00	00	00	00	00	00	00	00	00	00	00	00	00	00	00	00
10.144	3D DATA	true	-	-	-	-	-77347.0	-81222.7	-78502.7	-83118.8	-96313.8	-77347.0	-81222.7	-78502.7	-83118.8	-96313.8	-	-	-	-	-
10.145	3D MESSAGE	48	00	4E	91	20	59	F5	8C	C7	B1	48	40	AE	11	97	C7	86	A3	9E	C7	74	53	99	C7	7E	57	A2	C7	15	1D	BC	C7	AE	11	97	C7	86	A3	9E	C7	74	53	99	C7	7E	57	A2	C7	15	1D	BC	C7	00	00	00	00	00	00	00	00	00	00	00	00	00	00	00	00	00	00	00	00
10.145	3D DATA	true	-	-	-	-	-77347.4	-81223.0	-78502.9	-83119.0	-96314.2	-77347.4	-81223.0	-78502.9	-83119.0	-96314.2	-	-	-	-	-
10.145	3D MESSAGE	48	00	4F	91	20	59	F6	8C	C7	B1	48	40	DD	11	97	C7	AC	A3	9E	C7	96	53	99	C7	91	57	A2	C7	41	1D	BC	C7	DD	11	97	C7	AC	A3	9E	C7	96	53	99	C7	91	57	A2	C7	41	1D	BC	C7	00	00	00	00	00	00	00	00	00	00	00	00	00	00	00	00	00	00	00	00
10.145	3D DATA	true	-	-	-	-	-77347.7	-81223.3	-78503.2	-83119.1	-96314.5	-77347.7	-81223.3	-78503.2	-83119.1	-96314.5	-	-	-	-	-
10.145	3D MESSAGE	48	00	50	91	20	59	F7	8C	C7	B1	48	40	0C	12	97	C7	CA	A3	9E	C7	BC	53	99	C7	A2	57	A2	C7	6A	1D	BC	C7	0C	12	97	C7	CA	A3	9E	C7	BC	53	99	C7	A2	57	A2	C7	6A	1D	BC	C7	00	00	00	00	00	00	00	00	00	00	00	00	00	00	00	00	00	00	00	00
10.145	3D DATA	true	-	-	-	-	-77348.1	-81223.6	-78503.5	-83119.3	-96314.8	-77348.1	-81223.6	-78503.5	-83119.3	-96314.8	-	-	-	-	-
10.146	3D MESSAGE	48	00	51	91	20	59	F8	8C	C7	B1	48	40	38	12	97	C7	E5	A3	9E	C7	E2	53	99	C7	B3	57	A2	C7	8F	1D	BC	C7	38	12	97	C7	E5	A3	9E	C7	E2	53	99	C7	B3	57	A2	C7	8F	1D	BC	C7	00	00	00	00	00	00	00	00	00	00	00	00	00	00	00	00	00	00	00	00
10.146	3D DATA	true	-	-	-	-	-77348.4	-81223.8	-78503.8	-83119.4	-96315.1	-77348.4	-81223.8	-78503.8	-83119.4	-96315.1	-	-	-	-	-
10.147	3D MESSAGE	48	00	52	91	20	59	F9	8C	C7	B1	48	40	60	12	97	C7	FE	A3	9E	C7	05	54	99	C7	C3	57	A2	C7	AD	1D	BC	C7	60	12	97	C7	FE	A3	9E	C7	05	54	99	C7	C3	57	A2	C7	AD	1D	BC	C7	00	00	00	00	00	00	00	00	00	00	00	00	00	00	00	00	00	00	00	00
10.147	3D DATA	true	-	-	-	-	-77348.8	-81224.0	-78504.0	-83119.5	-96315.4	-77348.8	-81224.0	-78504.0	-83119.5	-96315.4	-	-	-	-	-
10.172	3D MESSAGE	48	00	53	91	20	59	FA	8C	C7	B1	48	40	81	12	97	C7	16	A4	9E	C7	24	54	99	C7	D2	57	A2	C7	C3	1D	BC	C7	81	12	97	C7	16	A4	9E	C7	24	54	99	C7	D2	57	A2	C7	C3	1D	BC	C7	00	00	00	00	00	00	00	00	00	00	00	00	00	00	00	00	00	00	00	00
10.172	3D DATA	true	-	-	-	-	-77349.0	-81224.2	-78504.3	-83119.6	-96315.5	-77349.0	-81224.2	-78504.3	-83119.6	-96315.5	-	-	-	-	-
10.177	3D MESSAGE	48	00	54	91	20	59	FB	8C	C7	B1	48	40	9A	12	97	C7	2E	A4	9E	C7	3E	54	99	C7	DF	57	A2	C7	D1	1D	BC	C7	9A	12	97	C7	2E	A4	9E	C7	3E	54	99	C7	DF	57	A2	C7	D1	1D	BC	C7	00	00	00	00	00	00	00	00	00	00	00	00	00	00	00	00	00	00	00	00
10.177	3D DATA	true	-	-	-	-	-77349.2	-81224.4	-78504.5	-83119.7	-96315.6	-77349.2	-81224.4	-78504.5	-83119.7	-96315.6	-	-	-	-	-
10.177	3D MESSAGE	48	00	55	91	20	59	FC	8C	C7	B1	48	40	AE	12	97	C7	43	A4	9E	C7	50	54	99	C7	E8	57	A2	C7	D6	1D	BC	C7	AE	12	97	C7	43	A4	9E	C7	50	54	99	C7	E8	57	A2	C7	D6	1D	BC	C7	00	00	00	00	00	00	00	00	00	00	00	00	00	00	00	00	00	00	00	00
10.177	3D DATA	true	-	-	-	-	-77349.4	-81224.5	-78504.6	-83119.8	-96315.7	-77349.4	-81224.5	-78504.6	-83119.8	-96315.7	-	-	-	-	-
10.178	3D MESSAGE	48	00	56	91	20	59	FD	8C	C7	B1	48	40	BC	12	97	C7	54	A4	9E	C7	5B	54	99	C7	EC	57	A2	C7	D1	1D	BC	C7	BC	12	97	C7	54	A4	9E	C7	5B	54	99	C7	EC	57	A2	C7	D1	1D	BC	C7	00	00	00	00	00	00	00	00	00	00	00	00	00	00	00	00	00	00	00	00
10.178	3D DATA	true	-	-	-	-	-77349.5	-81224.7	-78504.7	-83119.8	-96315.6	-77349.5	-81224.7	-78504.7	-83119.8	-96315.6	-	-	-	-	-
10.178	3D MESSAGE	48	00	57	91	20	59	FE	8C	C7	B1	48	40	C6	12	97	C7	5E	A4	9E	C7	5C	54	99	C7	EA	57	A2	C7	C6	1D	BC	C7	C6	12	97	C7	5E	A4	9E	C7	5C	54	99	C7	EA	57	A2	C7	C6	1D	BC	C7	00	00	00	00	00	00	00	00	00	00	00	00	00	00	00	00	00	00	00	00
10.178	3D DATA	true	-	-	-	-	-77349.5	-81224.7	-78504.7	-83119.8	-96315.5	-77349.5	-81224.7	-78504.7	-83119.8	-96315.5	-	-	-	-	-
10.178	3D MESSAGE	48	00	58	91	20	59	FF	8C	C7	B1	48	40	D0	12	97	C7	60	A4	9E	C7	54	54	99	C7	E3	57	A2	C7	B4	1D	BC	C7	D0	12	97	C7	60	A4	9E	C7	54	54	99	C7	E3	57	A2	C7	B4	1D	BC	C7	00	00	00	00	00	00	00	00	00	00	00	00	00	00	00	00	00	00	00	00
10.178	3D DATA	true	-	-	-	-	-77349.6	-81224.8	-78504.7	-83119.8	-96315.4	-77349.6	-81224.8	-78504.7	-83119.8	-96315.4	-	-	-	-	-
10.204	3D MESSAGE	48	00	59	91	20	59	00	8C	C7	B1	48	40	D8	12	97	C7	5C	A4	9E	C7	44	54	99	C7	DB	57	A2	C7	A0	1D	BC	C7	D8	12	97	C7	5C	A4	9E	C7	44	54	99	C7	DB	57	A2	C7	A0	1D	BC	C7	00	00	00	00	00	00	00	00	00	00	00	00	00	00	00	00	00	00	00	00
10.204	3D DATA	true	-	-	-	-	-77349.7	-81224.7	-78504.5	-83119.7	-96315.2	-77349.7	-81224.7	-78504.5	-83119.7	-96315.2	-	-	-	-	-
10.204	3D MESSAGE	48	00	5A	91	20	59	01	8C	C7	B1	48	40	E0	12	97	C7	54	A4	9E	C7	30	54	99	C7	D3	57	A2	C7	8A	1D	BC	C7	E0	12	97	C7	54	A4	9E	C7	30	54	99	C7	D3	57	A2	C7	8A	1D	BC	C7	00	00	00	00	00	00	00	00	00	00	00	00	00	00	00	00	00	00	00	00
10.204	3D DATA	true	-	-	-	-	-77349.8	-81224.7	-78504.4	-83119.6	-96315.1	-77349.8	-81224.7	-78504.4	-83119.6	-96315.1	-	-	-	-	-
10.205	3D MESSAGE	48	00	5B	91	20	59	02	8C	C7	B1	48	40	E7	12	97	C7	4C	A4	9E	C7	1B	54	99	C7	CC	57	A2	C7	71	1D	BC	C7	E7	12	97	C7	4C	A4	9E	C7	1B	54	99	C7	CC	57	A2	C7	71	1D	BC	C7	00	00	00	00	00	00	00	00	00	00	00	00	00	00	00	00	00	00	00	00
10.205	3D DATA	true	-	-	-	-	-77349.8	-81224.6	-78504.2	-83119.6	-96314.9	-77349.8	-81224.6	-78504.2	-83119.6	-96314.9	-	-	-	-	-
10.205	3D MESSAGE	48	00	5C	91	20	59	03	8C	C7	B1	48	40	EB	12	97	C7	44	A4	9E	C7	0A	54	99	C7	C8	57	A2	C7	56	1D	BC	C7	EB	12	97	C7	44	A4	9E	C7	0A	54	99	C7	C8	57	A2	C7	56	1D	BC	C7	00	00	00	00	00	00	00	00	00	00	00	00	00	00	00	00	00	00	00	00
10.205	3D DATA	true	-	-	-	-	-77349.8	-81224.5	-78504.1	-83119.6	-96314.7	-77349.8	-81224.5	-78504.1	-83119.6	-96314.7	-	-	-	-	-
10.205	3D MESSAGE	48	00	5D	91	20	59	04	8C	F0	97	9F	3C	EC	12	97	C7	3A	A4	9E	C7	00	54	99	C7	C5	57	A2	C7	32	1D	BC	C7	EC	12	97	C7	3A	A4	9E	C7	00	54	99	C7	C5	57	A2	C7	32	1D	BC	C7	00	00	00	00	00	00	00	00	00	00	00	00	00	00	00	00	00	00	00	00
10.205	3D DATA	true	-	-	-	-	-77349.8	-81224.5	-78504.0	-83119.5	-96314.4	-77349.8	-81224.5	-78504.0	-83119.5	-96314.4	-	-	-	-	-
10.206	3D MESSAGE	48	00	5E	91	20	59	05	8C	F0	97	9F	3C	E8	12	97	C7	2D	A4	9E	C7	FD	53	99	C7	C0	57	A2	C7	05	1D	BC	C7	E8	12	97	C7	2D	A4	9E	C7	FD	53	99	C7	C0	57	A2	C7	05	1D	BC	C7	00	00	00	00	00	00	00	00	00	00	00	00	00	00	00	00	00	00	00	00
10.206	3D DATA	true	-	-	-	-	-77349.8	-81224.4	-78504.0	-83119.5	-96314.0	-77349.8	-81224.4	-78504.0	-83119.5	-96314.0	-	-	-	-	-
10.235	3D MESSAGE	48	00	5F	91	20	59	06	8C	F0	97	9F	3C	DD	12	97	C7	18	A4	9E	C7	FC	53	99	C7	B8	57	A2	C7	C9	1C	BC	C7	DD	12	97	C7	18	A4	9E	C7	FC	53	99	C7	B8	57	A2	C7	C9	1C	BC	C7	00	00	00	00	00	00	00	00	00	00	00	00	00	00	00	00	00	00	00	00
10.235	3D DATA	true	-	-	-	-	-77349.7	-81224.2	-78504.0	-83119.4	-96313.6	-77349.7	-81224.2	-78504.0	-83119.4	-96313.6	-	-	-	-	-
10.236	3D MESSAGE	48	00	60	91	20	59	07	8C	F0	97	9F	3C	CC	12	97	C7	F9	A3	9E	C7	FB	53	99	C7	AD	57	A2	C7	80	1C	BC	C7	CC	12	97	C7	F9	A3	9E	C7	FB	53	99	C7	AD	57	A2	C7	80	1C	BC	C7	00	00	00	00	00	00	00	00	00	00	00	00	00	00	00	00	00	00	00	00
10.236	3D DATA	true	-	-	-	-	-77349.6	-81223.9	-78504.0	-83119.4	-96313.0	-77349.6	-81223.9	-78504.0	-83119.4	-96313.0	-	-	-	-	-
10.237	3D MESSAGE	48	00	61	91	20	59	08	8C	F0	97	9F	3C	B6	12	97	C7	D1	A3	9E	C7	F7	53	99	C7	A2	57	A2	C7	2B	1C	BC	C7	B6	12	97	C7	D1	A3	9E	C7	F7	53	99	C7	A2	57	A2	C7	2B	1C	BC	C7	00	00	00	00	00	00	00	00	00	00	00	00	00	00	00	00	00	00	00	00
10.237	3D DATA	true	-	-	-	-	-77349.4	-81223.6	-78503.9	-83119.3	-96312.3	-77349.4	-81223.6	-78503.9	-83119.3	-96312.3	-	-	-	-	-
10.237	3D MESSAGE	48	00	62	91	20	59	09	8C	F0	97	9F	3C	9C	12	97	C7	A6	A3	9E	C7	F0	53	99	C7	9C	57	A2	C7	D1	1B	BC	C7	9C	12	97	C7	A6	A3	9E	C7	F0	53	99	C7	9C	57	A2	C7	D1	1B	BC	C7	00	00	00	00	00	00	00	00	00	00	00	00	00	00	00	00	00	00	00	00
10.237	3D DATA	true	-	-	-	-	-77349.2	-81223.3	-78503.9	-83119.2	-96311.6	-77349.2	-81223.3	-78503.9	-83119.2	-96311.6	-	-	-	-	-
10.237	3D MESSAGE	48	00	63	91	20	59	0A	8C	F0	97	9F	3C	82	12	97	C7	7E	A3	9E	C7	EA	53	99	C7	9E	57	A2	C7	7B	1B	BC	C7	82	12	97	C7	7E	A3	9E	C7	EA	53	99	C7	9E	57	A2	C7	7B	1B	BC	C7	00	00	00	00	00	00	00	00	00	00	00	00	00	00	00	00	00	00	00	00
10.237	3D DATA	true	-	-	-	-	-77349.0	-81223.0	-78503.8	-83119.2	-96311.0	-77349.0	-81223.0	-78503.8	-83119.2	-96311.0	-	-	-	-	-
10.238	3D MESSAGE	48	00	64	91	20	59	0B	8C	F0	97	9F	3C	6D	12	97	C7	62	A3	9E	C7	E9	53	99	C7	AC	57	A2	C7	30	1B	BC	C7	6D	12	97	C7	62	A3	9E	C7	E9	53	99	C7	AC	57	A2	C7	30	1B	BC	C7	00	00	00	00	00	00	00	00	00	00	00	00	00	00	00	00	00	00	00	00
10.238	3D DATA	true	-	-	-	-	-77348.9	-81222.8	-78503.8	-83119.3	-96310.4	-77348.9	-81222.8	-78503.8	-83119.3	-96310.4	-	-	-	-	-
10.265	3D MESSAGE	48	00	65	91	20	59	0C	8C	F0	97	9F	3C	5F	12	97	C7	57	A3	9E	C7	F2	53	99	C7	C3	57	A2	C7	F8	1A	BC	C7	5F	12	97	C7	57	A3	9E	C7	F2	53	99	C7	C3	57	A2	C7	F8	1A	BC	C7	00	00	00	00	00	00	00	00	00	00	00	00	00	00	00	00	00	00	00	00
10.265	3D DATA	true	-	-	-	-	-77348.7	-81222.7	-78503.9	-83119.5	-96309.9	-77348.7	-81222.7	-78503.9	-83119.5	-96309.9	-	-	-	-	-
10.276	3D MESSAGE	48	00	66	91	20	59	0D	8C	F0	97	9F	3C	5C	12	97	C7	5E	A3	9E	C7	04	54	99	C7	E1	57	A2	C7	D8	1A	BC	C7	5C	12	97	C7	5E	A3	9E	C7	04	54	99	C7	E1	57	A2	C7	D8	1A	BC	C7	00	00	00	00	00	00	00	00	00	00	00	00	00	00	00	00	00	00	00	00
10.276	3D DATA	true	-	-	-	-	-77348.7	-81222.7	-78504.0	-83119.8	-96309.7	-77348.7	-81222.7	-78504.0	-83119.8	-96309.7	-	-	-	-	-
10.276	3D MESSAGE	48	00	67	91	20	59	0E	8C	F0	97	9F	3C	64	12	97	C7	76	A3	9E	C7	1B	54	99	C7	00	58	A2	C7	D4	1A	BC	C7	64	12	97	C7	76	A3	9E	C7	1B	54	99	C7	00	58	A2	C7	D4	1A	BC	C7	00	00	00	00	00	00	00	00	00	00	00	00	00	00	00	00	00	00	00	00
10.276	3D DATA	true	-	-	-	-	-77348.8	-81222.9	-78504.2	-83120.0	-96309.7	-77348.8	-81222.9	-78504.2	-83120.0	-96309.7	-	-	-	-	-
10.277	3D MESSAGE	48	00	68	91	20	59	0F	8C	F0	97	9F	3C	78	12	97	C7	99	A3	9E	C7	32	54	99	C7	1A	58	A2	C7	E7	1A	BC	C7	78	12	97	C7	99	A3	9E	C7	32	54	99	C7	1A	58	A2	C7	E7	1A	BC	C7	00	00	00	00	00	00	00	00	00	00	00	00	00	00	00	00	00	00	00	00
10.277	3D DATA	true	-	-	-	-	-77348.9	-81223.2	-78504.4	-83120.2	-96309.8	-77348.9	-81223.2	-78504.4	-83120.2	-96309.8	-	-	-	-	-
10.277	3D MESSAGE	48	00	69	91	20	59	10	8C	F0	97	9F	3C	94	12	97	C7	C2	A3	9E	C7	42	54	99	C7	2A	58	A2	C7	0F	1B	BC	C7	94	12	97	C7	C2	A3	9E	C7	42	54	99	C7	2A	58	A2	C7	0F	1B	BC	C7	00	00	00	00	00	00	00	00	00	00	00	00	00	00	00	00	00	00	00	00
10.277	3D DATA	true	-	-	-	-	-77349.2	-81223.5	-78504.5	-83120.3	-96310.1	-77349.2	-81223.5	-78504.5	-83120.3	-96310.1	-	-	-	-	-
10.277	3D MESSAGE	48	00	6A	91	20	59	11	8C	F0	97	9F	3C	B6	12	97	C7	ED	A3	9E	C7	4B	54	99	C7	31	58	A2	C7	45	1B	BC	C7	B6	12	97	C7	ED	A3	9E	C7	4B	54	99	C7	31	58	A2	C7	45	1B	BC	C7	00	00	00	00	00	00	00	00	00	00	00	00	00	00	00	00	00	00	00	00
10.277	3D DATA	true	-	-	-	-	-77349.4	-81223.9	-78504.6	-83120.4	-96310.5	-77349.4	-81223.9	-78504.6	-83120.4	-96310.5	-	-	-	-	-
10.278	3D MESSAGE	48	00	6B	91	20	59	12	8C	F0	97	9F	3C	DB	12	97	C7	19	A4	9E	C7	4C	54	99	C7	32	58	A2	C7	84	1B	BC	C7	DB	12	97	C7	19	A4	9E	C7	4C	54	99	C7	32	58	A2	C7	84	1B	BC	C7	00	00	00	00	00	00	00	00	00	00	00	00	00	00	00	00	00	00	00	00
10.278	3D DATA	true	-	-	-	-	-77349.7	-81224.2	-78504.6	-83120.4	-96311.0	-77349.7	-81224.2	-78504.6	-83120.4	-96311.0	-	-	-	-	-
10.278	3D MESSAGE	48	00	6C	91	20	59	13	8C	F0	97	9F	3C	FE	12	97	C7	46	A4	9E	C7	4D	54	99	C7	32	58	A2	C7	C8	1B	BC	C7	FE	12	97	C7	46	A4	9E	C7	4D	54	99	C7	32	58	A2	C7	C8	1B	BC	C7	00	00	00	00	00	00	00	00	00	00	00	00	00	00	00	00	00	00	00	00
10.278	3D DATA	true	-	-	-	-	-77350.0	-81224.5	-78504.6	-83120.4	-96311.6	-77350.0	-81224.5	-78504.6	-83120.4	-96311.6	-	-	-	-	-
10.278	3D MESSAGE	48	00	6D	91	20	59	14	8C	F0	97	9F	3C	20	13	97	C7	75	A4	9E	C7	54	54	99	C7	36	58	A2	C7	0C	1C	BC	C7	20	13	97	C7	75	A4	9E	C7	54	54	99	C7	36	58	A2	C7	0C	1C	BC	C7	00	00	00	00	00	00	00	00	00	00	00	00	00	00	00	00	00	00	00	00
10.278	3D DATA	true	-	-	-	-	-77350.2	-81224.9	-78504.7	-83120.4	-96312.1	-77350.2	-81224.9	-78504.7	-83120.4	-96312.1	-	-	-	-	-
10.299	3D MESSAGE	48	00	6E	91	20	59	15	8C	F0	97	9F	3C	3D	13	97	C7	A6	A4	9E	C7	65	54	99	C7	40	58	A2	C7	4C	1C	BC	C7	3D	13	97	C7	A6	A4	9E	C7	65	54	99	C7	40	58	A2	C7	4C	1C	BC	C7	00	00	00	00	00	00	00	00	00	00	00	00	00	00	00	00	00	00	00	00
10.299	3D DATA	true	-	-	-	-	-77350.5	-81225.3	-78504.8	-83120.5	-96312.6	-77350.5	-81225.3	-78504.8	-83120.5	-96312.6	-	-	-	-	-
10.300	3D MESSAGE	48	00	6F	91	20	59	16	8C	F0	97	9F	3C	55	13	97	C7	D6	A4	9E	C7	82	54	99	C7	51	58	A2	C7	88	1C	BC	C7	55	13	97	C7	D6	A4	9E	C7	82	54	99	C7	51	58	A2	C7	88	1C	BC	C7	00	00	00	00	00	00	00	00	00	00	00	00	00	00	00	00	00	00	00	00
10.300	3D DATA	true	-	-	-	-	-77350.7	-81225.7	-78505.0	-83120.6	-96313.1	-77350.7	-81225.7	-78505.0	-83120.6	-96313.1	-	-	-	-	-
10.300	3D MESSAGE	48	00	70	91	20	59	17	8C	F0	97	9F	3C	69	13	97	C7	02	A5	9E	C7	A7	54	99	C7	64	58	A2	C7	BB	1C	BC	C7	69	13	97	C7	02	A5	9E	C7	A7	54	99	C7	64	58	A2	C7	BB	1C	BC	C7	00	00	00	00	00	00	00	00	00	00	00	00	00	00	00	00	00	00	00	00
10.300	3D DATA	true	-	-	-	-	-77350.8	-81226.0	-78505.3	-83120.8	-96313.5	-77350.8	-81226.0	-78505.3	-83120.8	-96313.5	-	-	-	-	-
10.301	3D MESSAGE	48	00	71	91	20	59	18	8C	F0	97	9F	3C	78	13	97	C7	26	A5	9E	C7	CE	54	99	C7	75	58	A2	C7	E2	1C	BC	C7	78	13	97	C7	26	A5	9E	C7	CE	54	99	C7	75	58	A2	C7	E2	1C	BC	C7	00	00	00	00	00	00	00	00	00	00	00	00	00	00	00	00	00	00	00	00
10.301	3D DATA	true	-	-	-	-	-77350.9	-81226.3	-78505.6	-83120.9	-96313.8	-77350.9	-81226.3	-78505.6	-83120.9	-96313.8	-	-	-	-	-
10.301	3D MESSAGE	48	00	72	91	20	59	19	8C	F0	97	9F	3C	82	13	97	C7	3E	A5	9E	C7	EE	54	99	C7	7E	58	A2	C7	FB	1C	BC	C7	82	13	97	C7	3E	A5	9E	C7	EE	54	99	C7	7E	58	A2	C7	FB	1C	BC	C7	00	00	00	00	00	00	00	00	00	00	00	00	00	00	00	00	00	00	00	00
10.301	3D DATA	true	-	-	-	-	-77351.0	-81226.5	-78505.9	-83121.0	-96314.0	-77351.0	-81226.5	-78505.9	-83121.0	-96314.0	-	-	-	-	-
10.329	3D MESSAGE	48	00	73	91	20	59	1A	8C	F0	97	9F	3C	88	13	97	C7	4A	A5	9E	C7	01	55	99	C7	7A	58	A2	C7	01	1D	BC	C7	88	13	97	C7	4A	A5	9E	C7	01	55	99	C7	7A	58	A2	C7	01	1D	BC	C7	00	00	00	00	00	00	00	00	00	00	00	00	00	00	00	00	00	00	00	00
10.329	3D DATA	true	-	-	-	-	-77351.1	-81226.6	-78506.0	-83121.0	-96314.0	-77351.1	-81226.6	-78506.0	-83121.0	-96314.0	-	-	-	-	-
10.329	3D MESSAGE	48	00	74	91	20	59	1B	8C	F0	97	9F	3C	8A	13	97	C7	48	A5	9E	C7	05	55	99	C7	68	58	A2	C7	F5	1C	BC	C7	8A	13	97	C7	48	A5	9E	C7	05	55	99	C7	68	58	A2	C7	F5	1C	BC	C7	00	00	00	00	00	00	00	00	00	00	00	00	00	00	00	00	00	00	00	00
10.329	3D DATA	true	-	-	-	-	-77351.1	-81226.6	-78506.0	-83120.8	-96313.9	-77351.1	-81226.6	-78506.0	-83120.8	-96313.9	-	-	-	-	-
10.330	3D MESSAGE	48	00	75	91	20	59	1C	8C	F0	97	9F	3C	8A	13	97	C7	3A	A5	9E	C7	F9	54	99	C7	4B	58	A2	C7	DA	1C	BC	C7	8A	13	97	C7	3A	A5	9E	C7	F9	54	99	C7	4B	58	A2	C7	DA	1C	BC	C7	00	00	00	00	00	00	00	00	00	00	00	00	00	00	00	00	00	00	00	00
10.330	3D DATA	true	-	-	-	-	-77351.1	-81226.5	-78505.9	-83120.6	-96313.7	-77351.1	-81226.5	-78505.9	-83120.6	-96313.7	-	-	-	-	-
10.330	3D MESSAGE	48	00	76	91	20	59	1D	8C	F0	97	9F	3C	89	13	97	C7	20	A5	9E	C7	E0	54	99	C7	28	58	A2	C7	B3	1C	BC	C7	89	13	97	C7	20	A5	9E	C7	E0	54	99	C7	28	58	A2	C7	B3	1C	BC	C7	00	00	00	00	00	00	00	00	00	00	00	00	00	00	00	00	00	00	00	00
10.330	3D DATA	true	-	-	-	-	-77351.1	-81226.2	-78505.8	-83120.3	-96313.4	-77351.1	-81226.2	-78505.8	-83120.3	-96313.4	-	-	-	-	-
10.330	3D MESSAGE	48	00	77	91	20	59	1E	8C	F0	97	9F	3C	87	13	97	C7	FC	A4	9E	C7	C0	54	99	C7	04	58	A2	C7	87	1C	BC	C7	87	13	97	C7	FC	A4	9E	C7	C0	54	99	C7	04	58	A2	C7	87	1C	BC	C7	00	00	00	00	00	00	00	00	00	00	00	00	00	00	00	00	00	00	00	00
10.330	3D DATA	true	-	-	-	-	-77351.1	-81226.0	-78505.5	-83120.0	-96313.1	-77351.1	-81226.0	-78505.5	-83120.0	-96313.1	-	-	-	-	-
10.330	3D MESSAGE	48	00	78	91	20	59	1F	8C	F0	97	9F	3C	86	13	97	C7	D2	A4	9E	C7	9C	54	99	C7	E4	57	A2	C7	5C	1C	BC	C7	86	13	97	C7	D2	A4	9E	C7	9C	54	99	C7	E4	57	A2	C7	5C	1C	BC	C7	00	00	00	00	00	00	00	00	00	00	00	00	00	00	00	00	00	00	00	00
10.330	3D DATA	true	-	-	-	-	-77351.0	-81225.6	-78505.2	-83119.8	-96312.7	-77351.0	-81225.6	-78505.2	-83119.8	-96312.7	-	-	-	-	-
10.360	3D MESSAGE	48	00	79	91	20	59	20	8C	F0	97	9F	3C	86	13	97	C7	A4	A4	9E	C7	7A	54	99	C7	CE	57	A2	C7	36	1C	BC	C7	86	13	97	C7	A4	A4	9E	C7	7A	54	99	C7	CE	57	A2	C7	36	1C	BC	C7	00	00	00	00	00	00	00	00	00	00	00	00	00	00	00	00	00	00	00	00
10.360	3D DATA	true	-	-	-	-	-77351.0	-81225.3	-78505.0	-83119.6	-96312.4	-77351.0	-81225.3	-78505.0	-83119.6	-96312.4	-	-	-	-	-
10.361	3D MESSAGE	48	00	7A	91	20	59	21	8C	F0	97	9F	3C	8A	13	97	C7	78	A4	9E	C7	5E	54	99	C7	C0	57	A2	C7	18	1C	BC	C7	8A	13	97	C7	78	A4	9E	C7	5E	54	99	C7	C0	57	A2	C7	18	1C	BC	C7	00	00	00	00	00	00	00	00	00	00	00	00	00	00	00	00	00	00	00	00
10.361	3D DATA	true	-	-	-	-	-77351.1	-81224.9	-78504.7	-83119.5	-96312.2	-77351.1	-81224.9	-78504.7	-83119.5	-96312.2	-	-	-	-	-
10.361	3D MESSAGE	48	00	7B	91	20	59	22	8C	F0	97	9F	3C	8F	13	97	C7	50	A4	9E	C7	4A	54	99	C7	BB	57	A2	C7	03	1C	BC	C7	8F	13	97	C7	50	A4	9E	C7	4A	54	99	C7	BB	57	A2	C7	03	1C	BC	C7	00	00	00	00	00	00	00	00	00	00	00	00	00	00	00	00	00	00	00	00
10.361	3D DATA	true	-	-	-	-	-77351.1	-81224.6	-78504.6	-83119.5	-96312.0	-77351.1	-81224.6	-78504.6	-83119.5	-96312.0	-	-	-	-	-
10.361	3D MESSAGE	48	00	7C	91	20	59	23	8C	F0	97	9F	3C	97	13	97	C7	32	A4	9E	C7	3E	54	99	C7	BB	57	A2	C7	F7	1B	BC	C7	97	13	97	C7	32	A4	9E	C7	3E	54	99	C7	BB	57	A2	C7	F7	1B	BC	C7	00	00	00	00	00	00	00	00	00	00	00	00	00	00	00	00	00	00	00	00
10.361	3D DATA	true	-	-	-	-	-77351.2	-81224.4	-78504.5	-83119.5	-96311.9	-77351.2	-81224.4	-78504.5	-83119.5	-96311.9	-	-	-	-	-
10.362	3D MESSAGE	48	00	7D	91	20	59	24	8C	F0	97	9F	3C	A1	13	97	C7	20	A4	9E	C7	3B	54	99	C7	BD	57	A2	C7	F5	1B	BC	C7	A1	13	97	C7	20	A4	9E	C7	3B	54	99	C7	BD	57	A2	C7	F5	1B	BC	C7	00	00	00	00	00	00	00	00	00	00	00	00	00	00	00	00	00	00	00	00
10.362	3D DATA	true	-	-	-	-	-77351.3	-81224.2	-78504.5	-83119.5	-96311.9	-77351.3	-81224.2	-78504.5	-83119.5	-96311.9	-	-	-	-	-
10.362	3D MESSAGE	48	00	7E	91	20	59	25	8C	F0	97	9F	3C	AB	13	97	C7	1B	A4	9E	C7	3E	54	99	C7	C0	57	A2	C7	FE	1B	BC	C7	AB	13	97	C7	1B	A4	9E	C7	3E	54	99	C7	C0	57	A2	C7	FE	1B	BC	C7	00	00	00	00	00	00	00	00	00	00	00	00	00	00	00	00	00	00	00	00
10.362	3D DATA	true	-	-	-	-	-77351.3	-81224.2	-78504.5	-83119.5	-96312.0	-77351.3	-81224.2	-78504.5	-83119.5	-96312.0	-	-	-	-	-
10.393	3D MESSAGE	48	00	7F	91	20	59	26	8C	F0	97	9F	3C	B5	13	97	C7	20	A4	9E	C7	46	54	99	C7	C2	57	A2	C7	11	1C	BC	C7	B5	13	97	C7	20	A4	9E	C7	46	54	99	C7	C2	57	A2	C7	11	1C	BC	C7	00	00	00	00	00	00	00	00	00	00	00	00	00	00	00	00	00	00	00	00
10.393	3D DATA	true	-	-	-	-	-77351.4	-81224.2	-78504.5	-83119.5	-96312.1	-77351.4	-81224.2	-78504.5	-83119.5	-96312.1	-	-	-	-	-
10.394	3D MESSAGE	48	00	80	91	20	59	27	8C	F0	97	9F	3C	BC	13	97	C7	2A	A4	9E	C7	50	54	99	C7	C3	57	A2	C7	2C	1C	BC	C7	BC	13	97	C7	2A	A4	9E	C7	50	54	99	C7	C3	57	A2	C7	2C	1C	BC	C7	00	00	00	00	00	00	00	00	00	00	00	00	00	00	00	00	00	00	00	00
10.394	3D DATA	true	-	-	-	-	-77351.5	-81224.3	-78504.6	-83119.5	-96312.3	-77351.5	-81224.3	-78504.6	-83119.5	-96312.3	-	-	-	-	-
10.394	3D MESSAGE	48	00	81	91	20	59	28	8C	F0	97	9F	3C	BE	13	97	C7	34	A4	9E	C7	5A	54	99	C7	C4	57	A2	C7	4D	1C	BC	C7	BE	13	97	C7	34	A4	9E	C7	5A	54	99	C7	C4	57	A2	C7	4D	1C	BC	C7	00	00	00	00	00	00	00	00	00	00	00	00	00	00	00	00	00	00	00	00
10.394	3D DATA	true	-	-	-	-	-77351.5	-81224.4	-78504.7	-83119.5	-96312.6	-77351.5	-81224.4	-78504.7	-83119.5	-96312.6	-	-	-	-	-
10.394	3D MESSAGE	48	00	82	91	20	59	29	8C	F0	97	9F	3C	B9	13	97	C7	39	A4	9E	C7	60	54	99	C7	C2	57	A2	C7	6B	1C	BC	C7	B9	13	97	C7	39	A4	9E	C7	60	54	99	C7	C2	57	A2	C7	6B	1C	BC	C7	00	00	00	00	00	00	00	00	00	00	00	00	00	00	00	00	00	00	00	00
10.394	3D DATA	true	-	-	-	-	-77351.4	-81224.4	-78504.8	-83119.5	-96312.8	-77351.4	-81224.4	-78504.8	-83119.5	-96312.8	-	-	-	-	-
10.395	3D MESSAGE	48	00	83	91	20	59	2A	8C	F0	97	9F	3C	AE	13	97	C7	39	A4	9E	C7	64	54	99	C7	C0	57	A2	C7	82	1C	BC	C7	AE	13	97	C7	39	A4	9E	C7	64	54	99	C7	C0	57	A2	C7	82	1C	BC	C7	00	00	00	00	00	00	00	00	00	00	00	00	00	00	00	00	00	00	00	00
10.395	3D DATA	true	-	-	-	-	-77351.4	-81224.4	-78504.8	-83119.5	-96313.0	-77351.4	-81224.4	-78504.8	-83119.5	-96313.0	-	-	-	-	-
10.395	3D MESSAGE	48	00	84	91	20	59	2B	8C	F0	97	9F	3C	9D	13	97	C7	36	A4	9E	C7	68	54	99	C7	BC	57	A2	C7	8D	1C	BC	C7	9D	13	97	C7	36	A4	9E	C7	68	54	99	C7	BC	57	A2	C7	8D	1C	BC	C7	00	00	00	00	00	00	00	00	00	00	00	00	00	00	00	00	00	00	00	00
10.395	3D DATA	true	-	-	-	-	-77351.2	-81224.4	-78504.8	-83119.5	-96313.1	-77351.2	-81224.4	-78504.8	-83119.5	-96313.1	-	-	-	-	-
10.395	3D MESSAGE	48	00	85	91	20	59	2C	8C	50	BA	7E	3C	89	13	97	C7	33	A4	9E	C7	6E	54	99	C7	B8	57	A2	C7	8E	1C	BC	C7	89	13	97	C7	33	A4	9E	C7	6E	54	99	C7	B8	57	A2	C7	8E	1C	BC	C7	00	00	00	00	00	00	00	00	00	00	00	00	00	00	00	00	00	00	00	00
10.395	3D DATA	true	-	-	-	-	-77351.1	-81224.4	-78504.9	-83119.4	-96313.1	-77351.1	-81224.4	-78504.9	-83119.4	-96313.1	-	-	-	-	-
10.425	3D MESSAGE	48	00	86	91	20	59	2D	8C	50	BA	7E	3C	76	13	97	C7	35	A4	9E	C7	78	54	99	C7	B5	57	A2	C7	87	1C	BC	C7	76	13	97	C7	35	A4	9E	C7	78	54	99	C7	B5	57	A2	C7	87	1C	BC	C7	00	00	00	00	00	00	00	00	00	00	00	00	00	00	00	00	00	00	00	00
10.425	3D DATA	true	-	-	-	-	-77350.9	-81224.4	-78504.9	-83119.4	-96313.1	-77350.9	-81224.4	-78504.9	-83119.4	-96313.1	-	-	-	-	-
10.426	3D MESSAGE	48	00	87	91	20	59	2E	8C	50	BA	7E	3C	69	13	97	C7	3F	A4	9E	C7	88	54	99	C7	B7	57	A2	C7	82	1C	BC	C7	69	13	97	C7	3F	A4	9E	C7	88	54	99	C7	B7	57	A2	C7	82	1C	BC	C7	00	00	00	00	00	00	00	00	00	00	00	00	00	00	00	00	00	00	00	00
10.426	3D DATA	true	-	-	-	-	-77350.8	-81224.5	-78505.1	-83119.4	-96313.0	-77350.8	-81224.5	-78505.1	-83119.4	-96313.0	-	-	-	-	-
10.426	3D MESSAGE	48	00	88	91	20	59	2F	8C	50	BA	7E	3C	66	13	97	C7	51	A4	9E	C7	9C	54	99	C7	C0	57	A2	C7	84	1C	BC	C7	66	13	97	C7	51	A4	9E	C7	9C	54	99	C7	C0	57	A2	C7	84	1C	BC	C7	00	00	00	00	00	00	00	00	00	00	00	00	00	00	00	00	00	00	00	00
10.426	3D DATA	true	-	-	-	-	-77350.8	-81224.6	-78505.2	-83119.5	-96313.0	-77350.8	-81224.6	-78505.2	-83119.5	-96313.0	-	-	-	-	-
10.427	3D MESSAGE	48	00	89	91	20	59	30	8C	50	BA	7E	3C	6E	13	97	C7	69	A4	9E	C7	B0	54	99	C7	D0	57	A2	C7	93	1C	BC	C7	6E	13	97	C7	69	A4	9E	C7	B0	54	99	C7	D0	57	A2	C7	93	1C	BC	C7	00	00	00	00	00	00	00	00	00	00	00	00	00	00	00	00	00	00	00	00
10.427	3D DATA	true	-	-	-	-	-77350.9	-81224.8	-78505.4	-83119.6	-96313.1	-77350.9	-81224.8	-78505.4	-83119.6	-96313.1	-	-	-	-	-
10.427	3D MESSAGE	48	00	8A	91	20	59	31	8C	50	BA	7E	3C	83	13	97	C7	84	A4	9E	C7	C0	54	99	C7	E6	57	A2	C7	B0	1C	BC	C7	83	13	97	C7	84	A4	9E	C7	C0	54	99	C7	E6	57	A2	C7	B0	1C	BC	C7	00	00	00	00	00	00	00	00	00	00	00	00	00	00	00	00	00	00	00	00
10.427	3D DATA	true	-	-	-	-	-77351.0	-81225.0	-78505.5	-83119.8	-96313.4	-77351.0	-81225.0	-78505.5	-83119.8	-96313.4	-	-	-	-	-
10.428	3D MESSAGE	48	00	8B	91	20	59	32	8C	50	BA	7E	3C	A3	13	97	C7	9E	A4	9E	C7	CA	54	99	C7	FD	57	A2	C7	D7	1C	BC	C7	A3	13	97	C7	9E	A4	9E	C7	CA	54	99	C7	FD	57	A2	C7	D7	1C	BC	C7	00	00	00	00	00	00	00	00	00	00	00	00	00	00	00	00	00	00	00	00
10.428	3D DATA	true	-	-	-	-	-77351.3	-81225.2	-78505.6	-83120.0	-96313.7	-77351.3	-81225.2	-78505.6	-83120.0	-96313.7	-	-	-	-	-
10.455	3D MESSAGE	48	00	8C	91	20	59	33	8C	50	BA	7E	3C	CA	13	97	C7	B6	A4	9E	C7	CC	54	99	C7	12	58	A2	C7	02	1D	BC	C7	CA	13	97	C7	B6	A4	9E	C7	CC	54	99	C7	12	58	A2	C7	02	1D	BC	C7	00	00	00	00	00	00	00	00	00	00	00	00	00	00	00	00	00	00	00	00
10.455	3D DATA	true	-	-	-	-	-77351.6	-81225.4	-78505.6	-83120.1	-96314.0	-77351.6	-81225.4	-78505.6	-83120.1	-96314.0	-	-	-	-	-
10.455	3D MESSAGE	48	00	8D	91	20	59	34	8C	50	BA	7E	3C	F6	13	97	C7	CC	A4	9E	C7	CA	54	99	C7	1F	58	A2	C7	2B	1D	BC	C7	F6	13	97	C7	CC	A4	9E	C7	CA	54	99	C7	1F	58	A2	C7	2B	1D	BC	C7	00	00	00	00	00	00	00	00	00	00	00	00	00	00	00	00	00	00	00	00
10.455	3D DATA	true	-	-	-	-	-77351.9	-81225.6	-78505.6	-83120.2	-96314.3	-77351.9	-81225.6	-78505.6	-83120.2	-96314.3	-	-	-	-	-
10.456	3D MESSAGE	48	00	8E	91	20	59	35	8C	50	BA	7E	3C	20	14	97	C7	E1	A4	9E	C7	C4	54	99	C7	24	58	A2	C7	4C	1D	BC	C7	20	14	97	C7	E1	A4	9E	C7	C4	54	99	C7	24	58	A2	C7	4C	1D	BC	C7	00	00	00	00	00	00	00	00	00	00	00	00	00	00	00	00	00	00	00	00
10.456	3D DATA	true	-	-	-	-	-77352.2	-81225.8	-78505.5	-83120.3	-96314.6	-77352.2	-81225.8	-78505.5	-83120.3	-96314.6	-	-	-	-	-
10.457	3D MESSAGE	48	00	8F	91	20	59	36	8C	50	BA	7E	3C	46	14	97	C7	F5	A4	9E	C7	C0	54	99	C7	22	58	A2	C7	64	1D	BC	C7	46	14	97	C7	F5	A4	9E	C7	C0	54	99	C7	22	58	A2	C7	64	1D	BC	C7	00	00	00	00	00	00	00	00	00	00	00	00	00	00	00	00	00	00	00	00
10.457	3D DATA	true	-	-	-	-	-77352.5	-81225.9	-78505.5	-83120.3	-96314.8	-77352.5	-81225.9	-78505.5	-83120.3	-96314.8	-	-	-	-	-
10.457	3D MESSAGE	48	00	90	91	20	59	37	8C	50	BA	7E	3C	62	14	97	C7	08	A5	9E	C7	BE	54	99	C7	1A	58	A2	C7	6F	1D	BC	C7	62	14	97	C7	08	A5	9E	C7	BE	54	99	C7	1A	58	A2	C7	6F	1D	BC	C7	00	00	00	00	00	00	00	00	00	00	00	00	00	00	00	00	00	00	00	00
10.457	3D DATA	true	-	-	-	-	-77352.8	-81226.1	-78505.5	-83120.2	-96314.9	-77352.8	-81226.1	-78505.5	-83120.2	-96314.9	-	-	-	-	-
10.457	3D MESSAGE	48	00	91	91	20	59	38	8C	50	BA	7E	3C	75	14	97	C7	19	A5	9E	C7	BF	54	99	C7	11	58	A2	C7	6F	1D	BC	C7	75	14	97	C7	19	A5	9E	C7	BF	54	99	C7	11	58	A2	C7	6F	1D	BC	C7	00	00	00	00	00	00	00	00	00	00	00	00	00	00	00	00	00	00	00	00
10.457	3D DATA	true	-	-	-	-	-77352.9	-81226.2	-78505.5	-83120.1	-96314.9	-77352.9	-81226.2	-78505.5	-83120.1	-96314.9	-	-	-	-	-
10.484	3D MESSAGE	48	00	92	91	20	59	39	8C	50	BA	7E	3C	7C	14	97	C7	27	A5	9E	C7	C2	54	99	C7	0C	58	A2	C7	64	1D	BC	C7	7C	14	97	C7	27	A5	9E	C7	C2	54	99	C7	0C	58	A2	C7	64	1D	BC	C7	00	00	00	00	00	00	00	00	00	00	00	00	00	00	00	00	00	00	00	00
10.484	3D DATA	true	-	-	-	-	-77353.0	-81226.3	-78505.5	-83120.1	-96314.8	-77353.0	-81226.3	-78505.5	-83120.1	-96314.8	-	-	-	-	-
10.485	3D MESSAGE	48	00	93	91	20	59	3A	8C	50	BA	7E	3C	7A	14	97	C7	32	A5	9E	C7	C4	54	99	C7	0E	58	A2	C7	50	1D	BC	C7	7A	14	97	C7	32	A5	9E	C7	C4	54	99	C7	0E	58	A2	C7	50	1D	BC	C7	00	00	00	00	00	00	00	00	00	00	00	00	00	00	00	00	00	00	00	00
10.485	3D DATA	true	-	-	-	-	-77353.0	-81226.4	-78505.5	-83120.1	-96314.6	-77353.0	-81226.4	-78505.5	-83120.1	-96314.6	-	-	-	-	-
10.485	3D MESSAGE	48	00	94	91	20	59	3B	8C	50	BA	7E	3C	72	14	97	C7	3A	A5	9E	C7	C5	54	99	C7	1A	58	A2	C7	38	1D	BC	C7	72	14	97	C7	3A	A5	9E	C7	C5	54	99	C7	1A	58	A2	C7	38	1D	BC	C7	00	00	00	00	00	00	00	00	00	00	00	00	00	00	00	00	00	00	00	00
10.485	3D DATA	true	-	-	-	-	-77352.9	-81226.5	-78505.5	-83120.2	-96314.4	-77352.9	-81226.5	-78505.5	-83120.2	-96314.4	-	-	-	-	-
10.485	3D MESSAGE	48	00	95	91	20	59	3C	8C	50	BA	7E	3C	66	14	97	C7	3F	A5	9E	C7	C6	54	99	C7	30	58	A2	C7	20	1D	BC	C7	66	14	97	C7	3F	A5	9E	C7	C6	54	99	C7	30	58	A2	C7	20	1D	BC	C7	00	00	00	00	00	00	00	00	00	00	00	00	00	00	00	00	00	00	00	00
10.485	3D DATA	true	-	-	-	-	-77352.8	-81226.5	-78505.5	-83120.4	-96314.2	-77352.8	-81226.5	-78505.5	-83120.4	-96314.2	-	-	-	-	-
10.486	3D MESSAGE	48	00	96	91	20	59	3D	8C	50	BA	7E	3C	5C	14	97	C7	42	A5	9E	C7	C8	54	99	C7	4E	58	A2	C7	0C	1D	BC	C7	5C	14	97	C7	42	A5	9E	C7	C8	54	99	C7	4E	58	A2	C7	0C	1D	BC	C7	00	00	00	00	00	00	00	00	00	00	00	00	00	00	00	00	00	00	00	00
10.486	3D DATA	true	-	-	-	-	-77352.7	-81226.5	-78505.6	-83120.6	-96314.1	-77352.7	-81226.5	-78505.6	-83120.6	-96314.1	-	-	-	-	-
10.486	3D MESSAGE	48	00	97	91	20	59	3E	8C	50	BA	7E	3C	56	14	97	C7	43	A5	9E	C7	CC	54	99	C7	74	58	A2	C7	02	1D	BC	C7	56	14	97	C7	43	A5	9E	C7	CC	54	99	C7	74	58	A2	C7	02	1D	BC	C7	00	00	00	00	00	00	00	00	00	00	00	00	00	00	00	00	00	00	00	00
10.486	3D DATA	true	-	-	-	-	-77352.7	-81226.5	-78505.6	-83120.9	-96314.0	-77352.7	-81226.5	-78505.6	-83120.9	-96314.0	-	-	-	-	-
10.519	3D MESSAGE	48	00	98	91	20	59	3F	8C	50	BA	7E	3C	58	14	97	C7	40	A5	9E	C7	D3	54	99	C7	9B	58	A2	C7	03	1D	BC	C7	58	14	97	C7	40	A5	9E	C7	D3	54	99	C7	9B	58	A2	C7	03	1D	BC	C7	00	00	00	00	00	00	00	00	00	00	00	00	00	00	00	00	00	00	00	00
10.519	3D DATA	true	-	-	-	-	-77352.7	-81226.5	-78505.6	-83121.2	-96314.0	-77352.7	-81226.5	-78505.6	-83121.2	-96314.0	-	-	-	-	-
10.519	3D MESSAGE	48	00	99	91	20	59	40	8C	50	BA	7E	3C	62	14	97	C7	39	A5	9E	C7	DA	54	99	C7	BF	58	A2	C7	0D	1D	BC	C7	62	14	97	C7	39	A5	9E	C7	DA	54	99	C7	BF	58	A2	C7	0D	1D	BC	C7	00	00	00	00	00	00	00	00	00	00	00	00	00	00	00	00	00	00	00	00
10.519	3D DATA	true	-	-	-	-	-77352.8	-81226.4	-78505.7	-83121.5	-96314.1	-77352.8	-81226.4	-78505.7	-83121.5	-96314.1	-	-	-	-	-
10.519	3D MESSAGE	48	00	9A	91	20	59	41	8C	50	BA	7E	3C	70	14	97	C7	2C	A5	9E	C7	DE	54	99	C7	DB	58	A2	C7	18	1D	BC	C7	70	14	97	C7	2C	A5	9E	C7	DE	54	99	C7	DB	58	A2	C7	18	1D	BC	C7	00	00	00	00	00	00	00	00	00	00	00	00	00	00	00	00	00	00	00	00
10.519	3D DATA	true	-	-	-	-	-77352.9	-81226.3	-78505.7	-83121.7	-96314.2	-77352.9	-81226.3	-78505.7	-83121.7	-96314.2	-	-	-	-	-
10.520	3D MESSAGE	48	00	9B	91	20	59	42	8C	50	BA	7E	3C	80	14	97	C7	18	A5	9E	C7	DE	54	99	C7	EA	58	A2	C7	1E	1D	BC	C7	80	14	97	C7	18	A5	9E	C7	DE	54	99	C7	EA	58	A2	C7	1E	1D	BC	C7	00	00	00	00	00	00	00	00	00	00	00	00	00	00	00	00	00	00	00	00
10.520	3D DATA	true	-	-	-	-	-77353.0	-81226.2	-78505.7	-83121.8	-96314.2	-77353.0	-81226.2	-78505.7	-83121.8	-96314.2	-	-	-	-	-
10.520	3D MESSAGE	48	00	9C	91	20	59	43	8C	50	BA	7E	3C	8D	14	97	C7	00	A5	9E	C7	D6	54	99	C7	EA	58	A2	C7	16	1D	BC	C7	8D	14	97	C7	00	A5	9E	C7	D6	54	99	C7	EA	58	A2	C7	16	1D	BC	C7	00	00	00	00	00	00	00	00	00	00	00	00	00	00	00	00	00	00	00	00
10.520	3D DATA	true	-	-	-	-	-77353.1	-81226.0	-78505.7	-83121.8	-96314.2	-77353.1	-81226.0	-78505.7	-83121.8	-96314.2	-	-	-	-	-
10.520	3D MESSAGE	48	00	9D	91	20	59	44	8C	50	BA	7E	3C	92	14	97	C7	E6	A4	9E	C7	C8	54	99	C7	DC	58	A2	C7	FE	1C	BC	C7	92	14	97	C7	E6	A4	9E	C7	C8	54	99	C7	DC	58	A2	C7	FE	1C	BC	C7	00	00	00	00	00	00	00	00	00	00	00	00	00	00	00	00	00	00	00	00
10.520	3D DATA	true	-	-	-	-	-77353.1	-81225.8	-78505.6	-83121.7	-96314.0	-77353.1	-81225.8	-78505.6	-83121.7	-96314.0	-	-	-	-	-
10.520	3D MESSAGE	48	00	9E	91	20	59	45	8C	50	BA	7E	3C	8E	14	97	C7	CC	A4	9E	C7	B2	54	99	C7	C2	58	A2	C7	D6	1C	BC	C7	8E	14	97	C7	CC	A4	9E	C7	B2	54	99	C7	C2	58	A2	C7	D6	1C	BC	C7	00	00	00	00	00	00	00	00	00	00	00	00	00	00	00	00	00	00	00	00
10.520	3D DATA	true	-	-	-	-	-77353.1	-81225.6	-78505.4	-83121.5	-96313.7	-77353.1	-81225.6	-78505.4	-83121.5	-96313.7	-	-	-	-	-
10.547	3D MESSAGE	48	00	9F	91	20	59	46	8C	50	BA	7E	3C	83	14	97	C7	B7	A4	9E	C7	9A	54	99	C7	A4	58	A2	C7	A6	1C	BC	C7	83	14	97	C7	B7	A4	9E	C7	9A	54	99	C7	A4	58	A2	C7	A6	1C	BC	C7	00	00	00	00	00	00	00	00	00	00	00	00	00	00	00	00	00	00	00	00
10.547	3D DATA	true	-	-	-	-	-77353.0	-81225.4	-78505.2	-83121.3	-96313.3	-77353.0	-81225.4	-78505.2	-83121.3	-96313.3	-	-	-	-	-
10.548	3D MESSAGE	48	00	A0	91	20	59	47	8C	50	BA	7E	3C	75	14	97	C7	A6	A4	9E	C7	82	54	99	C7	86	58	A2	C7	74	1C	BC	C7	75	14	97	C7	A6	A4	9E	C7	82	54	99	C7	86	58	A2	C7	74	1C	BC	C7	00	00	00	00	00	00	00	00	00	00	00	00	00	00	00	00	00	00	00	00
10.548	3D DATA	true	-	-	-	-	-77352.9	-81225.3	-78505.0	-83121.0	-96312.9	-77352.9	-81225.3	-78505.0	-83121.0	-96312.9	-	-	-	-	-
10.548	3D MESSAGE	48	00	A1	91	20	59	48	8C	50	BA	7E	3C	6A	14	97	C7	9B	A4	9E	C7	6E	54	99	C7	6E	58	A2	C7	4C	1C	BC	C7	6A	14	97	C7	9B	A4	9E	C7	6E	54	99	C7	6E	58	A2	C7	4C	1C	BC	C7	00	00	00	00	00	00	00	00	00	00	00	00	00	00	00	00	00	00	00	00
10.548	3D DATA	true	-	-	-	-	-77352.8	-81225.2	-78504.9	-83120.9	-96312.6	-77352.8	-81225.2	-78504.9	-83120.9	-96312.6	-	-	-	-	-
10.549	3D MESSAGE	48	00	A2	91	20	59	49	8C	50	BA	7E	3C	67	14	97	C7	96	A4	9E	C7	63	54	99	C7	62	58	A2	C7	32	1C	BC	C7	67	14	97	C7	96	A4	9E	C7	63	54	99	C7	62	58	A2	C7	32	1C	BC	C7	00	00	00	00	00	00	00	00	00	00	00	00	00	00	00	00	00	00	00	00
10.549	3D DATA	true	-	-	-	-	-77352.8	-81225.2	-78504.8	-83120.8	-96312.4	-77352.8	-81225.2	-78504.8	-83120.8	-96312.4	-	-	-	-	-
10.549	3D MESSAGE	48	00	A3	91	20	59	4A	8C	50	BA	7E	3C	70	14	97	C7	95	A4	9E	C7	61	54	99	C7	61	58	A2	C7	27	1C	BC	C7	70	14	97	C7	95	A4	9E	C7	61	54	99	C7	61	58	A2	C7	27	1C	BC	C7	00	00	00	00	00	00	00	00	00	00	00	00	00	00	00	00	00	00	00	00
10.549	3D DATA	true	-	-	-	-	-77352.9	-81225.2	-78504.8	-83120.8	-96312.3	-77352.9	-81225.2	-78504.8	-83120.8	-96312.3	-	-	-	-	-
10.578	3D MESSAGE	48	00	A4	91	20	59	4B	8C	50	BA	7E	3C	82	14	97	C7	98	A4	9E	C7	6A	54	99	C7	6C	58	A2	C7	29	1C	BC	C7	82	14	97	C7	98	A4	9E	C7	6A	54	99	C7	6C	58	A2	C7	29	1C	BC	C7	00	00	00	00	00	00	00	00	00	00	00	00	00	00	00	00	00	00	00	00
10.578	3D DATA	true	-	-	-	-	-77353.0	-81225.2	-78504.8	-83120.8	-96312.3	-77353.0	-81225.2	-78504.8	-83120.8	-96312.3	-	-	-	-	-
10.579	3D MESSAGE	48	00	A5	91	20	59	4C	8C	50	BA	7E	3C	99	14	97	C7	9F	A4	9E	C7	79	54	99	C7	7E	58	A2	C7	33	1C	BC	C7	99	14	97	C7	9F	A4	9E	C7	79	54	99	C7	7E	58	A2	C7	33	1C	BC	C7	00	00	00	00	00	00	00	00	00	00	00	00	00	00	00	00	00	00	00	00
10.579	3D DATA	true	-	-	-	-	-77353.2	-81225.2	-78504.9	-83121.0	-96312.4	-77353.2	-81225.2	-78504.9	-83121.0	-96312.4	-	-	-	-	-
10.579	3D MESSAGE	48	00	A6	91	20	59	4D	8C	50	BA	7E	3C	B0	14	97	C7	A6	A4	9E	C7	8C	54	99	C7	95	58	A2	C7	3E	1C	BC	C7	B0	14	97	C7	A6	A4	9E	C7	8C	54	99	C7	95	58	A2	C7	3E	1C	BC	C7	00	00	00	00	00	00	00	00	00	00	00	00	00	00	00	00	00	00	00	00
10.579	3D DATA	true	-	-	-	-	-77353.4	-81225.3	-78505.1	-83121.2	-96312.5	-77353.4	-81225.3	-78505.1	-83121.2	-96312.5	-	-	-	-	-
10.579	3D MESSAGE	48	00	A7	91	20	59	4E	8C	50	BA	7E	3C	C0	14	97	C7	AC	A4	9E	C7	9B	54	99	C7	AF	58	A2	C7	47	1C	BC	C7	C0	14	97	C7	AC	A4	9E	C7	9B	54	99	C7	AF	58	A2	C7	47	1C	BC	C7	00	00	00	00	00	00	00	00	00	00	00	00	00	00	00	00	00	00	00	00
10.579	3D DATA	true	-	-	-	-	-77353.5	-81225.3	-78505.2	-83121.4	-96312.6	-77353.5	-81225.3	-78505.2	-83121.4	-96312.6	-	-	-	-	-
10.580	3D MESSAGE	48	00	A8	91	20	59	4F	8C	50	BA	7E	3C	C8	14	97	C7	AF	A4	9E	C7	A2	54	99	C7	C7	58	A2	C7	4C	1C	BC	C7	C8	14	97	C7	AF	A4	9E	C7	A2	54	99	C7	C7	58	A2	C7	4C	1C	BC	C7	00	00	00	00	00	00	00	00	00	00	00	00	00	00	00	00	00	00	00	00
10.580	3D DATA	true	-	-	-	-	-77353.6	-81225.4	-78505.3	-83121.6	-96312.6	-77353.6	-81225.4	-78505.3	-83121.6	-96312.6	-	-	-	-	-
10.581	3D MESSAGE	48	00	A9	91	20	59	50	8C	50	BA	7E	3C	C9	14	97	C7	AE	A4	9E	C7	9D	54	99	C7	DC	58	A2	C7	4E	1C	BC	C7	C9	14	97	C7	AE	A4	9E	C7	9D	54	99	C7	DC	58	A2	C7	4E	1C	BC	C7	00	00	00	00	00	00	00	00	00	00	00	00	00	00	00	00	00	00	00	00
10.581	3D DATA	true	-	-	-	-	-77353.6	-81225.4	-78505.2	-83121.7	-96312.6	-77353.6	-81225.4	-78505.2	-83121.7	-96312.6	-	-	-	-	-
10.581	3D MESSAGE	48	00	AA	91	20	59	51	8C	50	BA	7E	3C	C4	14	97	C7	AB	A4	9E	C7	8B	54	99	C7	E9	58	A2	C7	4E	1C	BC	C7	C4	14	97	C7	AB	A4	9E	C7	8B	54	99	C7	E9	58	A2	C7	4E	1C	BC	C7	00	00	00	00	00	00	00	00	00	00	00	00	00	00	00	00	00	00	00	00
10.581	3D DATA	true	-	-	-	-	-77353.5	-81225.3	-78505.1	-83121.8	-96312.6	-77353.5	-81225.3	-78505.1	-83121.8	-96312.6	-	-	-	-	-
10.610	3D MESSAGE	48	00	AB	91	20	59	52	8C	50	BA	7E	3C	BD	14	97	C7	A6	A4	9E	C7	70	54	99	C7	ED	58	A2	C7	4F	1C	BC	C7	BD	14	97	C7	A6	A4	9E	C7	70	54	99	C7	ED	58	A2	C7	4F	1C	BC	C7	00	00	00	00	00	00	00	00	00	00	00	00	00	00	00	00	00	00	00	00
10.610	3D DATA	true	-	-	-	-	-77353.5	-81225.3	-78504.9	-83121.9	-96312.6	-77353.5	-81225.3	-78504.9	-83121.9	-96312.6	-	-	-	-	-
10.610	3D MESSAGE	48	00	AC	91	20	59	53	8C	50	BA	7E	3C	B6	14	97	C7	A3	A4	9E	C7	52	54	99	C7	E6	58	A2	C7	50	1C	BC	C7	B6	14	97	C7	A3	A4	9E	C7	52	54	99	C7	E6	58	A2	C7	50	1C	BC	C7	00	00	00	00	00	00	00	00	00	00	00	00	00	00	00	00	00	00	00	00
10.610	3D DATA	true	-	-	-	-	-77353.4	-81225.3	-78504.6	-83121.8	-96312.6	-77353.4	-81225.3	-78504.6	-83121.8	-96312.6	-	-	-	-	-
10.611	3D MESSAGE	48	00	AD	91	20	59	54	8C	A0	D0	83	3C	B1	14	97	C7	A3	A4	9E	C7	36	54	99	C7	D4	58	A2	C7	52	1C	BC	C7	B1	14	97	C7	A3	A4	9E	C7	36	54	99	C7	D4	58	A2	C7	52	1C	BC	C7	00	00	00	00	00	00	00	00	00	00	00	00	00	00	00	00	00	00	00	00
10.611	3D DATA	true	-	-	-	-	-77353.4	-81225.3	-78504.4	-83121.7	-96312.6	-77353.4	-81225.3	-78504.4	-83121.7	-96312.6	-	-	-	-	-
10.611	3D MESSAGE	48	00	AE	91	20	59	55	8C	A0	D0	83	3C	AD	14	97	C7	A7	A4	9E	C7	23	54	99	C7	B7	58	A2	C7	50	1C	BC	C7	AD	14	97	C7	A7	A4	9E	C7	23	54	99	C7	B7	58	A2	C7	50	1C	BC	C7	00	00	00	00	00	00	00	00	00	00	00	00	00	00	00	00	00	00	00	00
10.611	3D DATA	true	-	-	-	-	-77353.4	-81225.3	-78504.3	-83121.4	-96312.6	-77353.4	-81225.3	-78504.3	-83121.4	-96312.6	-	-	-	-	-
10.611	3D MESSAGE	48	00	AF	91	20	59	56	8C	A0	D0	83	3C	A9	14	97	C7	AE	A4	9E	C7	1C	54	99	C7	96	58	A2	C7	4B	1C	BC	C7	A9	14	97	C7	AE	A4	9E	C7	1C	54	99	C7	96	58	A2	C7	4B	1C	BC	C7	00	00	00	00	00	00	00	00	00	00	00	00	00	00	00	00	00	00	00	00
10.611	3D DATA	true	-	-	-	-	-77353.3	-81225.4	-78504.2	-83121.2	-96312.6	-77353.3	-81225.4	-78504.2	-83121.2	-96312.6	-	-	-	-	-
10.612	3D MESSAGE	48	00	B0	91	20	59	57	8C	A0	D0	83	3C	A4	14	97	C7	B8	A4	9E	C7	22	54	99	C7	74	58	A2	C7	43	1C	BC	C7	A4	14	97	C7	B8	A4	9E	C7	22	54	99	C7	74	58	A2	C7	43	1C	BC	C7	00	00	00	00	00	00	00	00	00	00	00	00	00	00	00	00	00	00	00	00
10.612	3D DATA	true	-	-	-	-	-77353.3	-81225.4	-78504.3	-83120.9	-96312.5	-77353.3	-81225.4	-78504.3	-83120.9	-96312.5	-	-	-	-	-
10.640	3D MESSAGE	48	00	B1	91	20	59	58	8C	A0	D0	83	3C	A1	14	97	C7	C3	A4	9E	C7	32	54	99	C7	58	58	A2	C7	38	1C	BC	C7	A1	14	97	C7	C3	A4	9E	C7	32	54	99	C7	58	58	A2	C7	38	1C	BC	C7	00	00	00	00	00	00	00	00	00	00	00	00	00	00	00	00	00	00	00	00
10.640	3D DATA	true	-	-	-	-	-77353.3	-81225.5	-78504.4	-83120.7	-96312.4	-77353.3	-81225.5	-78504.4	-83120.7	-96312.4	-	-	-	-	-
10.640	3D MESSAGE	48	00	B2	91	20	59	59	8C	A0	D0	83	3C	A0	14	97	C7	CD	A4	9E	C7	4A	54	99	C7	46	58	A2	C7	2D	1C	BC	C7	A0	14	97	C7	CD	A4	9E	C7	4A	54	99	C7	46	58	A2	C7	2D	1C	BC	C7	00	00	00	00	00	00	00	00	00	00	00	00	00	00	00	00	00	00	00	00
10.640	3D DATA	true	-	-	-	-	-77353.2	-81225.6	-78504.6	-83120.5	-96312.4	-77353.2	-81225.6	-78504.6	-83120.5	-96312.4	-	-	-	-	-
10.641	3D MESSAGE	48	00	B3	91	20	59	5A	8C	A0	D0	83	3C	A5	14	97	C7	D4	A4	9E	C7	63	54	99	C7	42	58	A2	C7	26	1C	BC	C7	A5	14	97	C7	D4	A4	9E	C7	63	54	99	C7	42	58	A2	C7	26	1C	BC	C7	00	00	00	00	00	00	00	00	00	00	00	00	00	00	00	00	00	00	00	00
10.641	3D DATA	true	-	-	-	-	-77353.3	-81225.7	-78504.8	-83120.5	-96312.3	-77353.3	-81225.7	-78504.8	-83120.5	-96312.3	-	-	-	-	-
10.641	3D MESSAGE	48	00	B4	91	20	59	5B	8C	A0	D0	83	3C	B0	14	97	C7	D8	A4	9E	C7	7C	54	99	C7	4B	58	A2	C7	22	1C	BC	C7	B0	14	97	C7	D8	A4	9E	C7	7C	54	99	C7	4B	58	A2	C7	22	1C	BC	C7	00	00	00	00	00	00	00	00	00	00	00	00	00	00	00	00	00	00	00	00
10.641	3D DATA	true	-	-	-	-	-77353.4	-81225.7	-78505.0	-83120.6	-96312.3	-77353.4	-81225.7	-78505.0	-83120.6	-96312.3	-	-	-	-	-
10.641	3D MESSAGE	48	00	B5	91	20	59	5C	8C	A0	D0	83	3C	C0	14	97	C7	DA	A4	9E	C7	92	54	99	C7	5D	58	A2	C7	24	1C	BC	C7	C0	14	97	C7	DA	A4	9E	C7	92	54	99	C7	5D	58	A2	C7	24	1C	BC	C7	00	00	00	00	00	00	00	00	00	00	00	00	00	00	00	00	00	00	00	00
10.641	3D DATA	true	-	-	-	-	-77353.5	-81225.7	-78505.1	-83120.7	-96312.3	-77353.5	-81225.7	-78505.1	-83120.7	-96312.3	-	-	-	-	-
10.641	3D MESSAGE	48	00	B6	91	20	59	5D	8C	A0	D0	83	3C	D2	14	97	C7	D8	A4	9E	C7	A4	54	99	C7	75	58	A2	C7	2B	1C	BC	C7	D2	14	97	C7	D8	A4	9E	C7	A4	54	99	C7	75	58	A2	C7	2B	1C	BC	C7	00	00	00	00	00	00	00	00	00	00	00	00	00	00	00	00	00	00	00	00
10.641	3D DATA	true	-	-	-	-	-77353.6	-81225.7	-78505.3	-83120.9	-96312.3	-77353.6	-81225.7	-78505.3	-83120.9	-96312.3	-	-	-	-	-
10.642	3D MESSAGE	48	00	B7	91	20	59	5E	8C	A0	D0	83	3C	E6	14	97	C7	D6	A4	9E	C7	B4	54	99	C7	8E	58	A2	C7	36	1C	BC	C7	E6	14	97	C7	D6	A4	9E	C7	B4	54	99	C7	8E	58	A2	C7	36	1C	BC	C7	00	00	00	00	00	00	00	00	00	00	00	00	00	00	00	00	00	00	00	00
10.642	3D DATA	true	-	-	-	-	-77353.8	-81225.7	-78505.4	-83121.1	-96312.4	-77353.8	-81225.7	-78505.4	-83121.1	-96312.4	-	-	-	-	-
10.674	3D MESSAGE	48	00	B8	91	20	59	5F	8C	A0	D0	83	3C	F9	14	97	C7	D7	A4	9E	C7	C4	54	99	C7	A2	58	A2	C7	46	1C	BC	C7	F9	14	97	C7	D7	A4	9E	C7	C4	54	99	C7	A2	58	A2	C7	46	1C	BC	C7	00	00	00	00	00	00	00	00	00	00	00	00	00	00	00	00	00	00	00	00
10.674	3D DATA	true	-	-	-	-	-77353.9	-81225.7	-78505.5	-83121.3	-96312.5	-77353.9	-81225.7	-78505.5	-83121.3	-96312.5	-	-	-	-	-
10.674	3D MESSAGE	48	00	B9	91	20	59	60	8C	A0	D0	83	3C	0B	15	97	C7	DC	A4	9E	C7	D6	54	99	C7	B2	58	A2	C7	5A	1C	BC	C7	0B	15	97	C7	DC	A4	9E	C7	D6	54	99	C7	B2	58	A2	C7	5A	1C	BC	C7	00	00	00	00	00	00	00	00	00	00	00	00	00	00	00	00	00	00	00	00
10.674	3D DATA	true	-	-	-	-	-77354.1	-81225.7	-78505.7	-83121.4	-96312.7	-77354.1	-81225.7	-78505.7	-83121.4	-96312.7	-	-	-	-	-
10.675	3D MESSAGE	48	00	BA	91	20	59	61	8C	A0	D0	83	3C	1C	15	97	C7	E8	A4	9E	C7	EB	54	99	C7	BC	58	A2	C7	74	1C	BC	C7	1C	15	97	C7	E8	A4	9E	C7	EB	54	99	C7	BC	58	A2	C7	74	1C	BC	C7	00	00	00	00	00	00	00	00	00	00	00	00	00	00	00	00	00	00	00	00
10.675	3D DATA	true	-	-	-	-	-77354.2	-81225.8	-78505.8	-83121.5	-96312.9	-77354.2	-81225.8	-78505.8	-83121.5	-96312.9	-	-	-	-	-
10.675	3D MESSAGE	48	00	BB	91	20	59	62	8C	A0	D0	83	3C	2E	15	97	C7	FA	A4	9E	C7	02	55	99	C7	C2	58	A2	C7	96	1C	BC	C7	2E	15	97	C7	FA	A4	9E	C7	02	55	99	C7	C2	58	A2	C7	96	1C	BC	C7	00	00	00	00	00	00	00	00	00	00	00	00	00	00	00	00	00	00	00	00
10.675	3D DATA	true	-	-	-	-	-77354.4	-81226.0	-78506.0	-83121.5	-96313.2	-77354.4	-81226.0	-78506.0	-83121.5	-96313.2	-	-	-	-	-
10.675	3D MESSAGE	48	00	BC	91	20	59	63	8C	A0	D0	83	3C	40	15	97	C7	11	A5	9E	C7	17	55	99	C7	C6	58	A2	C7	BC	1C	BC	C7	40	15	97	C7	11	A5	9E	C7	17	55	99	C7	C6	58	A2	C7	BC	1C	BC	C7	00	00	00	00	00	00	00	00	00	00	00	00	00	00	00	00	00	00	00	00
10.675	3D DATA	true	-	-	-	-	-77354.5	-81226.1	-78506.2	-83121.5	-96313.5	-77354.5	-81226.1	-78506.2	-83121.5	-96313.5	-	-	-	-	-
10.675	3D MESSAGE	48	00	BD	91	20	59	64	8C	A0	D0	83	3C	51	15	97	C7	28	A5	9E	C7	26	55	99	C7	CB	58	A2	C7	E4	1C	BC	C7	51	15	97	C7	28	A5	9E	C7	26	55	99	C7	CB	58	A2	C7	E4	1C	BC	C7	00	00	00	00	00	00	00	00	00	00	00	00	00	00	00	00	00	00	00	00
10.675	3D DATA	true	-	-	-	-	-77354.6	-81226.3	-78506.3	-83121.6	-96313.8	-77354.6	-81226.3	-78506.3	-83121.6	-96313.8	-	-	-	-	-
10.676	3D MESSAGE	48	00	BE	91	20	59	65	8C	A0	D0	83	3C	61	15	97	C7	3C	A5	9E	C7	2C	55	99	C7	D2	58	A2	C7	0B	1D	BC	C7	61	15	97	C7	3C	A5	9E	C7	2C	55	99	C7	D2	58	A2	C7	0B	1D	BC	C7	00	00	00	00	00	00	00	00	00	00	00	00	00	00	00	00	00	00	00	00
10.676	3D DATA	true	-	-	-	-	-77354.8	-81226.5	-78506.3	-83121.6	-96314.1	-77354.8	-81226.5	-78506.3	-83121.6	-96314.1	-	-	-	-	-
10.704	3D MESSAGE	48	00	BF	91	20	59	66	8C	A0	D0	83	3C	6E	15	97	C7	49	A5	9E	C7	29	55	99	C7	DA	58	A2	C7	2C	1D	BC	C7	6E	15	97	C7	49	A5	9E	C7	29	55	99	C7	DA	58	A2	C7	2C	1D	BC	C7	00	00	00	00	00	00	00	00	00	00	00	00	00	00	00	00	00	00	00	00
10.704	3D DATA	true	-	-	-	-	-77354.9	-81226.6	-78506.3	-83121.7	-96314.3	-77354.9	-81226.6	-78506.3	-83121.7	-96314.3	-	-	-	-	-
10.705	3D MESSAGE	48	00	C0	91	20	59	67	8C	A0	D0	83	3C	77	15	97	C7	50	A5	9E	C7	1E	55	99	C7	E3	58	A2	C7	48	1D	BC	C7	77	15	97	C7	50	A5	9E	C7	1E	55	99	C7	E3	58	A2	C7	48	1D	BC	C7	00	00	00	00	00	00	00	00	00	00	00	00	00	00	00	00	00	00	00	00
10.705	3D DATA	true	-	-	-	-	-77354.9	-81226.6	-78506.2	-83121.8	-96314.6	-77354.9	-81226.6	-78506.2	-83121.8	-96314.6	-	-	-	-	-
10.705	3D MESSAGE	48	00	C1	91	20	59	68	8C	A0	D0	83	3C	7E	15	97	C7	50	A5	9E	C7	10	55	99	C7	ED	58	A2	C7	5F	1D	BC	C7	7E	15	97	C7	50	A5	9E	C7	10	55	99	C7	ED	58	A2	C7	5F	1D	BC	C7	00	00	00	00	00	00	00	00	00	00	00	00	00	00	00	00	00	00	00	00
10.705	3D DATA	true	-	-	-	-	-77355.0	-81226.6	-78506.1	-83121.9	-96314.7	-77355.0	-81226.6	-78506.1	-83121.9	-96314.7	-	-	-	-	-
10.705	3D MESSAGE	48	00	C2	91	20	59	69	8C	A0	D0	83	3C	83	15	97	C7	4E	A5	9E	C7	07	55	99	C7	F9	58	A2	C7	75	1D	BC	C7	83	15	97	C7	4E	A5	9E	C7	07	55	99	C7	F9	58	A2	C7	75	1D	BC	C7	00	00	00	00	00	00	00	00	00	00	00	00	00	00	00	00	00	00	00	00
10.705	3D DATA	true	-	-	-	-	-77355.0	-81226.6	-78506.1	-83121.9	-96314.9	-77355.0	-81226.6	-78506.1	-83121.9	-96314.9	-	-	-	-	-
10.706	3D MESSAGE	48	00	C3	91	20	59	6A	8C	A0	D0	83	3C	88	15	97	C7	4E	A5	9E	C7	06	55	99	C7	07	59	A2	C7	8C	1D	BC	C7	88	15	97	C7	4E	A5	9E	C7	06	55	99	C7	07	59	A2	C7	8C	1D	BC	C7	00	00	00	00	00	00	00	00	00	00	00	00	00	00	00	00	00	00	00	00
10.706	3D DATA	true	-	-	-	-	-77355.1	-81226.6	-78506.0	-83122.1	-96315.1	-77355.1	-81226.6	-78506.0	-83122.1	-96315.1	-	-	-	-	-
10.706	3D MESSAGE	48	00	C4	91	20	59	6B	8C	A0	D0	83	3C	8E	15	97	C7	52	A5	9E	C7	0F	55	99	C7	17	59	A2	C7	A7	1D	BC	C7	8E	15	97	C7	52	A5	9E	C7	0F	55	99	C7	17	59	A2	C7	A7	1D	BC	C7	00	00	00	00	00	00	00	00	00	00	00	00	00	00	00	00	00	00	00	00
10.706	3D DATA	true	-	-	-	-	-77355.1	-81226.6	-78506.1	-83122.2	-96315.3	-77355.1	-81226.6	-78506.1	-83122.2	-96315.3	-	-	-	-	-
10.736	3D MESSAGE	48	00	C5	91	20	59	6C	8C	A0	D0	83	3C	91	15	97	C7	5B	A5	9E	C7	1F	55	99	C7	29	59	A2	C7	C4	1D	BC	C7	91	15	97	C7	5B	A5	9E	C7	1F	55	99	C7	29	59	A2	C7	C4	1D	BC	C7	00	00	00	00	00	00	00	00	00	00	00	00	00	00	00	00	00	00	00	00
10.736	3D DATA	true	-	-	-	-	-77355.1	-81226.7	-78506.2	-83122.3	-96315.5	-77355.1	-81226.7	-78506.2	-83122.3	-96315.5	-	-	-	-	-
10.737	3D MESSAGE	48	00	C6	91	20	59	6D	8C	A0	D0	83	3C	91	15	97	C7	67	A5	9E	C7	2F	55	99	C7	3C	59	A2	C7	DD	1D	BC	C7	91	15	97	C7	67	A5	9E	C7	2F	55	99	C7	3C	59	A2	C7	DD	1D	BC	C7	00	00	00	00	00	00	00	00	00	00	00	00	00	00	00	00	00	00	00	00
10.737	3D DATA	true	-	-	-	-	-77355.1	-81226.8	-78506.4	-83122.5	-96315.7	-77355.1	-81226.8	-78506.4	-83122.5	-96315.7	-	-	-	-	-
10.737	3D MESSAGE	48	00	C7	91	20	59	6E	8C	A0	D0	83	3C	8B	15	97	C7	72	A5	9E	C7	3A	55	99	C7	4E	59	A2	C7	ED	1D	BC	C7	8B	15	97	C7	72	A5	9E	C7	3A	55	99	C7	4E	59	A2	C7	ED	1D	BC	C7	00	00	00	00	00	00	00	00	00	00	00	00	00	00	00	00	00	00	00	00
10.737	3D DATA	true	-	-	-	-	-77355.1	-81226.9	-78506.5	-83122.6	-96315.9	-77355.1	-81226.9	-78506.5	-83122.6	-96315.9	-	-	-	-	-
10.738	3D MESSAGE	48	00	C8	91	20	59	6F	8C	A0	D0	83	3C	7E	15	97	C7	78	A5	9E	C7	3D	55	99	C7	5B	59	A2	C7	F0	1D	BC	C7	7E	15	97	C7	78	A5	9E	C7	3D	55	99	C7	5B	59	A2	C7	F0	1D	BC	C7	00	00	00	00	00	00	00	00	00	00	00	00	00	00	00	00	00	00	00	00
10.738	3D DATA	true	-	-	-	-	-77355.0	-81226.9	-78506.5	-83122.7	-96315.9	-77355.0	-81226.9	-78506.5	-83122.7	-96315.9	-	-	-	-	-
10.738	3D MESSAGE	48	00	C9	91	20	59	70	8C	A0	D0	83	3C	68	15	97	C7	78	A5	9E	C7	36	55	99	C7	64	59	A2	C7	E4	1D	BC	C7	68	15	97	C7	78	A5	9E	C7	36	55	99	C7	64	59	A2	C7	E4	1D	BC	C7	00	00	00	00	00	00	00	00	00	00	00	00	00	00	00	00	00	00	00	00
10.738	3D DATA	true	-	-	-	-	-77354.8	-81226.9	-78506.4	-83122.8	-96315.8	-77354.8	-81226.9	-78506.4	-83122.8	-96315.8	-	-	-	-	-
10.739	3D MESSAGE	48	00	CA	91	20	59	71	8C	A0	D0	83	3C	4E	15	97	C7	72	A5	9E	C7	2A	55	99	C7	67	59	A2	C7	CB	1D	BC	C7	4E	15	97	C7	72	A5	9E	C7	2A	55	99	C7	67	59	A2	C7	CB	1D	BC	C7	00	00	00	00	00	00	00	00	00	00	00	00	00	00	00	00	00	00	00	00
10.739	3D DATA	true	-	-	-	-	-77354.6	-81226.9	-78506.3	-83122.8	-96315.6	-77354.6	-81226.9	-78506.3	-83122.8	-96315.6	-	-	-	-	-
10.764	3D MESSAGE	48	00	CB	91	20	59	72	8C	A0	D0	83	3C	31	15	97	C7	68	A5	9E	C7	1A	55	99	C7	66	59	A2	C7	AD	1D	BC	C7	31	15	97	C7	68	A5	9E	C7	1A	55	99	C7	66	59	A2	C7	AD	1D	BC	C7	00	00	00	00	00	00	00	00	00	00	00	00	00	00	00	00	00	00	00	00
10.764	3D DATA	true	-	-	-	-	-77354.4	-81226.8	-78506.2	-83122.8	-96315.4	-77354.4	-81226.8	-78506.2	-83122.8	-96315.4	-	-	-	-	-
10.765	3D MESSAGE	48	00	CC	91	20	59	73	8C	A0	D0	83	3C	16	15	97	C7	5B	A5	9E	C7	0C	55	99	C7	62	59	A2	C7	8E	1D	BC	C7	16	15	97	C7	5B	A5	9E	C7	0C	55	99	C7	62	59	A2	C7	8E	1D	BC	C7	00	00	00	00	00	00	00	00	00	00	00	00	00	00	00	00	00	00	00	00
10.765	3D DATA	true	-	-	-	-	-77354.2	-81226.7	-78506.1	-83122.8	-96315.1	-77354.2	-81226.7	-78506.1	-83122.8	-96315.1	-	-	-	-	-
10.765	3D MESSAGE	48	00	CD	91	20	59	74	8C	A0	D0	83	3C	01	15	97	C7	4E	A5	9E	C7	03	55	99	C7	5F	59	A2	C7	73	1D	BC	C7	01	15	97	C7	4E	A5	9E	C7	03	55	99	C7	5F	59	A2	C7	73	1D	BC	C7	00	00	00	00	00	00	00	00	00	00	00	00	00	00	00	00	00	00	00	00
10.765	3D DATA	true	-	-	-	-	-77354.0	-81226.6	-78506.0	-83122.7	-96314.9	-77354.0	-81226.6	-78506.0	-83122.7	-96314.9	-	-	-	-	-
10.765	3D MESSAGE	48	00	CE	91	20	59	75	8C	A0	D0	83	3C	F2	14	97	C7	40	A5	9E	C7	FD	54	99	C7	5C	59	A2	C7	5D	1D	BC	C7	F2	14	97	C7	40	A5	9E	C7	FD	54	99	C7	5C	59	A2	C7	5D	1D	BC	C7	00	00	00	00	00	00	00	00	00	00	00	00	00	00	00	00	00	00	00	00
10.765	3D DATA	true	-	-	-	-	-77353.9	-81226.5	-78506.0	-83122.7	-96314.7	-77353.9	-81226.5	-78506.0	-83122.7	-96314.7	-	-	-	-	-
10.766	3D MESSAGE	48	00	CF	91	20	59	76	8C	A0	D0	83	3C	E9	14	97	C7	31	A5	9E	C7	F9	54	99	C7	58	59	A2	C7	49	1D	BC	C7	E9	14	97	C7	31	A5	9E	C7	F9	54	99	C7	58	59	A2	C7	49	1D	BC	C7	00	00	00	00	00	00	00	00	00	00	00	00	00	00	00	00	00	00	00	00
10.766	3D DATA	true	-	-	-	-	-77353.8	-81226.4	-78505.9	-83122.7	-96314.6	-77353.8	-81226.4	-78505.9	-83122.7	-96314.6	-	-	-	-	-
10.766	3D MESSAGE	48	00	D0	91	20	59	77	8C	A0	D0	83	3C	E6	14	97	C7	1F	A5	9E	C7	F5	54	99	C7	54	59	A2	C7	35	1D	BC	C7	E6	14	97	C7	1F	A5	9E	C7	F5	54	99	C7	54	59	A2	C7	35	1D	BC	C7	00	00	00	00	00	00	00	00	00	00	00	00	00	00	00	00	00	00	00	00
10.766	3D DATA	true	-	-	-	-	-77353.8	-81226.2	-78505.9	-83122.7	-96314.4	-77353.8	-81226.2	-78505.9	-83122.7	-96314.4	-	-	-	-	-
10.798	3D MESSAGE	48	00	D1	91	20	59	78	8C	A0	D0	83	3C	E4	14	97	C7	0A	A5	9E	C7	F0	54	99	C7	4A	59	A2	C7	1F	1D	BC	C7	E4	14	97	C7	0A	A5	9E	C7	F0	54	99	C7	4A	59	A2	C7	1F	1D	BC	C7	00	00	00	00	00	00	00	00	00	00	00	00	00	00	00	00	00	00	00	00
10.798	3D DATA	true	-	-	-	-	-77353.8	-81226.1	-78505.9	-83122.6	-96314.2	-77353.8	-81226.1	-78505.9	-83122.6	-96314.2	-	-	-	-	-
10.799	3D MESSAGE	48	00	D2	91	20	59	79	8C	A0	D0	83	3C	E2	14	97	C7	F4	A4	9E	C7	EB	54	99	C7	3C	59	A2	C7	07	1D	BC	C7	E2	14	97	C7	F4	A4	9E	C7	EB	54	99	C7	3C	59	A2	C7	07	1D	BC	C7	00	00	00	00	00	00	00	00	00	00	00	00	00	00	00	00	00	00	00	00
10.799	3D DATA	true	-	-	-	-	-77353.8	-81225.9	-78505.8	-83122.5	-96314.1	-77353.8	-81225.9	-78505.8	-83122.5	-96314.1	-	-	-	-	-
10.799	3D MESSAGE	48	00	D3	91	20	59	7A	8C	A0	D0	83	3C	DE	14	97	C7	E1	A4	9E	C7	E6	54	99	C7	27	59	A2	C7	F0	1C	BC	C7	DE	14	97	C7	E1	A4	9E	C7	E6	54	99	C7	27	59	A2	C7	F0	1C	BC	C7	00	00	00	00	00	00	00	00	00	00	00	00	00	00	00	00	00	00	00	00
10.799	3D DATA	true	-	-	-	-	-77353.7	-81225.8	-78505.8	-83122.3	-96313.9	-77353.7	-81225.8	-78505.8	-83122.3	-96313.9	-	-	-	-	-
10.799	3D MESSAGE	48	00	D4	91	20	59	7B	8C	A0	D0	83	3C	DB	14	97	C7	D8	A4	9E	C7	E5	54	99	C7	10	59	A2	C7	E2	1C	BC	C7	DB	14	97	C7	D8	A4	9E	C7	E5	54	99	C7	10	59	A2	C7	E2	1C	BC	C7	00	00	00	00	00	00	00	00	00	00	00	00	00	00	00	00	00	00	00	00
10.799	3D DATA	true	-	-	-	-	-77353.7	-81225.7	-78505.8	-83122.1	-96313.8	-77353.7	-81225.7	-78505.8	-83122.1	-96313.8	-	-	-	-	-
10.800	3D MESSAGE	48	00	D5	91	20	59	7C	8C	78	4F	7D	3C	DC	14	97	C7	DC	A4	9E	C7	EA	54	99	C7	FB	58	A2	C7	DF	1C	BC	C7	DC	14	97	C7	DC	A4	9E	C7	EA	54	99	C7	FB	58	A2	C7	DF	1C	BC	C7	00	00	00	00	00	00	00	00	00	00	00	00	00	00	00	00	00	00	00	00
10.800	3D DATA	true	-	-	-	-	-77353.7	-81225.7	-78505.8	-83122.0	-96313.7	-77353.7	-81225.7	-78505.8	-83122.0	-96313.7	-	-	-	-	-
10.800	3D MESSAGE	48	00	D6	91	20	59	7D	8C	78	4F	7D	3C	E1	14	97	C7	EF	A4	9E	C7	F5	54	99	C7	EC	58	A2	C7	EA	1C	BC	C7	E1	14	97	C7	EF	A4	9E	C7	F5	54	99	C7	EC	58	A2	C7	EA	1C	BC	C7	00	00	00	00	00	00	00	00	00	00	00	00	00	00	00	00	00	00	00	00
10.800	3D DATA	true	-	-	-	-	-77353.8	-81225.9	-78505.9	-83121.8	-96313.8	-77353.8	-81225.9	-78505.9	-83121.8	-96313.8	-	-	-	-	-
10.800	3D MESSAGE	48	00	D7	91	20	59	7E	8C	78	4F	7D	3C	ED	14	97	C7	10	A5	9E	C7	06	55	99	C7	E6	58	A2	C7	02	1D	BC	C7	ED	14	97	C7	10	A5	9E	C7	06	55	99	C7	E6	58	A2	C7	02	1D	BC	C7	00	00	00	00	00	00	00	00	00	00	00	00	00	00	00	00	00	00	00	00
10.800	3D DATA	true	-	-	-	-	-77353.9	-81226.1	-78506.0	-83121.8	-96314.0	-77353.9	-81226.1	-78506.0	-83121.8	-96314.0	-	-	-	-	-
10.828	3D MESSAGE	48	00	D8	91	20	59	7F	8C	78	4F	7D	3C	FE	14	97	C7	38	A5	9E	C7	1B	55	99	C7	E9	58	A2	C7	20	1D	BC	C7	FE	14	97	C7	38	A5	9E	C7	1B	55	99	C7	E9	58	A2	C7	20	1D	BC	C7	00	00	00	00	00	00	00	00	00	00	00	00	00	00	00	00	00	00	00	00
10.828	3D DATA	true	-	-	-	-	-77354.0	-81226.4	-78506.2	-83121.8	-96314.2	-77354.0	-81226.4	-78506.2	-83121.8	-96314.2	-	-	-	-	-
10.829	3D MESSAGE	48	00	D9	91	20	59	80	8C	78	4F	7D	3C	12	15	97	C7	62	A5	9E	C7	2D	55	99	C7	F6	58	A2	C7	40	1D	BC	C7	12	15	97	C7	62	A5	9E	C7	2D	55	99	C7	F6	58	A2	C7	40	1D	BC	C7	00	00	00	00	00	00	00	00	00	00	00	00	00	00	00	00	00	00	00	00
10.829	3D DATA	true	-	-	-	-	-77354.1	-81226.8	-78506.4	-83121.9	-96314.5	-77354.1	-81226.8	-78506.4	-83121.9	-96314.5	-	-	-	-	-
10.829	3D MESSAGE	48	00	DA	91	20	59	81	8C	78	4F	7D	3C	24	15	97	C7	86	A5	9E	C7	3A	55	99	C7	06	59	A2	C7	59	1D	BC	C7	24	15	97	C7	86	A5	9E	C7	3A	55	99	C7	06	59	A2	C7	59	1D	BC	C7	00	00	00	00	00	00	00	00	00	00	00	00	00	00	00	00	00	00	00	00
10.829	3D DATA	true	-	-	-	-	-77354.3	-81227.0	-78506.5	-83122.0	-96314.7	-77354.3	-81227.0	-78506.5	-83122.0	-96314.7	-	-	-	-	-
10.829	3D MESSAGE	48	00	DB	91	20	59	82	8C	78	4F	7D	3C	32	15	97	C7	A0	A5	9E	C7	41	55	99	C7	16	59	A2	C7	6A	1D	BC	C7	32	15	97	C7	A0	A5	9E	C7	41	55	99	C7	16	59	A2	C7	6A	1D	BC	C7	00	00	00	00	00	00	00	00	00	00	00	00	00	00	00	00	00	00	00	00
10.829	3D DATA	true	-	-	-	-	-77354.4	-81227.2	-78506.5	-83122.2	-96314.8	-77354.4	-81227.2	-78506.5	-83122.2	-96314.8	-	-	-	-	-
10.830	3D MESSAGE	48	00	DC	91	20	59	83	8C	78	4F	7D	3C	3A	15	97	C7	AF	A5	9E	C7	41	55	99	C7	22	59	A2	C7	70	1D	BC	C7	3A	15	97	C7	AF	A5	9E	C7	41	55	99	C7	22	59	A2	C7	70	1D	BC	C7	00	00	00	00	00	00	00	00	00	00	00	00	00	00	00	00	00	00	00	00
10.830	3D DATA	true	-	-	-	-	-77354.5	-81227.4	-78506.5	-83122.3	-96314.9	-77354.5	-81227.4	-78506.5	-83122.3	-96314.9	-	-	-	-	-
10.830	3D MESSAGE	48	00	DD	91	20	59	84	8C	78	4F	7D	3C	3E	15	97	C7	B4	A5	9E	C7	3E	55	99	C7	2A	59	A2	C7	6F	1D	BC	C7	3E	15	97	C7	B4	A5	9E	C7	3E	55	99	C7	2A	59	A2	C7	6F	1D	BC	C7	00	00	00	00	00	00	00	00	00	00	00	00	00	00	00	00	00	00	00	00
10.830	3D DATA	true	-	-	-	-	-77354.5	-81227.4	-78506.5	-83122.3	-96314.9	-77354.5	-81227.4	-78506.5	-83122.3	-96314.9	-	-	-	-	-
10.858	3D MESSAGE	48	00	DE	91	20	59	85	8C	78	4F	7D	3C	3E	15	97	C7	B0	A5	9E	C7	3A	55	99	C7	2C	59	A2	C7	68	1D	BC	C7	3E	15	97	C7	B0	A5	9E	C7	3A	55	99	C7	2C	59	A2	C7	68	1D	BC	C7	00	00	00	00	00	00	00	00	00	00	00	00	00	00	00	00	00	00	00	00
10.858	3D DATA	true	-	-	-	-	-77354.5	-81227.4	-78506.5	-83122.3	-96314.8	-77354.5	-81227.4	-78506.5	-83122.3	-96314.8	-	-	-	-	-
10.859	3D MESSAGE	48	00	DF	91	20	59	86	8C	78	4F	7D	3C	3B	15	97	C7	A5	A5	9E	C7	37	55	99	C7	2A	59	A2	C7	5E	1D	BC	C7	3B	15	97	C7	A5	A5	9E	C7	37	55	99	C7	2A	59	A2	C7	5E	1D	BC	C7	00	00	00	00	00	00	00	00	00	00	00	00	00	00	00	00	00	00	00	00
10.859	3D DATA	true	-	-	-	-	-77354.5	-81227.3	-78506.4	-83122.3	-96314.7	-77354.5	-81227.3	-78506.4	-83122.3	-96314.7	-	-	-	-	-
10.860	3D MESSAGE	48	00	E0	91	20	59	87	8C	78	4F	7D	3C	36	15	97	C7	94	A5	9E	C7	34	55	99	C7	24	59	A2	C7	50	1D	BC	C7	36	15	97	C7	94	A5	9E	C7	34	55	99	C7	24	59	A2	C7	50	1D	BC	C7	00	00	00	00	00	00	00	00	00	00	00	00	00	00	00	00	00	00	00	00
10.860	3D DATA	true	-	-	-	-	-77354.4	-81227.2	-78506.4	-83122.3	-96314.6	-77354.4	-81227.2	-78506.4	-83122.3	-96314.6	-	-	-	-	-
10.860	3D MESSAGE	48	00	E1	91	20	59	88	8C	78	4F	7D	3C	2E	15	97	C7	7E	A5	9E	C7	2F	55	99	C7	1C	59	A2	C7	40	1D	BC	C7	2E	15	97	C7	7E	A5	9E	C7	2F	55	99	C7	1C	59	A2	C7	40	1D	BC	C7	00	00	00	00	00	00	00	00	00	00	00	00	00	00	00	00	00	00	00	00
10.860	3D DATA	true	-	-	-	-	-77354.4	-81227.0	-78506.4	-83122.2	-96314.5	-77354.4	-81227.0	-78506.4	-83122.2	-96314.5	-	-	-	-	-
10.860	3D MESSAGE	48	00	E2	91	20	59	89	8C	78	4F	7D	3C	24	15	97	C7	63	A5	9E	C7	23	55	99	C7	12	59	A2	C7	2C	1D	BC	C7	24	15	97	C7	63	A5	9E	C7	23	55	99	C7	12	59	A2	C7	2C	1D	BC	C7	00	00	00	00	00	00	00	00	00	00	00	00	00	00	00	00	00	00	00	00
10.860	3D DATA	true	-	-	-	-	-77354.3	-81226.8	-78506.3	-83122.1	-96314.3	-77354.3	-81226.8	-78506.3	-83122.1	-96314.3	-	-	-	-	-
10.861	3D MESSAGE	48	00	E3	91	20	59	8A	8C	78	4F	7D	3C	17	15	97	C7	43	A5	9E	C7	0E	55	99	C7	07	59	A2	C7	16	1D	BC	C7	17	15	97	C7	43	A5	9E	C7	0E	55	99	C7	07	59	A2	C7	16	1D	BC	C7	00	00	00	00	00	00	00	00	00	00	00	00	00	00	00	00	00	00	00	00
10.861	3D DATA	true	-	-	-	-	-77354.2	-81226.5	-78506.1	-83122.1	-96314.2	-77354.2	-81226.5	-78506.1	-83122.1	-96314.2	-	-	-	-	-
10.894	3D MESSAGE	48	00	E4	91	20	59	8B	8C	78	4F	7D	3C	0B	15	97	C7	22	A5	9E	C7	F1	54	99	C7	FC	58	A2	C7	FF	1C	BC	C7	0B	15	97	C7	22	A5	9E	C7	F1	54	99	C7	FC	58	A2	C7	FF	1C	BC	C7	00	00	00	00	00	00	00	00	00	00	00	00	00	00	00	00	00	00	00	00
10.894	3D DATA	true	-	-	-	-	-77354.1	-81226.3	-78505.9	-83122.0	-96314.0	-77354.1	-81226.3	-78505.9	-83122.0	-96314.0	-	-	-	-	-
10.894	3D MESSAGE	48	00	E5	91	20	59	8C	8C	78	4F	7D	3C	02	15	97	C7	04	A5	9E	C7	D1	54	99	C7	F3	58	A2	C7	EA	1C	BC	C7	02	15	97	C7	04	A5	9E	C7	D1	54	99	C7	F3	58	A2	C7	EA	1C	BC	C7	00	00	00	00	00	00	00	00	00	00	00	00	00	00	00	00	00	00	00	00
10.894	3D DATA	true	-	-	-	-	-77354.0	-81226.0	-78505.6	-83121.9	-96313.8	-77354.0	-81226.0	-78505.6	-83121.9	-96313.8	-	-	-	-	-
10.895	3D MESSAGE	48	00	E6	91	20	59	8D	8C	78	4F	7D	3C	FD	14	97	C7	EC	A4	9E	C7	B3	54	99	C7	EF	58	A2	C7	DA	1C	BC	C7	FD	14	97	C7	EC	A4	9E	C7	B3	54	99	C7	EF	58	A2	C7	DA	1C	BC	C7	00	00	00	00	00	00	00	00	00	00	00	00	00	00	00	00	00	00	00	00
10.895	3D DATA	true	-	-	-	-	-77354.0	-81225.8	-78505.4	-83121.9	-96313.7	-77354.0	-81225.8	-78505.4	-83121.9	-96313.7	-	-	-	-	-
10.895	3D MESSAGE	48	00	E7	91	20	59	8E	8C	78	4F	7D	3C	FD	14	97	C7	DD	A4	9E	C7	9E	54	99	C7	F0	58	A2	C7	CF	1C	BC	C7	FD	14	97	C7	DD	A4	9E	C7	9E	54	99	C7	F0	58	A2	C7	CF	1C	BC	C7	00	00	00	00	00	00	00	00	00	00	00	00	00	00	00	00	00	00	00	00
10.895	3D DATA	true	-	-	-	-	-77354.0	-81225.7	-78505.2	-83121.9	-96313.6	-77354.0	-81225.7	-78505.2	-83121.9	-96313.6	-	-	-	-	-
10.896	3D MESSAGE	48	00	E8	91	20	59	8F	8C	78	4F	7D	3C	00	15	97	C7	DA	A4	9E	C7	98	54	99	C7	F8	58	A2	C7	CC	1C	BC	C7	00	15	97	C7	DA	A4	9E	C7	98	54	99	C7	F8	58	A2	C7	CC	1C	BC	C7	00	00	00	00	00	00	00	00	00	00	00	00	00	00	00	00	00	00	00	00
10.896	3D DATA	true	-	-	-	-	-77354.0	-81225.7	-78505.2	-83121.9	-96313.6	-77354.0	-81225.7	-78505.2	-83121.9	-96313.6	-	-	-	-	-
10.896	3D MESSAGE	48	00	E9	91	20	59	90	8C	78	4F	7D	3C	03	15	97	C7	E1	A4	9E	C7	9F	54	99	C7	02	59	A2	C7	D2	1C	BC	C7	03	15	97	C7	E1	A4	9E	C7	9F	54	99	C7	02	59	A2	C7	D2	1C	BC	C7	00	00	00	00	00	00	00	00	00	00	00	00	00	00	00	00	00	00	00	00
10.896	3D DATA	true	-	-	-	-	-77354.0	-81225.8	-78505.2	-83122.0	-96313.6	-77354.0	-81225.8	-78505.2	-83122.0	-96313.6	-	-	-	-	-
10.896	3D MESSAGE	48	00	EA	91	20	59	91	8C	78	4F	7D	3C	04	15	97	C7	F1	A4	9E	C7	B4	54	99	C7	0B	59	A2	C7	DE	1C	BC	C7	04	15	97	C7	F1	A4	9E	C7	B4	54	99	C7	0B	59	A2	C7	DE	1C	BC	C7	00	00	00	00	00	00	00	00	00	00	00	00	00	00	00	00	00	00	00	00
10.896	3D DATA	true	-	-	-	-	-77354.0	-81225.9	-78505.4	-83122.1	-96313.7	-77354.0	-81225.9	-78505.4	-83122.1	-96313.7	-	-	-	-	-
10.922	3D MESSAGE	48	00	EB	91	20	59	92	8C	78	4F	7D	3C	01	15	97	C7	06	A5	9E	C7	D1	54	99	C7	13	59	A2	C7	F4	1C	BC	C7	01	15	97	C7	06	A5	9E	C7	D1	54	99	C7	13	59	A2	C7	F4	1C	BC	C7	00	00	00	00	00	00	00	00	00	00	00	00	00	00	00	00	00	00	00	00
10.922	3D DATA	true	-	-	-	-	-77354.0	-81226.0	-78505.6	-83122.1	-96313.9	-77354.0	-81226.0	-78505.6	-83122.1	-96313.9	-	-	-	-	-
10.923	3D MESSAGE	48	00	EC	91	20	59	93	8C	78	4F	7D	3C	FC	14	97	C7	1E	A5	9E	C7	F2	54	99	C7	18	59	A2	C7	10	1D	BC	C7	FC	14	97	C7	1E	A5	9E	C7	F2	54	99	C7	18	59	A2	C7	10	1D	BC	C7	00	00	00	00	00	00	00	00	00	00	00	00	00	00	00	00	00	00	00	00
10.923	3D DATA	true	-	-	-	-	-77354.0	-81226.2	-78505.9	-83122.2	-96314.1	-77354.0	-81226.2	-78505.9	-83122.2	-96314.1	-	-	-	-	-
10.923	3D MESSAGE	48	00	ED	91	20	59	94	8C	78	4F	7D	3C	FA	14	97	C7	38	A5	9E	C7	14	55	99	C7	1C	59	A2	C7	34	1D	BC	C7	FA	14	97	C7	38	A5	9E	C7	14	55	99	C7	1C	59	A2	C7	34	1D	BC	C7	00	00	00	00	00	00	00	00	00	00	00	00	00	00	00	00	00	00	00	00
10.923	3D DATA	true	-	-	-	-	-77354.0	-81226.4	-78506.2	-83122.2	-96314.4	-77354.0	-81226.4	-78506.2	-83122.2	-96314.4	-	-	-	-	-
10.923	3D MESSAGE	48	00	EE	91	20	59	95	8C	78	4F	7D	3C	FE	14	97	C7	51	A5	9E	C7	33	55	99	C7	23	59	A2	C7	5E	1D	BC	C7	FE	14	97	C7	51	A5	9E	C7	33	55	99	C7	23	59	A2	C7	5E	1D	BC	C7	00	00	00	00	00	00	00	00	00	00	00	00	00	00	00	00	00	00	00	00
10.923	3D DATA	true	-	-	-	-	-77354.0	-81226.6	-78506.4	-83122.3	-96314.7	-77354.0	-81226.6	-78506.4	-83122.3	-96314.7	-	-	-	-	-
10.924	3D MESSAGE	48	00	EF	91	20	59	96	8C	78	4F	7D	3C	0E	15	97	C7	69	A5	9E	C7	4F	55	99	C7	2E	59	A2	C7	89	1D	BC	C7	0E	15	97	C7	69	A5	9E	C7	4F	55	99	C7	2E	59	A2	C7	89	1D	BC	C7	00	00	00	00	00	00	00	00	00	00	00	00	00	00	00	00	00	00	00	00
10.924	3D DATA	true	-	-	-	-	-77354.1	-81226.8	-78506.6	-83122.4	-96315.1	-77354.1	-81226.8	-78506.6	-83122.4	-96315.1	-	-	-	-	-
10.956	3D MESSAGE	48	00	F0	91	20	59	97	8C	78	4F	7D	3C	27	15	97	C7	7E	A5	9E	C7	66	55	99	C7	40	59	A2	C7	B1	1D	BC	C7	27	15	97	C7	7E	A5	9E	C7	66	55	99	C7	40	59	A2	C7	B1	1D	BC	C7	00	00	00	00	00	00	00	00	00	00	00	00	00	00	00	00	00	00	00	00
10.956	3D DATA	true	-	-	-	-	-77354.3	-81227.0	-78506.8	-83122.5	-96315.4	-77354.3	-81227.0	-78506.8	-83122.5	-96315.4	-	-	-	-	-
10.957	3D MESSAGE	48	00	F1	91	20	59	98	8C	78	4F	7D	3C	48	15	97	C7	8F	A5	9E	C7	78	55	99	C7	56	59	A2	C7	D0	1D	BC	C7	48	15	97	C7	8F	A5	9E	C7	78	55	99	C7	56	59	A2	C7	D0	1D	BC	C7	00	00	00	00	00	00	00	00	00	00	00	00	00	00	00	00	00	00	00	00
10.957	3D DATA	true	-	-	-	-	-77354.6	-81227.1	-78506.9	-83122.7	-96315.6	-77354.6	-81227.1	-78506.9	-83122.7	-96315.6	-	-	-	-	-
10.957	3D MESSAGE	48	00	F2	91	20	59	99	8C	78	4F	7D	3C	6A	15	97	C7	9A	A5	9E	C7	82	55	99	C7	6C	59	A2	C7	E2	1D	BC	C7	6A	15	97	C7	9A	A5	9E	C7	82	55	99	C7	6C	59	A2	C7	E2	1D	BC	C7	00	00	00	00	00	00	00	00	00	00	00	00	00	00	00	00	00	00	00	00
10.957	3D DATA	true	-	-	-	-	-77354.8	-81227.2	-78507.0	-83122.8	-96315.8	-77354.8	-81227.2	-78507.0	-83122.8	-96315.8	-	-	-	-	-
10.958	3D MESSAGE	48	00	F3	91	20	59	9A	8C	78	4F	7D	3C	87	15	97	C7	9D	A5	9E	C7	84	55	99	C7	7E	59	A2	C7	E2	1D	BC	C7	87	15	97	C7	9D	A5	9E	C7	84	55	99	C7	7E	59	A2	C7	E2	1D	BC	C7	00	00	00	00	00	00	00	00	00	00	00	00	00	00	00	00	00	00	00	00
10.958	3D DATA	true	-	-	-	-	-77355.1	-81227.2	-78507.0	-83123.0	-96315.8	-77355.1	-81227.2	-78507.0	-83123.0	-96315.8	-	-	-	-	-
10.958	3D MESSAGE	48	00	F4	91	20	59	9B	8C	78	4F	7D	3C	96	15	97	C7	9A	A5	9E	C7	7A	55	99	C7	87	59	A2	C7	D1	1D	BC	C7	96	15	97	C7	9A	A5	9E	C7	7A	55	99	C7	87	59	A2	C7	D1	1D	BC	C7	00	00	00	00	00	00	00	00	00	00	00	00	00	00	00	00	00	00	00	00
10.958	3D DATA	true	-	-	-	-	-77355.2	-81227.2	-78507.0	-83123.1	-96315.6	-77355.2	-81227.2	-78507.0	-83123.1	-96315.6	-	-	-	-	-
10.958	3D MESSAGE	48	00	F5	91	20	59	9C	8C	78	4F	7D	3C	93	15	97	C7	92	A5	9E	C7	65	55	99	C7	84	59	A2	C7	B1	1D	BC	C7	93	15	97	C7	92	A5	9E	C7	65	55	99	C7	84	59	A2	C7	B1	1D	BC	C7	00	00	00	00	00	00	00	00	00	00	00	00	00	00	00	00	00	00	00	00
10.958	3D DATA	true	-	-	-	-	-77355.1	-81227.1	-78506.8	-83123.0	-96315.4	-77355.1	-81227.1	-78506.8	-83123.0	-96315.4	-	-	-	-	-
10.959	3D MESSAGE	48	00	F6	91	20	59	9D	8C	78	4F	7D	3C	7F	15	97	C7	87	A5	9E	C7	44	55	99	C7	76	59	A2	C7	88	1D	BC	C7	7F	15	97	C7	87	A5	9E	C7	44	55	99	C7	76	59	A2	C7	88	1D	BC	C7	00	00	00	00	00	00	00	00	00	00	00	00	00	00	00	00	00	00	00	00
10.959	3D DATA	true	-	-	-	-	-77355.0	-81227.1	-78506.5	-83122.9	-96315.1	-77355.0	-81227.1	-78506.5	-83122.9	-96315.1	-	-	-	-	-
10.984	3D MESSAGE	48	00	F7	91	20	59	9E	8C	78	4F	7D	3C	5E	15	97	C7	7B	A5	9E	C7	1B	55	99	C7	5D	59	A2	C7	5A	1D	BC	C7	5E	15	97	C7	7B	A5	9E	C7	1B	55	99	C7	5D	59	A2	C7	5A	1D	BC	C7	00	00	00	00	00	00	00	00	00	00	00	00	00	00	00	00	00	00	00	00
10.984	3D DATA	true	-	-	-	-	-77354.7	-81227.0	-78506.2	-83122.7	-96314.7	-77354.7	-81227.0	-78506.2	-83122.7	-96314.7	-	-	-	-	-
10.986	3D MESSAGE	48	00	F8	91	20	59	9F	8C	78	4F	7D	3C	36	15	97	C7	70	A5	9E	C7	ED	54	99	C7	3E	59	A2	C7	2E	1D	BC	C7	36	15	97	C7	70	A5	9E	C7	ED	54	99	C7	3E	59	A2	C7	2E	1D	BC	C7	00	00	00	00	00	00	00	00	00	00	00	00	00	00	00	00	00	00	00	00
10.986	3D DATA	true	-	-	-	-	-77354.4	-81226.9	-78505.9	-83122.5	-96314.4	-77354.4	-81226.9	-78505.9	-83122.5	-96314.4	-	-	-	-	-
10.986	3D MESSAGE	48	00	F9	91	20	59	A0	8C	78	4F	7D	3C	10	15	97	C7	65	A5	9E	C7	BF	54	99	C7	1E	59	A2	C7	08	1D	BC	C7	10	15	97	C7	65	A5	9E	C7	BF	54	99	C7	1E	59	A2	C7	08	1D	BC	C7	00	00	00	00	00	00	00	00	00	00	00	00	00	00	00	00	00	00	00	00
10.986	3D DATA	true	-	-	-	-	-77354.1	-81226.8	-78505.5	-83122.2	-96314.1	-77354.1	-81226.8	-78505.5	-83122.2	-96314.1	-	-	-	-	-
10.986	3D MESSAGE	48	00	FA	91	20	59	A1	8C	78	4F	7D	3C	F5	14	97	C7	5A	A5	9E	C7	96	54	99	C7	00	59	A2	C7	EE	1C	BC	C7	F5	14	97	C7	5A	A5	9E	C7	96	54	99	C7	00	59	A2	C7	EE	1C	BC	C7	00	00	00	00	00	00	00	00	00	00	00	00	00	00	00	00	00	00	00	00
10.986	3D DATA	true	-	-	-	-	-77353.9	-81226.7	-78505.2	-83122.0	-96313.9	-77353.9	-81226.7	-78505.2	-83122.0	-96313.9	-	-	-	-	-
10.987	3D MESSAGE	48	00	FB	91	20	59	A2	8C	78	4F	7D	3C	E9	14	97	C7	4F	A5	9E	C7	75	54	99	C7	EA	58	A2	C7	E2	1C	BC	C7	E9	14	97	C7	4F	A5	9E	C7	75	54	99	C7	EA	58	A2	C7	E2	1C	BC	C7	00	00	00	00	00	00	00	00	00	00	00	00	00	00	00	00	00	00	00	00
10.987	3D DATA	true	-	-	-	-	-77353.8	-81226.6	-78504.9	-83121.8	-96313.8	-77353.8	-81226.6	-78504.9	-83121.8	-96313.8	-	-	-	-	-
10.987	3D MESSAGE	48	00	FC	91	20	59	A3	8C	78	4F	7D	3C	EF	14	97	C7	44	A5	9E	C7	61	54	99	C7	DE	58	A2	C7	E6	1C	BC	C7	EF	14	97	C7	44	A5	9E	C7	61	54	99	C7	DE	58	A2	C7	E6	1C	BC	C7	00	00	00	00	00	00	00	00	00	00	00	00	00	00	00	00	00	00	00	00
10.987	3D DATA	true	-	-	-	-	-77353.9	-81226.5	-78504.8	-83121.7	-96313.8	-77353.9	-81226.5	-78504.8	-83121.7	-96313.8	-	-	-	-	-
11.018	3D MESSAGE	48	00	FD	91	20	59	A4	8C	E2	A9	8E	3C	05	15	97	C7	3C	A5	9E	C7	59	54	99	C7	DF	58	A2	C7	FA	1C	BC	C7	05	15	97	C7	3C	A5	9E	C7	59	54	99	C7	DF	58	A2	C7	FA	1C	BC	C7	00	00	00	00	00	00	00	00	00	00	00	00	00	00	00	00	00	00	00	00
11.018	3D DATA	true	-	-	-	-	-77354.0	-81226.5	-78504.7	-83121.7	-96314.0	-77354.0	-81226.5	-78504.7	-83121.7	-96314.0	-	-	-	-	-
11.019	3D MESSAGE	48	00	FE	91	20	59	A5	8C	E2	A9	8E	3C	27	15	97	C7	3A	A5	9E	C7	5C	54	99	C7	EE	58	A2	C7	1E	1D	BC	C7	27	15	97	C7	3A	A5	9E	C7	5C	54	99	C7	EE	58	A2	C7	1E	1D	BC	C7	00	00	00	00	00	00	00	00	00	00	00	00	00	00	00	00	00	00	00	00
11.019	3D DATA	true	-	-	-	-	-77354.3	-81226.5	-78504.7	-83121.9	-96314.2	-77354.3	-81226.5	-78504.7	-83121.9	-96314.2	-	-	-	-	-
11.019	3D MESSAGE	48	00	FF	91	20	59	A6	8C	E2	A9	8E	3C	50	15	97	C7	42	A5	9E	C7	6A	54	99	C7	0B	59	A2	C7	50	1D	BC	C7	50	15	97	C7	42	A5	9E	C7	6A	54	99	C7	0B	59	A2	C7	50	1D	BC	C7	00	00	00	00	00	00	00	00	00	00	00	00	00	00	00	00	00	00	00	00
11.019	3D DATA	true	-	-	-	-	-77354.6	-81226.5	-78504.8	-83122.1	-96314.6	-77354.6	-81226.5	-78504.8	-83122.1	-96314.6	-	-	-	-	-
11.019	3D MESSAGE	48	00	00	91	20	59	A7	8C	E2	A9	8E	3C	77	15	97	C7	57	A5	9E	C7	81	54	99	C7	34	59	A2	C7	8C	1D	BC	C7	77	15	97	C7	57	A5	9E	C7	81	54	99	C7	34	59	A2	C7	8C	1D	BC	C7	00	00	00	00	00	00	00	00	00	00	00	00	00	00	00	00	00	00	00	00
11.019	3D DATA	true	-	-	-	-	-77354.9	-81226.7	-78505.0	-83122.4	-96315.1	-77354.9	-81226.7	-78505.0	-83122.4	-96315.1	-	-	-	-	-
11.020	3D MESSAGE	48	00	01	91	20	59	A8	8C	E2	A9	8E	3C	99	15	97	C7	76	A5	9E	C7	9D	54	99	C7	62	59	A2	C7	CB	1D	BC	C7	99	15	97	C7	76	A5	9E	C7	9D	54	99	C7	62	59	A2	C7	CB	1D	BC	C7	00	00	00	00	00	00	00	00	00	00	00	00	00	00	00	00	00	00	00	00
11.020	3D DATA	true	-	-	-	-	-77355.2	-81226.9	-78505.2	-83122.8	-96315.6	-77355.2	-81226.9	-78505.2	-83122.8	-96315.6	-	-	-	-	-
11.020	3D MESSAGE	48	00	02	91	20	59	A9	8C	E2	A9	8E	3C	B0	15	97	C7	9B	A5	9E	C7	BC	54	99	C7	92	59	A2	C7	06	1E	BC	C7	B0	15	97	C7	9B	A5	9E	C7	BC	54	99	C7	92	59	A2	C7	06	1E	BC	C7	00	00	00	00	00	00	00	00	00	00	00	00	00	00	00	00	00	00	00	00
11.020	3D DATA	true	-	-	-	-	-77355.4	-81227.2	-78505.5	-83123.1	-96316.0	-77355.4	-81227.2	-78505.5	-83123.1	-96316.0	-	-	-	-	-
11.021	3D MESSAGE	48	00	03	91	20	59	AA	8C	E2	A9	8E	3C	BA	15	97	C7	BF	A5	9E	C7	DE	54	99	C7	BD	59	A2	C7	38	1E	BC	C7	BA	15	97	C7	BF	A5	9E	C7	DE	54	99	C7	BD	59	A2	C7	38	1E	BC	C7	00	00	00	00	00	00	00	00	00	00	00	00	00	00	00	00	00	00	00	00
11.021	3D DATA	true	-	-	-	-	-77355.5	-81227.5	-78505.7	-83123.5	-96316.4	-77355.5	-81227.5	-78505.7	-83123.5	-96316.4	-	-	-	-	-
11.047	3D MESSAGE	48	00	04	91	20	59	AB	8C	E2	A9	8E	3C	B7	15	97	C7	DE	A5	9E	C7	00	55	99	C7	E0	59	A2	C7	5E	1E	BC	C7	B7	15	97	C7	DE	A5	9E	C7	00	55	99	C7	E0	59	A2	C7	5E	1E	BC	C7	00	00	00	00	00	00	00	00	00	00	00	00	00	00	00	00	00	00	00	00
11.047	3D DATA	true	-	-	-	-	-77355.4	-81227.7	-78506.0	-83123.8	-96316.7	-77355.4	-81227.7	-78506.0	-83123.8	-96316.7	-	-	-	-	-
11.048	3D MESSAGE	48	00	05	91	20	59	AC	8C	E2	A9	8E	3C	AA	15	97	C7	F4	A5	9E	C7	22	55	99	C7	F7	59	A2	C7	76	1E	BC	C7	AA	15	97	C7	F4	A5	9E	C7	22	55	99	C7	F7	59	A2	C7	76	1E	BC	C7	00	00	00	00	00	00	00	00	00	00	00	00	00	00	00	00	00	00	00	00
11.048	3D DATA	true	-	-	-	-	-77355.3	-81227.9	-78506.3	-83123.9	-96316.9	-77355.3	-81227.9	-78506.3	-83123.9	-96316.9	-	-	-	-	-
11.048	3D MESSAGE	48	00	06	91	20	59	AD	8C	E2	A9	8E	3C	98	15	97	C7	00	A6	9E	C7	42	55	99	C7	05	5A	A2	C7	80	1E	BC	C7	98	15	97	C7	00	A6	9E	C7	42	55	99	C7	05	5A	A2	C7	80	1E	BC	C7	00	00	00	00	00	00	00	00	00	00	00	00	00	00	00	00	00	00	00	00
11.048	3D DATA	true	-	-	-	-	-77355.2	-81228.0	-78506.5	-83124.0	-96317.0	-77355.2	-81228.0	-78506.5	-83124.0	-96317.0	-	-	-	-	-
11.049	3D MESSAGE	48	00	07	91	20	59	AE	8C	E2	A9	8E	3C	87	15	97	C7	03	A6	9E	C7	60	55	99	C7	0C	5A	A2	C7	7E	1E	BC	C7	87	15	97	C7	03	A6	9E	C7	60	55	99	C7	0C	5A	A2	C7	7E	1E	BC	C7	00	00	00	00	00	00	00	00	00	00	00	00	00	00	00	00	00	00	00	00
11.049	3D DATA	true	-	-	-	-	-77355.1	-81228.0	-78506.8	-83124.1	-96317.0	-77355.1	-81228.0	-78506.8	-83124.1	-96317.0	-	-	-	-	-
11.049	3D MESSAGE	48	00	08	91	20	59	AF	8C	E2	A9	8E	3C	7C	15	97	C7	00	A6	9E	C7	79	55	99	C7	0E	5A	A2	C7	72	1E	BC	C7	7C	15	97	C7	00	A6	9E	C7	79	55	99	C7	0E	5A	A2	C7	72	1E	BC	C7	00	00	00	00	00	00	00	00	00	00	00	00	00	00	00	00	00	00	00	00
11.049	3D DATA	true	-	-	-	-	-77355.0	-81228.0	-78506.9	-83124.1	-96316.9	-77355.0	-81228.0	-78506.9	-83124.1	-96316.9	-	-	-	-	-
11.050	3D MESSAGE	48	00	09	91	20	59	B0	8C	E2	A9	8E	3C	7A	15	97	C7	FA	A5	9E	C7	8C	55	99	C7	10	5A	A2	C7	5D	1E	BC	C7	7A	15	97	C7	FA	A5	9E	C7	8C	55	99	C7	10	5A	A2	C7	5D	1E	BC	C7	00	00	00	00	00	00	00	00	00	00	00	00	00	00	00	00	00	00	00	00
11.050	3D DATA	true	-	-	-	-	-77355.0	-81228.0	-78507.1	-83124.1	-96316.7	-77355.0	-81228.0	-78507.1	-83124.1	-96316.7	-	-	-	-	-
11.050	3D MESSAGE	48	00	0A	91	20	59	B1	8C	E2	A9	8E	3C	83	15	97	C7	F2	A5	9E	C7	98	55	99	C7	13	5A	A2	C7	42	1E	BC	C7	83	15	97	C7	F2	A5	9E	C7	98	55	99	C7	13	5A	A2	C7	42	1E	BC	C7	00	00	00	00	00	00	00	00	00	00	00	00	00	00	00	00	00	00	00	00
11.050	3D DATA	true	-	-	-	-	-77355.0	-81227.9	-78507.2	-83124.1	-96316.5	-77355.0	-81227.9	-78507.2	-83124.1	-96316.5	-	-	-	-	-
11.081	3D MESSAGE	48	00	0B	91	20	59	B2	8C	E2	A9	8E	3C	95	15	97	C7	EA	A5	9E	C7	9C	55	99	C7	19	5A	A2	C7	24	1E	BC	C7	95	15	97	C7	EA	A5	9E	C7	9C	55	99	C7	19	5A	A2	C7	24	1E	BC	C7	00	00	00	00	00	00	00	00	00	00	00	00	00	00	00	00	00	00	00	00
11.081	3D DATA	true	-	-	-	-	-77355.2	-81227.8	-78507.2	-83124.2	-96316.3	-77355.2	-81227.8	-78507.2	-83124.2	-96316.3	-	-	-	-	-
11.081	3D MESSAGE	48	00	0C	91	20	59	B3	8C	E2	A9	8E	3C	AD	15	97	C7	E4	A5	9E	C7	99	55	99	C7	20	5A	A2	C7	08	1E	BC	C7	AD	15	97	C7	E4	A5	9E	C7	99	55	99	C7	20	5A	A2	C7	08	1E	BC	C7	00	00	00	00	00	00	00	00	00	00	00	00	00	00	00	00	00	00	00	00
11.081	3D DATA	true	-	-	-	-	-77355.4	-81227.8	-78507.2	-83124.2	-96316.1	-77355.4	-81227.8	-78507.2	-83124.2	-96316.1	-	-	-	-	-
11.082	3D MESSAGE	48	00	0D	91	20	59	B4	8C	E2	A9	8E	3C	C6	15	97	C7	E1	A5	9E	C7	92	55	99	C7	26	5A	A2	C7	F4	1D	BC	C7	C6	15	97	C7	E1	A5	9E	C7	92	55	99	C7	26	5A	A2	C7	F4	1D	BC	C7	00	00	00	00	00	00	00	00	00	00	00	00	00	00	00	00	00	00	00	00
11.082	3D DATA	true	-	-	-	-	-77355.5	-81227.8	-78507.1	-83124.3	-96315.9	-77355.5	-81227.8	-78507.1	-83124.3	-96315.9	-	-	-	-	-
11.082	3D MESSAGE	48	00	0E	91	20	59	B5	8C	E2	A9	8E	3C	DB	15	97	C7	E1	A5	9E	C7	89	55	99	C7	26	5A	A2	C7	EA	1D	BC	C7	DB	15	97	C7	E1	A5	9E	C7	89	55	99	C7	26	5A	A2	C7	EA	1D	BC	C7	00	00	00	00	00	00	00	00	00	00	00	00	00	00	00	00	00	00	00	00
11.082	3D DATA	true	-	-	-	-	-77355.7	-81227.8	-78507.1	-83124.3	-96315.8	-77355.7	-81227.8	-78507.1	-83124.3	-96315.8	-	-	-	-	-
11.082	3D MESSAGE	48	00	0F	91	20	59	B6	8C	E2	A9	8E	3C	EA	15	97	C7	E3	A5	9E	C7	81	55	99	C7	1E	5A	A2	C7	ED	1D	BC	C7	EA	15	97	C7	E3	A5	9E	C7	81	55	99	C7	1E	5A	A2	C7	ED	1D	BC	C7	00	00	00	00	00	00	00	00	00	00	00	00	00	00	00	00	00	00	00	00
11.082	3D DATA	true	-	-	-	-	-77355.8	-81227.8	-78507.0	-83124.2	-96315.9	-77355.8	-81227.8	-78507.0	-83124.2	-96315.9	-	-	-	-	-
11.082	3D MESSAGE	48	00	10	91	20	59	B7	8C	E2	A9	8E	3C	F0	15	97	C7	E6	A5	9E	C7	7A	55	99	C7	0B	5A	A2	C7	FD	1D	BC	C7	F0	15	97	C7	E6	A5	9E	C7	7A	55	99	C7	0B	5A	A2	C7	FD	1D	BC	C7	00	00	00	00	00	00	00	00	00	00	00	00	00	00	00	00	00	00	00	00
11.082	3D DATA	true	-	-	-	-	-77355.9	-81227.8	-78507.0	-83124.1	-96316.0	-77355.9	-81227.8	-78507.0	-83124.1	-96316.0	-	-	-	-	-
11.109	3D MESSAGE	48	00	11	91	20	59	B8	8C	E2	A9	8E	3C	EE	15	97	C7	E8	A5	9E	C7	74	55	99	C7	EF	59	A2	C7	15	1E	BC	C7	EE	15	97	C7	E8	A5	9E	C7	74	55	99	C7	EF	59	A2	C7	15	1E	BC	C7	00	00	00	00	00	00	00	00	00	00	00	00	00	00	00	00	00	00	00	00
11.109	3D DATA	true	-	-	-	-	-77355.9	-81227.8	-78506.9	-83123.9	-96316.2	-77355.9	-81227.8	-78506.9	-83123.9	-96316.2	-	-	-	-	-
11.109	3D MESSAGE	48	00	12	91	20	59	B9	8C	E2	A9	8E	3C	E4	15	97	C7	E8	A5	9E	C7	6C	55	99	C7	CB	59	A2	C7	2E	1E	BC	C7	E4	15	97	C7	E8	A5	9E	C7	6C	55	99	C7	CB	59	A2	C7	2E	1E	BC	C7	00	00	00	00	00	00	00	00	00	00	00	00	00	00	00	00	00	00	00	00
11.109	3D DATA	true	-	-	-	-	-77355.8	-81227.8	-78506.8	-83123.6	-96316.4	-77355.8	-81227.8	-78506.8	-83123.6	-96316.4	-	-	-	-	-
11.110	3D MESSAGE	48	00	13	91	20	59	BA	8C	E2	A9	8E	3C	D4	15	97	C7	E4	A5	9E	C7	60	55	99	C7	A4	59	A2	C7	3E	1E	BC	C7	D4	15	97	C7	E4	A5	9E	C7	60	55	99	C7	A4	59	A2	C7	3E	1E	BC	C7	00	00	00	00	00	00	00	00	00	00	00	00	00	00	00	00	00	00	00	00
11.110	3D DATA	true	-	-	-	-	-77355.7	-81227.8	-78506.8	-83123.3	-96316.5	-77355.7	-81227.8	-78506.8	-83123.3	-96316.5	-	-	-	-	-
11.110	3D MESSAGE	48	00	14	91	20	59	BB	8C	E2	A9	8E	3C	BF	15	97	C7	DB	A5	9E	C7	4F	55	99	C7	7D	59	A2	C7	40	1E	BC	C7	BF	15	97	C7	DB	A5	9E	C7	4F	55	99	C7	7D	59	A2	C7	40	1E	BC	C7	00	00	00	00	00	00	00	00	00	00	00	00	00	00	00	00	00	00	00	00
11.110	3D DATA	true	-	-	-	-	-77355.5	-81227.7	-78506.6	-83123.0	-96316.5	-77355.5	-81227.7	-78506.6	-83123.0	-96316.5	-	-	-	-	-
11.110	3D MESSAGE	48	00	15	91	20	59	BC	8C	E2	A9	8E	3C	A8	15	97	C7	CF	A5	9E	C7	39	55	99	C7	5B	59	A2	C7	30	1E	BC	C7	A8	15	97	C7	CF	A5	9E	C7	39	55	99	C7	5B	59	A2	C7	30	1E	BC	C7	00	00	00	00	00	00	00	00	00	00	00	00	00	00	00	00	00	00	00	00
11.110	3D DATA	true	-	-	-	-	-77355.3	-81227.6	-78506.4	-83122.7	-96316.4	-77355.3	-81227.6	-78506.4	-83122.7	-96316.4	-	-	-	-	-
11.111	3D MESSAGE	48	00	16	91	20	59	BD	8C	E2	A9	8E	3C	90	15	97	C7	C2	A5	9E	C7	21	55	99	C7	40	59	A2	C7	11	1E	BC	C7	90	15	97	C7	C2	A5	9E	C7	21	55	99	C7	40	59	A2	C7	11	1E	BC	C7	00	00	00	00	00	00	00	00	00	00	00	00	00	00	00	00	00	00	00	00
11.111	3D DATA	true	-	-	-	-	-77355.1	-81227.5	-78506.3	-83122.5	-96316.1	-77355.1	-81227.5	-78506.3	-83122.5	-96316.1	-	-	-	-	-
11.139	3D MESSAGE	48	00	17	91	20	59	BE	8C	E2	A9	8E	3C	79	15	97	C7	B6	A5	9E	C7	0D	55	99	C7	2E	59	A2	C7	EA	1D	BC	C7	79	15	97	C7	B6	A5	9E	C7	0D	55	99	C7	2E	59	A2	C7	EA	1D	BC	C7	00	00	00	00	00	00	00	00	00	00	00	00	00	00	00	00	00	00	00	00
11.139	3D DATA	true	-	-	-	-	-77354.9	-81227.4	-78506.1	-83122.4	-96315.8	-77354.9	-81227.4	-78506.1	-83122.4	-96315.8	-	-	-	-	-
11.140	3D MESSAGE	48	00	18	91	20	59	BF	8C	E2	A9	8E	3C	66	15	97	C7	AE	A5	9E	C7	02	55	99	C7	27	59	A2	C7	CA	1D	BC	C7	66	15	97	C7	AE	A5	9E	C7	02	55	99	C7	27	59	A2	C7	CA	1D	BC	C7	00	00	00	00	00	00	00	00	00	00	00	00	00	00	00	00	00	00	00	00
11.140	3D DATA	true	-	-	-	-	-77354.8	-81227.4	-78506.0	-83122.3	-96315.6	-77354.8	-81227.4	-78506.0	-83122.3	-96315.6	-	-	-	-	-
11.140	3D MESSAGE	48	00	19	91	20	59	C0	8C	E2	A9	8E	3C	5A	15	97	C7	AB	A5	9E	C7	04	55	99	C7	2C	59	A2	C7	BA	1D	BC	C7	5A	15	97	C7	AB	A5	9E	C7	04	55	99	C7	2C	59	A2	C7	BA	1D	BC	C7	00	00	00	00	00	00	00	00	00	00	00	00	00	00	00	00	00	00	00	00
11.140	3D DATA	true	-	-	-	-	-77354.7	-81227.3	-78506.0	-83122.3	-96315.5	-77354.7	-81227.3	-78506.0	-83122.3	-96315.5	-	-	-	-	-
11.140	3D MESSAGE	48	00	1A	91	20	59	C1	8C	E2	A9	8E	3C	58	15	97	C7	AD	A5	9E	C7	14	55	99	C7	3E	59	A2	C7	C4	1D	BC	C7	58	15	97	C7	AD	A5	9E	C7	14	55	99	C7	3E	59	A2	C7	C4	1D	BC	C7	00	00	00	00	00	00	00	00	00	00	00	00	00	00	00	00	00	00	00	00
11.140	3D DATA	true	-	-	-	-	-77354.7	-81227.4	-78506.2	-83122.5	-96315.5	-77354.7	-81227.4	-78506.2	-83122.5	-96315.5	-	-	-	-	-
11.140	3D MESSAGE	48	00	1B	91	20	59	C2	8C	E2	A9	8E	3C	60	15	97	C7	B6	A5	9E	C7	35	55	99	C7	5E	59	A2	C7	EA	1D	BC	C7	60	15	97	C7	B6	A5	9E	C7	35	55	99	C7	5E	59	A2	C7	EA	1D	BC	C7	00	00	00	00	00	00	00	00	00	00	00	00	00	00	00	00	00	00	00	00
11.141	3D DATA	true	-	-	-	-	-77354.8	-81227.4	-78506.4	-83122.7	-96315.8	-77354.8	-81227.4	-78506.4	-83122.7	-96315.8	-	-	-	-	-
11.141	3D MESSAGE	48	00	1C	91	20	59	C3	8C	E2	A9	8E	3C	73	15	97	C7	C6	A5	9E	C7	61	55	99	C7	8A	59	A2	C7	26	1E	BC	C7	73	15	97	C7	C6	A5	9E	C7	61	55	99	C7	8A	59	A2	C7	26	1E	BC	C7	00	00	00	00	00	00	00	00	00	00	00	00	00	00	00	00	00	00	00	00
11.141	3D DATA	true	-	-	-	-	-77354.9	-81227.5	-78506.8	-83123.1	-96316.3	-77354.9	-81227.5	-78506.8	-83123.1	-96316.3	-	-	-	-	-
11.172	3D MESSAGE	48	00	1D	91	20	59	C4	8C	E2	A9	8E	3C	8E	15	97	C7	DD	A5	9E	C7	94	55	99	C7	BE	59	A2	C7	6D	1E	BC	C7	8E	15	97	C7	DD	A5	9E	C7	94	55	99	C7	BE	59	A2	C7	6D	1E	BC	C7	00	00	00	00	00	00	00	00	00	00	00	00	00	00	00	00	00	00	00	00
11.172	3D DATA	true	-	-	-	-	-77355.1	-81227.7	-78507.2	-83123.5	-96316.9	-77355.1	-81227.7	-78507.2	-83123.5	-96316.9	-	-	-	-	-
11.173	3D MESSAGE	48	00	1E	91	20	59	C5	8C	E2	A9	8E	3C	AF	15	97	C7	FB	A5	9E	C7	C6	55	99	C7	F4	59	A2	C7	B3	1E	BC	C7	AF	15	97	C7	FB	A5	9E	C7	C6	55	99	C7	F4	59	A2	C7	B3	1E	BC	C7	00	00	00	00	00	00	00	00	00	00	00	00	00	00	00	00	00	00	00	00
11.173	3D DATA	true	-	-	-	-	-77355.4	-81228.0	-78507.5	-83123.9	-96317.4	-77355.4	-81228.0	-78507.5	-83123.9	-96317.4	-	-	-	-	-
11.173	3D MESSAGE	48	00	1F	91	20	59	C6	8C	E2	A9	8E	3C	D0	15	97	C7	1F	A6	9E	C7	F1	55	99	C7	27	5A	A2	C7	ED	1E	BC	C7	D0	15	97	C7	1F	A6	9E	C7	F1	55	99	C7	27	5A	A2	C7	ED	1E	BC	C7	00	00	00	00	00	00	00	00	00	00	00	00	00	00	00	00	00	00	00	00
11.173	3D DATA	true	-	-	-	-	-77355.6	-81228.2	-78507.9	-83124.3	-96317.9	-77355.6	-81228.2	-78507.9	-83124.3	-96317.9	-	-	-	-	-
11.173	3D MESSAGE	48	00	20	91	20	59	C7	8C	E2	A9	8E	3C	EE	15	97	C7	46	A6	9E	C7	11	56	99	C7	51	5A	A2	C7	17	1F	BC	C7	EE	15	97	C7	46	A6	9E	C7	11	56	99	C7	51	5A	A2	C7	17	1F	BC	C7	00	00	00	00	00	00	00	00	00	00	00	00	00	00	00	00	00	00	00	00
11.173	3D DATA	true	-	-	-	-	-77355.9	-81228.5	-78508.1	-83124.6	-96318.2	-77355.9	-81228.5	-78508.1	-83124.6	-96318.2	-	-	-	-	-
11.174	3D MESSAGE	48	00	21	91	20	59	C8	8C	E2	A9	8E	3C	08	16	97	C7	6C	A6	9E	C7	24	56	99	C7	6E	5A	A2	C7	32	1F	BC	C7	08	16	97	C7	6C	A6	9E	C7	24	56	99	C7	6E	5A	A2	C7	32	1F	BC	C7	00	00	00	00	00	00	00	00	00	00	00	00	00	00	00	00	00	00	00	00
11.174	3D DATA	true	-	-	-	-	-77356.1	-81228.8	-78508.3	-83124.9	-96318.4	-77356.1	-81228.8	-78508.3	-83124.9	-96318.4	-	-	-	-	-
11.174	3D MESSAGE	48	00	22	91	20	59	C9	8C	E2	A9	8E	3C	1B	16	97	C7	8E	A6	9E	C7	2A	56	99	C7	7E	5A	A2	C7	43	1F	BC	C7	1B	16	97	C7	8E	A6	9E	C7	2A	56	99	C7	7E	5A	A2	C7	43	1F	BC	C7	00	00	00	00	00	00	00	00	00	00	00	00	00	00	00	00	00	00	00	00
11.174	3D DATA	true	-	-	-	-	-77356.2	-81229.1	-78508.3	-83125.0	-96318.5	-77356.2	-81229.1	-78508.3	-83125.0	-96318.5	-	-	-	-	-
11.202	3D MESSAGE	48	00	23	91	20	59	CA	8C	E2	A9	8E	3C	2A	16	97	C7	A7	A6	9E	C7	28	56	99	C7	84	5A	A2	C7	54	1F	BC	C7	2A	16	97	C7	A7	A6	9E	C7	28	56	99	C7	84	5A	A2	C7	54	1F	BC	C7	00	00	00	00	00	00	00	00	00	00	00	00	00	00	00	00	00	00	00	00
11.203	3D DATA	true	-	-	-	-	-77356.3	-81229.3	-78508.3	-83125.0	-96318.7	-77356.3	-81229.3	-78508.3	-83125.0	-96318.7	-	-	-	-	-
11.203	3D MESSAGE	48	00	24	91	20	59	CB	8C	E2	A9	8E	3C	34	16	97	C7	B7	A6	9E	C7	21	56	99	C7	84	5A	A2	C7	6A	1F	BC	C7	34	16	97	C7	B7	A6	9E	C7	21	56	99	C7	84	5A	A2	C7	6A	1F	BC	C7	00	00	00	00	00	00	00	00	00	00	00	00	00	00	00	00	00	00	00	00
11.203	3D DATA	true	-	-	-	-	-77356.4	-81229.4	-78508.3	-83125.0	-96318.8	-77356.4	-81229.4	-78508.3	-83125.0	-96318.8	-	-	-	-	-
11.203	3D MESSAGE	48	00	25	91	20	59	CC	8C	B8	D6	8A	3C	3D	16	97	C7	BE	A6	9E	C7	19	56	99	C7	83	5A	A2	C7	89	1F	BC	C7	3D	16	97	C7	BE	A6	9E	C7	19	56	99	C7	83	5A	A2	C7	89	1F	BC	C7	00	00	00	00	00	00	00	00	00	00	00	00	00	00	00	00	00	00	00	00
11.203	3D DATA	true	-	-	-	-	-77356.5	-81229.5	-78508.2	-83125.0	-96319.1	-77356.5	-81229.5	-78508.2	-83125.0	-96319.1	-	-	-	-	-
11.204	3D MESSAGE	48	00	26	91	20	59	CD	8C	B8	D6	8A	3C	45	16	97	C7	BF	A6	9E	C7	14	56	99	C7	85	5A	A2	C7	AE	1F	BC	C7	45	16	97	C7	BF	A6	9E	C7	14	56	99	C7	85	5A	A2	C7	AE	1F	BC	C7	00	00	00	00	00	00	00	00	00	00	00	00	00	00	00	00	00	00	00	00
11.204	3D DATA	true	-	-	-	-	-77356.5	-81229.5	-78508.2	-83125.0	-96319.4	-77356.5	-81229.5	-78508.2	-83125.0	-96319.4	-	-	-	-	-
11.204	3D MESSAGE	48	00	27	91	20	59	CE	8C	B8	D6	8A	3C	4C	16	97	C7	BD	A6	9E	C7	13	56	99	C7	8C	5A	A2	C7	D6	1F	BC	C7	4C	16	97	C7	BD	A6	9E	C7	13	56	99	C7	8C	5A	A2	C7	D6	1F	BC	C7	00	00	00	00	00	00	00	00	00	00	00	00	00	00	00	00	00	00	00	00
11.204	3D DATA	true	-	-	-	-	-77356.6	-81229.5	-78508.1	-83125.1	-96319.7	-77356.6	-81229.5	-78508.1	-83125.1	-96319.7	-	-	-	-	-
11.204	3D MESSAGE	48	00	28	91	20	59	CF	8C	B8	D6	8A	3C	54	16	97	C7	BC	A6	9E	C7	15	56	99	C7	97	5A	A2	C7	F9	1F	BC	C7	54	16	97	C7	BC	A6	9E	C7	15	56	99	C7	97	5A	A2	C7	F9	1F	BC	C7	00	00	00	00	00	00	00	00	00	00	00	00	00	00	00	00	00	00	00	00
11.204	3D DATA	true	-	-	-	-	-77356.7	-81229.5	-78508.2	-83125.2	-96319.9	-77356.7	-81229.5	-78508.2	-83125.2	-96319.9	-	-	-	-	-
11.235	3D MESSAGE	48	00	29	91	20	59	D0	8C	B8	D6	8A	3C	5B	16	97	C7	BE	A6	9E	C7	19	56	99	C7	A4	5A	A2	C7	12	20	BC	C7	5B	16	97	C7	BE	A6	9E	C7	19	56	99	C7	A4	5A	A2	C7	12	20	BC	C7	00	00	00	00	00	00	00	00	00	00	00	00	00	00	00	00	00	00	00	00
11.235	3D DATA	true	-	-	-	-	-77356.7	-81229.5	-78508.2	-83125.3	-96320.1	-77356.7	-81229.5	-78508.2	-83125.3	-96320.1	-	-	-	-	-
11.236	3D MESSAGE	48	00	2A	91	20	59	D1	8C	B8	D6	8A	3C	63	16	97	C7	C5	A6	9E	C7	1E	56	99	C7	B2	5A	A2	C7	20	20	BC	C7	63	16	97	C7	C5	A6	9E	C7	1E	56	99	C7	B2	5A	A2	C7	20	20	BC	C7	00	00	00	00	00	00	00	00	00	00	00	00	00	00	00	00	00	00	00	00
11.236	3D DATA	true	-	-	-	-	-77356.8	-81229.5	-78508.2	-83125.4	-96320.2	-77356.8	-81229.5	-78508.2	-83125.4	-96320.2	-	-	-	-	-
11.237	3D MESSAGE	48	00	2B	91	20	59	D2	8C	B8	D6	8A	3C	6C	16	97	C7	D1	A6	9E	C7	22	56	99	C7	BE	5A	A2	C7	21	20	BC	C7	6C	16	97	C7	D1	A6	9E	C7	22	56	99	C7	BE	5A	A2	C7	21	20	BC	C7	00	00	00	00	00	00	00	00	00	00	00	00	00	00	00	00	00	00	00	00
11.237	3D DATA	true	-	-	-	-	-77356.8	-81229.6	-78508.3	-83125.5	-96320.3	-77356.8	-81229.6	-78508.3	-83125.5	-96320.3	-	-	-	-	-
11.237	3D MESSAGE	48	00	2C	91	20	59	D3	8C	B8	D6	8A	3C	78	16	97	C7	DE	A6	9E	C7	26	56	99	C7	C6	5A	A2	C7	17	20	BC	C7	78	16	97	C7	DE	A6	9E	C7	26	56	99	C7	C6	5A	A2	C7	17	20	BC	C7	00	00	00	00	00	00	00	00	00	00	00	00	00	00	00	00	00	00	00	00
11.237	3D DATA	true	-	-	-	-	-77356.9	-81229.7	-78508.3	-83125.5	-96320.2	-77356.9	-81229.7	-78508.3	-83125.5	-96320.2	-	-	-	-	-
11.237	3D MESSAGE	48	00	2D	91	20	59	D4	8C	B8	D6	8A	3C	88	16	97	C7	EA	A6	9E	C7	2B	56	99	C7	C9	5A	A2	C7	08	20	BC	C7	88	16	97	C7	EA	A6	9E	C7	2B	56	99	C7	C9	5A	A2	C7	08	20	BC	C7	00	00	00	00	00	00	00	00	00	00	00	00	00	00	00	00	00	00	00	00
11.237	3D DATA	true	-	-	-	-	-77357.1	-81229.8	-78508.3	-83125.6	-96320.1	-77357.1	-81229.8	-78508.3	-83125.6	-96320.1	-	-	-	-	-
11.238	3D MESSAGE	48	00	2E	91	20	59	D5	8C	B8	D6	8A	3C	9C	16	97	C7	F0	A6	9E	C7	2F	56	99	C7	C6	5A	A2	C7	F6	1F	BC	C7	9C	16	97	C7	F0	A6	9E	C7	2F	56	99	C7	C6	5A	A2	C7	F6	1F	BC	C7	00	00	00	00	00	00	00	00	00	00	00	00	00	00	00	00	00	00	00	00
11.238	3D DATA	true	-	-	-	-	-77357.2	-81229.9	-78508.4	-83125.5	-96319.9	-77357.2	-81229.9	-78508.4	-83125.5	-96319.9	-	-	-	-	-
11.238	3D MESSAGE	48	00	2F	91	20	59	D6	8C	B8	D6	8A	3C	B1	16	97	C7	F0	A6	9E	C7	33	56	99	C7	BE	5A	A2	C7	E7	1F	BC	C7	B1	16	97	C7	F0	A6	9E	C7	33	56	99	C7	BE	5A	A2	C7	E7	1F	BC	C7	00	00	00	00	00	00	00	00	00	00	00	00	00	00	00	00	00	00	00	00
11.238	3D DATA	true	-	-	-	-	-77357.4	-81229.9	-78508.4	-83125.5	-96319.8	-77357.4	-81229.9	-78508.4	-83125.5	-96319.8	-	-	-	-	-
11.265	3D MESSAGE	48	00	30	91	20	59	D7	8C	B8	D6	8A	3C	C7	16	97	C7	E8	A6	9E	C7	36	56	99	C7	B2	5A	A2	C7	DE	1F	BC	C7	C7	16	97	C7	E8	A6	9E	C7	36	56	99	C7	B2	5A	A2	C7	DE	1F	BC	C7	00	00	00	00	00	00	00	00	00	00	00	00	00	00	00	00	00	00	00	00
11.265	3D DATA	true	-	-	-	-	-77357.6	-81229.8	-78508.4	-83125.4	-96319.7	-77357.6	-81229.8	-78508.4	-83125.4	-96319.7	-	-	-	-	-
11.265	3D MESSAGE	48	00	31	91	20	59	D8	8C	B8	D6	8A	3C	DA	16	97	C7	DA	A6	9E	C7	36	56	99	C7	A2	5A	A2	C7	DB	1F	BC	C7	DA	16	97	C7	DA	A6	9E	C7	36	56	99	C7	A2	5A	A2	C7	DB	1F	BC	C7	00	00	00	00	00	00	00	00	00	00	00	00	00	00	00	00	00	00	00	00
11.265	3D DATA	true	-	-	-	-	-77357.7	-81229.7	-78508.4	-83125.3	-96319.7	-77357.7	-81229.7	-78508.4	-83125.3	-96319.7	-	-	-	-	-
11.265	3D MESSAGE	48	00	32	91	20	59	D9	8C	B8	D6	8A	3C	E7	16	97	C7	C6	A6	9E	C7	34	56	99	C7	92	5A	A2	C7	E0	1F	BC	C7	E7	16	97	C7	C6	A6	9E	C7	34	56	99	C7	92	5A	A2	C7	E0	1F	BC	C7	00	00	00	00	00	00	00	00	00	00	00	00	00	00	00	00	00	00	00	00
11.265	3D DATA	true	-	-	-	-	-77357.8	-81229.5	-78508.4	-83125.1	-96319.8	-77357.8	-81229.5	-78508.4	-83125.1	-96319.8	-	-	-	-	-
11.266	3D MESSAGE	48	00	33	91	20	59	DA	8C	B8	D6	8A	3C	F0	16	97	C7	B0	A6	9E	C7	2F	56	99	C7	84	5A	A2	C7	E9	1F	BC	C7	F0	16	97	C7	B0	A6	9E	C7	2F	56	99	C7	84	5A	A2	C7	E9	1F	BC	C7	00	00	00	00	00	00	00	00	00	00	00	00	00	00	00	00	00	00	00	00
11.266	3D DATA	true	-	-	-	-	-77357.9	-81229.4	-78508.4	-83125.0	-96319.8	-77357.9	-81229.4	-78508.4	-83125.0	-96319.8	-	-	-	-	-
11.266	3D MESSAGE	48	00	34	91	20	59	DB	8C	B8	D6	8A	3C	F5	16	97	C7	9D	A6	9E	C7	2A	56	99	C7	7A	5A	A2	C7	F5	1F	BC	C7	F5	16	97	C7	9D	A6	9E	C7	2A	56	99	C7	7A	5A	A2	C7	F5	1F	BC	C7	00	00	00	00	00	00	00	00	00	00	00	00	00	00	00	00	00	00	00	00
11.266	3D DATA	true	-	-	-	-	-77357.9	-81229.2	-78508.3	-83125.0	-96319.9	-77357.9	-81229.2	-78508.3	-83125.0	-96319.9	-	-	-	-	-
11.267	3D MESSAGE	48	00	35	91	20	59	DC	8C	B8	D6	8A	3C	F8	16	97	C7	91	A6	9E	C7	26	56	99	C7	76	5A	A2	C7	03	20	BC	C7	F8	16	97	C7	91	A6	9E	C7	26	56	99	C7	76	5A	A2	C7	03	20	BC	C7	00	00	00	00	00	00	00	00	00	00	00	00	00	00	00	00	00	00	00	00
11.267	3D DATA	true	-	-	-	-	-77357.9	-81229.1	-78508.3	-83124.9	-96320.0	-77357.9	-81229.1	-78508.3	-83124.9	-96320.0	-	-	-	-	-
11.297	3D MESSAGE	48	00	36	91	20	59	DD	8C	B8	D6	8A	3C	FC	16	97	C7	8E	A6	9E	C7	27	56	99	C7	79	5A	A2	C7	10	20	BC	C7	FC	16	97	C7	8E	A6	9E	C7	27	56	99	C7	79	5A	A2	C7	10	20	BC	C7	00	00	00	00	00	00	00	00	00	00	00	00	00	00	00	00	00	00	00	00
11.297	3D DATA	true	-	-	-	-	-77358.0	-81229.1	-78508.3	-83124.9	-96320.1	-77358.0	-81229.1	-78508.3	-83124.9	-96320.1	-	-	-	-	-
11.298	3D MESSAGE	48	00	37	91	20	59	DE	8C	B8	D6	8A	3C	01	17	97	C7	97	A6	9E	C7	2C	56	99	C7	7F	5A	A2	C7	1B	20	BC	C7	01	17	97	C7	97	A6	9E	C7	2C	56	99	C7	7F	5A	A2	C7	1B	20	BC	C7	00	00	00	00	00	00	00	00	00	00	00	00	00	00	00	00	00	00	00	00
11.298	3D DATA	true	-	-	-	-	-77358.0	-81229.2	-78508.3	-83125.0	-96320.2	-77358.0	-81229.2	-78508.3	-83125.0	-96320.2	-	-	-	-	-
11.298	3D MESSAGE	48	00	38	91	20	59	DF	8C	B8	D6	8A	3C	06	17	97	C7	A9	A6	9E	C7	34	56	99	C7	87	5A	A2	C7	24	20	BC	C7	06	17	97	C7	A9	A6	9E	C7	34	56	99	C7	87	5A	A2	C7	24	20	BC	C7	00	00	00	00	00	00	00	00	00	00	00	00	00	00	00	00	00	00	00	00
11.298	3D DATA	true	-	-	-	-	-77358.0	-81229.3	-78508.4	-83125.1	-96320.3	-77358.0	-81229.3	-78508.4	-83125.1	-96320.3	-	-	-	-	-
11.298	3D MESSAGE	48	00	39	91	20	59	E0	8C	B8	D6	8A	3C	0A	17	97	C7	C0	A6	9E	C7	3E	56	99	C7	8C	5A	A2	C7	29	20	BC	C7	0A	17	97	C7	C0	A6	9E	C7	3E	56	99	C7	8C	5A	A2	C7	29	20	BC	C7	00	00	00	00	00	00	00	00	00	00	00	00	00	00	00	00	00	00	00	00
11.298	3D DATA	true	-	-	-	-	-77358.1	-81229.5	-78508.5	-83125.1	-96320.3	-77358.1	-81229.5	-78508.5	-83125.1	-96320.3	-	-	-	-	-
11.299	3D MESSAGE	48	00	3A	91	20	59	E1	8C	B8	D6	8A	3C	0A	17	97	C7	D6	A6	9E	C7	47	56	99	C7	8E	5A	A2	C7	2A	20	BC	C7	0A	17	97	C7	D6	A6	9E	C7	47	56	99	C7	8E	5A	A2	C7	2A	20	BC	C7	00	00	00	00	00	00	00	00	00	00	00	00	00	00	00	00	00	00	00	00
11.299	3D DATA	true	-	-	-	-	-77358.1	-81229.7	-78508.6	-83125.1	-96320.3	-77358.1	-81229.7	-78508.6	-83125.1	-96320.3	-	-	-	-	-
11.299	3D MESSAGE	48	00	3B	91	20	59	E2	8C	B8	D6	8A	3C	05	17	97	C7	E7	A6	9E	C7	4C	56	99	C7	8A	5A	A2	C7	24	20	BC	C7	05	17	97	C7	E7	A6	9E	C7	4C	56	99	C7	8A	5A	A2	C7	24	20	BC	C7	00	00	00	00	00	00	00	00	00	00	00	00	00	00	00	00	00	00	00	00
11.299	3D DATA	true	-	-	-	-	-77358.0	-81229.8	-78508.6	-83125.1	-96320.3	-77358.0	-81229.8	-78508.6	-83125.1	-96320.3	-	-	-	-	-
11.328	3D MESSAGE	48	00	3C	91	20	59	E3	8C	B8	D6	8A	3C	FA	16	97	C7	EC	A6	9E	C7	4C	56	99	C7	82	5A	A2	C7	16	20	BC	C7	FA	16	97	C7	EC	A6	9E	C7	4C	56	99	C7	82	5A	A2	C7	16	20	BC	C7	00	00	00	00	00	00	00	00	00	00	00	00	00	00	00	00	00	00	00	00
11.328	3D DATA	true	-	-	-	-	-77358.0	-81229.8	-78508.6	-83125.0	-96320.2	-77358.0	-81229.8	-78508.6	-83125.0	-96320.2	-	-	-	-	-
11.328	3D MESSAGE	48	00	3D	91	20	59	E4	8C	B8	D6	8A	3C	EB	16	97	C7	E3	A6	9E	C7	48	56	99	C7	78	5A	A2	C7	01	20	BC	C7	EB	16	97	C7	E3	A6	9E	C7	48	56	99	C7	78	5A	A2	C7	01	20	BC	C7	00	00	00	00	00	00	00	00	00	00	00	00	00	00	00	00	00	00	00	00
11.328	3D DATA	true	-	-	-	-	-77357.8	-81229.8	-78508.6	-83124.9	-96320.0	-77357.8	-81229.8	-78508.6	-83124.9	-96320.0	-	-	-	-	-
11.328	3D MESSAGE	48	00	3E	91	20	59	E5	8C	B8	D6	8A	3C	DB	16	97	C7	CD	A6	9E	C7	42	56	99	C7	6F	5A	A2	C7	E4	1F	BC	C7	DB	16	97	C7	CD	A6	9E	C7	42	56	99	C7	6F	5A	A2	C7	E4	1F	BC	C7	00	00	00	00	00	00	00	00	00	00	00	00	00	00	00	00	00	00	00	00
11.328	3D DATA	true	-	-	-	-	-77357.7	-81229.6	-78508.5	-83124.9	-96319.8	-77357.7	-81229.6	-78508.5	-83124.9	-96319.8	-	-	-	-	-
11.329	3D MESSAGE	48	00	3F	91	20	59	E6	8C	B8	D6	8A	3C	CE	16	97	C7	AD	A6	9E	C7	3A	56	99	C7	6A	5A	A2	C7	C3	1F	BC	C7	CE	16	97	C7	AD	A6	9E	C7	3A	56	99	C7	6A	5A	A2	C7	C3	1F	BC	C7	00	00	00	00	00	00	00	00	00	00	00	00	00	00	00	00	00	00	00	00
11.329	3D DATA	true	-	-	-	-	-77357.6	-81229.4	-78508.5	-83124.8	-96319.5	-77357.6	-81229.4	-78508.5	-83124.8	-96319.5	-	-	-	-	-
11.329	3D MESSAGE	48	00	40	91	20	59	E7	8C	B8	D6	8A	3C	C7	16	97	C7	89	A6	9E	C7	31	56	99	C7	6A	5A	A2	C7	A4	1F	BC	C7	C7	16	97	C7	89	A6	9E	C7	31	56	99	C7	6A	5A	A2	C7	A4	1F	BC	C7	00	00	00	00	00	00	00	00	00	00	00	00	00	00	00	00	00	00	00	00
11.329	3D DATA	true	-	-	-	-	-77357.6	-81229.1	-78508.4	-83124.8	-96319.3	-77357.6	-81229.1	-78508.4	-83124.8	-96319.3	-	-	-	-	-
11.329	3D MESSAGE	48	00	41	91	20	59	E8	8C	B8	D6	8A	3C	C6	16	97	C7	66	A6	9E	C7	27	56	99	C7	70	5A	A2	C7	8A	1F	BC	C7	C6	16	97	C7	66	A6	9E	C7	27	56	99	C7	70	5A	A2	C7	8A	1F	BC	C7	00	00	00	00	00	00	00	00	00	00	00	00	00	00	00	00	00	00	00	00
11.329	3D DATA	true	-	-	-	-	-77357.5	-81228.8	-78508.3	-83124.9	-96319.1	-77357.5	-81228.8	-78508.3	-83124.9	-96319.1	-	-	-	-	-
11.361	3D MESSAGE	48	00	42	91	20	59	E9	8C	B8	D6	8A	3C	CC	16	97	C7	4B	A6	9E	C7	1E	56	99	C7	7A	5A	A2	C7	7A	1F	BC	C7	CC	16	97	C7	4B	A6	9E	C7	1E	56	99	C7	7A	5A	A2	C7	7A	1F	BC	C7	00	00	00	00	00	00	00	00	00	00	00	00	00	00	00	00	00	00	00	00
11.361	3D DATA	true	-	-	-	-	-77357.6	-81228.6	-78508.2	-83125.0	-96319.0	-77357.6	-81228.6	-78508.2	-83125.0	-96319.0	-	-	-	-	-
11.361	3D MESSAGE	48	00	43	91	20	59	EA	8C	B8	D6	8A	3C	D4	16	97	C7	3A	A6	9E	C7	13	56	99	C7	88	5A	A2	C7	75	1F	BC	C7	D4	16	97	C7	3A	A6	9E	C7	13	56	99	C7	88	5A	A2	C7	75	1F	BC	C7	00	00	00	00	00	00	00	00	00	00	00	00	00	00	00	00	00	00	00	00
11.361	3D DATA	true	-	-	-	-	-77357.7	-81228.5	-78508.1	-83125.1	-96318.9	-77357.7	-81228.5	-78508.1	-83125.1	-96318.9	-	-	-	-	-
11.361	3D MESSAGE	48	00	44	91	20	59	EB	8C	B8	D6	8A	3C	DC	16	97	C7	32	A6	9E	C7	09	56	99	C7	94	5A	A2	C7	7A	1F	BC	C7	DC	16	97	C7	32	A6	9E	C7	09	56	99	C7	94	5A	A2	C7	7A	1F	BC	C7	00	00	00	00	00	00	00	00	00	00	00	00	00	00	00	00	00	00	00	00
11.361	3D DATA	true	-	-	-	-	-77357.7	-81228.4	-78508.1	-83125.2	-96319.0	-77357.7	-81228.4	-78508.1	-83125.2	-96319.0	-	-	-	-	-
11.362	3D MESSAGE	48	00	45	91	20	59	EC	8C	B8	D6	8A	3C	E0	16	97	C7	32	A6	9E	C7	FF	55	99	C7	9C	5A	A2	C7	82	1F	BC	C7	E0	16	97	C7	32	A6	9E	C7	FF	55	99	C7	9C	5A	A2	C7	82	1F	BC	C7	00	00	00	00	00	00	00	00	00	00	00	00	00	00	00	00	00	00	00	00
11.362	3D DATA	true	-	-	-	-	-77357.8	-81228.4	-78508.0	-83125.2	-96319.0	-77357.8	-81228.4	-78508.0	-83125.2	-96319.0	-	-	-	-	-
11.362	3D MESSAGE	48	00	46	91	20	59	ED	8C	B8	D6	8A	3C	DC	16	97	C7	34	A6	9E	C7	F5	55	99	C7	9C	5A	A2	C7	88	1F	BC	C7	DC	16	97	C7	34	A6	9E	C7	F5	55	99	C7	9C	5A	A2	C7	88	1F	BC	C7	00	00	00	00	00	00	00	00	00	00	00	00	00	00	00	00	00	00	00	00
11.362	3D DATA	true	-	-	-	-	-77357.7	-81228.4	-78507.9	-83125.2	-96319.1	-77357.7	-81228.4	-78507.9	-83125.2	-96319.1	-	-	-	-	-
11.362	3D MESSAGE	48	00	47	91	20	59	EE	8C	B8	D6	8A	3C	CE	16	97	C7	34	A6	9E	C7	EA	55	99	C7	93	5A	A2	C7	88	1F	BC	C7	CE	16	97	C7	34	A6	9E	C7	EA	55	99	C7	93	5A	A2	C7	88	1F	BC	C7	00	00	00	00	00	00	00	00	00	00	00	00	00	00	00	00	00	00	00	00
11.362	3D DATA	true	-	-	-	-	-77357.6	-81228.4	-78507.8	-83125.1	-96319.1	-77357.6	-81228.4	-78507.8	-83125.1	-96319.1	-	-	-	-	-
11.363	3D MESSAGE	48	00	48	91	20	59	EF	8C	B8	D6	8A	3C	B7	16	97	C7	2E	A6	9E	C7	DF	55	99	C7	80	5A	A2	C7	80	1F	BC	C7	B7	16	97	C7	2E	A6	9E	C7	DF	55	99	C7	80	5A	A2	C7	80	1F	BC	C7	00	00	00	00	00	00	00	00	00	00	00	00	00	00	00	00	00	00	00	00
11.363	3D DATA	true	-	-	-	-	-77357.4	-81228.4	-78507.7	-83125.0	-96319.0	-77357.4	-81228.4	-78507.7	-83125.0	-96319.0	-	-	-	-	-
11.392	3D MESSAGE	48	00	49	91	20	59	F0	8C	B8	D6	8A	3C	99	16	97	C7	20	A6	9E	C7	D5	55	99	C7	66	5A	A2	C7	6E	1F	BC	C7	99	16	97	C7	20	A6	9E	C7	D5	55	99	C7	66	5A	A2	C7	6E	1F	BC	C7	00	00	00	00	00	00	00	00	00	00	00	00	00	00	00	00	00	00	00	00
11.392	3D DATA	true	-	-	-	-	-77357.2	-81228.2	-78507.7	-83124.8	-96318.9	-77357.2	-81228.2	-78507.7	-83124.8	-96318.9	-	-	-	-	-
11.393	3D MESSAGE	48	00	4A	91	20	59	F1	8C	B8	D6	8A	3C	78	16	97	C7	0D	A6	9E	C7	CC	55	99	C7	4C	5A	A2	C7	58	1F	BC	C7	78	16	97	C7	0D	A6	9E	C7	CC	55	99	C7	4C	5A	A2	C7	58	1F	BC	C7	00	00	00	00	00	00	00	00	00	00	00	00	00	00	00	00	00	00	00	00
11.393	3D DATA	true	-	-	-	-	-77356.9	-81228.1	-78507.6	-83124.6	-96318.7	-77356.9	-81228.1	-78507.6	-83124.6	-96318.7	-	-	-	-	-
11.393	3D MESSAGE	48	00	4B	91	20	59	F2	8C	B8	D6	8A	3C	59	16	97	C7	F8	A5	9E	C7	CA	55	99	C7	37	5A	A2	C7	46	1F	BC	C7	59	16	97	C7	F8	A5	9E	C7	CA	55	99	C7	37	5A	A2	C7	46	1F	BC	C7	00	00	00	00	00	00	00	00	00	00	00	00	00	00	00	00	00	00	00	00
11.393	3D DATA	true	-	-	-	-	-77356.7	-81227.9	-78507.6	-83124.4	-96318.5	-77356.7	-81227.9	-78507.6	-83124.4	-96318.5	-	-	-	-	-
11.393	3D MESSAGE	48	00	4C	91	20	59	F3	8C	B8	D6	8A	3C	43	16	97	C7	E9	A5	9E	C7	CF	55	99	C7	2C	5A	A2	C7	3E	1F	BC	C7	43	16	97	C7	E9	A5	9E	C7	CF	55	99	C7	2C	5A	A2	C7	3E	1F	BC	C7	00	00	00	00	00	00	00	00	00	00	00	00	00	00	00	00	00	00	00	00
11.393	3D DATA	true	-	-	-	-	-77356.5	-81227.8	-78507.6	-83124.3	-96318.5	-77356.5	-81227.8	-78507.6	-83124.3	-96318.5	-	-	-	-	-
11.394	3D MESSAGE	48	00	4D	91	20	59	F4	8C	CF	19	8A	3C	39	16	97	C7	E5	A5	9E	C7	DF	55	99	C7	30	5A	A2	C7	47	1F	BC	C7	39	16	97	C7	E5	A5	9E	C7	DF	55	99	C7	30	5A	A2	C7	47	1F	BC	C7	00	00	00	00	00	00	00	00	00	00	00	00	00	00	00	00	00	00	00	00
11.394	3D DATA	true	-	-	-	-	-77356.4	-81227.8	-78507.7	-83124.4	-96318.6	-77356.4	-81227.8	-78507.7	-83124.4	-96318.6	-	-	-	-	-
11.394	3D MESSAGE	48	00	4E	91	20	59	F5	8C	CF	19	8A	3C	3D	16	97	C7	F0	A5	9E	C7	FC	55	99	C7	43	5A	A2	C7	67	1F	BC	C7	3D	16	97	C7	F0	A5	9E	C7	FC	55	99	C7	43	5A	A2	C7	67	1F	BC	C7	00	00	00	00	00	00	00	00	00	00	00	00	00	00	00	00	00	00	00	00
11.394	3D DATA	true	-	-	-	-	-77356.5	-81227.9	-78508.0	-83124.5	-96318.8	-77356.5	-81227.9	-78508.0	-83124.5	-96318.8	-	-	-	-	-
11.422	3D MESSAGE	48	00	4F	91	20	59	F6	8C	CF	19	8A	3C	50	16	97	C7	0C	A6	9E	C7	22	56	99	C7	63	5A	A2	C7	9F	1F	BC	C7	50	16	97	C7	0C	A6	9E	C7	22	56	99	C7	63	5A	A2	C7	9F	1F	BC	C7	00	00	00	00	00	00	00	00	00	00	00	00	00	00	00	00	00	00	00	00
11.422	3D DATA	true	-	-	-	-	-77356.6	-81228.1	-78508.3	-83124.8	-96319.2	-77356.6	-81228.1	-78508.3	-83124.8	-96319.2	-	-	-	-	-
11.422	3D MESSAGE	48	00	50	91	20	59	F7	8C	CF	19	8A	3C	6D	16	97	C7	38	A6	9E	C7	50	56	99	C7	8A	5A	A2	C7	EC	1F	BC	C7	6D	16	97	C7	38	A6	9E	C7	50	56	99	C7	8A	5A	A2	C7	EC	1F	BC	C7	00	00	00	00	00	00	00	00	00	00	00	00	00	00	00	00	00	00	00	00
11.422	3D DATA	true	-	-	-	-	-77356.9	-81228.4	-78508.6	-83125.1	-96319.8	-77356.9	-81228.4	-78508.6	-83125.1	-96319.8	-	-	-	-	-
11.422	3D MESSAGE	48	00	51	91	20	59	F8	8C	CF	19	8A	3C	93	16	97	C7	6E	A6	9E	C7	7F	56	99	C7	B4	5A	A2	C7	48	20	BC	C7	93	16	97	C7	6E	A6	9E	C7	7F	56	99	C7	B4	5A	A2	C7	48	20	BC	C7	00	00	00	00	00	00	00	00	00	00	00	00	00	00	00	00	00	00	00	00
11.422	3D DATA	true	-	-	-	-	-77357.1	-81228.9	-78509.0	-83125.4	-96320.6	-77357.1	-81228.9	-78509.0	-83125.4	-96320.6	-	-	-	-	-
11.422	3D MESSAGE	48	00	52	91	20	59	F9	8C	CF	19	8A	3C	BC	16	97	C7	A8	A6	9E	C7	AB	56	99	C7	DB	5A	A2	C7	AB	20	BC	C7	BC	16	97	C7	A8	A6	9E	C7	AB	56	99	C7	DB	5A	A2	C7	AB	20	BC	C7	00	00	00	00	00	00	00	00	00	00	00	00	00	00	00	00	00	00	00	00
11.423	3D DATA	true	-	-	-	-	-77357.5	-81229.3	-78509.3	-83125.7	-96321.3	-77357.5	-81229.3	-78509.3	-83125.7	-96321.3	-	-	-	-	-
11.423	3D MESSAGE	48	00	53	91	20	59	FA	8C	CF	19	8A	3C	E5	16	97	C7	E2	A6	9E	C7	D0	56	99	C7	FA	5A	A2	C7	0A	21	BC	C7	E5	16	97	C7	E2	A6	9E	C7	D0	56	99	C7	FA	5A	A2	C7	0A	21	BC	C7	00	00	00	00	00	00	00	00	00	00	00	00	00	00	00	00	00	00	00	00
11.423	3D DATA	true	-	-	-	-	-77357.8	-81229.8	-78509.6	-83126.0	-96322.1	-77357.8	-81229.8	-78509.6	-83126.0	-96322.1	-	-	-	-	-
11.423	3D MESSAGE	48	00	54	91	20	59	FB	8C	CF	19	8A	3C	09	17	97	C7	15	A7	9E	C7	EE	56	99	C7	12	5B	A2	C7	5E	21	BC	C7	09	17	97	C7	15	A7	9E	C7	EE	56	99	C7	12	5B	A2	C7	5E	21	BC	C7	00	00	00	00	00	00	00	00	00	00	00	00	00	00	00	00	00	00	00	00
11.423	3D DATA	true	-	-	-	-	-77358.1	-81230.2	-78509.9	-83126.1	-96322.7	-77358.1	-81230.2	-78509.9	-83126.1	-96322.7	-	-	-	-	-
11.424	3D MESSAGE	48	00	55	91	20	59	FC	8C	CF	19	8A	3C	26	17	97	C7	40	A7	9E	C7	02	57	99	C7	20	5B	A2	C7	9D	21	BC	C7	26	17	97	C7	40	A7	9E	C7	02	57	99	C7	20	5B	A2	C7	9D	21	BC	C7	00	00	00	00	00	00	00	00	00	00	00	00	00	00	00	00	00	00	00	00
11.424	3D DATA	true	-	-	-	-	-77358.3	-81230.5	-78510.0	-83126.2	-96323.2	-77358.3	-81230.5	-78510.0	-83126.2	-96323.2	-	-	-	-	-
11.456	3D MESSAGE	48	00	56	91	20	59	FD	8C	CF	19	8A	3C	3B	17	97	C7	61	A7	9E	C7	0D	57	99	C7	28	5B	A2	C7	C3	21	BC	C7	3B	17	97	C7	61	A7	9E	C7	0D	57	99	C7	28	5B	A2	C7	C3	21	BC	C7	00	00	00	00	00	00	00	00	00	00	00	00	00	00	00	00	00	00	00	00
11.456	3D DATA	true	-	-	-	-	-77358.5	-81230.8	-78510.1	-83126.3	-96323.5	-77358.5	-81230.8	-78510.1	-83126.3	-96323.5	-	-	-	-	-
11.456	3D MESSAGE	48	00	57	91	20	59	FE	8C	CF	19	8A	3C	48	17	97	C7	78	A7	9E	C7	10	57	99	C7	2B	5B	A2	C7	CD	21	BC	C7	48	17	97	C7	78	A7	9E	C7	10	57	99	C7	2B	5B	A2	C7	CD	21	BC	C7	00	00	00	00	00	00	00	00	00	00	00	00	00	00	00	00	00	00	00	00
11.457	3D DATA	true	-	-	-	-	-77358.6	-81230.9	-78510.1	-83126.3	-96323.6	-77358.6	-81230.9	-78510.1	-83126.3	-96323.6	-	-	-	-	-
11.457	3D MESSAGE	48	00	58	91	20	59	FF	8C	CF	19	8A	3C	4D	17	97	C7	86	A7	9E	C7	0A	57	99	C7	29	5B	A2	C7	BC	21	BC	C7	4D	17	97	C7	86	A7	9E	C7	0A	57	99	C7	29	5B	A2	C7	BC	21	BC	C7	00	00	00	00	00	00	00	00	00	00	00	00	00	00	00	00	00	00	00	00
11.457	3D DATA	true	-	-	-	-	-77358.6	-81231.0	-78510.1	-83126.3	-96323.5	-77358.6	-81231.0	-78510.1	-83126.3	-96323.5	-	-	-	-	-
11.457	3D MESSAGE	48	00	59	91	20	59	00	8C	CF	19	8A	3C	4B	17	97	C7	88	A7	9E	C7	FC	56	99	C7	21	5B	A2	C7	90	21	BC	C7	4B	17	97	C7	88	A7	9E	C7	FC	56	99	C7	21	5B	A2	C7	90	21	BC	C7	00	00	00	00	00	00	00	00	00	00	00	00	00	00	00	00	00	00	00	00
11.457	3D DATA	true	-	-	-	-	-77358.6	-81231.1	-78510.0	-83126.3	-96323.1	-77358.6	-81231.1	-78510.0	-83126.3	-96323.1	-	-	-	-	-
11.457	3D MESSAGE	48	00	5A	91	20	59	01	8C	CF	19	8A	3C	42	17	97	C7	80	A7	9E	C7	E6	56	99	C7	14	5B	A2	C7	51	21	BC	C7	42	17	97	C7	80	A7	9E	C7	E6	56	99	C7	14	5B	A2	C7	51	21	BC	C7	00	00	00	00	00	00	00	00	00	00	00	00	00	00	00	00	00	00	00	00
11.457	3D DATA	true	-	-	-	-	-77358.5	-81231.0	-78509.8	-83126.2	-96322.6	-77358.5	-81231.0	-78509.8	-83126.2	-96322.6	-	-	-	-	-
11.458	3D MESSAGE	48	00	5B	91	20	59	02	8C	CF	19	8A	3C	31	17	97	C7	6C	A7	9E	C7	C7	56	99	C7	02	5B	A2	C7	02	21	BC	C7	31	17	97	C7	6C	A7	9E	C7	C7	56	99	C7	02	5B	A2	C7	02	21	BC	C7	00	00	00	00	00	00	00	00	00	00	00	00	00	00	00	00	00	00	00	00
11.458	3D DATA	true	-	-	-	-	-77358.4	-81230.8	-78509.6	-83126.0	-96322.0	-77358.4	-81230.8	-78509.6	-83126.0	-96322.0	-	-	-	-	-
11.458	3D MESSAGE	48	00	5C	91	20	59	03	8C	CF	19	8A	3C	19	17	97	C7	4E	A7	9E	C7	A3	56	99	C7	E9	5A	A2	C7	AE	20	BC	C7	19	17	97	C7	4E	A7	9E	C7	A3	56	99	C7	E9	5A	A2	C7	AE	20	BC	C7	00	00	00	00	00	00	00	00	00	00	00	00	00	00	00	00	00	00	00	00
11.458	3D DATA	true	-	-	-	-	-77358.2	-81230.6	-78509.3	-83125.8	-96321.4	-77358.2	-81230.6	-78509.3	-83125.8	-96321.4	-	-	-	-	-
11.485	3D MESSAGE	48	00	5D	91	20	59	04	8C	CF	19	8A	3C	FA	16	97	C7	28	A7	9E	C7	7C	56	99	C7	CD	5A	A2	C7	58	20	BC	C7	FA	16	97	C7	28	A7	9E	C7	7C	56	99	C7	CD	5A	A2	C7	58	20	BC	C7	00	00	00	00	00	00	00	00	00	00	00	00	00	00	00	00	00	00	00	00
11.485	3D DATA	true	-	-	-	-	-77358.0	-81230.3	-78509.0	-83125.6	-96320.7	-77358.0	-81230.3	-78509.0	-83125.6	-96320.7	-	-	-	-	-
11.486	3D MESSAGE	48	00	5E	91	20	59	05	8C	CF	19	8A	3C	D4	16	97	C7	FE	A6	9E	C7	58	56	99	C7	B0	5A	A2	C7	08	20	BC	C7	D4	16	97	C7	FE	A6	9E	C7	58	56	99	C7	B0	5A	A2	C7	08	20	BC	C7	00	00	00	00	00	00	00	00	00	00	00	00	00	00	00	00	00	00	00	00
11.486	3D DATA	true	-	-	-	-	-77357.7	-81230.0	-78508.7	-83125.4	-96320.1	-77357.7	-81230.0	-78508.7	-83125.4	-96320.1	-	-	-	-	-
11.486	3D MESSAGE	48	00	5F	91	20	59	06	8C	CF	19	8A	3C	AA	16	97	C7	D2	A6	9E	C7	3A	56	99	C7	94	5A	A2	C7	C1	1F	BC	C7	AA	16	97	C7	D2	A6	9E	C7	3A	56	99	C7	94	5A	A2	C7	C1	1F	BC	C7	00	00	00	00	00	00	00	00	00	00	00	00	00	00	00	00	00	00	00	00
11.486	3D DATA	true	-	-	-	-	-77357.3	-81229.6	-78508.5	-83125.2	-96319.5	-77357.3	-81229.6	-78508.5	-83125.2	-96319.5	-	-	-	-	-
11.486	3D MESSAGE	48	00	60	91	20	59	07	8C	CF	19	8A	3C	82	16	97	C7	A8	A6	9E	C7	23	56	99	C7	7B	5A	A2	C7	86	1F	BC	C7	82	16	97	C7	A8	A6	9E	C7	23	56	99	C7	7B	5A	A2	C7	86	1F	BC	C7	00	00	00	00	00	00	00	00	00	00	00	00	00	00	00	00	00	00	00	00
11.486	3D DATA	true	-	-	-	-	-77357.0	-81229.3	-78508.3	-83125.0	-96319.0	-77357.0	-81229.3	-78508.3	-83125.0	-96319.0	-	-	-	-	-
11.486	3D MESSAGE	48	00	61	91	20	59	08	8C	CF	19	8A	3C	60	16	97	C7	80	A6	9E	C7	16	56	99	C7	68	5A	A2	C7	57	1F	BC	C7	60	16	97	C7	80	A6	9E	C7	16	56	99	C7	68	5A	A2	C7	57	1F	BC	C7	00	00	00	00	00	00	00	00	00	00	00	00	00	00	00	00	00	00	00	00
11.486	3D DATA	true	-	-	-	-	-77356.8	-81229.0	-78508.2	-83124.8	-96318.7	-77356.8	-81229.0	-78508.2	-83124.8	-96318.7	-	-	-	-	-
11.487	3D MESSAGE	48	00	62	91	20	59	09	8C	CF	19	8A	3C	48	16	97	C7	5F	A6	9E	C7	13	56	99	C7	5B	5A	A2	C7	38	1F	BC	C7	48	16	97	C7	5F	A6	9E	C7	13	56	99	C7	5B	5A	A2	C7	38	1F	BC	C7	00	00	00	00	00	00	00	00	00	00	00	00	00	00	00	00	00	00	00	00
11.487	3D DATA	true	-	-	-	-	-77356.6	-81228.7	-78508.1	-83124.7	-96318.4	-77356.6	-81228.7	-78508.1	-83124.7	-96318.4	-	-	-	-	-
11.516	3D MESSAGE	48	00	63	91	20	59	0A	8C	CF	19	8A	3C	3E	16	97	C7	46	A6	9E	C7	1A	56	99	C7	55	5A	A2	C7	2B	1F	BC	C7	3E	16	97	C7	46	A6	9E	C7	1A	56	99	C7	55	5A	A2	C7	2B	1F	BC	C7	00	00	00	00	00	00	00	00	00	00	00	00	00	00	00	00	00	00	00	00
11.516	3D DATA	true	-	-	-	-	-77356.5	-81228.5	-78508.2	-83124.7	-96318.3	-77356.5	-81228.5	-78508.2	-83124.7	-96318.3	-	-	-	-	-
11.516	3D MESSAGE	48	00	64	91	20	59	0B	8C	CF	19	8A	3C	42	16	97	C7	36	A6	9E	C7	2A	56	99	C7	57	5A	A2	C7	33	1F	BC	C7	42	16	97	C7	36	A6	9E	C7	2A	56	99	C7	57	5A	A2	C7	33	1F	BC	C7	00	00	00	00	00	00	00	00	00	00	00	00	00	00	00	00	00	00	00	00
11.516	3D DATA	true	-	-	-	-	-77356.5	-81228.4	-78508.3	-83124.7	-96318.4	-77356.5	-81228.4	-78508.3	-83124.7	-96318.4	-	-	-	-	-
11.517	3D MESSAGE	48	00	65	91	20	59	0C	8C	CF	19	8A	3C	54	16	97	C7	30	A6	9E	C7	40	56	99	C7	61	5A	A2	C7	51	1F	BC	C7	54	16	97	C7	30	A6	9E	C7	40	56	99	C7	61	5A	A2	C7	51	1F	BC	C7	00	00	00	00	00	00	00	00	00	00	00	00	00	00	00	00	00	00	00	00
11.517	3D DATA	true	-	-	-	-	-77356.7	-81228.4	-78508.5	-83124.8	-96318.6	-77356.7	-81228.4	-78508.5	-83124.8	-96318.6	-	-	-	-	-
11.517	3D MESSAGE	48	00	66	91	20	59	0D	8C	CF	19	8A	3C	6D	16	97	C7	32	A6	9E	C7	5A	56	99	C7	72	5A	A2	C7	84	1F	BC	C7	6D	16	97	C7	32	A6	9E	C7	5A	56	99	C7	72	5A	A2	C7	84	1F	BC	C7	00	00	00	00	00	00	00	00	00	00	00	00	00	00	00	00	00	00	00	00
11.517	3D DATA	true	-	-	-	-	-77356.9	-81228.4	-78508.7	-83124.9	-96319.0	-77356.9	-81228.4	-78508.7	-83124.9	-96319.0	-	-	-	-	-
11.517	3D MESSAGE	48	00	67	91	20	59	0E	8C	CF	19	8A	3C	8A	16	97	C7	39	A6	9E	C7	72	56	99	C7	89	5A	A2	C7	C7	1F	BC	C7	8A	16	97	C7	39	A6	9E	C7	72	56	99	C7	89	5A	A2	C7	C7	1F	BC	C7	00	00	00	00	00	00	00	00	00	00	00	00	00	00	00	00	00	00	00	00
11.517	3D DATA	true	-	-	-	-	-77357.1	-81228.4	-78508.9	-83125.1	-96319.6	-77357.1	-81228.4	-78508.9	-83125.1	-96319.6	-	-	-	-	-
11.517	3D MESSAGE	48	00	68	91	20	59	0F	8C	CF	19	8A	3C	A6	16	97	C7	42	A6	9E	C7	84	56	99	C7	A2	5A	A2	C7	11	20	BC	C7	A6	16	97	C7	42	A6	9E	C7	84	56	99	C7	A2	5A	A2	C7	11	20	BC	C7	00	00	00	00	00	00	00	00	00	00	00	00	00	00	00	00	00	00	00	00
11.517	3D DATA	true	-	-	-	-	-77357.3	-81228.5	-78509.0	-83125.3	-96320.1	-77357.3	-81228.5	-78509.0	-83125.3	-96320.1	-	-	-	-	-
11.547	3D MESSAGE	48	00	69	91	20	59	10	8C	CF	19	8A	3C	BC	16	97	C7	4A	A6	9E	C7	8C	56	99	C7	BC	5A	A2	C7	59	20	BC	C7	BC	16	97	C7	4A	A6	9E	C7	8C	56	99	C7	BC	5A	A2	C7	59	20	BC	C7	00	00	00	00	00	00	00	00	00	00	00	00	00	00	00	00	00	00	00	00
11.547	3D DATA	true	-	-	-	-	-77357.5	-81228.6	-78509.1	-83125.5	-96320.7	-77357.5	-81228.6	-78509.1	-83125.5	-96320.7	-	-	-	-	-
11.547	3D MESSAGE	48	00	6A	91	20	59	11	8C	CF	19	8A	3C	CC	16	97	C7	51	A6	9E	C7	8A	56	99	C7	D2	5A	A2	C7	97	20	BC	C7	CC	16	97	C7	51	A6	9E	C7	8A	56	99	C7	D2	5A	A2	C7	97	20	BC	C7	00	00	00	00	00	00	00	00	00	00	00	00	00	00	00	00	00	00	00	00
11.547	3D DATA	true	-	-	-	-	-77357.6	-81228.6	-78509.1	-83125.6	-96321.2	-77357.6	-81228.6	-78509.1	-83125.6	-96321.2	-	-	-	-	-
11.548	3D MESSAGE	48	00	6B	91	20	59	12	8C	CF	19	8A	3C	D5	16	97	C7	58	A6	9E	C7	7E	56	99	C7	E4	5A	A2	C7	C7	20	BC	C7	D5	16	97	C7	58	A6	9E	C7	7E	56	99	C7	E4	5A	A2	C7	C7	20	BC	C7	00	00	00	00	00	00	00	00	00	00	00	00	00	00	00	00	00	00	00	00
11.548	3D DATA	true	-	-	-	-	-77357.7	-81228.7	-78509.0	-83125.8	-96321.6	-77357.7	-81228.7	-78509.0	-83125.8	-96321.6	-	-	-	-	-
11.548	3D MESSAGE	48	00	6C	91	20	59	13	8C	CF	19	8A	3C	D7	16	97	C7	63	A6	9E	C7	6C	56	99	C7	F2	5A	A2	C7	E7	20	BC	C7	D7	16	97	C7	63	A6	9E	C7	6C	56	99	C7	F2	5A	A2	C7	E7	20	BC	C7	00	00	00	00	00	00	00	00	00	00	00	00	00	00	00	00	00	00	00	00
11.548	3D DATA	true	-	-	-	-	-77357.7	-81228.8	-78508.8	-83125.9	-96321.8	-77357.7	-81228.8	-78508.8	-83125.9	-96321.8	-	-	-	-	-
11.549	3D MESSAGE	48	00	6D	91	20	59	14	8C	CF	19	8A	3C	D2	16	97	C7	73	A6	9E	C7	5B	56	99	C7	FB	5A	A2	C7	FA	20	BC	C7	D2	16	97	C7	73	A6	9E	C7	5B	56	99	C7	FB	5A	A2	C7	FA	20	BC	C7	00	00	00	00	00	00	00	00	00	00	00	00	00	00	00	00	00	00	00	00
11.549	3D DATA	true	-	-	-	-	-77357.6	-81228.9	-78508.7	-83126.0	-96322.0	-77357.6	-81228.9	-78508.7	-83126.0	-96322.0	-	-	-	-	-
11.549	3D MESSAGE	48	00	6E	91	20	59	15	8C	CF	19	8A	3C	C8	16	97	C7	89	A6	9E	C7	4D	56	99	C7	02	5B	A2	C7	00	21	BC	C7	C8	16	97	C7	89	A6	9E	C7	4D	56	99	C7	02	5B	A2	C7	00	21	BC	C7	00	00	00	00	00	00	00	00	00	00	00	00	00	00	00	00	00	00	00	00
11.549	3D DATA	true	-	-	-	-	-77357.6	-81229.1	-78508.6	-83126.0	-96322.0	-77357.6	-81229.1	-78508.6	-83126.0	-96322.0	-	-	-	-	-
11.579	3D MESSAGE	48	00	6F	91	20	59	16	8C	CF	19	8A	3C	B8	16	97	C7	A2	A6	9E	C7	44	56	99	C7	03	5B	A2	C7	FA	20	BC	C7	B8	16	97	C7	A2	A6	9E	C7	44	56	99	C7	03	5B	A2	C7	FA	20	BC	C7	00	00	00	00	00	00	00	00	00	00	00	00	00	00	00	00	00	00	00	00
11.579	3D DATA	true	-	-	-	-	-77357.4	-81229.3	-78508.5	-83126.0	-96322.0	-77357.4	-81229.3	-78508.5	-83126.0	-96322.0	-	-	-	-	-
11.580	3D MESSAGE	48	00	70	91	20	59	17	8C	CF	19	8A	3C	A1	16	97	C7	BA	A6	9E	C7	3E	56	99	C7	00	5B	A2	C7	E8	20	BC	C7	A1	16	97	C7	BA	A6	9E	C7	3E	56	99	C7	00	5B	A2	C7	E8	20	BC	C7	00	00	00	00	00	00	00	00	00	00	00	00	00	00	00	00	00	00	00	00
11.580	3D DATA	true	-	-	-	-	-77357.3	-81229.5	-78508.5	-83126.0	-96321.8	-77357.3	-81229.5	-78508.5	-83126.0	-96321.8	-	-	-	-	-
11.580	3D MESSAGE	48	00	71	91	20	59	18	8C	CF	19	8A	3C	84	16	97	C7	C9	A6	9E	C7	3A	56	99	C7	F5	5A	A2	C7	C8	20	BC	C7	84	16	97	C7	C9	A6	9E	C7	3A	56	99	C7	F5	5A	A2	C7	C8	20	BC	C7	00	00	00	00	00	00	00	00	00	00	00	00	00	00	00	00	00	00	00	00
11.581	3D DATA	true	-	-	-	-	-77357.0	-81229.6	-78508.5	-83125.9	-96321.6	-77357.0	-81229.6	-78508.5	-83125.9	-96321.6	-	-	-	-	-
11.581	3D MESSAGE	48	00	72	91	20	59	19	8C	CF	19	8A	3C	64	16	97	C7	CA	A6	9E	C7	32	56	99	C7	E1	5A	A2	C7	9A	20	BC	C7	64	16	97	C7	CA	A6	9E	C7	32	56	99	C7	E1	5A	A2	C7	9A	20	BC	C7	00	00	00	00	00	00	00	00	00	00	00	00	00	00	00	00	00	00	00	00
11.581	3D DATA	true	-	-	-	-	-77356.8	-81229.6	-78508.4	-83125.8	-96321.2	-77356.8	-81229.6	-78508.4	-83125.8	-96321.2	-	-	-	-	-
11.581	3D MESSAGE	48	00	73	91	20	59	1A	8C	CF	19	8A	3C	42	16	97	C7	BA	A6	9E	C7	24	56	99	C7	C6	5A	A2	C7	61	20	BC	C7	42	16	97	C7	BA	A6	9E	C7	24	56	99	C7	C6	5A	A2	C7	61	20	BC	C7	00	00	00	00	00	00	00	00	00	00	00	00	00	00	00	00	00	00	00	00
11.581	3D DATA	true	-	-	-	-	-77356.5	-81229.5	-78508.3	-83125.5	-96320.8	-77356.5	-81229.5	-78508.3	-83125.5	-96320.8	-	-	-	-	-
11.581	3D MESSAGE	48	00	74	91	20	59	1B	8C	CF	19	8A	3C	21	16	97	C7	98	A6	9E	C7	0E	56	99	C7	A3	5A	A2	C7	20	20	BC	C7	21	16	97	C7	98	A6	9E	C7	0E	56	99	C7	A3	5A	A2	C7	20	20	BC	C7	00	00	00	00	00	00	00	00	00	00	00	00	00	00	00	00	00	00	00	00
11.581	3D DATA	true	-	-	-	-	-77356.3	-81229.2	-78508.1	-83125.3	-96320.2	-77356.3	-81229.2	-78508.1	-83125.3	-96320.2	-	-	-	-	-
11.582	3D MESSAGE	48	00	75	91	20	59	1C	8C	38	5F	87	3C	03	16	97	C7	6A	A6	9E	C7	F0	55	99	C7	7C	5A	A2	C7	DA	1F	BC	C7	03	16	97	C7	6A	A6	9E	C7	F0	55	99	C7	7C	5A	A2	C7	DA	1F	BC	C7	00	00	00	00	00	00	00	00	00	00	00	00	00	00	00	00	00	00	00	00
11.582	3D DATA	true	-	-	-	-	-77356.0	-81228.8	-78507.9	-83125.0	-96319.7	-77356.0	-81228.8	-78507.9	-83125.0	-96319.7	-	-	-	-	-
11.610	3D MESSAGE	48	00	76	91	20	59	1D	8C	38	5F	87	3C	E8	15	97	C7	34	A6	9E	C7	CC	55	99	C7	53	5A	A2	C7	94	1F	BC	C7	E8	15	97	C7	34	A6	9E	C7	CC	55	99	C7	53	5A	A2	C7	94	1F	BC	C7	00	00	00	00	00	00	00	00	00	00	00	00	00	00	00	00	00	00	00	00
11.610	3D DATA	true	-	-	-	-	-77355.8	-81228.4	-78507.6	-83124.6	-96319.2	-77355.8	-81228.4	-78507.6	-83124.6	-96319.2	-	-	-	-	-
11.611	3D MESSAGE	48	00	77	91	20	59	1E	8C	38	5F	87	3C	D1	15	97	C7	FE	A5	9E	C7	A4	55	99	C7	2A	5A	A2	C7	52	1F	BC	C7	D1	15	97	C7	FE	A5	9E	C7	A4	55	99	C7	2A	5A	A2	C7	52	1F	BC	C7	00	00	00	00	00	00	00	00	00	00	00	00	00	00	00	00	00	00	00	00
11.611	3D DATA	true	-	-	-	-	-77355.6	-81228.0	-78507.3	-83124.3	-96318.6	-77355.6	-81228.0	-78507.3	-83124.3	-96318.6	-	-	-	-	-
11.611	3D MESSAGE	48	00	78	91	20	59	1F	8C	38	5F	87	3C	BC	15	97	C7	D0	A5	9E	C7	7E	55	99	C7	04	5A	A2	C7	16	1F	BC	C7	BC	15	97	C7	D0	A5	9E	C7	7E	55	99	C7	04	5A	A2	C7	16	1F	BC	C7	00	00	00	00	00	00	00	00	00	00	00	00	00	00	00	00	00	00	00	00
11.611	3D DATA	true	-	-	-	-	-77355.5	-81227.6	-78507.0	-83124.0	-96318.2	-77355.5	-81227.6	-78507.0	-83124.0	-96318.2	-	-	-	-	-
11.611	3D MESSAGE	48	00	79	91	20	59	20	8C	38	5F	87	3C	AB	15	97	C7	B3	A5	9E	C7	5E	55	99	C7	E2	59	A2	C7	E2	1E	BC	C7	AB	15	97	C7	B3	A5	9E	C7	5E	55	99	C7	E2	59	A2	C7	E2	1E	BC	C7	00	00	00	00	00	00	00	00	00	00	00	00	00	00	00	00	00	00	00	00
11.611	3D DATA	true	-	-	-	-	-77355.3	-81227.4	-78506.7	-83123.8	-96317.8	-77355.3	-81227.4	-78506.7	-83123.8	-96317.8	-	-	-	-	-
11.612	3D MESSAGE	48	00	7A	91	20	59	21	8C	38	5F	87	3C	9E	15	97	C7	A9	A5	9E	C7	46	55	99	C7	C8	59	A2	C7	B9	1E	BC	C7	9E	15	97	C7	A9	A5	9E	C7	46	55	99	C7	C8	59	A2	C7	B9	1E	BC	C7	00	00	00	00	00	00	00	00	00	00	00	00	00	00	00	00	00	00	00	00
11.612	3D DATA	true	-	-	-	-	-77355.2	-81227.3	-78506.5	-83123.6	-96317.4	-77355.2	-81227.3	-78506.5	-83123.6	-96317.4	-	-	-	-	-
11.613	3D MESSAGE	48	00	7B	91	20	59	22	8C	38	5F	87	3C	97	15	97	C7	B4	A5	9E	C7	3A	55	99	C7	B8	59	A2	C7	A0	1E	BC	C7	97	15	97	C7	B4	A5	9E	C7	3A	55	99	C7	B8	59	A2	C7	A0	1E	BC	C7	00	00	00	00	00	00	00	00	00	00	00	00	00	00	00	00	00	00	00	00
11.613	3D DATA	true	-	-	-	-	-77355.2	-81227.4	-78506.5	-83123.4	-96317.2	-77355.2	-81227.4	-78506.5	-83123.4	-96317.2	-	-	-	-	-
11.642	3D MESSAGE	48	00	7C	91	20	59	23	8C	38	5F	87	3C	98	15	97	C7	D2	A5	9E	C7	37	55	99	C7	B4	59	A2	C7	9C	1E	BC	C7	98	15	97	C7	D2	A5	9E	C7	37	55	99	C7	B4	59	A2	C7	9C	1E	BC	C7	00	00	00	00	00	00	00	00	00	00	00	00	00	00	00	00	00	00	00	00
11.642	3D DATA	true	-	-	-	-	-77355.2	-81227.6	-78506.4	-83123.4	-96317.2	-77355.2	-81227.6	-78506.4	-83123.4	-96317.2	-	-	-	-	-
11.643	3D MESSAGE	48	00	7D	91	20	59	24	8C	38	5F	87	3C	A0	15	97	C7	FC	A5	9E	C7	3E	55	99	C7	BE	59	A2	C7	AE	1E	BC	C7	A0	15	97	C7	FC	A5	9E	C7	3E	55	99	C7	BE	59	A2	C7	AE	1E	BC	C7	00	00	00	00	00	00	00	00	00	00	00	00	00	00	00	00	00	00	00	00
11.643	3D DATA	true	-	-	-	-	-77355.2	-81228.0	-78506.5	-83123.5	-96317.4	-77355.2	-81228.0	-78506.5	-83123.5	-96317.4	-	-	-	-	-
11.643	3D MESSAGE	48	00	7E	91	20	59	25	8C	38	5F	87	3C	AE	15	97	C7	2A	A6	9E	C7	4C	55	99	C7	D1	59	A2	C7	D2	1E	BC	C7	AE	15	97	C7	2A	A6	9E	C7	4C	55	99	C7	D1	59	A2	C7	D2	1E	BC	C7	00	00	00	00	00	00	00	00	00	00	00	00	00	00	00	00	00	00	00	00
11.643	3D DATA	true	-	-	-	-	-77355.4	-81228.3	-78506.6	-83123.6	-96317.6	-77355.4	-81228.3	-78506.6	-83123.6	-96317.6	-	-	-	-	-
11.643	3D MESSAGE	48	00	7F	91	20	59	26	8C	38	5F	87	3C	C0	15	97	C7	54	A6	9E	C7	60	55	99	C7	EB	59	A2	C7	04	1F	BC	C7	C0	15	97	C7	54	A6	9E	C7	60	55	99	C7	EB	59	A2	C7	04	1F	BC	C7	00	00	00	00	00	00	00	00	00	00	00	00	00	00	00	00	00	00	00	00
11.643	3D DATA	true	-	-	-	-	-77355.5	-81228.7	-78506.8	-83123.8	-96318.0	-77355.5	-81228.7	-78506.8	-83123.8	-96318.0	-	-	-	-	-
11.643	3D MESSAGE	48	00	80	91	20	59	27	8C	38	5F	87	3C	CF	15	97	C7	73	A6	9E	C7	76	55	99	C7	06	5A	A2	C7	37	1F	BC	C7	CF	15	97	C7	73	A6	9E	C7	76	55	99	C7	06	5A	A2	C7	37	1F	BC	C7	00	00	00	00	00	00	00	00	00	00	00	00	00	00	00	00	00	00	00	00
11.643	3D DATA	true	-	-	-	-	-77355.6	-81228.9	-78506.9	-83124.0	-96318.4	-77355.6	-81228.9	-78506.9	-83124.0	-96318.4	-	-	-	-	-
11.644	3D MESSAGE	48	00	81	91	20	59	28	8C	38	5F	87	3C	DB	15	97	C7	81	A6	9E	C7	8C	55	99	C7	1C	5A	A2	C7	63	1F	BC	C7	DB	15	97	C7	81	A6	9E	C7	8C	55	99	C7	1C	5A	A2	C7	63	1F	BC	C7	00	00	00	00	00	00	00	00	00	00	00	00	00	00	00	00	00	00	00	00
11.644	3D DATA	true	-	-	-	-	-77355.7	-81229.0	-78507.1	-83124.2	-96318.8	-77355.7	-81229.0	-78507.1	-83124.2	-96318.8	-	-	-	-	-
11.672	3D MESSAGE	48	00	82	91	20	59	29	8C	38	5F	87	3C	E2	15	97	C7	7F	A6	9E	C7	A2	55	99	C7	2D	5A	A2	C7	80	1F	BC	C7	E2	15	97	C7	7F	A6	9E	C7	A2	55	99	C7	2D	5A	A2	C7	80	1F	BC	C7	00	00	00	00	00	00	00	00	00	00	00	00	00	00	00	00	00	00	00	00
11.672	3D DATA	true	-	-	-	-	-77355.8	-81229.0	-78507.3	-83124.4	-96319.0	-77355.8	-81229.0	-78507.3	-83124.4	-96319.0	-	-	-	-	-
11.673	3D MESSAGE	48	00	83	91	20	59	2A	8C	38	5F	87	3C	E5	15	97	C7	6F	A6	9E	C7	B4	55	99	C7	37	5A	A2	C7	8D	1F	BC	C7	E5	15	97	C7	6F	A6	9E	C7	B4	55	99	C7	37	5A	A2	C7	8D	1F	BC	C7	00	00	00	00	00	00	00	00	00	00	00	00	00	00	00	00	00	00	00	00
11.673	3D DATA	true	-	-	-	-	-77355.8	-81228.9	-78507.4	-83124.4	-96319.1	-77355.8	-81228.9	-78507.4	-83124.4	-96319.1	-	-	-	-	-
11.673	3D MESSAGE	48	00	84	91	20	59	2B	8C	38	5F	87	3C	E7	15	97	C7	56	A6	9E	C7	C3	55	99	C7	3C	5A	A2	C7	8E	1F	BC	C7	E7	15	97	C7	56	A6	9E	C7	C3	55	99	C7	3C	5A	A2	C7	8E	1F	BC	C7	00	00	00	00	00	00	00	00	00	00	00	00	00	00	00	00	00	00	00	00
11.673	3D DATA	true	-	-	-	-	-77355.8	-81228.7	-78507.5	-83124.5	-96319.1	-77355.8	-81228.7	-78507.5	-83124.5	-96319.1	-	-	-	-	-
11.673	3D MESSAGE	48	00	85	91	20	59	2C	8C	38	5F	87	3C	EB	15	97	C7	39	A6	9E	C7	CC	55	99	C7	3C	5A	A2	C7	88	1F	BC	C7	EB	15	97	C7	39	A6	9E	C7	CC	55	99	C7	3C	5A	A2	C7	88	1F	BC	C7	00	00	00	00	00	00	00	00	00	00	00	00	00	00	00	00	00	00	00	00
11.673	3D DATA	true	-	-	-	-	-77355.8	-81228.4	-78507.6	-83124.5	-96319.1	-77355.8	-81228.4	-78507.6	-83124.5	-96319.1	-	-	-	-	-
11.674	3D MESSAGE	48	00	86	91	20	59	2D	8C	38	5F	87	3C	F3	15	97	C7	1E	A6	9E	C7	CF	55	99	C7	3B	5A	A2	C7	84	1F	BC	C7	F3	15	97	C7	1E	A6	9E	C7	CF	55	99	C7	3B	5A	A2	C7	84	1F	BC	C7	00	00	00	00	00	00	00	00	00	00	00	00	00	00	00	00	00	00	00	00
11.674	3D DATA	true	-	-	-	-	-77355.9	-81228.2	-78507.6	-83124.5	-96319.0	-77355.9	-81228.2	-78507.6	-83124.5	-96319.0	-	-	-	-	-
11.674	3D MESSAGE	48	00	87	91	20	59	2E	8C	38	5F	87	3C	00	16	97	C7	08	A6	9E	C7	CE	55	99	C7	37	5A	A2	C7	88	1F	BC	C7	00	16	97	C7	08	A6	9E	C7	CE	55	99	C7	37	5A	A2	C7	88	1F	BC	C7	00	00	00	00	00	00	00	00	00	00	00	00	00	00	00	00	00	00	00	00
11.674	3D DATA	true	-	-	-	-	-77356.0	-81228.1	-78507.6	-83124.4	-96319.1	-77356.0	-81228.1	-78507.6	-83124.4	-96319.1	-	-	-	-	-
11.675	3D MESSAGE	48	00	88	91	20	59	2F	8C	38	5F	87	3C	11	16	97	C7	FB	A5	9E	C7	CC	55	99	C7	31	5A	A2	C7	96	1F	BC	C7	11	16	97	C7	FB	A5	9E	C7	CC	55	99	C7	31	5A	A2	C7	96	1F	BC	C7	00	00	00	00	00	00	00	00	00	00	00	00	00	00	00	00	00	00	00	00
11.675	3D DATA	true	-	-	-	-	-77356.1	-81228.0	-78507.6	-83124.4	-96319.2	-77356.1	-81228.0	-78507.6	-83124.4	-96319.2	-	-	-	-	-
11.705	3D MESSAGE	48	00	89	91	20	59	30	8C	38	5F	87	3C	23	16	97	C7	F9	A5	9E	C7	CE	55	99	C7	2A	5A	A2	C7	AB	1F	BC	C7	23	16	97	C7	F9	A5	9E	C7	CE	55	99	C7	2A	5A	A2	C7	AB	1F	BC	C7	00	00	00	00	00	00	00	00	00	00	00	00	00	00	00	00	00	00	00	00
11.705	3D DATA	true	-	-	-	-	-77356.3	-81227.9	-78507.6	-83124.3	-96319.3	-77356.3	-81227.9	-78507.6	-83124.3	-96319.3	-	-	-	-	-
11.705	3D MESSAGE	48	00	8A	91	20	59	31	8C	38	5F	87	3C	34	16	97	C7	01	A6	9E	C7	D4	55	99	C7	21	5A	A2	C7	C5	1F	BC	C7	34	16	97	C7	01	A6	9E	C7	D4	55	99	C7	21	5A	A2	C7	C5	1F	BC	C7	00	00	00	00	00	00	00	00	00	00	00	00	00	00	00	00	00	00	00	00
11.705	3D DATA	true	-	-	-	-	-77356.4	-81228.0	-78507.7	-83124.3	-96319.5	-77356.4	-81228.0	-78507.7	-83124.3	-96319.5	-	-	-	-	-
11.706	3D MESSAGE	48	00	8B	91	20	59	32	8C	38	5F	87	3C	42	16	97	C7	13	A6	9E	C7	E4	55	99	C7	19	5A	A2	C7	DE	1F	BC	C7	42	16	97	C7	13	A6	9E	C7	E4	55	99	C7	19	5A	A2	C7	DE	1F	BC	C7	00	00	00	00	00	00	00	00	00	00	00	00	00	00	00	00	00	00	00	00
11.706	3D DATA	true	-	-	-	-	-77356.5	-81228.1	-78507.8	-83124.2	-96319.7	-77356.5	-81228.1	-78507.8	-83124.2	-96319.7	-	-	-	-	-
11.706	3D MESSAGE	48	00	8C	91	20	59	33	8C	38	5F	87	3C	4C	16	97	C7	2D	A6	9E	C7	FC	55	99	C7	14	5A	A2	C7	F2	1F	BC	C7	4C	16	97	C7	2D	A6	9E	C7	FC	55	99	C7	14	5A	A2	C7	F2	1F	BC	C7	00	00	00	00	00	00	00	00	00	00	00	00	00	00	00	00	00	00	00	00
11.706	3D DATA	true	-	-	-	-	-77356.6	-81228.4	-78508.0	-83124.2	-96319.9	-77356.6	-81228.4	-78508.0	-83124.2	-96319.9	-	-	-	-	-
11.706	3D MESSAGE	48	00	8D	91	20	59	34	8C	38	5F	87	3C	52	16	97	C7	4B	A6	9E	C7	1C	56	99	C7	15	5A	A2	C7	FF	1F	BC	C7	52	16	97	C7	4B	A6	9E	C7	1C	56	99	C7	15	5A	A2	C7	FF	1F	BC	C7	00	00	00	00	00	00	00	00	00	00	00	00	00	00	00	00	00	00	00	00
11.706	3D DATA	true	-	-	-	-	-77356.6	-81228.6	-78508.2	-83124.2	-96320.0	-77356.6	-81228.6	-78508.2	-83124.2	-96320.0	-	-	-	-	-
11.707	3D MESSAGE	48	00	8E	91	20	59	35	8C	38	5F	87	3C	54	16	97	C7	6A	A6	9E	C7	40	56	99	C7	1C	5A	A2	C7	06	20	BC	C7	54	16	97	C7	6A	A6	9E	C7	40	56	99	C7	1C	5A	A2	C7	06	20	BC	C7	00	00	00	00	00	00	00	00	00	00	00	00	00	00	00	00	00	00	00	00
11.707	3D DATA	true	-	-	-	-	-77356.7	-81228.8	-78508.5	-83124.2	-96320.0	-77356.7	-81228.8	-78508.5	-83124.2	-96320.0	-	-	-	-	-
11.735	3D MESSAGE	48	00	8F	91	20	59	36	8C	38	5F	87	3C	54	16	97	C7	82	A6	9E	C7	63	56	99	C7	29	5A	A2	C7	05	20	BC	C7	54	16	97	C7	82	A6	9E	C7	63	56	99	C7	29	5A	A2	C7	05	20	BC	C7	00	00	00	00	00	00	00	00	00	00	00	00	00	00	00	00	00	00	00	00
11.735	3D DATA	true	-	-	-	-	-77356.7	-81229.0	-78508.8	-83124.3	-96320.0	-77356.7	-81229.0	-78508.8	-83124.3	-96320.0	-	-	-	-	-
11.735	3D MESSAGE	48	00	90	91	20	59	37	8C	38	5F	87	3C	52	16	97	C7	8F	A6	9E	C7	81	56	99	C7	3B	5A	A2	C7	00	20	BC	C7	52	16	97	C7	8F	A6	9E	C7	81	56	99	C7	3B	5A	A2	C7	00	20	BC	C7	00	00	00	00	00	00	00	00	00	00	00	00	00	00	00	00	00	00	00	00
11.735	3D DATA	true	-	-	-	-	-77356.6	-81229.1	-78509.0	-83124.5	-96320.0	-77356.6	-81229.1	-78509.0	-83124.5	-96320.0	-	-	-	-	-
11.736	3D MESSAGE	48	00	91	91	20	59	38	8C	38	5F	87	3C	51	16	97	C7	8C	A6	9E	C7	97	56	99	C7	51	5A	A2	C7	F7	1F	BC	C7	51	16	97	C7	8C	A6	9E	C7	97	56	99	C7	51	5A	A2	C7	F7	1F	BC	C7	00	00	00	00	00	00	00	00	00	00	00	00	00	00	00	00	00	00	00	00
11.736	3D DATA	true	-	-	-	-	-77356.6	-81229.1	-78509.2	-83124.6	-96319.9	-77356.6	-81229.1	-78509.2	-83124.6	-96319.9	-	-	-	-	-
11.736	3D MESSAGE	48	00	92	91	20	59	39	8C	38	5F	87	3C	50	16	97	C7	78	A6	9E	C7	A2	56	99	C7	68	5A	A2	C7	EE	1F	BC	C7	50	16	97	C7	78	A6	9E	C7	A2	56	99	C7	68	5A	A2	C7	EE	1F	BC	C7	00	00	00	00	00	00	00	00	00	00	00	00	00	00	00	00	00	00	00	00
11.736	3D DATA	true	-	-	-	-	-77356.6	-81228.9	-78509.3	-83124.8	-96319.9	-77356.6	-81228.9	-78509.3	-83124.8	-96319.9	-	-	-	-	-
11.736	3D MESSAGE	48	00	93	91	20	59	3A	8C	38	5F	87	3C	4E	16	97	C7	55	A6	9E	C7	A2	56	99	C7	80	5A	A2	C7	E8	1F	BC	C7	4E	16	97	C7	55	A6	9E	C7	A2	56	99	C7	80	5A	A2	C7	E8	1F	BC	C7	00	00	00	00	00	00	00	00	00	00	00	00	00	00	00	00	00	00	00	00
11.736	3D DATA	true	-	-	-	-	-77356.6	-81228.7	-78509.3	-83125.0	-96319.8	-77356.6	-81228.7	-78509.3	-83125.0	-96319.8	-	-	-	-	-
11.737	3D MESSAGE	48	00	94	91	20	59	3B	8C	38	5F	87	3C	4C	16	97	C7	29	A6	9E	C7	9B	56	99	C7	99	5A	A2	C7	E5	1F	BC	C7	4C	16	97	C7	29	A6	9E	C7	9B	56	99	C7	99	5A	A2	C7	E5	1F	BC	C7	00	00	00	00	00	00	00	00	00	00	00	00	00	00	00	00	00	00	00	00
11.737	3D DATA	true	-	-	-	-	-77356.6	-81228.3	-78509.2	-83125.2	-96319.8	-77356.6	-81228.3	-78509.2	-83125.2	-96319.8	-	-	-	-	-
11.766	3D MESSAGE	48	00	95	91	20	59	3C	8C	38	5F	87	3C	49	16	97	C7	FA	A5	9E	C7	90	56	99	C7	B1	5A	A2	C7	E7	1F	BC	C7	49	16	97	C7	FA	A5	9E	C7	90	56	99	C7	B1	5A	A2	C7	E7	1F	BC	C7	00	00	00	00	00	00	00	00	00	00	00	00	00	00	00	00	00	00	00	00
11.766	3D DATA	true	-	-	-	-	-77356.6	-81228.0	-78509.1	-83125.4	-96319.8	-77356.6	-81228.0	-78509.1	-83125.4	-96319.8	-	-	-	-	-
11.767	3D MESSAGE	48	00	96	91	20	59	3D	8C	38	5F	87	3C	41	16	97	C7	D0	A5	9E	C7	84	56	99	C7	C6	5A	A2	C7	EA	1F	BC	C7	41	16	97	C7	D0	A5	9E	C7	84	56	99	C7	C6	5A	A2	C7	EA	1F	BC	C7	00	00	00	00	00	00	00	00	00	00	00	00	00	00	00	00	00	00	00	00
11.767	3D DATA	true	-	-	-	-	-77356.5	-81227.6	-78509.0	-83125.5	-96319.8	-77356.5	-81227.6	-78509.0	-83125.5	-96319.8	-	-	-	-	-
11.767	3D MESSAGE	48	00	97	91	20	59	3E	8C	38	5F	87	3C	35	16	97	C7	B0	A5	9E	C7	7A	56	99	C7	D6	5A	A2	C7	EB	1F	BC	C7	35	16	97	C7	B0	A5	9E	C7	7A	56	99	C7	D6	5A	A2	C7	EB	1F	BC	C7	00	00	00	00	00	00	00	00	00	00	00	00	00	00	00	00	00	00	00	00
11.767	3D DATA	true	-	-	-	-	-77356.4	-81227.4	-78509.0	-83125.7	-96319.8	-77356.4	-81227.4	-78509.0	-83125.7	-96319.8	-	-	-	-	-
11.767	3D MESSAGE	48	00	98	91	20	59	3F	8C	38	5F	87	3C	23	16	97	C7	9B	A5	9E	C7	72	56	99	C7	DC	5A	A2	C7	E5	1F	BC	C7	23	16	97	C7	9B	A5	9E	C7	72	56	99	C7	DC	5A	A2	C7	E5	1F	BC	C7	00	00	00	00	00	00	00	00	00	00	00	00	00	00	00	00	00	00	00	00
11.767	3D DATA	true	-	-	-	-	-77356.3	-81227.2	-78508.9	-83125.7	-96319.8	-77356.3	-81227.2	-78508.9	-83125.7	-96319.8	-	-	-	-	-
11.768	3D MESSAGE	48	00	99	91	20	59	40	8C	38	5F	87	3C	0C	16	97	C7	8F	A5	9E	C7	68	56	99	C7	D9	5A	A2	C7	D4	1F	BC	C7	0C	16	97	C7	8F	A5	9E	C7	68	56	99	C7	D9	5A	A2	C7	D4	1F	BC	C7	00	00	00	00	00	00	00	00	00	00	00	00	00	00	00	00	00	00	00	00
11.768	3D DATA	true	-	-	-	-	-77356.1	-81227.1	-78508.8	-83125.7	-96319.7	-77356.1	-81227.1	-78508.8	-83125.7	-96319.7	-	-	-	-	-
11.768	3D MESSAGE	48	00	9A	91	20	59	41	8C	38	5F	87	3C	F2	15	97	C7	8B	A5	9E	C7	5C	56	99	C7	CA	5A	A2	C7	BA	1F	BC	C7	F2	15	97	C7	8B	A5	9E	C7	5C	56	99	C7	CA	5A	A2	C7	BA	1F	BC	C7	00	00	00	00	00	00	00	00	00	00	00	00	00	00	00	00	00	00	00	00
11.768	3D DATA	true	-	-	-	-	-77355.9	-81227.1	-78508.7	-83125.6	-96319.5	-77355.9	-81227.1	-78508.7	-83125.6	-96319.5	-	-	-	-	-
11.810	3D MESSAGE	48	00	9B	91	20	59	42	8C	38	5F	87	3C	D8	15	97	C7	8C	A5	9E	C7	4A	56	99	C7	B1	5A	A2	C7	99	1F	BC	C7	D8	15	97	C7	8C	A5	9E	C7	4A	56	99	C7	B1	5A	A2	C7	99	1F	BC	C7	00	00	00	00	00	00	00	00	00	00	00	00	00	00	00	00	00	00	00	00
11.810	3D DATA	true	-	-	-	-	-77355.7	-81227.1	-78508.6	-83125.4	-96319.2	-77355.7	-81227.1	-78508.6	-83125.4	-96319.2	-	-	-	-	-
11.826	3D MESSAGE	48	00	9C	91	20	59	43	8C	38	5F	87	3C	C3	15	97	C7	91	A5	9E	C7	32	56	99	C7	94	5A	A2	C7	78	1F	BC	C7	C3	15	97	C7	91	A5	9E	C7	32	56	99	C7	94	5A	A2	C7	78	1F	BC	C7	00	00	00	00	00	00	00	00	00	00	00	00	00	00	00	00	00	00	00	00
11.826	3D DATA	true	-	-	-	-	-77355.5	-81227.1	-78508.4	-83125.2	-96318.9	-77355.5	-81227.1	-78508.4	-83125.2	-96318.9	-	-	-	-	-
11.827	3D MESSAGE	48	00	9D	91	20	59	44	8C	04	78	84	3C	B7	15	97	C7	99	A5	9E	C7	18	56	99	C7	76	5A	A2	C7	5E	1F	BC	C7	B7	15	97	C7	99	A5	9E	C7	18	56	99	C7	76	5A	A2	C7	5E	1F	BC	C7	00	00	00	00	00	00	00	00	00	00	00	00	00	00	00	00	00	00	00	00
11.827	3D DATA	true	-	-	-	-	-77355.4	-81227.2	-78508.2	-83124.9	-96318.7	-77355.4	-81227.2	-78508.2	-83124.9	-96318.7	-	-	-	-	-
11.827	3D MESSAGE	48	00	9E	91	20	59	45	8C	04	78	84	3C	B6	15	97	C7	A4	A5	9E	C7	FF	55	99	C7	5E	5A	A2	C7	4C	1F	BC	C7	B6	15	97	C7	A4	A5	9E	C7	FF	55	99	C7	5E	5A	A2	C7	4C	1F	BC	C7	00	00	00	00	00	00	00	00	00	00	00	00	00	00	00	00	00	00	00	00
11.827	3D DATA	true	-	-	-	-	-77355.4	-81227.3	-78508.0	-83124.7	-96318.6	-77355.4	-81227.3	-78508.0	-83124.7	-96318.6	-	-	-	-	-
11.828	3D MESSAGE	48	00	9F	91	20	59	46	8C	04	78	84	3C	C2	15	97	C7	B2	A5	9E	C7	EA	55	99	C7	4D	5A	A2	C7	45	1F	BC	C7	C2	15	97	C7	B2	A5	9E	C7	EA	55	99	C7	4D	5A	A2	C7	45	1F	BC	C7	00	00	00	00	00	00	00	00	00	00	00	00	00	00	00	00	00	00	00	00
11.828	3D DATA	true	-	-	-	-	-77355.5	-81227.4	-78507.8	-83124.6	-96318.5	-77355.5	-81227.4	-78507.8	-83124.6	-96318.5	-	-	-	-	-
11.828	3D MESSAGE	48	00	A0	91	20	59	47	8C	04	78	84	3C	D8	15	97	C7	C3	A5	9E	C7	DC	55	99	C7	46	5A	A2	C7	47	1F	BC	C7	D8	15	97	C7	C3	A5	9E	C7	DC	55	99	C7	46	5A	A2	C7	47	1F	BC	C7	00	00	00	00	00	00	00	00	00	00	00	00	00	00	00	00	00	00	00	00
11.828	3D DATA	true	-	-	-	-	-77355.7	-81227.5	-78507.7	-83124.5	-96318.6	-77355.7	-81227.5	-78507.7	-83124.5	-96318.6	-	-	-	-	-
11.828	3D MESSAGE	48	00	A1	91	20	59	48	8C	04	78	84	3C	F4	15	97	C7	D8	A5	9E	C7	D6	55	99	C7	46	5A	A2	C7	4E	1F	BC	C7	F4	15	97	C7	D8	A5	9E	C7	D6	55	99	C7	46	5A	A2	C7	4E	1F	BC	C7	00	00	00	00	00	00	00	00	00	00	00	00	00	00	00	00	00	00	00	00
11.828	3D DATA	true	-	-	-	-	-77355.9	-81227.7	-78507.7	-83124.5	-96318.6	-77355.9	-81227.7	-78507.7	-83124.5	-96318.6	-	-	-	-	-
11.829	3D MESSAGE	48	00	A2	91	20	59	49	8C	04	78	84	3C	12	16	97	C7	EE	A5	9E	C7	D6	55	99	C7	4C	5A	A2	C7	58	1F	BC	C7	12	16	97	C7	EE	A5	9E	C7	D6	55	99	C7	4C	5A	A2	C7	58	1F	BC	C7	00	00	00	00	00	00	00	00	00	00	00	00	00	00	00	00	00	00	00	00
11.829	3D DATA	true	-	-	-	-	-77356.1	-81227.9	-78507.7	-83124.6	-96318.7	-77356.1	-81227.9	-78507.7	-83124.6	-96318.7	-	-	-	-	-
11.830	3D MESSAGE	48	00	A3	91	20	59	4A	8C	04	78	84	3C	2E	16	97	C7	06	A6	9E	C7	DC	55	99	C7	55	5A	A2	C7	64	1F	BC	C7	2E	16	97	C7	06	A6	9E	C7	DC	55	99	C7	55	5A	A2	C7	64	1F	BC	C7	00	00	00	00	00	00	00	00	00	00	00	00	00	00	00	00	00	00	00	00
11.830	3D DATA	true	-	-	-	-	-77356.4	-81228.0	-78507.7	-83124.7	-96318.8	-77356.4	-81228.0	-78507.7	-83124.7	-96318.8	-	-	-	-	-
11.830	3D MESSAGE	48	00	A4	91	20	59	4B	8C	04	78	84	3C	43	16	97	C7	1E	A6	9E	C7	E4	55	99	C7	5E	5A	A2	C7	72	1F	BC	C7	43	16	97	C7	1E	A6	9E	C7	E4	55	99	C7	5E	5A	A2	C7	72	1F	BC	C7	00	00	00	00	00	00	00	00	00	00	00	00	00	00	00	00	00	00	00	00
11.830	3D DATA	true	-	-	-	-	-77356.5	-81228.2	-78507.8	-83124.7	-96318.9	-77356.5	-81228.2	-78507.8	-83124.7	-96318.9	-	-	-	-	-
11.830	3D MESSAGE	48	00	A5	91	20	59	4C	8C	04	78	84	3C	50	16	97	C7	36	A6	9E	C7	ED	55	99	C7	64	5A	A2	C7	83	1F	BC	C7	50	16	97	C7	36	A6	9E	C7	ED	55	99	C7	64	5A	A2	C7	83	1F	BC	C7	00	00	00	00	00	00	00	00	00	00	00	00	00	00	00	00	00	00	00	00
11.830	3D DATA	true	-	-	-	-	-77356.6	-81228.4	-78507.9	-83124.8	-96319.0	-77356.6	-81228.4	-78507.9	-83124.8	-96319.0	-	-	-	-	-
11.831	3D MESSAGE	48	00	A6	91	20	59	4D	8C	04	78	84	3C	52	16	97	C7	4B	A6	9E	C7	F6	55	99	C7	68	5A	A2	C7	98	1F	BC	C7	52	16	97	C7	4B	A6	9E	C7	F6	55	99	C7	68	5A	A2	C7	98	1F	BC	C7	00	00	00	00	00	00	00	00	00	00	00	00	00	00	00	00	00	00	00	00
11.831	3D DATA	true	-	-	-	-	-77356.6	-81228.6	-78507.9	-83124.8	-96319.2	-77356.6	-81228.6	-78507.9	-83124.8	-96319.2	-	-	-	-	-
11.831	3D MESSAGE	48	00	A7	91	20	59	4E	8C	04	78	84	3C	4A	16	97	C7	5D	A6	9E	C7	00	56	99	C7	69	5A	A2	C7	AC	1F	BC	C7	4A	16	97	C7	5D	A6	9E	C7	00	56	99	C7	69	5A	A2	C7	AC	1F	BC	C7	00	00	00	00	00	00	00	00	00	00	00	00	00	00	00	00	00	00	00	00
11.831	3D DATA	true	-	-	-	-	-77356.6	-81228.7	-78508.0	-83124.8	-96319.3	-77356.6	-81228.7	-78508.0	-83124.8	-96319.3	-	-	-	-	-
11.831	3D MESSAGE	48	00	A8	91	20	59	4F	8C	04	78	84	3C	38	16	97	C7	69	A6	9E	C7	07	56	99	C7	67	5A	A2	C7	BC	1F	BC	C7	38	16	97	C7	69	A6	9E	C7	07	56	99	C7	67	5A	A2	C7	BC	1F	BC	C7	00	00	00	00	00	00	00	00	00	00	00	00	00	00	00	00	00	00	00	00
11.831	3D DATA	true	-	-	-	-	-77356.4	-81228.8	-78508.1	-83124.8	-96319.5	-77356.4	-81228.8	-78508.1	-83124.8	-96319.5	-	-	-	-	-
11.859	3D MESSAGE	48	00	A9	91	20	59	50	8C	04	78	84	3C	20	16	97	C7	6D	A6	9E	C7	0B	56	99	C7	61	5A	A2	C7	C5	1F	BC	C7	20	16	97	C7	6D	A6	9E	C7	0B	56	99	C7	61	5A	A2	C7	C5	1F	BC	C7	00	00	00	00	00	00	00	00	00	00	00	00	00	00	00	00	00	00	00	00
11.859	3D DATA	true	-	-	-	-	-77356.2	-81228.9	-78508.1	-83124.8	-96319.5	-77356.2	-81228.9	-78508.1	-83124.8	-96319.5	-	-	-	-	-
11.859	3D MESSAGE	48	00	AA	91	20	59	51	8C	04	78	84	3C	04	16	97	C7	6A	A6	9E	C7	0B	56	99	C7	5A	5A	A2	C7	C4	1F	BC	C7	04	16	97	C7	6A	A6	9E	C7	0B	56	99	C7	5A	5A	A2	C7	C4	1F	BC	C7	00	00	00	00	00	00	00	00	00	00	00	00	00	00	00	00	00	00	00	00
11.859	3D DATA	true	-	-	-	-	-77356.0	-81228.8	-78508.1	-83124.7	-96319.5	-77356.0	-81228.8	-78508.1	-83124.7	-96319.5	-	-	-	-	-
11.860	3D MESSAGE	48	00	AB	91	20	59	52	8C	04	78	84	3C	EA	15	97	C7	62	A6	9E	C7	08	56	99	C7	52	5A	A2	C7	BB	1F	BC	C7	EA	15	97	C7	62	A6	9E	C7	08	56	99	C7	52	5A	A2	C7	BB	1F	BC	C7	00	00	00	00	00	00	00	00	00	00	00	00	00	00	00	00	00	00	00	00
11.860	3D DATA	true	-	-	-	-	-77355.8	-81228.8	-78508.1	-83124.6	-96319.5	-77355.8	-81228.8	-78508.1	-83124.6	-96319.5	-	-	-	-	-
11.860	3D MESSAGE	48	00	AC	91	20	59	53	8C	04	78	84	3C	D6	15	97	C7	58	A6	9E	C7	05	56	99	C7	4B	5A	A2	C7	B2	1F	BC	C7	D6	15	97	C7	58	A6	9E	C7	05	56	99	C7	4B	5A	A2	C7	B2	1F	BC	C7	00	00	00	00	00	00	00	00	00	00	00	00	00	00	00	00	00	00	00	00
11.860	3D DATA	true	-	-	-	-	-77355.7	-81228.7	-78508.0	-83124.6	-96319.4	-77355.7	-81228.7	-78508.0	-83124.6	-96319.4	-	-	-	-	-
11.860	3D MESSAGE	48	00	AD	91	20	59	54	8C	04	78	84	3C	CB	15	97	C7	50	A6	9E	C7	01	56	99	C7	48	5A	A2	C7	AF	1F	BC	C7	CB	15	97	C7	50	A6	9E	C7	01	56	99	C7	48	5A	A2	C7	AF	1F	BC	C7	00	00	00	00	00	00	00	00	00	00	00	00	00	00	00	00	00	00	00	00
11.860	3D DATA	true	-	-	-	-	-77355.6	-81228.6	-78508.0	-83124.6	-96319.4	-77355.6	-81228.6	-78508.0	-83124.6	-96319.4	-	-	-	-	-
11.861	3D MESSAGE	48	00	AE	91	20	59	55	8C	04	78	84	3C	CD	15	97	C7	4F	A6	9E	C7	FF	55	99	C7	48	5A	A2	C7	B8	1F	BC	C7	CD	15	97	C7	4F	A6	9E	C7	FF	55	99	C7	48	5A	A2	C7	B8	1F	BC	C7	00	00	00	00	00	00	00	00	00	00	00	00	00	00	00	00	00	00	00	00
11.861	3D DATA	true	-	-	-	-	-77355.6	-81228.6	-78508.0	-83124.6	-96319.4	-77355.6	-81228.6	-78508.0	-83124.6	-96319.4	-	-	-	-	-
11.894	3D MESSAGE	48	00	AF	91	20	59	56	8C	04	78	84	3C	DA	15	97	C7	53	A6	9E	C7	FE	55	99	C7	4A	5A	A2	C7	CB	1F	BC	C7	DA	15	97	C7	53	A6	9E	C7	FE	55	99	C7	4A	5A	A2	C7	CB	1F	BC	C7	00	00	00	00	00	00	00	00	00	00	00	00	00	00	00	00	00	00	00	00
11.894	3D DATA	true	-	-	-	-	-77355.7	-81228.6	-78508.0	-83124.6	-96319.6	-77355.7	-81228.6	-78508.0	-83124.6	-96319.6	-	-	-	-	-
11.894	3D MESSAGE	48	00	B0	91	20	59	57	8C	04	78	84	3C	EE	15	97	C7	5C	A6	9E	C7	FC	55	99	C7	4F	5A	A2	C7	E4	1F	BC	C7	EE	15	97	C7	5C	A6	9E	C7	FC	55	99	C7	4F	5A	A2	C7	E4	1F	BC	C7	00	00	00	00	00	00	00	00	00	00	00	00	00	00	00	00	00	00	00	00
11.894	3D DATA	true	-	-	-	-	-77355.9	-81228.7	-78508.0	-83124.6	-96319.8	-77355.9	-81228.7	-78508.0	-83124.6	-96319.8	-	-	-	-	-
11.895	3D MESSAGE	48	00	B1	91	20	59	58	8C	04	78	84	3C	05	16	97	C7	64	A6	9E	C7	F6	55	99	C7	52	5A	A2	C7	FA	1F	BC	C7	05	16	97	C7	64	A6	9E	C7	F6	55	99	C7	52	5A	A2	C7	FA	1F	BC	C7	00	00	00	00	00	00	00	00	00	00	00	00	00	00	00	00	00	00	00	00
11.895	3D DATA	true	-	-	-	-	-77356.0	-81228.8	-78507.9	-83124.6	-96320.0	-77356.0	-81228.8	-78507.9	-83124.6	-96320.0	-	-	-	-	-
11.895	3D MESSAGE	48	00	B2	91	20	59	59	8C	04	78	84	3C	17	16	97	C7	66	A6	9E	C7	EC	55	99	C7	50	5A	A2	C7	02	20	BC	C7	17	16	97	C7	66	A6	9E	C7	EC	55	99	C7	50	5A	A2	C7	02	20	BC	C7	00	00	00	00	00	00	00	00	00	00	00	00	00	00	00	00	00	00	00	00
11.895	3D DATA	true	-	-	-	-	-77356.2	-81228.8	-78507.8	-83124.6	-96320.0	-77356.2	-81228.8	-78507.8	-83124.6	-96320.0	-	-	-	-	-
11.895	3D MESSAGE	48	00	B3	91	20	59	5A	8C	04	78	84	3C	22	16	97	C7	5D	A6	9E	C7	DB	55	99	C7	48	5A	A2	C7	F5	1F	BC	C7	22	16	97	C7	5D	A6	9E	C7	DB	55	99	C7	48	5A	A2	C7	F5	1F	BC	C7	00	00	00	00	00	00	00	00	00	00	00	00	00	00	00	00	00	00	00	00
11.895	3D DATA	true	-	-	-	-	-77356.3	-81228.7	-78507.7	-83124.6	-96319.9	-77356.3	-81228.7	-78507.7	-83124.6	-96319.9	-	-	-	-	-
11.896	3D MESSAGE	48	00	B4	91	20	59	5B	8C	04	78	84	3C	22	16	97	C7	48	A6	9E	C7	C4	55	99	C7	3B	5A	A2	C7	D2	1F	BC	C7	22	16	97	C7	48	A6	9E	C7	C4	55	99	C7	3B	5A	A2	C7	D2	1F	BC	C7	00	00	00	00	00	00	00	00	00	00	00	00	00	00	00	00	00	00	00	00
11.896	3D DATA	true	-	-	-	-	-77356.3	-81228.6	-78507.5	-83124.5	-96319.6	-77356.3	-81228.6	-78507.5	-83124.5	-96319.6	-	-	-	-	-
11.896	3D MESSAGE	48	00	B5	91	20	59	5C	8C	04	78	84	3C	18	16	97	C7	28	A6	9E	C7	A9	55	99	C7	29	5A	A2	C7	9E	1F	BC	C7	18	16	97	C7	28	A6	9E	C7	A9	55	99	C7	29	5A	A2	C7	9E	1F	BC	C7	00	00	00	00	00	00	00	00	00	00	00	00	00	00	00	00	00	00	00	00
11.896	3D DATA	true	-	-	-	-	-77356.2	-81228.3	-78507.3	-83124.3	-96319.2	-77356.2	-81228.3	-78507.3	-83124.3	-96319.2	-	-	-	-	-
