Aurea 3.0.04
VersionInfo: 3D Bridge, I2C Bridge 2.21
VersionInfo: 3D Customer String, - empty -
VersionInfo: 3D FW Version, 3.0.04 ID4400r3973
VersionInfo: 3D Parameter ID, 0
VersionInfo: 3D Platform, MGC3140 (48 pins, multi-TX)

TIME (s)	3D DATA	Running	fTx	Pos x	Pos y	Pos z	CIC S	CIC W	CIC N	CIC E	CIC C	SD S	SD W	SD N	SD E	SD C	Touch	Tap	DblTap	AirWheel	Gesture
TIME (s)	3D MESSAGE	Byte 1	Byte 2	...

TIME (s)	2D DATA	TxFreq	TxVolt	AVG	MsgType	Values
TIME (s)	2D MESSAGE	MsgID	Payload

0.024	3D MESSAGE	48	00	F4	91	20	59	68	8C	32	8D	A8	3C	08	07	97	C7	9A	DE	9E	C7	B7	81	99	C7	8A	53	A2	C7	39	65	BC	C7	00	00	B5	3F	00	00	04	40	00	00	A2	3F	00	00	83	3F	00	80	5B	40	00	00	00	00	00	00	00	00	00	00	00	00	00	00	00	00	00	00	00	00
0.024	3D DATA	true	-	-	-	-	-77326.1	-81341.2	-78595.4	-83111.1	-96458.4	1.4	2.1	1.3	1.0	3.4	-	-	-	-	-
0.025	3D MESSAGE	48	00	F5	91	20	59	69	8C	32	8D	A8	3C	18	07	97	C7	A6	DE	9E	C7	B4	81	99	C7	85	53	A2	C7	42	65	BC	C7	00	00	A5	3F	00	00	FC	3F	00	00	A5	3F	00	00	88	3F	00	00	57	40	00	00	00	00	00	00	00	00	00	00	00	00	00	00	00	00	00	00	00	00
0.025	3D DATA	true	-	-	-	-	-77326.2	-81341.3	-78595.4	-83111.0	-96458.5	1.3	2.0	1.3	1.1	3.4	-	-	-	-	-
0.025	3D MESSAGE	48	00	F6	91	20	59	6A	8C	32	8D	A8	3C	25	07	97	C7	AA	DE	9E	C7	B2	81	99	C7	86	53	A2	C7	50	65	BC	C7	00	00	98	3F	00	00	F8	3F	00	00	A7	3F	00	00	87	3F	00	00	50	40	00	00	00	00	00	00	00	00	00	00	00	00	00	00	00	00	00	00	00	00
0.025	3D DATA	true	-	-	-	-	-77326.3	-81341.3	-78595.4	-83111.0	-96458.6	1.2	1.9	1.3	1.1	3.2	-	-	-	-	-
0.025	3D MESSAGE	48	00	F7	91	20	59	6B	8C	32	8D	A8	3C	2A	07	97	C7	A8	DE	9E	C7	AE	81	99	C7	8B	53	A2	C7	64	65	BC	C7	00	00	93	3F	00	00	FA	3F	00	00	AB	3F	00	00	82	3F	00	00	46	40	00	00	00	00	00	00	00	00	00	00	00	00	00	00	00	00	00	00	00	00
0.025	3D DATA	true	-	-	-	-	-77326.3	-81341.3	-78595.4	-83111.1	-96458.8	1.1	2.0	1.3	1.0	3.1	-	-	-	-	-
0.026	3D MESSAGE	48	00	F8	91	20	59	6C	8C	32	8D	A8	3C	27	07	97	C7	A2	DE	9E	C7	A9	81	99	C7	94	53	A2	C7	81	65	BC	C7	00	00	96	3F	00	00	00	40	00	00	B0	3F	00	00	72	3F	00	80	37	40	00	00	00	00	00	00	00	00	00	00	00	00	00	00	00	00	00	00	00	00
0.026	3D DATA	true	-	-	-	-	-77326.3	-81341.3	-78595.3	-83111.2	-96459.0	1.2	2.0	1.4	0.9	2.9	-	-	-	-	-
0.026	3D MESSAGE	48	00	F9	91	20	59	6D	8C	32	8D	A8	3C	1C	07	97	C7	9C	DE	9E	C7	A3	81	99	C7	9E	53	A2	C7	A6	65	BC	C7	00	00	A1	3F	00	00	03	40	00	00	B6	3F	00	00	5E	3F	00	00	25	40	00	00	00	00	00	00	00	00	00	00	00	00	00	00	00	00	00	00	00	00
0.026	3D DATA	true	-	-	-	-	-77326.2	-81341.2	-78595.3	-83111.2	-96459.3	1.3	2.0	1.4	0.9	2.6	-	-	-	-	-
0.027	3D MESSAGE	48	00	FA	91	20	59	6E	8C	32	8D	A8	3C	0E	07	97	C7	9A	DE	9E	C7	9C	81	99	C7	A8	53	A2	C7	D2	65	BC	C7	00	00	AF	3F	00	00	04	40	00	00	BD	3F	00	00	4A	3F	00	00	0F	40	00	00	00	00	00	00	00	00	00	00	00	00	00	00	00	00	00	00	00	00
0.027	3D DATA	true	-	-	-	-	-77326.1	-81341.2	-78595.2	-83111.3	-96459.6	1.4	2.1	1.5	0.8	2.2	-	-	-	-	-
0.052	3D MESSAGE	48	00	FB	91	20	59	6F	8C	32	8D	A8	3C	02	07	97	C7	9E	DE	9E	C7	97	81	99	C7	B2	53	A2	C7	02	66	BC	C7	00	00	BB	3F	00	00	02	40	00	00	C2	3F	00	00	36	3F	00	00	EE	3F	00	00	00	00	00	00	00	00	00	00	00	00	00	00	00	00	00	00	00	00
0.052	3D DATA	true	-	-	-	-	-77326.0	-81341.2	-78595.2	-83111.4	-96460.0	1.5	2.0	1.5	0.7	1.9	-	-	-	-	-
0.053	3D MESSAGE	48	00	FC	91	20	59	70	8C	32	8D	A8	3C	FE	06	97	C7	AC	DE	9E	C7	95	81	99	C7	B9	53	A2	C7	2E	66	BC	C7	00	00	BF	3F	00	00	F6	3F	00	00	C4	3F	00	00	28	3F	00	00	C2	3F	00	00	00	00	00	00	00	00	00	00	00	00	00	00	00	00	00	00	00	00
0.053	3D DATA	true	-	-	-	-	-77326.0	-81341.3	-78595.2	-83111.4	-96460.4	1.5	1.9	1.5	0.7	1.5	-	-	-	-	-
0.053	3D MESSAGE	48	00	FD	91	20	59	71	8C	32	8D	A8	3C	04	07	97	C7	BF	DE	9E	C7	97	81	99	C7	BD	53	A2	C7	51	66	BC	C7	00	00	B9	3F	00	00	E3	3F	00	00	C2	3F	00	00	20	3F	00	00	9F	3F	00	00	00	00	00	00	00	00	00	00	00	00	00	00	00	00	00	00	00	00
0.053	3D DATA	true	-	-	-	-	-77326.0	-81341.5	-78595.2	-83111.5	-96460.6	1.4	1.8	1.5	0.6	1.2	-	-	-	-	-
0.053	3D MESSAGE	48	00	FE	91	20	59	72	8C	32	8D	A8	3C	14	07	97	C7	D6	DE	9E	C7	9E	81	99	C7	BC	53	A2	C7	66	66	BC	C7	00	00	A9	3F	00	00	CC	3F	00	00	BB	3F	00	00	22	3F	00	00	8A	3F	00	00	00	00	00	00	00	00	00	00	00	00	00	00	00	00	00	00	00	00
0.053	3D DATA	true	-	-	-	-	-77326.2	-81341.7	-78595.2	-83111.5	-96460.8	1.3	1.6	1.5	0.6	1.1	-	-	-	-	-
0.053	3D MESSAGE	48	00	FF	91	20	59	73	8C	32	8D	A8	3C	2C	07	97	C7	ED	DE	9E	C7	AC	81	99	C7	B7	53	A2	C7	6B	66	BC	C7	00	00	91	3F	00	00	B5	3F	00	00	AD	3F	00	00	2C	3F	00	00	85	3F	00	00	00	00	00	00	00	00	00	00	00	00	00	00	00	00	00	00	00	00
0.053	3D DATA	true	-	-	-	-	-77326.3	-81341.9	-78595.3	-83111.4	-96460.8	1.1	1.4	1.4	0.7	1.0	-	-	-	-	-
0.054	3D MESSAGE	48	00	00	91	20	59	74	8C	32	8D	A8	3C	46	07	97	C7	00	DF	9E	C7	C0	81	99	C7	AE	53	A2	C7	63	66	BC	C7	00	00	6E	3F	00	00	A2	3F	00	00	99	3F	00	00	3E	3F	00	00	8D	3F	00	00	00	00	00	00	00	00	00	00	00	00	00	00	00	00	00	00	00	00
0.054	3D DATA	true	-	-	-	-	-77326.5	-81342.0	-78595.5	-83111.4	-96460.8	0.9	1.3	1.2	0.7	1.1	-	-	-	-	-
0.083	3D MESSAGE	48	00	01	91	20	59	75	8C	32	8D	A8	3C	5B	07	97	C7	0E	DF	9E	C7	D9	81	99	C7	A2	53	A2	C7	51	66	BC	C7	00	00	44	3F	00	00	94	3F	00	00	80	3F	00	00	56	3F	00	00	9F	3F	00	00	00	00	00	00	00	00	00	00	00	00	00	00	00	00	00	00	00	00
0.083	3D DATA	true	-	-	-	-	-77326.7	-81342.1	-78595.7	-83111.3	-96460.6	0.8	1.2	1.0	0.8	1.2	-	-	-	-	-
0.084	3D MESSAGE	48	00	02	91	20	59	76	8C	32	8D	A8	3C	68	07	97	C7	14	DF	9E	C7	F5	81	99	C7	94	53	A2	C7	3A	66	BC	C7	00	00	2A	3F	00	00	8E	3F	00	00	48	3F	00	00	72	3F	00	00	B6	3F	00	00	00	00	00	00	00	00	00	00	00	00	00	00	00	00	00	00	00	00
0.084	3D DATA	true	-	-	-	-	-77326.8	-81342.2	-78595.9	-83111.2	-96460.5	0.7	1.1	0.8	0.9	1.4	-	-	-	-	-
0.084	3D MESSAGE	48	00	03	91	20	59	77	8C	32	8D	A8	3C	6C	07	97	C7	15	DF	9E	C7	11	82	99	C7	87	53	A2	C7	21	66	BC	C7	00	00	22	3F	00	00	8D	3F	00	00	10	3F	00	00	86	3F	00	00	CF	3F	00	00	00	00	00	00	00	00	00	00	00	00	00	00	00	00	00	00	00	00
0.084	3D DATA	true	-	-	-	-	-77326.8	-81342.2	-78596.1	-83111.1	-96460.3	0.6	1.1	0.6	1.0	1.6	-	-	-	-	-
0.084	3D MESSAGE	48	00	04	91	20	59	78	8C	32	8D	A8	3C	67	07	97	C7	12	DF	9E	C7	2A	82	99	C7	7C	53	A2	C7	08	66	BC	C7	00	00	2C	3F	00	00	90	3F	00	00	BC	3E	00	00	91	3F	00	00	E8	3F	00	00	00	00	00	00	00	00	00	00	00	00	00	00	00	00	00	00	00	00
0.084	3D DATA	true	-	-	-	-	-77326.8	-81342.1	-78596.3	-83111.0	-96460.1	0.7	1.1	0.4	1.1	1.8	-	-	-	-	-
0.085	3D MESSAGE	48	00	05	91	20	59	79	8C	32	8D	A8	3C	5C	07	97	C7	0E	DF	9E	C7	3F	82	99	C7	74	53	A2	C7	EF	65	BC	C7	00	00	42	3F	00	00	94	3F	00	00	50	3E	00	00	99	3F	00	80	00	40	00	00	00	00	00	00	00	00	00	00	00	00	00	00	00	00	00	00	00	00
0.085	3D DATA	true	-	-	-	-	-77326.7	-81342.1	-78596.5	-83110.9	-96459.9	0.8	1.2	0.2	1.2	2.0	-	-	-	-	-
0.085	3D MESSAGE	48	00	06	91	20	59	7A	8C	C3	53	A4	3C	4D	07	97	C7	0A	DF	9E	C7	4C	82	99	C7	70	53	A2	C7	D3	65	BC	C7	00	00	60	3F	00	00	98	3F	00	00	D0	3D	00	00	9D	3F	00	80	0E	40	00	00	00	00	00	00	00	00	00	00	00	00	00	00	00	00	00	00	00	00
0.085	3D DATA	true	-	-	-	-	-77326.6	-81342.1	-78596.6	-83110.9	-96459.6	0.9	1.2	0.1	1.2	2.2	-	-	-	-	-
0.114	3D MESSAGE	48	00	07	91	20	59	7B	8C	C3	53	A4	3C	3F	07	97	C7	08	DF	9E	C7	54	82	99	C7	6E	53	A2	C7	B2	65	BC	C7	00	00	7C	3F	00	00	9A	3F	00	00	20	3D	00	00	9F	3F	00	00	1F	40	00	00	00	00	00	00	00	00	00	00	00	00	00	00	00	00	00	00	00	00
0.114	3D DATA	true	-	-	-	-	-77326.5	-81342.1	-78596.7	-83110.9	-96459.4	1.0	1.2	0.0	1.2	2.5	-	-	-	-	-
0.115	3D MESSAGE	48	00	08	91	20	59	7C	8C	C3	53	A4	3C	32	07	97	C7	06	DF	9E	C7	53	82	99	C7	71	53	A2	C7	89	65	BC	C7	00	00	8B	3F	00	00	9C	3F	00	00	40	3D	00	00	9C	3F	00	80	33	40	00	00	00	00	00	00	00	00	00	00	00	00	00	00	00	00	00	00	00	00
0.115	3D DATA	true	-	-	-	-	-77326.4	-81342.0	-78596.6	-83110.9	-96459.1	1.1	1.2	0.0	1.2	2.8	-	-	-	-	-
0.115	3D MESSAGE	48	00	09	91	20	59	7D	8C	C3	53	A4	3C	26	07	97	C7	05	DF	9E	C7	4C	82	99	C7	76	53	A2	C7	5A	65	BC	C7	00	00	97	3F	00	00	9D	3F	00	00	D0	3D	00	00	97	3F	00	00	4B	40	00	00	00	00	00	00	00	00	00	00	00	00	00	00	00	00	00	00	00	00
0.115	3D DATA	true	-	-	-	-	-77326.3	-81342.0	-78596.6	-83110.9	-96458.7	1.2	1.2	0.1	1.2	3.2	-	-	-	-	-
0.116	3D MESSAGE	48	00	0A	91	20	59	7E	8C	C3	53	A4	3C	1B	07	97	C7	02	DF	9E	C7	3C	82	99	C7	7E	53	A2	C7	25	65	BC	C7	00	00	A2	3F	00	00	A0	3F	00	00	68	3E	00	00	8F	3F	00	80	65	40	00	00	00	00	00	00	00	00	00	00	00	00	00	00	00	00	00	00	00	00
0.116	3D DATA	true	-	-	-	-	-77326.2	-81342.0	-78596.5	-83111.0	-96458.3	1.3	1.2	0.2	1.1	3.6	-	-	-	-	-
0.116	3D MESSAGE	48	00	0B	91	20	59	7F	8C	C3	53	A4	3C	0E	07	97	C7	FC	DE	9E	C7	24	82	99	C7	87	53	A2	C7	F0	64	BC	C7	00	00	AF	3F	00	00	A6	3F	00	00	D4	3E	00	00	86	3F	00	00	80	40	00	00	00	00	00	00	00	00	00	00	00	00	00	00	00	00	00	00	00	00
0.116	3D DATA	true	-	-	-	-	-77326.1	-81342.0	-78596.3	-83111.1	-96457.9	1.4	1.3	0.4	1.0	4.0	-	-	-	-	-
0.116	3D MESSAGE	48	00	0C	91	20	59	80	8C	C3	53	A4	3C	00	07	97	C7	F4	DE	9E	C7	04	82	99	C7	8F	53	A2	C7	BD	64	BC	C7	00	00	BD	3F	00	00	AE	3F	00	00	2A	3F	00	00	7C	3F	00	C0	8C	40	00	00	00	00	00	00	00	00	00	00	00	00	00	00	00	00	00	00	00	00
0.116	3D DATA	true	-	-	-	-	-77326.0	-81341.9	-78596.0	-83111.1	-96457.5	1.5	1.4	0.7	1.0	4.4	-	-	-	-	-
0.145	3D MESSAGE	48	00	0D	91	20	59	81	8C	C3	53	A4	3C	EE	06	97	C7	E9	DE	9E	C7	DE	81	99	C7	97	53	A2	C7	94	64	BC	C7	00	00	CF	3F	00	00	B9	3F	00	00	76	3F	00	00	6C	3F	00	00	97	40	00	00	00	00	00	00	00	00	00	00	00	00	00	00	00	00	00	00	00	00
0.145	3D DATA	true	-	-	-	-	-77325.9	-81341.8	-78595.7	-83111.2	-96457.2	1.6	1.4	1.0	0.9	4.7	-	-	-	-	-
0.146	3D MESSAGE	48	00	0E	91	20	59	82	8C	C3	53	A4	3C	DC	06	97	C7	DE	DE	9E	C7	B6	81	99	C7	9D	53	A2	C7	76	64	BC	C7	00	00	E1	3F	00	00	C4	3F	00	00	A3	3F	00	00	60	3F	00	80	9E	40	00	00	00	00	00	00	00	00	00	00	00	00	00	00	00	00	00	00	00	00
0.146	3D DATA	true	-	-	-	-	-77325.7	-81341.7	-78595.4	-83111.2	-96456.9	1.8	1.5	1.3	0.9	5.0	-	-	-	-	-
0.146	3D MESSAGE	48	00	0F	91	20	59	83	8C	C3	53	A4	3C	CA	06	97	C7	D5	DE	9E	C7	92	81	99	C7	A3	53	A2	C7	69	64	BC	C7	00	00	F3	3F	00	00	CD	3F	00	00	C7	3F	00	00	54	3F	00	C0	A1	40	00	00	00	00	00	00	00	00	00	00	00	00	00	00	00	00	00	00	00	00
0.146	3D DATA	true	-	-	-	-	-77325.6	-81341.7	-78595.1	-83111.3	-96456.8	1.9	1.6	1.6	0.8	5.1	-	-	-	-	-
0.147	3D MESSAGE	48	00	10	91	20	59	84	8C	C3	53	A4	3C	BC	06	97	C7	CF	DE	9E	C7	76	81	99	C7	A9	53	A2	C7	6C	64	BC	C7	00	80	00	40	00	00	D3	3F	00	00	E3	3F	00	00	48	3F	00	00	A1	40	00	00	00	00	00	00	00	00	00	00	00	00	00	00	00	00	00	00	00	00
0.147	3D DATA	true	-	-	-	-	-77325.5	-81341.6	-78594.9	-83111.3	-96456.8	2.0	1.6	1.8	0.8	5.0	-	-	-	-	-
0.147	3D MESSAGE	48	00	11	91	20	59	85	8C	C3	53	A4	3C	B3	06	97	C7	CD	DE	9E	C7	68	81	99	C7	B0	53	A2	C7	7E	64	BC	C7	00	00	05	40	00	00	D5	3F	00	00	F1	3F	00	00	3A	3F	00	80	9C	40	00	00	00	00	00	00	00	00	00	00	00	00	00	00	00	00	00	00	00	00
0.147	3D DATA	true	-	-	-	-	-77325.4	-81341.6	-78594.8	-83111.4	-96457.0	2.1	1.7	1.9	0.7	4.9	-	-	-	-	-
0.147	3D MESSAGE	48	00	12	91	20	59	86	8C	C3	53	A4	3C	B0	06	97	C7	CE	DE	9E	C7	69	81	99	C7	B8	53	A2	C7	9D	64	BC	C7	00	80	06	40	00	00	D4	3F	00	00	F0	3F	00	00	2A	3F	00	C0	94	40	00	00	00	00	00	00	00	00	00	00	00	00	00	00	00	00	00	00	00	00
0.147	3D DATA	true	-	-	-	-	-77325.4	-81341.6	-78594.8	-83111.4	-96457.2	2.1	1.7	1.9	0.7	4.6	-	-	-	-	-
0.147	3D MESSAGE	48	00	13	91	20	59	87	8C	C3	53	A4	3C	B6	06	97	C7	D1	DE	9E	C7	7A	81	99	C7	C2	53	A2	C7	C8	64	BC	C7	00	80	03	40	00	00	D1	3F	00	00	DF	3F	00	00	16	3F	00	00	8A	40	00	00	00	00	00	00	00	00	00	00	00	00	00	00	00	00	00	00	00	00
0.147	3D DATA	true	-	-	-	-	-77325.4	-81341.6	-78595.0	-83111.5	-96457.6	2.1	1.6	1.7	0.6	4.3	-	-	-	-	-
0.175	3D MESSAGE	48	00	14	91	20	59	88	8C	C3	53	A4	3C	C3	06	97	C7	D6	DE	9E	C7	97	81	99	C7	CC	53	A2	C7	FE	64	BC	C7	00	00	FA	3F	00	00	CC	3F	00	00	C2	3F	00	00	02	3F	00	00	79	40	00	00	00	00	00	00	00	00	00	00	00	00	00	00	00	00	00	00	00	00
0.175	3D DATA	true	-	-	-	-	-77325.5	-81341.7	-78595.2	-83111.6	-96458.0	2.0	1.6	1.5	0.5	3.9	-	-	-	-	-
0.177	3D MESSAGE	48	00	15	91	20	59	89	8C	C3	53	A4	3C	DA	06	97	C7	DF	DE	9E	C7	BE	81	99	C7	D5	53	A2	C7	3A	65	BC	C7	00	00	E3	3F	00	00	C3	3F	00	00	9B	3F	00	00	E0	3E	00	00	5B	40	00	00	00	00	00	00	00	00	00	00	00	00	00	00	00	00	00	00	00	00
0.177	3D DATA	true	-	-	-	-	-77325.7	-81341.7	-78595.5	-83111.7	-96458.5	1.8	1.5	1.2	0.4	3.4	-	-	-	-	-
0.178	3D MESSAGE	48	00	16	91	20	59	8A	8C	C3	53	A4	3C	F9	06	97	C7	EA	DE	9E	C7	E9	81	99	C7	DE	53	A2	C7	7C	65	BC	C7	00	00	C4	3F	00	00	B8	3F	00	00	60	3F	00	00	BC	3E	00	00	3A	40	00	00	00	00	00	00	00	00	00	00	00	00	00	00	00	00	00	00	00	00
0.178	3D DATA	true	-	-	-	-	-77325.9	-81341.8	-78595.8	-83111.7	-96459.0	1.5	1.4	0.9	0.4	2.9	-	-	-	-	-
0.179	3D MESSAGE	48	00	17	91	20	59	8B	8C	C3	53	A4	3C	1D	07	97	C7	FA	DE	9E	C7	13	82	99	C7	E6	53	A2	C7	C0	65	BC	C7	00	00	A0	3F	00	00	A8	3F	00	00	0C	3F	00	00	9C	3E	00	00	18	40	00	00	00	00	00	00	00	00	00	00	00	00	00	00	00	00	00	00	00	00
0.179	3D DATA	true	-	-	-	-	-77326.2	-81342.0	-78596.1	-83111.8	-96459.5	1.2	1.3	0.5	0.3	2.4	-	-	-	-	-
0.179	3D MESSAGE	48	00	18	91	20	59	8C	8C	C3	53	A4	3C	43	07	97	C7	0C	DF	9E	C7	39	82	99	C7	EC	53	A2	C7	FE	65	BC	C7	00	00	74	3F	00	00	96	3F	00	00	80	3E	00	00	84	3E	00	00	F2	3F	00	00	00	00	00	00	00	00	00	00	00	00	00	00	00	00	00	00	00	00
0.179	3D DATA	true	-	-	-	-	-77326.5	-81342.1	-78596.4	-83111.8	-96460.0	1.0	1.2	0.2	0.3	1.9	-	-	-	-	-
0.180	3D MESSAGE	48	00	19	91	20	59	8D	8C	C3	53	A4	3C	66	07	97	C7	1E	DF	9E	C7	56	82	99	C7	F0	53	A2	C7	33	66	BC	C7	00	00	2E	3F	00	00	84	3F	00	00	C0	3C	00	00	68	3E	00	00	BD	3F	00	00	00	00	00	00	00	00	00	00	00	00	00	00	00	00	00	00	00	00
0.180	3D DATA	true	-	-	-	-	-77326.8	-81342.2	-78596.7	-83111.9	-96460.4	0.7	1.0	0.0	0.2	1.5	-	-	-	-	-
0.206	3D MESSAGE	48	00	1A	91	20	59	8E	8C	C3	53	A4	3C	80	07	97	C7	2F	DF	9E	C7	6A	82	99	C7	EF	53	A2	C7	59	66	BC	C7	00	00	F4	3E	00	00	66	3F	00	00	08	BE	00	00	70	3E	00	00	97	3F	00	00	00	00	00	00	00	00	00	00	00	00	00	00	00	00	00	00	00	00
0.206	3D DATA	true	-	-	-	-	-77327.0	-81342.4	-78596.8	-83111.9	-96460.7	0.5	0.9	-0.1	0.2	1.2	-	-	-	-	-
0.211	3D MESSAGE	48	00	1B	91	20	59	8F	8C	C3	53	A4	3C	8F	07	97	C7	3A	DF	9E	C7	72	82	99	C7	E7	53	A2	C7	6A	66	BC	C7	00	00	B8	3E	00	00	50	3F	00	00	48	BE	00	00	98	3E	00	00	86	3F	00	00	00	00	00	00	00	00	00	00	00	00	00	00	00	00	00	00	00	00
0.211	3D DATA	true	-	-	-	-	-77327.1	-81342.5	-78596.9	-83111.8	-96460.8	0.4	0.8	-0.2	0.3	1.0	-	-	-	-	-
0.211	3D MESSAGE	48	00	1C	91	20	59	90	8C	C3	53	A4	3C	92	07	97	C7	3E	DF	9E	C7	71	82	99	C7	D7	53	A2	C7	68	66	BC	C7	00	00	AC	3E	00	00	48	3F	00	00	40	BE	00	00	D8	3E	00	00	88	3F	00	00	00	00	00	00	00	00	00	00	00	00	00	00	00	00	00	00	00	00
0.211	3D DATA	true	-	-	-	-	-77327.1	-81342.5	-78596.9	-83111.7	-96460.8	0.3	0.8	-0.2	0.4	1.1	-	-	-	-	-
0.211	3D MESSAGE	48	00	1D	91	20	59	91	8C	C3	53	A4	3C	8A	07	97	C7	3A	DF	9E	C7	69	82	99	C7	C2	53	A2	C7	52	66	BC	C7	00	00	CC	3E	00	00	50	3F	00	00	00	BE	00	00	16	3F	00	00	9E	3F	00	00	00	00	00	00	00	00	00	00	00	00	00	00	00	00	00	00	00	00
0.211	3D DATA	true	-	-	-	-	-77327.1	-81342.5	-78596.8	-83111.5	-96460.6	0.4	0.8	-0.1	0.6	1.2	-	-	-	-	-
0.211	3D MESSAGE	48	00	1E	91	20	59	92	8C	C3	53	A4	3C	7C	07	97	C7	30	DF	9E	C7	5C	82	99	C7	AA	53	A2	C7	2E	66	BC	C7	00	00	02	3F	00	00	64	3F	00	00	C0	BC	00	00	46	3F	00	00	C2	3F	00	00	00	00	00	00	00	00	00	00	00	00	00	00	00	00	00	00	00	00
0.211	3D DATA	true	-	-	-	-	-77327.0	-81342.4	-78596.7	-83111.3	-96460.4	0.5	0.9	-0.0	0.8	1.5	-	-	-	-	-
0.212	3D MESSAGE	48	00	1F	91	20	59	93	8C	C3	53	A4	3C	6B	07	97	C7	20	DF	9E	C7	4C	82	99	C7	96	53	A2	C7	02	66	BC	C7	00	00	24	3F	00	00	82	3F	00	00	D0	3D	00	00	6E	3F	00	00	EE	3F	00	00	00	00	00	00	00	00	00	00	00	00	00	00	00	00	00	00	00	00
0.212	3D DATA	true	-	-	-	-	-77326.8	-81342.2	-78596.6	-83111.2	-96460.0	0.6	1.0	0.1	0.9	1.9	-	-	-	-	-
0.212	3D MESSAGE	48	00	20	91	20	59	94	8C	C3	53	A4	3C	5B	07	97	C7	0E	DF	9E	C7	3B	82	99	C7	89	53	A2	C7	D6	65	BC	C7	00	00	44	3F	00	00	94	3F	00	00	70	3E	00	00	84	3F	00	00	0D	40	00	00	00	00	00	00	00	00	00	00	00	00	00	00	00	00	00	00	00	00
0.212	3D DATA	true	-	-	-	-	-77326.7	-81342.1	-78596.5	-83111.1	-96459.7	0.8	1.2	0.2	1.0	2.2	-	-	-	-	-
0.237	3D MESSAGE	48	00	21	91	20	59	95	8C	C3	53	A4	3C	50	07	97	C7	FA	DE	9E	C7	2A	82	99	C7	86	53	A2	C7	B0	65	BC	C7	00	00	5A	3F	00	00	A8	3F	00	00	BC	3E	00	00	87	3F	00	00	20	40	00	00	00	00	00	00	00	00	00	00	00	00	00	00	00	00	00	00	00	00
0.237	3D DATA	true	-	-	-	-	-77326.6	-81342.0	-78596.3	-83111.0	-96459.4	0.9	1.3	0.4	1.1	2.5	-	-	-	-	-
0.245	3D MESSAGE	48	00	22	91	20	59	96	8C	C3	53	A4	3C	4A	07	97	C7	E4	DE	9E	C7	19	82	99	C7	8E	53	A2	C7	96	65	BC	C7	00	00	66	3F	00	00	BE	3F	00	00	00	3F	00	00	7E	3F	00	00	2D	40	00	00	00	00	00	00	00	00	00	00	00	00	00	00	00	00	00	00	00	00
0.245	3D DATA	true	-	-	-	-	-77326.6	-81341.8	-78596.2	-83111.1	-96459.2	0.9	1.5	0.5	1.0	2.7	-	-	-	-	-
0.245	3D MESSAGE	48	00	23	91	20	59	97	8C	C3	53	A4	3C	4A	07	97	C7	D0	DE	9E	C7	07	82	99	C7	9B	53	A2	C7	87	65	BC	C7	00	00	66	3F	00	00	D2	3F	00	00	24	3F	00	00	64	3F	00	80	34	40	00	00	00	00	00	00	00	00	00	00	00	00	00	00	00	00	00	00	00	00
0.245	3D DATA	true	-	-	-	-	-77326.6	-81341.6	-78596.1	-83111.2	-96459.1	0.9	1.6	0.6	0.9	2.8	-	-	-	-	-
0.245	3D MESSAGE	48	00	24	91	20	59	98	8C	C3	53	A4	3C	4F	07	97	C7	BB	DE	9E	C7	F5	81	99	C7	A7	53	A2	C7	82	65	BC	C7	00	00	5C	3F	00	00	E7	3F	00	00	48	3F	00	00	4C	3F	00	00	37	40	00	00	00	00	00	00	00	00	00	00	00	00	00	00	00	00	00	00	00	00
0.245	3D DATA	true	-	-	-	-	-77326.6	-81341.5	-78595.9	-83111.3	-96459.0	0.9	1.8	0.8	0.8	2.9	-	-	-	-	-
0.246	3D MESSAGE	48	00	25	91	20	59	99	8C	C3	53	A4	3C	56	07	97	C7	A8	DE	9E	C7	E4	81	99	C7	AC	53	A2	C7	82	65	BC	C7	00	00	4E	3F	00	00	FA	3F	00	00	6A	3F	00	00	42	3F	00	00	37	40	00	00	00	00	00	00	00	00	00	00	00	00	00	00	00	00	00	00	00	00
0.246	3D DATA	true	-	-	-	-	-77326.7	-81341.3	-78595.8	-83111.3	-96459.0	0.8	2.0	0.9	0.8	2.9	-	-	-	-	-
0.246	3D MESSAGE	48	00	26	91	20	59	9A	8C	C3	53	A4	3C	5F	07	97	C7	98	DE	9E	C7	D6	81	99	C7	A7	53	A2	C7	80	65	BC	C7	00	00	3C	3F	00	00	05	40	00	00	83	3F	00	00	4C	3F	00	00	38	40	00	00	00	00	00	00	00	00	00	00	00	00	00	00	00	00	00	00	00	00
0.246	3D DATA	true	-	-	-	-	-77326.7	-81341.2	-78595.7	-83111.3	-96459.0	0.7	2.1	1.0	0.8	2.9	-	-	-	-	-
0.268	3D MESSAGE	48	00	27	91	20	59	9B	8C	C3	53	A4	3C	67	07	97	C7	8A	DE	9E	C7	CC	81	99	C7	96	53	A2	C7	7A	65	BC	C7	00	00	2C	3F	00	00	0C	40	00	00	8D	3F	00	00	6E	3F	00	00	3B	40	00	00	00	00	00	00	00	00	00	00	00	00	00	00	00	00	00	00	00	00
0.268	3D DATA	true	-	-	-	-	-77326.8	-81341.1	-78595.6	-83111.2	-96459.0	0.7	2.2	1.1	0.9	2.9	-	-	-	-	-
0.277	3D MESSAGE	48	00	28	91	20	59	9C	8C	C3	53	A4	3C	6D	07	97	C7	7E	DE	9E	C7	C9	81	99	C7	7E	53	A2	C7	6D	65	BC	C7	00	00	20	3F	00	00	12	40	00	00	90	3F	00	00	8F	3F	00	80	41	40	00	00	00	00	00	00	00	00	00	00	00	00	00	00	00	00	00	00	00	00
0.277	3D DATA	true	-	-	-	-	-77326.9	-81341.0	-78595.6	-83111.0	-96458.9	0.6	2.3	1.1	1.1	3.0	-	-	-	-	-
0.278	3D MESSAGE	48	00	29	91	20	59	9D	8C	C3	53	A4	3C	72	07	97	C7	75	DE	9E	C7	CD	81	99	C7	63	53	A2	C7	5B	65	BC	C7	00	00	16	3F	00	80	16	40	00	00	8C	3F	00	00	AA	3F	00	80	4A	40	00	00	00	00	00	00	00	00	00	00	00	00	00	00	00	00	00	00	00	00
0.278	3D DATA	true	-	-	-	-	-77326.9	-81340.9	-78595.6	-83110.8	-96458.7	0.6	2.4	1.1	1.3	3.2	-	-	-	-	-
0.278	3D MESSAGE	48	00	2A	91	20	59	9E	8C	C3	53	A4	3C	78	07	97	C7	6E	DE	9E	C7	D8	81	99	C7	4B	53	A2	C7	49	65	BC	C7	00	00	0A	3F	00	00	1A	40	00	00	81	3F	00	00	C2	3F	00	80	53	40	00	00	00	00	00	00	00	00	00	00	00	00	00	00	00	00	00	00	00	00
0.278	3D DATA	true	-	-	-	-	-77326.9	-81340.9	-78595.7	-83110.6	-96458.6	0.5	2.4	1.0	1.5	3.3	-	-	-	-	-
0.278	3D MESSAGE	48	00	2B	91	20	59	9F	8C	C3	53	A4	3C	7F	07	97	C7	6A	DE	9E	C7	E6	81	99	C7	3A	53	A2	C7	3D	65	BC	C7	00	00	F8	3E	00	00	1C	40	00	00	66	3F	00	00	D3	3F	00	80	59	40	00	00	00	00	00	00	00	00	00	00	00	00	00	00	00	00	00	00	00	00
0.278	3D DATA	true	-	-	-	-	-77327.0	-81340.8	-78595.8	-83110.5	-96458.5	0.5	2.4	0.9	1.6	3.4	-	-	-	-	-
0.279	3D MESSAGE	48	00	2C	91	20	59	A0	8C	C3	53	A4	3C	86	07	97	C7	6A	DE	9E	C7	F5	81	99	C7	34	53	A2	C7	3C	65	BC	C7	00	00	DC	3E	00	00	1C	40	00	00	48	3F	00	00	D9	3F	00	00	5A	40	00	00	00	00	00	00	00	00	00	00	00	00	00	00	00	00	00	00	00	00
0.279	3D DATA	true	-	-	-	-	-77327.0	-81340.8	-78595.9	-83110.4	-96458.5	0.4	2.4	0.8	1.7	3.4	-	-	-	-	-
0.279	3D MESSAGE	48	00	2D	91	20	59	A1	8C	C3	53	A4	3C	8C	07	97	C7	6E	DE	9E	C7	03	82	99	C7	38	53	A2	C7	48	65	BC	C7	00	00	C4	3E	00	00	1A	40	00	00	2C	3F	00	00	D5	3F	00	00	54	40	00	00	00	00	00	00	00	00	00	00	00	00	00	00	00	00	00	00	00	00
0.279	3D DATA	true	-	-	-	-	-77327.1	-81340.9	-78596.0	-83110.4	-96458.6	0.4	2.4	0.7	1.7	3.3	-	-	-	-	-
0.300	3D MESSAGE	48	00	2E	91	20	59	A2	8C	C0	F5	A5	3C	8E	07	97	C7	74	DE	9E	C7	0E	82	99	C7	45	53	A2	C7	5E	65	BC	C7	00	00	BC	3E	00	00	17	40	00	00	16	3F	00	00	C8	3F	00	00	49	40	00	00	00	00	00	00	00	00	00	00	00	00	00	00	00	00	00	00	00	00
0.300	3D DATA	true	-	-	-	-	-77327.1	-81340.9	-78596.1	-83110.5	-96458.7	0.4	2.4	0.6	1.6	3.1	-	-	-	-	-
0.311	3D MESSAGE	48	00	2F	91	20	59	A3	8C	C0	F5	A5	3C	88	07	97	C7	7C	DE	9E	C7	14	82	99	C7	58	53	A2	C7	7A	65	BC	C7	00	00	D4	3E	00	00	13	40	00	00	0A	3F	00	00	B5	3F	00	00	3B	40	00	00	00	00	00	00	00	00	00	00	00	00	00	00	00	00	00	00	00	00
0.311	3D DATA	true	-	-	-	-	-77327.1	-81341.0	-78596.2	-83110.7	-96459.0	0.4	2.3	0.5	1.4	2.9	-	-	-	-	-
0.311	3D MESSAGE	48	00	30	91	20	59	A4	8C	C0	F5	A5	3C	7C	07	97	C7	82	DE	9E	C7	18	82	99	C7	6D	53	A2	C7	96	65	BC	C7	00	00	02	3F	00	00	10	40	00	00	02	3F	00	00	A0	3F	00	00	2D	40	00	00	00	00	00	00	00	00	00	00	00	00	00	00	00	00	00	00	00	00
0.311	3D DATA	true	-	-	-	-	-77327.0	-81341.0	-78596.2	-83110.9	-96459.2	0.5	2.2	0.5	1.2	2.7	-	-	-	-	-
0.312	3D MESSAGE	48	00	31	91	20	59	A5	8C	C0	F5	A5	3C	6B	07	97	C7	84	DE	9E	C7	18	82	99	C7	82	53	A2	C7	AC	65	BC	C7	00	00	24	3F	00	00	0F	40	00	00	02	3F	00	00	8B	3F	00	00	22	40	00	00	00	00	00	00	00	00	00	00	00	00	00	00	00	00	00	00	00	00
0.312	3D DATA	true	-	-	-	-	-77326.8	-81341.0	-78596.2	-83111.0	-96459.3	0.6	2.2	0.5	1.1	2.5	-	-	-	-	-
0.312	3D MESSAGE	48	00	32	91	20	59	A6	8C	C0	F5	A5	3C	5B	07	97	C7	82	DE	9E	C7	16	82	99	C7	96	53	A2	C7	BA	65	BC	C7	00	00	44	3F	00	00	10	40	00	00	06	3F	00	00	6E	3F	00	00	1B	40	00	00	00	00	00	00	00	00	00	00	00	00	00	00	00	00	00	00	00	00
0.312	3D DATA	true	-	-	-	-	-77326.7	-81341.0	-78596.2	-83111.2	-96459.5	0.8	2.2	0.5	0.9	2.4	-	-	-	-	-
0.312	3D MESSAGE	48	00	33	91	20	59	A7	8C	C0	F5	A5	3C	51	07	97	C7	7C	DE	9E	C7	12	82	99	C7	A8	53	A2	C7	BC	65	BC	C7	00	00	58	3F	00	00	13	40	00	00	0E	3F	00	00	4A	3F	00	00	1A	40	00	00	00	00	00	00	00	00	00	00	00	00	00	00	00	00	00	00	00	00
0.312	3D DATA	true	-	-	-	-	-77326.6	-81341.0	-78596.1	-83111.3	-96459.5	0.8	2.3	0.6	0.8	2.4	-	-	-	-	-
0.313	3D MESSAGE	48	00	34	91	20	59	A8	8C	C0	F5	A5	3C	50	07	97	C7	76	DE	9E	C7	0E	82	99	C7	B8	53	A2	C7	B5	65	BC	C7	00	00	5A	3F	00	00	16	40	00	00	16	3F	00	00	2A	3F	00	80	1D	40	00	00	00	00	00	00	00	00	00	00	00	00	00	00	00	00	00	00	00	00
0.313	3D DATA	true	-	-	-	-	-77326.6	-81340.9	-78596.1	-83111.4	-96459.4	0.9	2.3	0.6	0.7	2.5	-	-	-	-	-
0.331	3D MESSAGE	48	00	35	91	20	59	A9	8C	C0	F5	A5	3C	5A	07	97	C7	71	DE	9E	C7	08	82	99	C7	C6	53	A2	C7	A8	65	BC	C7	00	00	46	3F	00	80	18	40	00	00	22	3F	00	00	0E	3F	00	00	24	40	00	00	00	00	00	00	00	00	00	00	00	00	00	00	00	00	00	00	00	00
0.331	3D DATA	true	-	-	-	-	-77326.7	-81340.9	-78596.1	-83111.5	-96459.3	0.8	2.4	0.6	0.6	2.6	-	-	-	-	-
0.343	3D MESSAGE	48	00	36	91	20	59	AA	8C	C0	F5	A5	3C	6B	07	97	C7	71	DE	9E	C7	02	82	99	C7	D2	53	A2	C7	97	65	BC	C7	00	00	24	3F	00	80	18	40	00	00	2E	3F	00	00	EC	3E	00	80	2C	40	00	00	00	00	00	00	00	00	00	00	00	00	00	00	00	00	00	00	00	00
0.343	3D DATA	true	-	-	-	-	-77326.8	-81340.9	-78596.0	-83111.6	-96459.2	0.6	2.4	0.7	0.5	2.7	-	-	-	-	-
0.344	3D MESSAGE	48	00	37	91	20	59	AB	8C	C0	F5	A5	3C	7D	07	97	C7	74	DE	9E	C7	FB	81	99	C7	DC	53	A2	C7	87	65	BC	C7	00	00	00	3F	00	00	17	40	00	00	3C	3F	00	00	C4	3E	00	80	34	40	00	00	00	00	00	00	00	00	00	00	00	00	00	00	00	00	00	00	00	00
0.344	3D DATA	true	-	-	-	-	-77327.0	-81340.9	-78596.0	-83111.7	-96459.1	0.5	2.4	0.7	0.4	2.8	-	-	-	-	-
0.344	3D MESSAGE	48	00	38	91	20	59	AC	8C	C0	F5	A5	3C	8B	07	97	C7	77	DE	9E	C7	F5	81	99	C7	E4	53	A2	C7	7C	65	BC	C7	00	00	C8	3E	00	80	15	40	00	00	48	3F	00	00	A4	3E	00	00	3A	40	00	00	00	00	00	00	00	00	00	00	00	00	00	00	00	00	00	00	00	00
0.344	3D DATA	true	-	-	-	-	-77327.1	-81340.9	-78595.9	-83111.8	-96459.0	0.4	2.3	0.8	0.3	2.9	-	-	-	-	-
0.344	3D MESSAGE	48	00	39	91	20	59	AD	8C	C0	F5	A5	3C	92	07	97	C7	77	DE	9E	C7	F1	81	99	C7	E8	53	A2	C7	76	65	BC	C7	00	00	AC	3E	00	80	15	40	00	00	50	3F	00	00	94	3E	00	00	3D	40	00	00	00	00	00	00	00	00	00	00	00	00	00	00	00	00	00	00	00	00
0.344	3D DATA	true	-	-	-	-	-77327.1	-81340.9	-78595.9	-83111.8	-96458.9	0.3	2.3	0.8	0.3	3.0	-	-	-	-	-
0.345	3D MESSAGE	48	00	3A	91	20	59	AE	8C	C0	F5	A5	3C	92	07	97	C7	71	DE	9E	C7	F0	81	99	C7	E7	53	A2	C7	77	65	BC	C7	00	00	AC	3E	00	80	18	40	00	00	52	3F	00	00	98	3E	00	80	3C	40	00	00	00	00	00	00	00	00	00	00	00	00	00	00	00	00	00	00	00	00
0.345	3D DATA	true	-	-	-	-	-77327.1	-81340.9	-78595.9	-83111.8	-96458.9	0.3	2.4	0.8	0.3	2.9	-	-	-	-	-
0.362	3D MESSAGE	48	00	3B	91	20	59	AF	8C	C0	F5	A5	3C	8F	07	97	C7	64	DE	9E	C7	F3	81	99	C7	E1	53	A2	C7	7C	65	BC	C7	00	00	B8	3E	00	00	1F	40	00	00	4C	3F	00	00	B0	3E	00	00	3A	40	00	00	00	00	00	00	00	00	00	00	00	00	00	00	00	00	00	00	00	00
0.362	3D DATA	true	-	-	-	-	-77327.1	-81340.8	-78595.9	-83111.8	-96459.0	0.4	2.5	0.8	0.3	2.9	-	-	-	-	-
0.378	3D MESSAGE	48	00	3C	91	20	59	B0	8C	C0	F5	A5	3C	8C	07	97	C7	51	DE	9E	C7	FA	81	99	C7	D6	53	A2	C7	81	65	BC	C7	00	00	C4	3E	00	80	28	40	00	00	3E	3F	00	00	DC	3E	00	80	37	40	00	00	00	00	00	00	00	00	00	00	00	00	00	00	00	00	00	00	00	00
0.378	3D DATA	true	-	-	-	-	-77327.1	-81340.6	-78596.0	-83111.7	-96459.0	0.4	2.6	0.7	0.4	2.9	-	-	-	-	-
0.378	3D MESSAGE	48	00	3D	91	20	59	B1	8C	C0	F5	A5	3C	8D	07	97	C7	3E	DE	9E	C7	04	82	99	C7	C8	53	A2	C7	84	65	BC	C7	00	00	C0	3E	00	00	32	40	00	00	2A	3F	00	00	0A	3F	00	00	36	40	00	00	00	00	00	00	00	00	00	00	00	00	00	00	00	00	00	00	00	00
0.378	3D DATA	true	-	-	-	-	-77327.1	-81340.5	-78596.0	-83111.6	-96459.0	0.4	2.8	0.7	0.5	2.8	-	-	-	-	-
0.379	3D MESSAGE	48	00	3E	91	20	59	B2	8C	C0	F5	A5	3C	92	07	97	C7	30	DE	9E	C7	10	82	99	C7	B9	53	A2	C7	82	65	BC	C7	00	00	AC	3E	00	00	39	40	00	00	12	3F	00	00	28	3F	00	00	37	40	00	00	00	00	00	00	00	00	00	00	00	00	00	00	00	00	00	00	00	00
0.379	3D DATA	true	-	-	-	-	-77327.1	-81340.4	-78596.1	-83111.4	-96459.0	0.3	2.9	0.6	0.7	2.9	-	-	-	-	-
0.379	3D MESSAGE	48	00	3F	91	20	59	B3	8C	C0	F5	A5	3C	9A	07	97	C7	2B	DE	9E	C7	1E	82	99	C7	AD	53	A2	C7	7A	65	BC	C7	00	00	8C	3E	00	80	3B	40	00	00	EC	3E	00	00	40	3F	00	00	3B	40	00	00	00	00	00	00	00	00	00	00	00	00	00	00	00	00	00	00	00	00
0.379	3D DATA	true	-	-	-	-	-77327.2	-81340.3	-78596.2	-83111.4	-96459.0	0.3	2.9	0.5	0.8	2.9	-	-	-	-	-
0.379	3D MESSAGE	48	00	40	91	20	59	B4	8C	C0	F5	A5	3C	A0	07	97	C7	32	DE	9E	C7	2B	82	99	C7	A4	53	A2	C7	70	65	BC	C7	00	00	68	3E	00	00	38	40	00	00	B8	3E	00	00	52	3F	00	00	40	40	00	00	00	00	00	00	00	00	00	00	00	00	00	00	00	00	00	00	00	00
0.379	3D DATA	true	-	-	-	-	-77327.2	-81340.4	-78596.3	-83111.3	-96458.9	0.2	2.9	0.4	0.8	3.0	-	-	-	-	-
0.379	3D MESSAGE	48	00	41	91	20	59	B5	8C	C0	F5	A5	3C	A2	07	97	C7	46	DE	9E	C7	37	82	99	C7	A1	53	A2	C7	64	65	BC	C7	00	00	58	3E	00	00	2E	40	00	00	88	3E	00	00	58	3F	00	00	46	40	00	00	00	00	00	00	00	00	00	00	00	00	00	00	00	00	00	00	00	00
0.379	3D DATA	true	-	-	-	-	-77327.3	-81340.5	-78596.4	-83111.3	-96458.8	0.2	2.7	0.3	0.8	3.1	-	-	-	-	-
0.394	3D MESSAGE	48	00	42	91	20	59	B6	8C	C0	F5	A5	3C	9E	07	97	C7	60	DE	9E	C7	43	82	99	C7	A0	53	A2	C7	5B	65	BC	C7	00	00	78	3E	00	00	21	40	00	00	30	3E	00	00	5A	3F	00	80	4A	40	00	00	00	00	00	00	00	00	00	00	00	00	00	00	00	00	00	00	00	00
0.394	3D DATA	true	-	-	-	-	-77327.2	-81340.8	-78596.5	-83111.2	-96458.7	0.2	2.5	0.2	0.9	3.2	-	-	-	-	-
0.411	3D MESSAGE	48	00	43	91	20	59	B7	8C	C0	F5	A5	3C	93	07	97	C7	7A	DE	9E	C7	4D	82	99	C7	A0	53	A2	C7	55	65	BC	C7	00	00	A8	3E	00	00	14	40	00	00	C0	3D	00	00	5A	3F	00	80	4D	40	00	00	00	00	00	00	00	00	00	00	00	00	00	00	00	00	00	00	00	00
0.411	3D DATA	true	-	-	-	-	-77327.1	-81341.0	-78596.6	-83111.2	-96458.7	0.3	2.3	0.1	0.9	3.2	-	-	-	-	-
0.411	3D MESSAGE	48	00	44	91	20	59	B8	8C	C0	F5	A5	3C	82	07	97	C7	8D	DE	9E	C7	55	82	99	C7	9D	53	A2	C7	53	65	BC	C7	00	00	EC	3E	00	80	0A	40	00	00	00	3D	00	00	60	3F	00	80	4E	40	00	00	00	00	00	00	00	00	00	00	00	00	00	00	00	00	00	00	00	00
0.411	3D DATA	true	-	-	-	-	-77327.0	-81341.1	-78596.7	-83111.2	-96458.6	0.5	2.2	0.0	0.9	3.2	-	-	-	-	-
0.412	3D MESSAGE	48	00	45	91	20	59	B9	8C	C0	F5	A5	3C	6C	07	97	C7	94	DE	9E	C7	5A	82	99	C7	96	53	A2	C7	52	65	BC	C7	00	00	22	3F	00	00	07	40	00	00	00	BC	00	00	6E	3F	00	00	4F	40	00	00	00	00	00	00	00	00	00	00	00	00	00	00	00	00	00	00	00	00
0.412	3D DATA	true	-	-	-	-	-77326.8	-81341.2	-78596.7	-83111.2	-96458.6	0.6	2.1	-0.0	0.9	3.2	-	-	-	-	-
0.412	3D MESSAGE	48	00	46	91	20	59	BA	8C	C0	F5	A5	3C	54	07	97	C7	8C	DE	9E	C7	59	82	99	C7	8A	53	A2	C7	52	65	BC	C7	00	00	52	3F	00	00	0B	40	00	00	00	00	00	00	83	3F	00	00	4F	40	00	00	00	00	00	00	00	00	00	00	00	00	00	00	00	00	00	00	00	00
0.412	3D DATA	true	-	-	-	-	-77326.7	-81341.1	-78596.7	-83111.1	-96458.6	0.8	2.2	0.0	1.0	3.2	-	-	-	-	-
0.412	3D MESSAGE	48	00	47	91	20	59	BB	8C	C0	F5	A5	3C	3B	07	97	C7	78	DE	9E	C7	50	82	99	C7	7D	53	A2	C7	50	65	BC	C7	00	00	82	3F	00	00	15	40	00	00	90	3D	00	00	90	3F	00	00	50	40	00	00	00	00	00	00	00	00	00	00	00	00	00	00	00	00	00	00	00	00
0.412	3D DATA	true	-	-	-	-	-77326.5	-81340.9	-78596.6	-83111.0	-96458.6	1.0	2.3	0.1	1.1	3.2	-	-	-	-	-
0.412	3D MESSAGE	48	00	48	91	20	59	BC	8C	C0	F5	A5	3C	23	07	97	C7	5C	DE	9E	C7	3F	82	99	C7	70	53	A2	C7	4C	65	BC	C7	00	00	9A	3F	00	00	23	40	00	00	50	3E	00	00	9D	3F	00	00	52	40	00	00	00	00	00	00	00	00	00	00	00	00	00	00	00	00	00	00	00	00
0.412	3D DATA	true	-	-	-	-	-77326.3	-81340.7	-78596.5	-83110.9	-96458.6	1.2	2.5	0.2	1.2	3.3	-	-	-	-	-
0.427	3D MESSAGE	48	00	49	91	20	59	BD	8C	C0	F5	A5	3C	0D	07	97	C7	40	DE	9E	C7	25	82	99	C7	67	53	A2	C7	48	65	BC	C7	00	00	B0	3F	00	00	31	40	00	00	D0	3E	00	00	A6	3F	00	00	54	40	00	00	00	00	00	00	00	00	00	00	00	00	00	00	00	00	00	00	00	00
0.427	3D DATA	true	-	-	-	-	-77326.1	-81340.5	-78596.3	-83110.8	-96458.6	1.4	2.8	0.4	1.3	3.3	-	-	-	-	-
0.444	3D MESSAGE	48	00	4A	91	20	59	BE	8C	C0	F5	A5	3C	FB	06	97	C7	29	DE	9E	C7	06	82	99	C7	64	53	A2	C7	45	65	BC	C7	00	00	C2	3F	00	80	3C	40	00	00	26	3F	00	00	A9	3F	00	80	55	40	00	00	00	00	00	00	00	00	00	00	00	00	00	00	00	00	00	00	00	00
0.444	3D DATA	true	-	-	-	-	-77326.0	-81340.3	-78596.0	-83110.8	-96458.5	1.5	2.9	0.6	1.3	3.3	-	-	-	-	-
0.444	3D MESSAGE	48	00	4B	91	20	59	BF	8C	C0	F5	A5	3C	ED	06	97	C7	1B	DE	9E	C7	E3	81	99	C7	66	53	A2	C7	44	65	BC	C7	00	00	D0	3F	00	80	43	40	00	00	6C	3F	00	00	A7	3F	00	00	56	40	00	00	00	00	00	00	00	00	00	00	00	00	00	00	00	00	00	00	00	00
0.444	3D DATA	true	-	-	-	-	-77325.9	-81340.2	-78595.8	-83110.8	-96458.5	1.6	3.1	0.9	1.3	3.3	-	-	-	-	-
0.445	3D MESSAGE	48	00	4C	91	20	59	C0	8C	C0	F5	A5	3C	E5	06	97	C7	18	DE	9E	C7	C3	81	99	C7	6B	53	A2	C7	44	65	BC	C7	00	00	D8	3F	00	00	45	40	00	00	96	3F	00	00	A2	3F	00	00	56	40	00	00	00	00	00	00	00	00	00	00	00	00	00	00	00	00	00	00	00	00
0.445	3D DATA	true	-	-	-	-	-77325.8	-81340.2	-78595.5	-83110.8	-96458.5	1.7	3.1	1.2	1.3	3.3	-	-	-	-	-
0.445	3D MESSAGE	48	00	4D	91	20	59	C1	8C	C0	F5	A5	3C	E3	06	97	C7	1E	DE	9E	C7	A8	81	99	C7	70	53	A2	C7	47	65	BC	C7	00	00	DA	3F	00	00	42	40	00	00	B1	3F	00	00	9D	3F	00	80	54	40	00	00	00	00	00	00	00	00	00	00	00	00	00	00	00	00	00	00	00	00
0.445	3D DATA	true	-	-	-	-	-77325.8	-81340.2	-78595.3	-83110.9	-96458.6	1.7	3.0	1.4	1.2	3.3	-	-	-	-	-
0.445	3D MESSAGE	48	00	4E	91	20	59	C2	8C	C0	F5	A5	3C	E7	06	97	C7	28	DE	9E	C7	96	81	99	C7	72	53	A2	C7	4B	65	BC	C7	00	00	D6	3F	00	00	3D	40	00	00	C3	3F	00	00	9B	3F	00	80	52	40	00	00	00	00	00	00	00	00	00	00	00	00	00	00	00	00	00	00	00	00
0.445	3D DATA	true	-	-	-	-	-77325.8	-81340.3	-78595.2	-83110.9	-96458.6	1.7	3.0	1.5	1.2	3.3	-	-	-	-	-
0.445	3D MESSAGE	48	00	4F	91	20	59	C3	8C	C0	F5	A5	3C	EF	06	97	C7	34	DE	9E	C7	8D	81	99	C7	72	53	A2	C7	4F	65	BC	C7	00	00	CE	3F	00	00	37	40	00	00	CC	3F	00	00	9B	3F	00	80	50	40	00	00	00	00	00	00	00	00	00	00	00	00	00	00	00	00	00	00	00	00
0.445	3D DATA	true	-	-	-	-	-77325.9	-81340.4	-78595.1	-83110.9	-96458.6	1.6	2.9	1.6	1.2	3.3	-	-	-	-	-
0.461	3D MESSAGE	48	00	50	91	20	59	C4	8C	C0	F5	A5	3C	F8	06	97	C7	3F	DE	9E	C7	8D	81	99	C7	6D	53	A2	C7	53	65	BC	C7	00	00	C5	3F	00	80	31	40	00	00	CC	3F	00	00	A0	3F	00	80	4E	40	00	00	00	00	00	00	00	00	00	00	00	00	00	00	00	00	00	00	00	00
0.461	3D DATA	true	-	-	-	-	-77325.9	-81340.5	-78595.1	-83110.9	-96458.6	1.5	2.8	1.6	1.2	3.2	-	-	-	-	-
0.477	3D MESSAGE	48	00	51	91	20	59	C5	8C	C0	F5	A5	3C	FE	06	97	C7	46	DE	9E	C7	93	81	99	C7	68	53	A2	C7	57	65	BC	C7	00	00	BF	3F	00	00	2E	40	00	00	C6	3F	00	00	A5	3F	00	80	4C	40	00	00	00	00	00	00	00	00	00	00	00	00	00	00	00	00	00	00	00	00
0.477	3D DATA	true	-	-	-	-	-77326.0	-81340.5	-78595.1	-83110.8	-96458.7	1.5	2.7	1.5	1.3	3.2	-	-	-	-	-
0.477	3D MESSAGE	48	00	52	91	20	59	C6	8C	C0	F5	A5	3C	00	07	97	C7	4D	DE	9E	C7	9C	81	99	C7	62	53	A2	C7	5C	65	BC	C7	00	00	BD	3F	00	80	2A	40	00	00	BD	3F	00	00	AB	3F	00	00	4A	40	00	00	00	00	00	00	00	00	00	00	00	00	00	00	00	00	00	00	00	00
0.478	3D DATA	true	-	-	-	-	-77326.0	-81340.6	-78595.2	-83110.8	-96458.7	1.5	2.7	1.5	1.3	3.2	-	-	-	-	-
0.478	3D MESSAGE	48	00	53	91	20	59	C7	8C	C0	F5	A5	3C	FB	06	97	C7	54	DE	9E	C7	A4	81	99	C7	5E	53	A2	C7	60	65	BC	C7	00	00	C2	3F	00	00	27	40	00	00	B5	3F	00	00	AF	3F	00	00	48	40	00	00	00	00	00	00	00	00	00	00	00	00	00	00	00	00	00	00	00	00
0.478	3D DATA	true	-	-	-	-	-77326.0	-81340.7	-78595.3	-83110.7	-96458.8	1.5	2.6	1.4	1.4	3.1	-	-	-	-	-
0.478	3D MESSAGE	48	00	54	91	20	59	C8	8C	C0	F5	A5	3C	F2	06	97	C7	5E	DE	9E	C7	A6	81	99	C7	5B	53	A2	C7	66	65	BC	C7	00	00	CB	3F	00	00	22	40	00	00	B3	3F	00	00	B2	3F	00	00	45	40	00	00	00	00	00	00	00	00	00	00	00	00	00	00	00	00	00	00	00	00
0.478	3D DATA	true	-	-	-	-	-77325.9	-81340.7	-78595.3	-83110.7	-96458.8	1.6	2.5	1.4	1.4	3.1	-	-	-	-	-
0.478	3D MESSAGE	48	00	55	91	20	59	C9	8C	C0	F5	A5	3C	E8	06	97	C7	6A	DE	9E	C7	A2	81	99	C7	59	53	A2	C7	6A	65	BC	C7	00	00	D5	3F	00	00	1C	40	00	00	B7	3F	00	00	B4	3F	00	00	43	40	00	00	00	00	00	00	00	00	00	00	00	00	00	00	00	00	00	00	00	00
0.478	3D DATA	true	-	-	-	-	-77325.8	-81340.8	-78595.3	-83110.7	-96458.8	1.7	2.4	1.4	1.4	3.0	-	-	-	-	-
0.479	3D MESSAGE	48	00	56	91	20	59	CA	8C	65	5E	B7	3C	DE	06	97	C7	77	DE	9E	C7	94	81	99	C7	55	53	A2	C7	6A	65	BC	C7	00	00	DF	3F	00	80	15	40	00	00	C5	3F	00	00	B8	3F	00	00	43	40	00	00	00	00	00	00	00	00	00	00	00	00	00	00	00	00	00	00	00	00
0.479	3D DATA	true	-	-	-	-	-77325.7	-81340.9	-78595.2	-83110.7	-96458.8	1.7	2.3	1.5	1.4	3.0	-	-	-	-	-
0.494	3D MESSAGE	48	00	57	91	20	59	CB	8C	65	5E	B7	3C	D6	06	97	C7	82	DE	9E	C7	7D	81	99	C7	4C	53	A2	C7	64	65	BC	C7	00	00	E7	3F	00	00	10	40	00	00	DC	3F	00	00	C1	3F	00	00	46	40	00	00	00	00	00	00	00	00	00	00	00	00	00	00	00	00	00	00	00	00
0.494	3D DATA	true	-	-	-	-	-77325.7	-81341.0	-78595.0	-83110.6	-96458.8	1.8	2.2	1.7	1.5	3.1	-	-	-	-	-
0.511	3D MESSAGE	48	00	58	91	20	59	CC	8C	65	5E	B7	3C	D1	06	97	C7	88	DE	9E	C7	5E	81	99	C7	3F	53	A2	C7	55	65	BC	C7	00	00	EC	3F	00	00	0D	40	00	00	FB	3F	00	00	CE	3F	00	80	4D	40	00	00	00	00	00	00	00	00	00	00	00	00	00	00	00	00	00	00	00	00
0.511	3D DATA	true	-	-	-	-	-77325.6	-81341.1	-78594.7	-83110.5	-96458.7	1.8	2.2	2.0	1.6	3.2	-	-	-	-	-
0.511	3D MESSAGE	48	00	59	91	20	59	CD	8C	65	5E	B7	3C	CC	06	97	C7	82	DE	9E	C7	3A	81	99	C7	2C	53	A2	C7	3B	65	BC	C7	00	00	F1	3F	00	00	10	40	00	80	0F	40	00	00	E1	3F	00	80	5A	40	00	00	00	00	00	00	00	00	00	00	00	00	00	00	00	00	00	00	00	00
0.511	3D DATA	true	-	-	-	-	-77325.6	-81341.0	-78594.5	-83110.3	-96458.5	1.9	2.2	2.2	1.8	3.4	-	-	-	-	-
0.512	3D MESSAGE	48	00	5A	91	20	59	CE	8C	65	5E	B7	3C	C5	06	97	C7	70	DE	9E	C7	15	81	99	C7	16	53	A2	C7	17	65	BC	C7	00	00	F8	3F	00	00	19	40	00	00	22	40	00	00	F7	3F	00	80	6C	40	00	00	00	00	00	00	00	00	00	00	00	00	00	00	00	00	00	00	00	00
0.512	3D DATA	true	-	-	-	-	-77325.5	-81340.9	-78594.2	-83110.2	-96458.2	1.9	2.4	2.5	1.9	3.7	-	-	-	-	-
0.512	3D MESSAGE	48	00	5B	91	20	59	CF	8C	65	5E	B7	3C	B8	06	97	C7	52	DE	9E	C7	F4	80	99	C7	FE	52	A2	C7	EC	64	BC	C7	00	80	02	40	00	00	28	40	00	80	32	40	00	80	07	40	00	00	81	40	00	00	00	00	00	00	00	00	00	00	00	00	00	00	00	00	00	00	00	00
0.512	3D DATA	true	-	-	-	-	-77325.4	-81340.6	-78593.9	-83110.0	-96457.8	2.0	2.6	2.8	2.1	4.0	-	-	-	-	-
0.512	3D MESSAGE	48	00	5C	91	20	59	D0	8C	65	5E	B7	3C	A5	06	97	C7	2B	DE	9E	C7	D9	80	99	C7	E6	52	A2	C7	BE	64	BC	C7	00	00	0C	40	00	80	3B	40	00	00	40	40	00	80	13	40	00	80	8C	40	00	00	00	00	00	00	00	00	00	00	00	00	00	00	00	00	00	00	00	00
0.512	3D DATA	true	-	-	-	-	-77325.3	-81340.3	-78593.7	-83109.8	-96457.5	2.2	2.9	3.0	2.3	4.4	-	-	-	-	-
0.513	3D MESSAGE	48	00	5D	91	20	59	D1	8C	65	5E	B7	3C	8A	06	97	C7	FF	DD	9E	C7	C6	80	99	C7	D2	52	A2	C7	92	64	BC	C7	00	80	19	40	00	80	51	40	00	80	49	40	00	80	1D	40	00	80	97	40	00	00	00	00	00	00	00	00	00	00	00	00	00	00	00	00	00	00	00	00
0.513	3D DATA	true	-	-	-	-	-77325.1	-81340.0	-78593.5	-83109.6	-96457.1	2.4	3.3	3.1	2.5	4.7	-	-	-	-	-
0.550	3D MESSAGE	48	00	5E	91	20	59	D2	8C	65	5E	B7	3C	6C	06	97	C7	D6	DD	9E	C7	BA	80	99	C7	C2	52	A2	C7	6D	64	BC	C7	00	80	28	40	00	00	66	40	00	80	4F	40	00	80	25	40	00	C0	A0	40	00	00	00	00	00	00	00	00	00	00	00	00	00	00	00	00	00	00	00	00
0.550	3D DATA	true	-	-	-	-	-77324.8	-81339.7	-78593.5	-83109.5	-96456.9	2.6	3.6	3.2	2.6	5.0	-	-	-	-	-
0.551	3D MESSAGE	48	00	5F	91	20	59	D3	8C	65	5E	B7	3C	4E	06	97	C7	B4	DD	9E	C7	B4	80	99	C7	B5	52	A2	C7	52	64	BC	C7	00	80	37	40	00	00	77	40	00	80	52	40	00	00	2C	40	00	80	A7	40	00	00	00	00	00	00	00	00	00	00	00	00	00	00	00	00	00	00	00	00
0.551	3D DATA	true	-	-	-	-	-77324.6	-81339.4	-78593.4	-83109.4	-96456.6	2.9	3.9	3.3	2.7	5.2	-	-	-	-	-
0.551	3D MESSAGE	48	00	60	91	20	59	D4	8C	65	5E	B7	3C	36	06	97	C7	A0	DD	9E	C7	B2	80	99	C7	AA	52	A2	C7	42	64	BC	C7	00	80	43	40	00	80	80	40	00	80	53	40	00	80	31	40	00	80	AB	40	00	00	00	00	00	00	00	00	00	00	00	00	00	00	00	00	00	00	00	00
0.551	3D DATA	true	-	-	-	-	-77324.4	-81339.2	-78593.4	-83109.3	-96456.5	3.1	4.0	3.3	2.8	5.4	-	-	-	-	-
0.551	3D MESSAGE	48	00	61	91	20	59	D5	8C	65	5E	B7	3C	29	06	97	C7	9B	DD	9E	C7	B2	80	99	C7	9E	52	A2	C7	3E	64	BC	C7	00	00	4A	40	00	C0	81	40	00	80	53	40	00	80	37	40	00	80	AC	40	00	00	00	00	00	00	00	00	00	00	00	00	00	00	00	00	00	00	00	00
0.551	3D DATA	true	-	-	-	-	-77324.3	-81339.2	-78593.4	-83109.2	-96456.5	3.2	4.1	3.3	2.9	5.4	-	-	-	-	-
0.551	3D MESSAGE	48	00	62	91	20	59	D6	8C	65	5E	B7	3C	27	06	97	C7	A7	DD	9E	C7	B6	80	99	C7	92	52	A2	C7	42	64	BC	C7	00	00	4B	40	00	80	7D	40	00	80	51	40	00	80	3D	40	00	80	AB	40	00	00	00	00	00	00	00	00	00	00	00	00	00	00	00	00	00	00	00	00
0.551	3D DATA	true	-	-	-	-	-77324.3	-81339.3	-78593.4	-83109.1	-96456.5	3.2	4.0	3.3	3.0	5.4	-	-	-	-	-
0.552	3D MESSAGE	48	00	63	91	20	59	D7	8C	65	5E	B7	3C	32	06	97	C7	C3	DD	9E	C7	BD	80	99	C7	88	52	A2	C7	4B	64	BC	C7	00	80	45	40	00	80	6F	40	00	00	4E	40	00	80	42	40	00	40	A9	40	00	00	00	00	00	00	00	00	00	00	00	00	00	00	00	00	00	00	00	00
0.552	3D DATA	true	-	-	-	-	-77324.4	-81339.5	-78593.5	-83109.1	-96456.6	3.1	3.7	3.2	3.0	5.3	-	-	-	-	-
0.552	3D MESSAGE	48	00	64	91	20	59	D8	8C	65	5E	B7	3C	47	06	97	C7	EA	DD	9E	C7	C8	80	99	C7	82	52	A2	C7	56	64	BC	C7	00	00	3B	40	00	00	5C	40	00	80	48	40	00	80	45	40	00	80	A6	40	00	00	00	00	00	00	00	00	00	00	00	00	00	00	00	00	00	00	00	00
0.552	3D DATA	true	-	-	-	-	-77324.6	-81339.8	-78593.6	-83109.0	-96456.7	2.9	3.4	3.1	3.1	5.2	-	-	-	-	-
0.552	3D MESSAGE	48	00	65	91	20	59	D9	8C	65	5E	B7	3C	62	06	97	C7	17	DE	9E	C7	D8	80	99	C7	84	52	A2	C7	63	64	BC	C7	00	80	2D	40	00	80	45	40	00	80	40	40	00	80	44	40	00	40	A3	40	00	00	00	00	00	00	00	00	00	00	00	00	00	00	00	00	00	00	00	00
0.552	3D DATA	true	-	-	-	-	-77324.8	-81340.2	-78593.7	-83109.0	-96456.8	2.7	3.1	3.0	3.1	5.1	-	-	-	-	-
0.580	3D MESSAGE	48	00	66	91	20	59	DA	8C	65	5E	B7	3C	81	06	97	C7	44	DE	9E	C7	EC	80	99	C7	92	52	A2	C7	71	64	BC	C7	00	00	1E	40	00	00	2F	40	00	80	36	40	00	80	3D	40	00	C0	9F	40	00	00	00	00	00	00	00	00	00	00	00	00	00	00	00	00	00	00	00	00
0.580	3D DATA	true	-	-	-	-	-77325.0	-81340.5	-78593.8	-83109.1	-96456.9	2.5	2.7	2.9	3.0	5.0	-	-	-	-	-
0.581	3D MESSAGE	48	00	67	91	20	59	DB	8C	65	5E	B7	3C	9E	06	97	C7	6D	DE	9E	C7	05	81	99	C7	AE	52	A2	C7	82	64	BC	C7	00	80	0F	40	00	80	1A	40	00	00	2A	40	00	80	2F	40	00	80	9B	40	00	00	00	00	00	00	00	00	00	00	00	00	00	00	00	00	00	00	00	00
0.581	3D DATA	true	-	-	-	-	-77325.2	-81340.9	-78594.0	-83109.4	-96457.0	2.2	2.4	2.7	2.7	4.9	-	-	-	-	-
0.581	3D MESSAGE	48	00	68	91	20	59	DC	8C	65	5E	B7	3C	B7	06	97	C7	8C	DE	9E	C7	20	81	99	C7	D4	52	A2	C7	98	64	BC	C7	00	00	03	40	00	00	0B	40	00	80	1C	40	00	80	1C	40	00	00	96	40	00	00	00	00	00	00	00	00	00	00	00	00	00	00	00	00	00	00	00	00
0.581	3D DATA	true	-	-	-	-	-77325.4	-81341.1	-78594.2	-83109.7	-96457.2	2.0	2.2	2.4	2.4	4.7	-	-	-	-	-
0.582	3D MESSAGE	48	00	69	91	20	59	DD	8C	65	5E	B7	3C	C9	06	97	C7	A0	DE	9E	C7	3A	81	99	C7	FF	52	A2	C7	B2	64	BC	C7	00	00	F4	3F	00	00	01	40	00	80	0F	40	00	00	07	40	00	80	8F	40	00	00	00	00	00	00	00	00	00	00	00	00	00	00	00	00	00	00	00	00
0.582	3D DATA	true	-	-	-	-	-77325.6	-81341.2	-78594.5	-83110.0	-96457.4	1.9	2.0	2.2	2.1	4.5	-	-	-	-	-
0.582	3D MESSAGE	48	00	6A	91	20	59	DE	8C	65	5E	B7	3C	D4	06	97	C7	A7	DE	9E	C7	50	81	99	C7	2A	53	A2	C7	CF	64	BC	C7	00	00	E9	3F	00	00	FB	3F	00	80	04	40	00	00	E3	3F	00	40	88	40	00	00	00	00	00	00	00	00	00	00	00	00	00	00	00	00	00	00	00	00
0.582	3D DATA	true	-	-	-	-	-77325.7	-81341.3	-78594.6	-83110.3	-96457.6	1.8	2.0	2.1	1.8	4.3	-	-	-	-	-
0.582	3D MESSAGE	48	00	6B	91	20	59	DF	8C	65	5E	B7	3C	D6	06	97	C7	A4	DE	9E	C7	61	81	99	C7	4F	53	A2	C7	EB	64	BC	C7	00	00	E7	3F	00	00	FE	3F	00	00	F8	3F	00	00	BE	3F	00	40	81	40	00	00	00	00	00	00	00	00	00	00	00	00	00	00	00	00	00	00	00	00
0.582	3D DATA	true	-	-	-	-	-77325.7	-81341.3	-78594.8	-83110.6	-96457.8	1.8	2.0	1.9	1.5	4.0	-	-	-	-	-
0.611	3D MESSAGE	48	00	6C	91	20	59	E0	8C	65	5E	B7	3C	D2	06	97	C7	9B	DE	9E	C7	6C	81	99	C7	6B	53	A2	C7	02	65	BC	C7	00	00	EB	3F	00	80	03	40	00	00	ED	3F	00	00	A2	3F	00	00	77	40	00	00	00	00	00	00	00	00	00	00	00	00	00	00	00	00	00	00	00	00
0.611	3D DATA	true	-	-	-	-	-77325.6	-81341.2	-78594.8	-83110.8	-96458.0	1.8	2.1	1.9	1.3	3.9	-	-	-	-	-
0.613	3D MESSAGE	48	00	6D	91	20	59	E1	8C	65	5E	B7	3C	CC	06	97	C7	8F	DE	9E	C7	70	81	99	C7	7F	53	A2	C7	11	65	BC	C7	00	00	F1	3F	00	80	09	40	00	00	E9	3F	00	00	8E	3F	00	80	6F	40	00	00	00	00	00	00	00	00	00	00	00	00	00	00	00	00	00	00	00	00
0.613	3D DATA	true	-	-	-	-	-77325.6	-81341.1	-78594.9	-83111.0	-96458.1	1.9	2.1	1.8	1.1	3.7	-	-	-	-	-
0.613	3D MESSAGE	48	00	6E	91	20	59	E2	8C	65	5E	B7	3C	C4	06	97	C7	84	DE	9E	C7	6F	81	99	C7	8C	53	A2	C7	14	65	BC	C7	00	00	F9	3F	00	00	0F	40	00	00	EA	3F	00	00	81	3F	00	00	6E	40	00	00	00	00	00	00	00	00	00	00	00	00	00	00	00	00	00	00	00	00
0.613	3D DATA	true	-	-	-	-	-77325.5	-81341.0	-78594.9	-83111.1	-96458.2	1.9	2.2	1.8	1.0	3.7	-	-	-	-	-
0.613	3D MESSAGE	48	00	6F	91	20	59	E3	8C	65	5E	B7	3C	BF	06	97	C7	7D	DE	9E	C7	6B	81	99	C7	96	53	A2	C7	0E	65	BC	C7	00	00	FE	3F	00	80	12	40	00	00	EE	3F	00	00	6E	3F	00	00	71	40	00	00	00	00	00	00	00	00	00	00	00	00	00	00	00	00	00	00	00	00
0.613	3D DATA	true	-	-	-	-	-77325.5	-81341.0	-78594.8	-83111.2	-96458.1	2.0	2.3	1.9	0.9	3.8	-	-	-	-	-
0.614	3D MESSAGE	48	00	70	91	20	59	E4	8C	65	5E	B7	3C	BE	06	97	C7	7C	DE	9E	C7	65	81	99	C7	9F	53	A2	C7	01	65	BC	C7	00	00	FF	3F	00	00	13	40	00	00	F4	3F	00	00	5C	3F	00	80	77	40	00	00	00	00	00	00	00	00	00	00	00	00	00	00	00	00	00	00	00	00
0.614	3D DATA	true	-	-	-	-	-77325.5	-81341.0	-78594.8	-83111.2	-96458.0	2.0	2.3	1.9	0.9	3.9	-	-	-	-	-
0.614	3D MESSAGE	48	00	71	91	20	59	E5	8C	65	5E	B7	3C	C0	06	97	C7	81	DE	9E	C7	60	81	99	C7	A6	53	A2	C7	F3	64	BC	C7	00	00	FD	3F	00	80	10	40	00	00	F9	3F	00	00	4E	3F	00	80	7E	40	00	00	00	00	00	00	00	00	00	00	00	00	00	00	00	00	00	00	00	00
0.614	3D DATA	true	-	-	-	-	-77325.5	-81341.0	-78594.8	-83111.3	-96457.9	2.0	2.3	1.9	0.8	4.0	-	-	-	-	-
0.641	3D MESSAGE	48	00	72	91	20	59	E6	8C	65	5E	B7	3C	C6	06	97	C7	8A	DE	9E	C7	59	81	99	C7	AC	53	A2	C7	E8	64	BC	C7	00	00	F7	3F	00	00	0C	40	00	00	00	40	00	00	42	3F	00	00	82	40	00	00	00	00	00	00	00	00	00	00	00	00	00	00	00	00	00	00	00	00
0.641	3D DATA	true	-	-	-	-	-77325.5	-81341.1	-78594.7	-83111.3	-96457.8	1.9	2.2	2.0	0.8	4.1	-	-	-	-	-
0.644	3D MESSAGE	48	00	73	91	20	59	E7	8C	65	5E	B7	3C	CC	06	97	C7	95	DE	9E	C7	52	81	99	C7	AC	53	A2	C7	E2	64	BC	C7	00	00	F1	3F	00	80	06	40	00	80	03	40	00	00	42	3F	00	80	83	40	00	00	00	00	00	00	00	00	00	00	00	00	00	00	00	00	00	00	00	00
0.644	3D DATA	true	-	-	-	-	-77325.6	-81341.2	-78594.6	-83111.3	-96457.8	1.9	2.1	2.1	0.8	4.1	-	-	-	-	-
0.645	3D MESSAGE	48	00	74	91	20	59	E8	8C	65	5E	B7	3C	D0	06	97	C7	9E	DE	9E	C7	4A	81	99	C7	A5	53	A2	C7	E2	64	BC	C7	00	00	ED	3F	00	00	02	40	00	80	07	40	00	00	50	3F	00	80	83	40	00	00	00	00	00	00	00	00	00	00	00	00	00	00	00	00	00	00	00	00
0.645	3D DATA	true	-	-	-	-	-77325.6	-81341.2	-78594.6	-83111.3	-96457.8	1.9	2.0	2.1	0.8	4.1	-	-	-	-	-
0.645	3D MESSAGE	48	00	75	91	20	59	E9	8C	65	5E	B7	3C	D0	06	97	C7	A4	DE	9E	C7	41	81	99	C7	97	53	A2	C7	E6	64	BC	C7	00	00	ED	3F	00	00	FE	3F	00	00	0C	40	00	00	6C	3F	00	80	82	40	00	00	00	00	00	00	00	00	00	00	00	00	00	00	00	00	00	00	00	00
0.645	3D DATA	true	-	-	-	-	-77325.6	-81341.3	-78594.5	-83111.2	-96457.8	1.9	2.0	2.2	0.9	4.1	-	-	-	-	-
0.645	3D MESSAGE	48	00	76	91	20	59	EA	8C	65	5E	B7	3C	CC	06	97	C7	A7	DE	9E	C7	38	81	99	C7	84	53	A2	C7	EB	64	BC	C7	00	00	F1	3F	00	00	FB	3F	00	80	10	40	00	00	89	3F	00	40	81	40	00	00	00	00	00	00	00	00	00	00	00	00	00	00	00	00	00	00	00	00
0.645	3D DATA	true	-	-	-	-	-77325.6	-81341.3	-78594.4	-83111.0	-96457.8	1.9	2.0	2.3	1.1	4.0	-	-	-	-	-
0.645	3D MESSAGE	48	00	77	91	20	59	EB	8C	65	5E	B7	3C	C7	06	97	C7	A6	DE	9E	C7	30	81	99	C7	71	53	A2	C7	F1	64	BC	C7	00	00	F6	3F	00	00	FC	3F	00	80	14	40	00	00	9C	3F	00	80	7F	40	00	00	00	00	00	00	00	00	00	00	00	00	00	00	00	00	00	00	00	00
0.645	3D DATA	true	-	-	-	-	-77325.6	-81341.3	-78594.4	-83110.9	-96457.9	1.9	2.0	2.3	1.2	4.0	-	-	-	-	-
0.672	3D MESSAGE	48	00	78	91	20	59	EC	8C	65	5E	B7	3C	C2	06	97	C7	A6	DE	9E	C7	2D	81	99	C7	60	53	A2	C7	F8	64	BC	C7	00	00	FB	3F	00	00	FC	3F	00	00	16	40	00	00	AD	3F	00	00	7C	40	00	00	00	00	00	00	00	00	00	00	00	00	00	00	00	00	00	00	00	00
0.672	3D DATA	true	-	-	-	-	-77325.5	-81341.3	-78594.4	-83110.8	-96457.9	2.0	2.0	2.3	1.4	3.9	-	-	-	-	-
0.677	3D MESSAGE	48	00	79	91	20	59	ED	8C	65	5E	B7	3C	C1	06	97	C7	A8	DE	9E	C7	2E	81	99	C7	54	53	A2	C7	FE	64	BC	C7	00	00	FC	3F	00	00	FA	3F	00	80	15	40	00	00	B9	3F	00	00	79	40	00	00	00	00	00	00	00	00	00	00	00	00	00	00	00	00	00	00	00	00
0.677	3D DATA	true	-	-	-	-	-77325.5	-81341.3	-78594.4	-83110.7	-96458.0	2.0	2.0	2.3	1.4	3.9	-	-	-	-	-
0.678	3D MESSAGE	48	00	7A	91	20	59	EE	8C	65	5E	B7	3C	C4	06	97	C7	AE	DE	9E	C7	34	81	99	C7	4D	53	A2	C7	06	65	BC	C7	00	00	F9	3F	00	00	F4	3F	00	80	12	40	00	00	C0	3F	00	00	75	40	00	00	00	00	00	00	00	00	00	00	00	00	00	00	00	00	00	00	00	00
0.678	3D DATA	true	-	-	-	-	-77325.5	-81341.4	-78594.4	-83110.6	-96458.0	1.9	1.9	2.3	1.5	3.8	-	-	-	-	-
0.678	3D MESSAGE	48	00	7B	91	20	59	EF	8C	65	5E	B7	3C	CB	06	97	C7	B4	DE	9E	C7	3E	81	99	C7	4A	53	A2	C7	0B	65	BC	C7	00	00	F2	3F	00	00	EE	3F	00	80	0D	40	00	00	C3	3F	00	80	72	40	00	00	00	00	00	00	00	00	00	00	00	00	00	00	00	00	00	00	00	00
0.678	3D DATA	true	-	-	-	-	-77325.6	-81341.4	-78594.5	-83110.6	-96458.1	1.9	1.9	2.2	1.5	3.8	-	-	-	-	-
0.678	3D MESSAGE	48	00	7C	91	20	59	F0	8C	65	5E	B7	3C	D4	06	97	C7	B9	DE	9E	C7	49	81	99	C7	46	53	A2	C7	0C	65	BC	C7	00	00	E9	3F	00	00	E9	3F	00	00	08	40	00	00	C7	3F	00	00	72	40	00	00	00	00	00	00	00	00	00	00	00	00	00	00	00	00	00	00	00	00
0.678	3D DATA	true	-	-	-	-	-77325.7	-81341.4	-78594.6	-83110.5	-96458.1	1.8	1.8	2.1	1.6	3.8	-	-	-	-	-
0.679	3D MESSAGE	48	00	7D	91	20	59	F1	8C	65	5E	B7	3C	DB	06	97	C7	B9	DE	9E	C7	53	81	99	C7	3F	53	A2	C7	03	65	BC	C7	00	00	E2	3F	00	00	E9	3F	00	00	03	40	00	00	CE	3F	00	80	76	40	00	00	00	00	00	00	00	00	00	00	00	00	00	00	00	00	00	00	00	00
0.679	3D DATA	true	-	-	-	-	-77325.7	-81341.4	-78594.6	-83110.5	-96458.0	1.8	1.8	2.0	1.6	3.9	-	-	-	-	-
0.679	3D MESSAGE	48	00	7E	91	20	59	F2	8C	3C	82	C4	3C	DE	06	97	C7	B1	DE	9E	C7	5A	81	99	C7	32	53	A2	C7	F0	64	BC	C7	00	00	DF	3F	00	00	F1	3F	00	00	FF	3F	00	00	DB	3F	00	00	80	40	00	00	00	00	00	00	00	00	00	00	00	00	00	00	00	00	00	00	00	00
0.679	3D DATA	true	-	-	-	-	-77325.7	-81341.4	-78594.7	-83110.4	-96457.9	1.7	1.9	2.0	1.7	4.0	-	-	-	-	-
0.704	3D MESSAGE	48	00	7F	91	20	59	F3	8C	3C	82	C4	3C	DB	06	97	C7	A1	DE	9E	C7	60	81	99	C7	20	53	A2	C7	D3	64	BC	C7	00	00	E2	3F	00	80	00	40	00	00	F9	3F	00	00	ED	3F	00	40	87	40	00	00	00	00	00	00	00	00	00	00	00	00	00	00	00	00	00	00	00	00
0.704	3D DATA	true	-	-	-	-	-77325.7	-81341.3	-78594.8	-83110.2	-96457.6	1.8	2.0	1.9	1.9	4.2	-	-	-	-	-
0.711	3D MESSAGE	48	00	80	91	20	59	F4	8C	3C	82	C4	3C	D3	06	97	C7	8E	DE	9E	C7	67	81	99	C7	0A	53	A2	C7	B2	64	BC	C7	00	00	EA	3F	00	00	0A	40	00	00	F2	3F	00	80	01	40	00	80	8F	40	00	00	00	00	00	00	00	00	00	00	00	00	00	00	00	00	00	00	00	00
0.711	3D DATA	true	-	-	-	-	-77325.6	-81341.1	-78594.8	-83110.1	-96457.4	1.8	2.2	1.9	2.0	4.5	-	-	-	-	-
0.711	3D MESSAGE	48	00	81	91	20	59	F5	8C	3C	82	C4	3C	C9	06	97	C7	7E	DE	9E	C7	71	81	99	C7	F7	52	A2	C7	95	64	BC	C7	00	00	F4	3F	00	00	12	40	00	00	E8	3F	00	00	0B	40	00	C0	96	40	00	00	00	00	00	00	00	00	00	00	00	00	00	00	00	00	00	00	00	00
0.711	3D DATA	true	-	-	-	-	-77325.6	-81341.0	-78594.9	-83109.9	-96457.2	1.9	2.3	1.8	2.2	4.7	-	-	-	-	-
0.711	3D MESSAGE	48	00	82	91	20	59	F6	8C	3C	82	C4	3C	C2	06	97	C7	76	DE	9E	C7	81	81	99	C7	EA	52	A2	C7	86	64	BC	C7	00	00	FB	3F	00	00	16	40	00	00	D8	3F	00	80	11	40	00	80	9A	40	00	00	00	00	00	00	00	00	00	00	00	00	00	00	00	00	00	00	00	00
0.712	3D DATA	true	-	-	-	-	-77325.5	-81340.9	-78595.0	-83109.8	-96457.0	2.0	2.3	1.7	2.3	4.8	-	-	-	-	-
0.712	3D MESSAGE	48	00	83	91	20	59	F7	8C	3C	82	C4	3C	C4	06	97	C7	7E	DE	9E	C7	96	81	99	C7	E9	52	A2	C7	8E	64	BC	C7	00	00	F9	3F	00	00	12	40	00	00	C3	3F	00	00	12	40	00	80	98	40	00	00	00	00	00	00	00	00	00	00	00	00	00	00	00	00	00	00	00	00
0.712	3D DATA	true	-	-	-	-	-77325.5	-81341.0	-78595.2	-83109.8	-96457.1	1.9	2.3	1.5	2.3	4.8	-	-	-	-	-
0.712	3D MESSAGE	48	00	84	91	20	59	F8	8C	3C	82	C4	3C	CF	06	97	C7	94	DE	9E	C7	B0	81	99	C7	F8	52	A2	C7	B1	64	BC	C7	00	00	EE	3F	00	00	07	40	00	00	A9	3F	00	80	0A	40	00	C0	8F	40	00	00	00	00	00	00	00	00	00	00	00	00	00	00	00	00	00	00	00	00
0.712	3D DATA	true	-	-	-	-	-77325.6	-81341.2	-78595.4	-83109.9	-96457.4	1.9	2.1	1.3	2.2	4.5	-	-	-	-	-
0.712	3D MESSAGE	48	00	85	91	20	59	F9	8C	3C	82	C4	3C	E6	06	97	C7	BA	DE	9E	C7	CB	81	99	C7	14	53	A2	C7	ED	64	BC	C7	00	00	D7	3F	00	00	E8	3F	00	00	8E	3F	00	00	F9	3F	00	C0	80	40	00	00	00	00	00	00	00	00	00	00	00	00	00	00	00	00	00	00	00	00
0.713	3D DATA	true	-	-	-	-	-77325.8	-81341.5	-78595.6	-83110.2	-96457.9	1.7	1.8	1.1	1.9	4.0	-	-	-	-	-
0.735	3D MESSAGE	48	00	86	91	20	59	FA	8C	3C	82	C4	3C	05	07	97	C7	E8	DE	9E	C7	E4	81	99	C7	3C	53	A2	C7	3A	65	BC	C7	00	00	B8	3F	00	00	BA	3F	00	00	6A	3F	00	00	D1	3F	00	00	5B	40	00	00	00	00	00	00	00	00	00	00	00	00	00	00	00	00	00	00	00	00
0.735	3D DATA	true	-	-	-	-	-77326.0	-81341.8	-78595.8	-83110.5	-96458.5	1.4	1.5	0.9	1.6	3.4	-	-	-	-	-
0.744	3D MESSAGE	48	00	87	91	20	59	FB	8C	3C	82	C4	3C	28	07	97	C7	17	DF	9E	C7	F7	81	99	C7	6A	53	A2	C7	8C	65	BC	C7	00	00	95	3F	00	00	8B	3F	00	00	44	3F	00	00	A3	3F	00	00	32	40	00	00	00	00	00	00	00	00	00	00	00	00	00	00	00	00	00	00	00	00
0.744	3D DATA	true	-	-	-	-	-77326.3	-81342.2	-78595.9	-83110.8	-96459.1	1.2	1.1	0.8	1.3	2.8	-	-	-	-	-
0.744	3D MESSAGE	48	00	88	91	20	59	FC	8C	3C	82	C4	3C	49	07	97	C7	41	DF	9E	C7	03	82	99	C7	96	53	A2	C7	D6	65	BC	C7	00	00	68	3F	00	00	42	3F	00	00	2C	3F	00	00	6E	3F	00	00	0D	40	00	00	00	00	00	00	00	00	00	00	00	00	00	00	00	00	00	00	00	00
0.744	3D DATA	true	-	-	-	-	-77326.6	-81342.5	-78596.0	-83111.2	-96459.7	0.9	0.8	0.7	0.9	2.2	-	-	-	-	-
0.745	3D MESSAGE	48	00	89	91	20	59	FD	8C	3C	82	C4	3C	62	07	97	C7	60	DF	9E	C7	09	82	99	C7	BA	53	A2	C7	0B	66	BC	C7	00	00	36	3F	00	00	04	3F	00	00	20	3F	00	00	26	3F	00	00	E5	3F	00	00	00	00	00	00	00	00	00	00	00	00	00	00	00	00	00	00	00	00
0.745	3D DATA	true	-	-	-	-	-77326.8	-81342.8	-78596.1	-83111.5	-96460.1	0.7	0.5	0.6	0.6	1.8	-	-	-	-	-
0.745	3D MESSAGE	48	00	8A	91	20	59	FE	8C	3C	82	C4	3C	71	07	97	C7	70	DF	9E	C7	0A	82	99	C7	CD	53	A2	C7	22	66	BC	C7	00	00	18	3F	00	00	C8	3E	00	00	1E	3F	00	00	00	3F	00	00	CE	3F	00	00	00	00	00	00	00	00	00	00	00	00	00	00	00	00	00	00	00	00
0.745	3D DATA	true	-	-	-	-	-77326.9	-81342.9	-78596.1	-83111.6	-96460.3	0.6	0.4	0.6	0.5	1.6	-	-	-	-	-
0.745	3D MESSAGE	48	00	8B	91	20	59	FF	8C	3C	82	C4	3C	74	07	97	C7	72	DF	9E	C7	09	82	99	C7	CF	53	A2	C7	18	66	BC	C7	00	00	12	3F	00	00	C0	3E	00	00	20	3F	00	00	F8	3E	00	00	D8	3F	00	00	00	00	00	00	00	00	00	00	00	00	00	00	00	00	00	00	00	00
0.745	3D DATA	true	-	-	-	-	-77326.9	-81342.9	-78596.1	-83111.6	-96460.2	0.6	0.4	0.6	0.5	1.7	-	-	-	-	-
0.766	3D MESSAGE	48	00	8C	91	20	59	00	8C	3C	82	C4	3C	6A	07	97	C7	66	DF	9E	C7	05	82	99	C7	BF	53	A2	C7	F0	65	BC	C7	00	00	26	3F	00	00	F0	3E	00	00	28	3F	00	00	1C	3F	00	00	00	40	00	00	00	00	00	00	00	00	00	00	00	00	00	00	00	00	00	00	00	00
0.766	3D DATA	true	-	-	-	-	-77326.8	-81342.8	-78596.0	-83111.5	-96459.9	0.6	0.5	0.7	0.6	2.0	-	-	-	-	-
0.778	3D MESSAGE	48	00	8D	91	20	59	01	8C	3C	82	C4	3C	56	07	97	C7	4E	DF	9E	C7	FE	81	99	C7	A2	53	A2	C7	AF	65	BC	C7	00	00	4E	3F	00	00	28	3F	00	00	36	3F	00	00	56	3F	00	80	20	40	00	00	00	00	00	00	00	00	00	00	00	00	00	00	00	00	00	00	00	00
0.778	3D DATA	true	-	-	-	-	-77326.7	-81342.6	-78596.0	-83111.3	-96459.4	0.8	0.7	0.7	0.8	2.5	-	-	-	-	-
0.778	3D MESSAGE	48	00	8E	91	20	59	02	8C	3C	82	C4	3C	3B	07	97	C7	2C	DF	9E	C7	F2	81	99	C7	7D	53	A2	C7	5F	65	BC	C7	00	00	82	3F	00	00	6C	3F	00	00	4E	3F	00	00	90	3F	00	80	48	40	00	00	00	00	00	00	00	00	00	00	00	00	00	00	00	00	00	00	00	00
0.778	3D DATA	true	-	-	-	-	-77326.5	-81342.3	-78595.9	-83111.0	-96458.7	1.0	0.9	0.8	1.1	3.1	-	-	-	-	-
0.778	3D MESSAGE	48	00	8F	91	20	59	03	8C	3C	82	C4	3C	1C	07	97	C7	02	DF	9E	C7	DF	81	99	C7	56	53	A2	C7	08	65	BC	C7	00	00	A1	3F	00	00	A0	3F	00	00	74	3F	00	00	B7	3F	00	00	74	40	00	00	00	00	00	00	00	00	00	00	00	00	00	00	00	00	00	00	00	00
0.778	3D DATA	true	-	-	-	-	-77326.2	-81342.0	-78595.7	-83110.7	-96458.1	1.3	1.2	1.0	1.4	3.8	-	-	-	-	-
0.779	3D MESSAGE	48	00	90	91	20	59	04	8C	3C	82	C4	3C	FA	06	97	C7	D4	DE	9E	C7	C7	81	99	C7	34	53	A2	C7	B4	64	BC	C7	00	00	C3	3F	00	00	CE	3F	00	00	92	3F	00	00	D9	3F	00	00	8F	40	00	00	00	00	00	00	00	00	00	00	00	00	00	00	00	00	00	00	00	00
0.779	3D DATA	true	-	-	-	-	-77326.0	-81341.7	-78595.6	-83110.4	-96457.4	1.5	1.6	1.1	1.7	4.5	-	-	-	-	-
0.779	3D MESSAGE	48	00	91	91	20	59	05	8C	3C	82	C4	3C	D9	06	97	C7	A4	DE	9E	C7	AC	81	99	C7	1A	53	A2	C7	6A	64	BC	C7	00	00	E4	3F	00	00	FE	3F	00	00	AD	3F	00	00	F3	3F	00	80	A1	40	00	00	00	00	00	00	00	00	00	00	00	00	00	00	00	00	00	00	00	00
0.779	3D DATA	true	-	-	-	-	-77325.7	-81341.3	-78595.3	-83110.2	-96456.8	1.8	2.0	1.4	1.9	5.0	-	-	-	-	-
0.779	3D MESSAGE	48	00	92	91	20	59	06	8C	3C	82	C4	3C	BC	06	97	C7	78	DE	9E	C7	91	81	99	C7	0D	53	A2	C7	32	64	BC	C7	00	80	00	40	00	00	15	40	00	00	C8	3F	00	00	00	40	00	80	AF	40	00	00	00	00	00	00	00	00	00	00	00	00	00	00	00	00	00	00	00	00
0.779	3D DATA	true	-	-	-	-	-77325.5	-81340.9	-78595.1	-83110.1	-96456.4	2.0	2.3	1.6	2.0	5.5	-	-	-	-	-
0.798	3D MESSAGE	48	00	93	91	20	59	07	8C	3C	82	C4	3C	A4	06	97	C7	54	DE	9E	C7	7D	81	99	C7	0C	53	A2	C7	11	64	BC	C7	00	80	0C	40	00	00	27	40	00	00	DC	3F	00	80	00	40	00	C0	B7	40	00	00	00	00	00	00	00	00	00	00	00	00	00	00	00	00	00	00	00	00
0.798	3D DATA	true	-	-	-	-	-77325.3	-81340.7	-78595.0	-83110.1	-96456.1	2.2	2.6	1.7	2.0	5.7	-	-	-	-	-
0.811	3D MESSAGE	48	00	94	91	20	59	08	8C	3C	82	C4	3C	96	06	97	C7	3B	DE	9E	C7	72	81	99	C7	19	53	A2	C7	08	64	BC	C7	00	80	13	40	00	80	33	40	00	00	E7	3F	00	00	F4	3F	00	00	BA	40	00	00	00	00	00	00	00	00	00	00	00	00	00	00	00	00	00	00	00	00
0.811	3D DATA	true	-	-	-	-	-77325.2	-81340.5	-78594.9	-83110.2	-96456.1	2.3	2.8	1.8	1.9	5.8	-	-	-	-	-
0.811	3D MESSAGE	48	00	95	91	20	59	09	8C	3C	82	C4	3C	90	06	97	C7	2E	DE	9E	C7	70	81	99	C7	30	53	A2	C7	16	64	BC	C7	00	80	16	40	00	00	3A	40	00	00	E9	3F	00	00	DD	3F	00	80	B6	40	00	00	00	00	00	00	00	00	00	00	00	00	00	00	00	00	00	00	00	00
0.811	3D DATA	true	-	-	-	-	-77325.1	-81340.4	-78594.9	-83110.4	-96456.2	2.4	2.9	1.8	1.7	5.7	-	-	-	-	-
0.812	3D MESSAGE	48	00	96	91	20	59	0A	8C	3C	82	C4	3C	91	06	97	C7	2D	DE	9E	C7	76	81	99	C7	4E	53	A2	C7	34	64	BC	C7	00	00	16	40	00	80	3A	40	00	00	E3	3F	00	00	BF	3F	00	00	AF	40	00	00	00	00	00	00	00	00	00	00	00	00	00	00	00	00	00	00	00	00
0.812	3D DATA	true	-	-	-	-	-77325.1	-81340.4	-78594.9	-83110.6	-96456.4	2.3	2.9	1.8	1.5	5.5	-	-	-	-	-
0.812	3D MESSAGE	48	00	97	91	20	59	0B	8C	3C	82	C4	3C	9A	06	97	C7	35	DE	9E	C7	7C	81	99	C7	70	53	A2	C7	5C	64	BC	C7	00	80	11	40	00	80	36	40	00	00	DD	3F	00	00	9D	3F	00	00	A5	40	00	00	00	00	00	00	00	00	00	00	00	00	00	00	00	00	00	00	00	00
0.812	3D DATA	true	-	-	-	-	-77325.2	-81340.4	-78595.0	-83110.9	-96456.7	2.3	2.9	1.7	1.2	5.2	-	-	-	-	-
0.812	3D MESSAGE	48	00	98	91	20	59	0C	8C	3C	82	C4	3C	A6	06	97	C7	42	DE	9E	C7	7F	81	99	C7	8E	53	A2	C7	85	64	BC	C7	00	80	0B	40	00	00	30	40	00	00	DA	3F	00	00	7E	3F	00	C0	9A	40	00	00	00	00	00	00	00	00	00	00	00	00	00	00	00	00	00	00	00	00
0.812	3D DATA	true	-	-	-	-	-77325.3	-81340.5	-78595.0	-83111.1	-96457.0	2.2	2.8	1.7	1.0	4.8	-	-	-	-	-
0.812	3D MESSAGE	48	00	99	91	20	59	0D	8C	3C	82	C4	3C	B4	06	97	C7	51	DE	9E	C7	79	81	99	C7	A6	53	A2	C7	A6	64	BC	C7	00	80	04	40	00	80	28	40	00	00	E0	3F	00	00	4E	3F	00	80	92	40	00	00	00	00	00	00	00	00	00	00	00	00	00	00	00	00	00	00	00	00
0.812	3D DATA	true	-	-	-	-	-77325.4	-81340.6	-78594.9	-83111.3	-96457.3	2.1	2.6	1.8	0.8	4.6	-	-	-	-	-
0.830	3D MESSAGE	48	00	9A	91	20	59	0E	8C	3C	82	C4	3C	C2	06	97	C7	5E	DE	9E	C7	6A	81	99	C7	B4	53	A2	C7	BA	64	BC	C7	00	00	FB	3F	00	00	22	40	00	00	EF	3F	00	00	32	3F	00	80	8D	40	00	00	00	00	00	00	00	00	00	00	00	00	00	00	00	00	00	00	00	00
0.830	3D DATA	true	-	-	-	-	-77325.5	-81340.7	-78594.8	-83111.4	-96457.5	2.0	2.5	1.9	0.7	4.4	-	-	-	-	-
0.844	3D MESSAGE	48	00	9B	91	20	59	0F	8C	3C	82	C4	3C	CD	06	97	C7	68	DE	9E	C7	53	81	99	C7	B5	53	A2	C7	C0	64	BC	C7	00	00	F0	3F	00	00	1D	40	00	00	03	40	00	00	30	3F	00	00	8C	40	00	00	00	00	00	00	00	00	00	00	00	00	00	00	00	00	00	00	00	00
0.844	3D DATA	true	-	-	-	-	-77325.6	-81340.8	-78594.6	-83111.4	-96457.5	1.9	2.5	2.0	0.7	4.4	-	-	-	-	-
0.844	3D MESSAGE	48	00	9C	91	20	59	10	8C	3C	82	C4	3C	D3	06	97	C7	6F	DE	9E	C7	37	81	99	C7	AA	53	A2	C7	B6	64	BC	C7	00	00	EA	3F	00	80	19	40	00	00	11	40	00	00	46	3F	00	80	8E	40	00	00	00	00	00	00	00	00	00	00	00	00	00	00	00	00	00	00	00	00
0.844	3D DATA	true	-	-	-	-	-77325.6	-81340.9	-78594.4	-83111.3	-96457.4	1.8	2.4	2.3	0.8	4.5	-	-	-	-	-
0.845	3D MESSAGE	48	00	9D	91	20	59	11	8C	3C	82	C4	3C	D5	06	97	C7	72	DE	9E	C7	1C	81	99	C7	94	53	A2	C7	A2	64	BC	C7	00	00	E8	3F	00	00	18	40	00	80	1E	40	00	00	72	3F	00	80	93	40	00	00	00	00	00	00	00	00	00	00	00	00	00	00	00	00	00	00	00	00
0.845	3D DATA	true	-	-	-	-	-77325.7	-81340.9	-78594.2	-83111.2	-96457.3	1.8	2.4	2.5	0.9	4.6	-	-	-	-	-
0.845	3D MESSAGE	48	00	9E	91	20	59	12	8C	3C	82	C4	3C	D3	06	97	C7	72	DE	9E	C7	05	81	99	C7	78	53	A2	C7	86	64	BC	C7	00	00	EA	3F	00	00	18	40	00	00	2A	40	00	00	95	3F	00	80	9A	40	00	00	00	00	00	00	00	00	00	00	00	00	00	00	00	00	00	00	00	00
0.845	3D DATA	true	-	-	-	-	-77325.6	-81340.9	-78594.0	-83110.9	-96457.0	1.8	2.4	2.7	1.2	4.8	-	-	-	-	-
0.845	3D MESSAGE	48	00	9F	91	20	59	13	8C	3C	82	C4	3C	CE	06	97	C7	72	DE	9E	C7	F5	80	99	C7	5A	53	A2	C7	6B	64	BC	C7	00	00	EF	3F	00	00	18	40	00	00	32	40	00	00	B3	3F	00	40	A1	40	00	00	00	00	00	00	00	00	00	00	00	00	00	00	00	00	00	00	00	00
0.845	3D DATA	true	-	-	-	-	-77325.6	-81340.9	-78593.9	-83110.7	-96456.8	1.9	2.4	2.8	1.4	5.0	-	-	-	-	-
0.861	3D MESSAGE	48	00	A0	91	20	59	14	8C	3C	82	C4	3C	C8	06	97	C7	73	DE	9E	C7	F0	80	99	C7	3F	53	A2	C7	55	64	BC	C7	00	00	F5	3F	00	80	17	40	00	80	34	40	00	00	CE	3F	00	C0	A6	40	00	00	00	00	00	00	00	00	00	00	00	00	00	00	00	00	00	00	00	00
0.861	3D DATA	true	-	-	-	-	-77325.6	-81340.9	-78593.9	-83110.5	-96456.7	1.9	2.4	2.8	1.6	5.2	-	-	-	-	-
0.878	3D MESSAGE	48	00	A1	91	20	59	15	8C	3C	82	C4	3C	C4	06	97	C7	7B	DE	9E	C7	F7	80	99	C7	2D	53	A2	C7	4A	64	BC	C7	00	00	F9	3F	00	80	13	40	00	00	31	40	00	00	E0	3F	00	80	A9	40	00	00	00	00	00	00	00	00	00	00	00	00	00	00	00	00	00	00	00	00
0.878	3D DATA	true	-	-	-	-	-77325.5	-81341.0	-78593.9	-83110.4	-96456.6	1.9	2.3	2.8	1.8	5.3	-	-	-	-	-
0.878	3D MESSAGE	48	00	A2	91	20	59	16	8C	3C	82	C4	3C	C7	06	97	C7	8D	DE	9E	C7	0D	81	99	C7	28	53	A2	C7	4E	64	BC	C7	00	00	F6	3F	00	80	0A	40	00	00	26	40	00	00	E5	3F	00	80	A8	40	00	00	00	00	00	00	00	00	00	00	00	00	00	00	00	00	00	00	00	00
0.878	3D DATA	true	-	-	-	-	-77325.6	-81341.1	-78594.1	-83110.3	-96456.6	1.9	2.2	2.6	1.8	5.3	-	-	-	-	-
0.878	3D MESSAGE	48	00	A3	91	20	59	17	8C	3C	82	C4	3C	D1	06	97	C7	AA	DE	9E	C7	30	81	99	C7	30	53	A2	C7	62	64	BC	C7	00	00	EC	3F	00	00	F8	3F	00	80	14	40	00	00	DD	3F	00	80	A3	40	00	00	00	00	00	00	00	00	00	00	00	00	00	00	00	00	00	00	00	00
0.878	3D DATA	true	-	-	-	-	-77325.6	-81341.3	-78594.4	-83110.4	-96456.8	1.8	1.9	2.3	1.7	5.1	-	-	-	-	-
0.879	3D MESSAGE	48	00	A4	91	20	59	18	8C	3C	82	C4	3C	E3	06	97	C7	D2	DE	9E	C7	5D	81	99	C7	44	53	A2	C7	83	64	BC	C7	00	00	DA	3F	00	00	D0	3F	00	00	FC	3F	00	00	C9	3F	00	40	9B	40	00	00	00	00	00	00	00	00	00	00	00	00	00	00	00	00	00	00	00	00
0.879	3D DATA	true	-	-	-	-	-77325.8	-81341.6	-78594.7	-83110.5	-96457.0	1.7	1.6	2.0	1.6	4.9	-	-	-	-	-
0.879	3D MESSAGE	48	00	A5	91	20	59	19	8C	3C	82	C4	3C	FB	06	97	C7	FF	DE	9E	C7	8F	81	99	C7	5E	53	A2	C7	AA	64	BC	C7	00	00	C2	3F	00	00	A3	3F	00	00	CA	3F	00	00	AF	3F	00	80	91	40	00	00	00	00	00	00	00	00	00	00	00	00	00	00	00	00	00	00	00	00
0.879	3D DATA	true	-	-	-	-	-77326.0	-81342.0	-78595.1	-83110.7	-96457.3	1.5	1.3	1.6	1.4	4.5	-	-	-	-	-
0.879	3D MESSAGE	48	00	A6	91	20	59	1A	8C	0A	F9	B5	3C	15	07	97	C7	2A	DF	9E	C7	BC	81	99	C7	77	53	A2	C7	CE	64	BC	C7	00	00	A8	3F	00	00	70	3F	00	00	9D	3F	00	00	96	3F	00	80	88	40	00	00	00	00	00	00	00	00	00	00	00	00	00	00	00	00	00	00	00	00
0.879	3D DATA	true	-	-	-	-	-77326.2	-81342.3	-78595.5	-83110.9	-96457.6	1.3	0.9	1.2	1.2	4.3	-	-	-	-	-
0.879	3D MESSAGE	48	00	A7	91	20	59	1B	8C	0A	F9	B5	3C	2D	07	97	C7	4C	DF	9E	C7	DE	81	99	C7	88	53	A2	C7	E9	64	BC	C7	00	00	90	3F	00	00	2C	3F	00	00	76	3F	00	00	85	3F	00	C0	81	40	00	00	00	00	00	00	00	00	00	00	00	00	00	00	00	00	00	00	00	00
0.879	3D DATA	true	-	-	-	-	-77326.4	-81342.6	-78595.7	-83111.1	-96457.8	1.1	0.7	1.0	1.0	4.1	-	-	-	-	-
0.894	3D MESSAGE	48	00	A8	91	20	59	1C	8C	0A	F9	B5	3C	3F	07	97	C7	5F	DF	9E	C7	EE	81	99	C7	8E	53	A2	C7	F7	64	BC	C7	00	00	7C	3F	00	00	06	3F	00	00	56	3F	00	00	7E	3F	00	80	7C	40	00	00	00	00	00	00	00	00	00	00	00	00	00	00	00	00	00	00	00	00
0.894	3D DATA	true	-	-	-	-	-77326.5	-81342.7	-78595.9	-83111.1	-96457.9	1.0	0.5	0.8	1.0	3.9	-	-	-	-	-
0.911	3D MESSAGE	48	00	A9	91	20	59	1D	8C	0A	F9	B5	3C	4A	07	97	C7	62	DF	9E	C7	EA	81	99	C7	88	53	A2	C7	F6	64	BC	C7	00	00	66	3F	00	00	00	3F	00	00	5E	3F	00	00	85	3F	00	00	7D	40	00	00	00	00	00	00	00	00	00	00	00	00	00	00	00	00	00	00	00	00
0.911	3D DATA	true	-	-	-	-	-77326.6	-81342.8	-78595.8	-83111.1	-96457.9	0.9	0.5	0.9	1.0	4.0	-	-	-	-	-
0.912	3D MESSAGE	48	00	AA	91	20	59	1E	8C	0A	F9	B5	3C	4E	07	97	C7	55	DF	9E	C7	D8	81	99	C7	79	53	A2	C7	ED	64	BC	C7	00	00	5E	3F	00	00	1A	3F	00	00	81	3F	00	00	94	3F	00	C0	80	40	00	00	00	00	00	00	00	00	00	00	00	00	00	00	00	00	00	00	00	00
0.912	3D DATA	true	-	-	-	-	-77326.6	-81342.7	-78595.7	-83110.9	-96457.9	0.9	0.6	1.0	1.2	4.0	-	-	-	-	-
0.912	3D MESSAGE	48	00	AB	91	20	59	1F	8C	0A	F9	B5	3C	4C	07	97	C7	3F	DF	9E	C7	BC	81	99	C7	68	53	A2	C7	E3	64	BC	C7	00	00	62	3F	00	00	46	3F	00	00	9D	3F	00	00	A5	3F	00	40	83	40	00	00	00	00	00	00	00	00	00	00	00	00	00	00	00	00	00	00	00	00
0.912	3D DATA	true	-	-	-	-	-77326.6	-81342.5	-78595.5	-83110.8	-96457.8	0.9	0.8	1.2	1.3	4.1	-	-	-	-	-
0.912	3D MESSAGE	48	00	AC	91	20	59	20	8C	0A	F9	B5	3C	47	07	97	C7	25	DF	9E	C7	A1	81	99	C7	5C	53	A2	C7	DD	64	BC	C7	00	00	6C	3F	00	00	7A	3F	00	00	B8	3F	00	00	B1	3F	00	C0	84	40	00	00	00	00	00	00	00	00	00	00	00	00	00	00	00	00	00	00	00	00
0.912	3D DATA	true	-	-	-	-	-77326.6	-81342.3	-78595.3	-83110.7	-96457.7	0.9	1.0	1.4	1.4	4.1	-	-	-	-	-
0.913	3D MESSAGE	48	00	AD	91	20	59	21	8C	0A	F9	B5	3C	41	07	97	C7	0C	DF	9E	C7	8E	81	99	C7	5B	53	A2	C7	E1	64	BC	C7	00	00	78	3F	00	00	96	3F	00	00	CB	3F	00	00	B2	3F	00	C0	83	40	00	00	00	00	00	00	00	00	00	00	00	00	00	00	00	00	00	00	00	00
0.913	3D DATA	true	-	-	-	-	-77326.5	-81342.1	-78595.1	-83110.7	-96457.8	1.0	1.2	1.6	1.4	4.1	-	-	-	-	-
0.913	3D MESSAGE	48	00	AE	91	20	59	22	8C	0A	F9	B5	3C	3C	07	97	C7	F8	DE	9E	C7	84	81	99	C7	66	53	A2	C7	F0	64	BC	C7	00	00	81	3F	00	00	AA	3F	00	00	D5	3F	00	00	A7	3F	00	00	80	40	00	00	00	00	00	00	00	00	00	00	00	00	00	00	00	00	00	00	00	00
0.913	3D DATA	true	-	-	-	-	-77326.5	-81341.9	-78595.0	-83110.8	-96457.9	1.0	1.3	1.7	1.3	4.0	-	-	-	-	-
0.928	3D MESSAGE	48	00	AF	91	20	59	23	8C	0A	F9	B5	3C	39	07	97	C7	EC	DE	9E	C7	85	81	99	C7	7B	53	A2	C7	07	65	BC	C7	00	00	84	3F	00	00	B6	3F	00	00	D4	3F	00	00	92	3F	00	80	74	40	00	00	00	00	00	00	00	00	00	00	00	00	00	00	00	00	00	00	00	00
0.928	3D DATA	true	-	-	-	-	-77326.4	-81341.8	-78595.0	-83111.0	-96458.1	1.0	1.4	1.7	1.1	3.8	-	-	-	-	-
0.945	3D MESSAGE	48	00	B0	91	20	59	24	8C	0A	F9	B5	3C	36	07	97	C7	E9	DE	9E	C7	8C	81	99	C7	94	53	A2	C7	23	65	BC	C7	00	00	87	3F	00	00	B9	3F	00	00	CD	3F	00	00	72	3F	00	80	66	40	00	00	00	00	00	00	00	00	00	00	00	00	00	00	00	00	00	00	00	00
0.945	3D DATA	true	-	-	-	-	-77326.4	-81341.8	-78595.1	-83111.2	-96458.3	1.1	1.4	1.6	0.9	3.6	-	-	-	-	-
0.945	3D MESSAGE	48	00	B1	91	20	59	25	8C	0A	F9	B5	3C	34	07	97	C7	EC	DE	9E	C7	94	81	99	C7	AA	53	A2	C7	40	65	BC	C7	00	00	89	3F	00	00	B6	3F	00	00	C5	3F	00	00	46	3F	00	00	58	40	00	00	00	00	00	00	00	00	00	00	00	00	00	00	00	00	00	00	00	00
0.945	3D DATA	true	-	-	-	-	-77326.4	-81341.8	-78595.2	-83111.3	-96458.5	1.1	1.4	1.5	0.8	3.4	-	-	-	-	-
0.946	3D MESSAGE	48	00	B2	91	20	59	26	8C	0A	F9	B5	3C	35	07	97	C7	F4	DE	9E	C7	9A	81	99	C7	B8	53	A2	C7	5C	65	BC	C7	00	00	88	3F	00	00	AE	3F	00	00	BF	3F	00	00	2A	3F	00	00	4A	40	00	00	00	00	00	00	00	00	00	00	00	00	00	00	00	00	00	00	00	00
0.946	3D DATA	true	-	-	-	-	-77326.4	-81341.9	-78595.2	-83111.4	-96458.7	1.1	1.4	1.5	0.7	3.2	-	-	-	-	-
0.946	3D MESSAGE	48	00	B3	91	20	59	27	8C	0A	F9	B5	3C	37	07	97	C7	FF	DE	9E	C7	9E	81	99	C7	BB	53	A2	C7	74	65	BC	C7	00	00	86	3F	00	00	A3	3F	00	00	BB	3F	00	00	24	3F	00	00	3E	40	00	00	00	00	00	00	00	00	00	00	00	00	00	00	00	00	00	00	00	00
0.946	3D DATA	true	-	-	-	-	-77326.4	-81342.0	-78595.2	-83111.5	-96458.9	1.0	1.3	1.5	0.6	3.0	-	-	-	-	-
0.946	3D MESSAGE	48	00	B4	91	20	59	28	8C	0A	F9	B5	3C	3C	07	97	C7	0A	DF	9E	C7	A0	81	99	C7	B5	53	A2	C7	88	65	BC	C7	00	00	81	3F	00	00	98	3F	00	00	B9	3F	00	00	30	3F	00	00	34	40	00	00	00	00	00	00	00	00	00	00	00	00	00	00	00	00	00	00	00	00
0.946	3D DATA	true	-	-	-	-	-77326.5	-81342.1	-78595.2	-83111.4	-96459.1	1.0	1.2	1.4	0.7	2.8	-	-	-	-	-
0.947	3D MESSAGE	48	00	B5	91	20	59	29	8C	0A	F9	B5	3C	42	07	97	C7	14	DF	9E	C7	A3	81	99	C7	A9	53	A2	C7	97	65	BC	C7	00	00	76	3F	00	00	8E	3F	00	00	B6	3F	00	00	48	3F	00	80	2C	40	00	00	00	00	00	00	00	00	00	00	00	00	00	00	00	00	00	00	00	00
0.947	3D DATA	true	-	-	-	-	-77326.5	-81342.2	-78595.3	-83111.3	-96459.2	1.0	1.1	1.4	0.8	2.7	-	-	-	-	-
0.961	3D MESSAGE	48	00	B6	91	20	59	2A	8C	0A	F9	B5	3C	4B	07	97	C7	1A	DF	9E	C7	A9	81	99	C7	9A	53	A2	C7	A0	65	BC	C7	00	00	64	3F	00	00	88	3F	00	00	B0	3F	00	00	66	3F	00	00	28	40	00	00	00	00	00	00	00	00	00	00	00	00	00	00	00	00	00	00	00	00
0.961	3D DATA	true	-	-	-	-	-77326.6	-81342.2	-78595.3	-83111.2	-96459.2	0.9	1.1	1.4	0.9	2.6	-	-	-	-	-
0.978	3D MESSAGE	48	00	B7	91	20	59	2B	8C	0A	F9	B5	3C	54	07	97	C7	1B	DF	9E	C7	B4	81	99	C7	8C	53	A2	C7	A5	65	BC	C7	00	00	52	3F	00	00	87	3F	00	00	A5	3F	00	00	81	3F	00	80	25	40	00	00	00	00	00	00	00	00	00	00	00	00	00	00	00	00	00	00	00	00
0.978	3D DATA	true	-	-	-	-	-77326.7	-81342.2	-78595.4	-83111.1	-96459.3	0.8	1.1	1.3	1.0	2.6	-	-	-	-	-
0.978	3D MESSAGE	48	00	B8	91	20	59	2C	8C	0A	F9	B5	3C	5E	07	97	C7	18	DF	9E	C7	C3	81	99	C7	84	53	A2	C7	A6	65	BC	C7	00	00	3E	3F	00	00	8A	3F	00	00	96	3F	00	00	89	3F	00	00	25	40	00	00	00	00	00	00	00	00	00	00	00	00	00	00	00	00	00	00	00	00
0.978	3D DATA	true	-	-	-	-	-77326.7	-81342.2	-78595.5	-83111.0	-96459.3	0.7	1.1	1.2	1.1	2.6	-	-	-	-	-
0.979	3D MESSAGE	48	00	B9	91	20	59	2D	8C	0A	F9	B5	3C	6A	07	97	C7	13	DF	9E	C7	D4	81	99	C7	82	53	A2	C7	A8	65	BC	C7	00	00	26	3F	00	00	8F	3F	00	00	85	3F	00	00	8B	3F	00	00	24	40	00	00	00	00	00	00	00	00	00	00	00	00	00	00	00	00	00	00	00	00
0.979	3D DATA	true	-	-	-	-	-77326.8	-81342.1	-78595.7	-83111.0	-96459.3	0.6	1.1	1.0	1.1	2.6	-	-	-	-	-
0.979	3D MESSAGE	48	00	BA	91	20	59	2E	8C	0A	F9	B5	3C	77	07	97	C7	0E	DF	9E	C7	E4	81	99	C7	86	53	A2	C7	AC	65	BC	C7	00	00	0C	3F	00	00	94	3F	00	00	6A	3F	00	00	87	3F	00	00	22	40	00	00	00	00	00	00	00	00	00	00	00	00	00	00	00	00	00	00	00	00
0.979	3D DATA	true	-	-	-	-	-77326.9	-81342.1	-78595.8	-83111.0	-96459.3	0.5	1.2	0.9	1.1	2.5	-	-	-	-	-
0.979	3D MESSAGE	48	00	BB	91	20	59	2F	8C	0A	F9	B5	3C	86	07	97	C7	0E	DF	9E	C7	F4	81	99	C7	8F	53	A2	C7	B7	65	BC	C7	00	00	DC	3E	00	00	94	3F	00	00	4A	3F	00	00	7C	3F	00	80	1C	40	00	00	00	00	00	00	00	00	00	00	00	00	00	00	00	00	00	00	00	00
0.979	3D DATA	true	-	-	-	-	-77327.0	-81342.1	-78595.9	-83111.1	-96459.4	0.4	1.2	0.8	1.0	2.4	-	-	-	-	-
0.994	3D MESSAGE	48	00	BC	91	20	59	30	8C	0A	F9	B5	3C	97	07	97	C7	14	DF	9E	C7	02	82	99	C7	9C	53	A2	C7	CA	65	BC	C7	00	00	98	3E	00	00	8E	3F	00	00	2E	3F	00	00	62	3F	00	00	13	40	00	00	00	00	00	00	00	00	00	00	00	00	00	00	00	00	00	00	00	00
0.994	3D DATA	true	-	-	-	-	-77327.2	-81342.2	-78596.0	-83111.2	-96459.6	0.3	1.1	0.7	0.9	2.3	-	-	-	-	-
1.011	3D MESSAGE	48	00	BD	91	20	59	31	8C	0A	F9	B5	3C	A8	07	97	C7	20	DF	9E	C7	0D	82	99	C7	AA	53	A2	C7	E4	65	BC	C7	00	00	28	3E	00	00	82	3F	00	00	18	3F	00	00	46	3F	00	00	06	40	00	00	00	00	00	00	00	00	00	00	00	00	00	00	00	00	00	00	00	00
1.011	3D DATA	true	-	-	-	-	-77327.3	-81342.2	-78596.1	-83111.3	-96459.8	0.2	1.0	0.6	0.8	2.1	-	-	-	-	-
1.012	3D MESSAGE	48	00	BE	91	20	59	32	8C	0A	F9	B5	3C	B5	07	97	C7	2E	DF	9E	C7	16	82	99	C7	B8	53	A2	C7	01	66	BC	C7	00	00	80	3D	00	00	68	3F	00	00	06	3F	00	00	2A	3F	00	00	EF	3F	00	00	00	00	00	00	00	00	00	00	00	00	00	00	00	00	00	00	00	00
1.012	3D DATA	true	-	-	-	-	-77327.4	-81342.4	-78596.2	-83111.4	-96460.0	0.1	0.9	0.5	0.7	1.9	-	-	-	-	-
1.012	3D MESSAGE	48	00	BF	91	20	59	33	8C	0A	F9	B5	3C	BA	07	97	C7	3A	DF	9E	C7	1C	82	99	C7	C2	53	A2	C7	1A	66	BC	C7	00	00	C0	3C	00	00	50	3F	00	00	F4	3E	00	00	16	3F	00	00	D6	3F	00	00	00	00	00	00	00	00	00	00	00	00	00	00	00	00	00	00	00	00
1.012	3D DATA	true	-	-	-	-	-77327.5	-81342.5	-78596.2	-83111.5	-96460.2	0.0	0.8	0.5	0.6	1.7	-	-	-	-	-
1.013	3D MESSAGE	48	00	C0	91	20	59	34	8C	0A	F9	B5	3C	B4	07	97	C7	3F	DF	9E	C7	1E	82	99	C7	C6	53	A2	C7	28	66	BC	C7	00	00	90	3D	00	00	46	3F	00	00	EC	3E	00	00	0E	3F	00	00	C8	3F	00	00	00	00	00	00	00	00	00	00	00	00	00	00	00	00	00	00	00	00
1.013	3D DATA	true	-	-	-	-	-77327.4	-81342.5	-78596.2	-83111.5	-96460.3	0.1	0.8	0.5	0.6	1.6	-	-	-	-	-
1.013	3D MESSAGE	48	00	C1	91	20	59	35	8C	0A	F9	B5	3C	A2	07	97	C7	3B	DF	9E	C7	1E	82	99	C7	C3	53	A2	C7	27	66	BC	C7	00	00	58	3E	00	00	4E	3F	00	00	EC	3E	00	00	14	3F	00	00	C9	3F	00	00	00	00	00	00	00	00	00	00	00	00	00	00	00	00	00	00	00	00
1.013	3D DATA	true	-	-	-	-	-77327.3	-81342.5	-78596.2	-83111.5	-96460.3	0.2	0.8	0.5	0.6	1.6	-	-	-	-	-
1.013	3D MESSAGE	48	00	C2	91	20	59	36	8C	0A	F9	B5	3C	85	07	97	C7	2E	DF	9E	C7	1A	82	99	C7	B7	53	A2	C7	17	66	BC	C7	00	00	E0	3E	00	00	68	3F	00	00	FC	3E	00	00	2C	3F	00	00	D9	3F	00	00	00	00	00	00	00	00	00	00	00	00	00	00	00	00	00	00	00	00
1.013	3D DATA	true	-	-	-	-	-77327.0	-81342.4	-78596.2	-83111.4	-96460.2	0.4	0.9	0.5	0.7	1.7	-	-	-	-	-
1.050	3D MESSAGE	48	00	C3	91	20	59	37	8C	0A	F9	B5	3C	60	07	97	C7	1C	DF	9E	C7	16	82	99	C7	A6	53	A2	C7	FC	65	BC	C7	00	00	3A	3F	00	00	86	3F	00	00	06	3F	00	00	4E	3F	00	00	F4	3F	00	00	00	00	00	00	00	00	00	00	00	00	00	00	00	00	00	00	00	00
1.050	3D DATA	true	-	-	-	-	-77326.8	-81342.2	-78596.2	-83111.3	-96460.0	0.7	1.0	0.5	0.8	1.9	-	-	-	-	-
1.050	3D MESSAGE	48	00	C4	91	20	59	38	8C	0A	F9	B5	3C	39	07	97	C7	0A	DF	9E	C7	12	82	99	C7	91	53	A2	C7	DC	65	BC	C7	00	00	84	3F	00	00	98	3F	00	00	0E	3F	00	00	78	3F	00	00	0A	40	00	00	00	00	00	00	00	00	00	00	00	00	00	00	00	00	00	00	00	00
1.050	3D DATA	true	-	-	-	-	-77326.4	-81342.1	-78596.1	-83111.1	-96459.7	1.0	1.2	0.6	1.0	2.2	-	-	-	-	-
1.051	3D MESSAGE	48	00	C5	91	20	59	39	8C	0A	F9	B5	3C	15	07	97	C7	FC	DE	9E	C7	10	82	99	C7	7E	53	A2	C7	BC	65	BC	C7	00	00	A8	3F	00	00	A6	3F	00	00	12	3F	00	00	8F	3F	00	00	1A	40	00	00	00	00	00	00	00	00	00	00	00	00	00	00	00	00	00	00	00	00
1.051	3D DATA	true	-	-	-	-	-77326.2	-81342.0	-78596.1	-83111.0	-96459.5	1.3	1.3	0.6	1.1	2.4	-	-	-	-	-
1.051	3D MESSAGE	48	00	C6	91	20	59	3A	8C	0A	F9	B5	3C	FA	06	97	C7	F4	DE	9E	C7	11	82	99	C7	72	53	A2	C7	A3	65	BC	C7	00	00	C3	3F	00	00	AE	3F	00	00	10	3F	00	00	9B	3F	00	80	26	40	00	00	00	00	00	00	00	00	00	00	00	00	00	00	00	00	00	00	00	00
1.051	3D DATA	true	-	-	-	-	-77326.0	-81341.9	-78596.1	-83110.9	-96459.3	1.5	1.4	0.6	1.2	2.6	-	-	-	-	-
1.051	3D MESSAGE	48	00	C7	91	20	59	3B	8C	0A	F9	B5	3C	EA	06	97	C7	F0	DE	9E	C7	14	82	99	C7	6D	53	A2	C7	92	65	BC	C7	00	00	D3	3F	00	00	B2	3F	00	00	0A	3F	00	00	A0	3F	00	00	2F	40	00	00	00	00	00	00	00	00	00	00	00	00	00	00	00	00	00	00	00	00
1.051	3D DATA	true	-	-	-	-	-77325.8	-81341.9	-78596.2	-83110.9	-96459.1	1.6	1.4	0.5	1.2	2.7	-	-	-	-	-
1.051	3D MESSAGE	48	00	C8	91	20	59	3C	8C	0A	F9	B5	3C	E5	06	97	C7	F0	DE	9E	C7	15	82	99	C7	72	53	A2	C7	87	65	BC	C7	00	00	D8	3F	00	00	B2	3F	00	00	08	3F	00	00	9B	3F	00	80	34	40	00	00	00	00	00	00	00	00	00	00	00	00	00	00	00	00	00	00	00	00
1.051	3D DATA	true	-	-	-	-	-77325.8	-81341.9	-78596.2	-83110.9	-96459.1	1.7	1.4	0.5	1.2	2.8	-	-	-	-	-
1.052	3D MESSAGE	48	00	C9	91	20	59	3D	8C	0A	F9	B5	3C	EA	06	97	C7	ED	DE	9E	C7	14	82	99	C7	7C	53	A2	C7	80	65	BC	C7	00	00	D3	3F	00	00	B5	3F	00	00	0A	3F	00	00	91	3F	00	00	38	40	00	00	00	00	00	00	00	00	00	00	00	00	00	00	00	00	00	00	00	00
1.052	3D DATA	true	-	-	-	-	-77325.8	-81341.9	-78596.2	-83111.0	-96459.0	1.6	1.4	0.5	1.1	2.9	-	-	-	-	-
1.052	3D MESSAGE	48	00	CA	91	20	59	3E	8C	0A	F9	B5	3C	F6	06	97	C7	E4	DE	9E	C7	0E	82	99	C7	89	53	A2	C7	76	65	BC	C7	00	00	C7	3F	00	00	BE	3F	00	00	16	3F	00	00	84	3F	00	00	3D	40	00	00	00	00	00	00	00	00	00	00	00	00	00	00	00	00	00	00	00	00
1.052	3D DATA	true	-	-	-	-	-77325.9	-81341.8	-78596.1	-83111.1	-96458.9	1.6	1.5	0.6	1.0	3.0	-	-	-	-	-
1.081	3D MESSAGE	48	00	CB	91	20	59	3F	8C	0A	F9	B5	3C	06	07	97	C7	D4	DE	9E	C7	02	82	99	C7	93	53	A2	C7	66	65	BC	C7	00	00	B7	3F	00	00	CE	3F	00	00	2E	3F	00	00	74	3F	00	00	45	40	00	00	00	00	00	00	00	00	00	00	00	00	00	00	00	00	00	00	00	00
1.081	3D DATA	true	-	-	-	-	-77326.0	-81341.7	-78596.0	-83111.1	-96458.8	1.4	1.6	0.7	1.0	3.1	-	-	-	-	-
1.082	3D MESSAGE	48	00	CC	91	20	59	40	8C	0A	F9	B5	3C	16	07	97	C7	BB	DE	9E	C7	F3	81	99	C7	94	53	A2	C7	4E	65	BC	C7	00	00	A7	3F	00	00	E7	3F	00	00	4C	3F	00	00	72	3F	00	00	51	40	00	00	00	00	00	00	00	00	00	00	00	00	00	00	00	00	00	00	00	00
1.082	3D DATA	true	-	-	-	-	-77326.2	-81341.5	-78595.9	-83111.2	-96458.6	1.3	1.8	0.8	0.9	3.3	-	-	-	-	-
1.082	3D MESSAGE	48	00	CD	91	20	59	41	8C	0A	F9	B5	3C	22	07	97	C7	9D	DE	9E	C7	E1	81	99	C7	8B	53	A2	C7	30	65	BC	C7	00	00	9B	3F	00	80	02	40	00	00	70	3F	00	00	82	3F	00	00	60	40	00	00	00	00	00	00	00	00	00	00	00	00	00	00	00	00	00	00	00	00
1.082	3D DATA	true	-	-	-	-	-77326.3	-81341.2	-78595.8	-83111.1	-96458.4	1.2	2.0	0.9	1.0	3.5	-	-	-	-	-
1.082	3D MESSAGE	48	00	CE	91	20	59	42	8C	00	5E	C3	3C	2C	07	97	C7	7F	DE	9E	C7	CF	81	99	C7	78	53	A2	C7	0C	65	BC	C7	00	00	91	3F	00	80	11	40	00	00	8A	3F	00	00	95	3F	00	00	72	40	00	00	00	00	00	00	00	00	00	00	00	00	00	00	00	00	00	00	00	00
1.082	3D DATA	true	-	-	-	-	-77326.3	-81341.0	-78595.6	-83110.9	-96458.1	1.1	2.3	1.1	1.2	3.8	-	-	-	-	-
1.082	3D MESSAGE	48	00	CF	91	20	59	43	8C	00	5E	C3	3C	30	07	97	C7	64	DE	9E	C7	BC	81	99	C7	5F	53	A2	C7	E6	64	BC	C7	00	00	8D	3F	00	00	1F	40	00	00	9D	3F	00	00	AE	3F	00	80	82	40	00	00	00	00	00	00	00	00	00	00	00	00	00	00	00	00	00	00	00	00
1.082	3D DATA	true	-	-	-	-	-77326.4	-81340.8	-78595.5	-83110.7	-96457.8	1.1	2.5	1.2	1.4	4.1	-	-	-	-	-
1.083	3D MESSAGE	48	00	D0	91	20	59	44	8C	00	5E	C3	3C	2E	07	97	C7	4E	DE	9E	C7	A8	81	99	C7	43	53	A2	C7	C2	64	BC	C7	00	00	8F	3F	00	00	2A	40	00	00	B1	3F	00	00	CA	3F	00	80	8B	40	00	00	00	00	00	00	00	00	00	00	00	00	00	00	00	00	00	00	00	00
1.083	3D DATA	true	-	-	-	-	-77326.4	-81340.6	-78595.3	-83110.5	-96457.5	1.1	2.7	1.4	1.6	4.4	-	-	-	-	-
1.113	3D MESSAGE	48	00	D1	91	20	59	45	8C	00	5E	C3	3C	27	07	97	C7	3C	DE	9E	C7	8F	81	99	C7	2B	53	A2	C7	A0	64	BC	C7	00	00	96	3F	00	00	33	40	00	00	CA	3F	00	00	E2	3F	00	00	94	40	00	00	00	00	00	00	00	00	00	00	00	00	00	00	00	00	00	00	00	00
1.113	3D DATA	true	-	-	-	-	-77326.3	-81340.5	-78595.1	-83110.3	-96457.2	1.2	2.8	1.6	1.8	4.6	-	-	-	-	-
1.114	3D MESSAGE	48	00	D2	91	20	59	46	8C	00	5E	C3	3C	1A	07	97	C7	2A	DE	9E	C7	6E	81	99	C7	18	53	A2	C7	80	64	BC	C7	00	00	A3	3F	00	00	3C	40	00	00	EB	3F	00	00	F5	3F	00	00	9C	40	00	00	00	00	00	00	00	00	00	00	00	00	00	00	00	00	00	00	00	00
1.114	3D DATA	true	-	-	-	-	-77326.2	-81340.3	-78594.9	-83110.2	-96457.0	1.3	2.9	1.8	1.9	4.9	-	-	-	-	-
1.114	3D MESSAGE	48	00	D3	91	20	59	47	8C	00	5E	C3	3C	06	07	97	C7	14	DE	9E	C7	44	81	99	C7	0E	53	A2	C7	5F	64	BC	C7	00	00	B7	3F	00	00	47	40	00	80	0A	40	00	00	FF	3F	00	40	A4	40	00	00	00	00	00	00	00	00	00	00	00	00	00	00	00	00	00	00	00	00
1.114	3D DATA	true	-	-	-	-	-77326.0	-81340.2	-78594.5	-83110.1	-96456.7	1.4	3.1	2.2	2.0	5.1	-	-	-	-	-
1.114	3D MESSAGE	48	00	D4	91	20	59	48	8C	00	5E	C3	3C	EA	06	97	C7	F2	DD	9E	C7	11	81	99	C7	09	53	A2	C7	3E	64	BC	C7	00	00	D3	3F	00	00	58	40	00	00	24	40	00	00	02	40	00	80	AC	40	00	00	00	00	00	00	00	00	00	00	00	00	00	00	00	00	00	00	00	00
1.114	3D DATA	true	-	-	-	-	-77325.8	-81339.9	-78594.1	-83110.1	-96456.5	1.6	3.4	2.6	2.0	5.4	-	-	-	-	-
1.114	3D MESSAGE	48	00	D5	91	20	59	49	8C	00	5E	C3	3C	C9	06	97	C7	C2	DD	9E	C7	D9	80	99	C7	07	53	A2	C7	1C	64	BC	C7	00	00	F4	3F	00	00	70	40	00	00	40	40	00	00	03	40	00	00	B5	40	00	00	00	00	00	00	00	00	00	00	00	00	00	00	00	00	00	00	00	00
1.114	3D DATA	true	-	-	-	-	-77325.6	-81339.5	-78593.7	-83110.1	-96456.2	1.9	3.8	3.0	2.0	5.7	-	-	-	-	-
1.115	3D MESSAGE	48	00	D6	91	20	59	4A	8C	00	5E	C3	3C	A5	06	97	C7	83	DD	9E	C7	A0	80	99	C7	04	53	A2	C7	FC	63	BC	C7	00	00	0C	40	00	C0	87	40	00	80	5C	40	00	80	04	40	00	00	BD	40	00	00	00	00	00	00	00	00	00	00	00	00	00	00	00	00	00	00	00	00
1.115	3D DATA	true	-	-	-	-	-77325.3	-81339.0	-78593.2	-83110.0	-96456.0	2.2	4.2	3.4	2.1	5.9	-	-	-	-	-
1.144	3D MESSAGE	48	00	D7	91	20	59	4B	8C	00	5E	C3	3C	7F	06	97	C7	3A	DD	9E	C7	6B	80	99	C7	FD	52	A2	C7	E1	63	BC	C7	00	00	1F	40	00	00	9A	40	00	00	77	40	00	00	08	40	00	C0	C3	40	00	00	00	00	00	00	00	00	00	00	00	00	00	00	00	00	00	00	00	00
1.144	3D DATA	true	-	-	-	-	-77325.0	-81338.5	-78592.8	-83110.0	-96455.8	2.5	4.8	3.9	2.1	6.1	-	-	-	-	-
1.145	3D MESSAGE	48	00	D8	91	20	59	4C	8C	00	5E	C3	3C	5A	06	97	C7	EA	DC	9E	C7	3C	80	99	C7	F1	52	A2	C7	CC	63	BC	C7	00	80	31	40	00	00	AE	40	00	40	87	40	00	00	0E	40	00	00	C9	40	00	00	00	00	00	00	00	00	00	00	00	00	00	00	00	00	00	00	00	00
1.145	3D DATA	true	-	-	-	-	-77324.7	-81337.8	-78592.5	-83109.9	-96455.6	2.8	5.4	4.2	2.2	6.3	-	-	-	-	-
1.146	3D MESSAGE	48	00	D9	91	20	59	4D	8C	00	5E	C3	3C	34	06	97	C7	99	DC	9E	C7	15	80	99	C7	DE	52	A2	C7	BB	63	BC	C7	00	80	44	40	00	40	C2	40	00	00	91	40	00	80	17	40	00	40	CD	40	00	00	00	00	00	00	00	00	00	00	00	00	00	00	00	00	00	00	00	00
1.146	3D DATA	true	-	-	-	-	-77324.4	-81337.2	-78592.2	-83109.7	-96455.5	3.1	6.1	4.5	2.4	6.4	-	-	-	-	-
1.146	3D MESSAGE	48	00	DA	91	20	59	4E	8C	00	5E	C3	3C	0C	06	97	C7	46	DC	9E	C7	F0	7F	99	C7	C4	52	A2	C7	A9	63	BC	C7	00	80	58	40	00	00	D7	40	00	40	9A	40	00	80	24	40	00	C0	D1	40	00	00	00	00	00	00	00	00	00	00	00	00	00	00	00	00	00	00	00	00
1.146	3D DATA	true	-	-	-	-	-77324.1	-81336.5	-78591.9	-83109.5	-96455.3	3.4	6.7	4.8	2.6	6.6	-	-	-	-	-
1.146	3D MESSAGE	48	00	DB	91	20	59	4F	8C	00	5E	C3	3C	DE	05	97	C7	EF	DB	9E	C7	C8	7F	99	C7	A4	52	A2	C7	90	63	BC	C7	00	80	6F	40	00	C0	EC	40	00	40	A4	40	00	80	34	40	00	00	D8	40	00	00	00	00	00	00	00	00	00	00	00	00	00	00	00	00	00	00	00	00
1.146	3D DATA	true	-	-	-	-	-77323.7	-81335.9	-78591.6	-83109.3	-96455.1	3.7	7.4	5.1	2.8	6.8	-	-	-	-	-
1.146	3D MESSAGE	48	00	DC	91	20	59	50	8C	00	5E	C3	3C	A8	05	97	C7	8C	DB	9E	C7	95	7F	99	C7	7E	52	A2	C7	67	63	BC	C7	00	40	85	40	00	C0	02	41	00	00	B1	40	00	80	47	40	00	40	E2	40	00	00	00	00	00	00	00	00	00	00	00	00	00	00	00	00	00	00	00	00
1.146	3D DATA	true	-	-	-	-	-77323.3	-81335.1	-78591.2	-83109.0	-96454.8	4.2	8.2	5.5	3.1	7.1	-	-	-	-	-
1.176	3D MESSAGE	48	00	DD	91	20	59	51	8C	00	5E	C3	3C	6A	05	97	C7	16	DB	9E	C7	4F	7F	99	C7	55	52	A2	C7	2C	63	BC	C7	00	C0	94	40	00	80	11	41	00	80	C2	40	00	00	5C	40	00	00	F1	40	00	00	00	00	00	00	00	00	00	00	00	00	00	00	00	00	00	00	00	00
1.176	3D DATA	true	-	-	-	-	-77322.8	-81334.2	-78590.6	-83108.7	-96454.3	4.6	9.1	6.1	3.4	7.5	-	-	-	-	-
1.178	3D MESSAGE	48	00	DE	91	20	59	52	8C	00	5E	C3	3C	21	05	97	C7	85	DA	9E	C7	EF	7E	99	C7	25	52	A2	C7	DC	62	BC	C7	00	00	A7	40	00	A0	23	41	00	80	DA	40	00	00	74	40	00	80	02	41	00	00	00	00	00	00	00	00	00	00	00	00	00	00	00	00	00	00	00	00
1.178	3D DATA	true	-	-	-	-	-77322.3	-81333.0	-78589.9	-83108.3	-96453.7	5.2	10.2	6.8	3.8	8.2	-	-	-	-	-
1.178	3D MESSAGE	48	00	DF	91	20	59	53	8C	00	5E	C3	3C	CF	04	97	C7	D2	D9	9E	C7	72	7E	99	C7	EE	51	A2	C7	77	62	BC	C7	00	80	BB	40	00	00	3A	41	00	C0	F9	40	00	C0	87	40	00	20	0F	41	00	00	00	00	00	00	00	00	00	00	00	00	00	00	00	00	00	00	00	00
1.178	3D DATA	true	-	-	-	-	-77321.6	-81331.6	-78588.9	-83107.9	-96452.9	5.9	11.6	7.8	4.2	8.9	-	-	-	-	-
1.178	3D MESSAGE	48	00	E0	91	20	59	54	8C	00	5E	C3	3C	74	04	97	C7	FE	D8	9E	C7	D5	7D	99	C7	B0	51	A2	C7	00	62	BC	C7	00	40	D2	40	00	80	54	41	00	80	10	41	00	40	97	40	00	00	1E	41	00	00	00	00	00	00	00	00	00	00	00	00	00	00	00	00	00	00	00	00
1.178	3D DATA	true	-	-	-	-	-77320.9	-81330.0	-78587.7	-83107.4	-96452.0	6.6	13.3	9.0	4.7	9.9	-	-	-	-	-
1.179	3D MESSAGE	48	00	E1	91	20	59	55	8C	00	5E	C3	3C	0D	04	97	C7	08	D8	9E	C7	19	7D	99	C7	68	51	A2	C7	78	61	BC	C7	00	00	EC	40	00	40	73	41	00	00	28	41	00	40	A9	40	00	00	2F	41	00	00	00	00	00	00	00	00	00	00	00	00	00	00	00	00	00	00	00	00
1.179	3D DATA	true	-	-	-	-	-77320.1	-81328.1	-78586.2	-83106.8	-96450.9	7.4	15.2	10.5	5.3	10.9	-	-	-	-	-
1.179	3D MESSAGE	48	00	E2	91	20	59	56	8C	00	5E	C3	3C	99	03	97	C7	F5	D6	9E	C7	42	7C	99	C7	16	51	A2	C7	E0	60	BC	C7	00	80	04	41	00	D0	8A	41	00	E0	42	41	00	C0	BD	40	00	00	42	41	00	00	00	00	00	00	00	00	00	00	00	00	00	00	00	00	00	00	00	00
1.179	3D DATA	true	-	-	-	-	-77319.2	-81325.9	-78584.5	-83106.2	-96449.8	8.3	17.4	12.2	5.9	12.1	-	-	-	-	-
1.179	3D MESSAGE	48	00	E3	91	20	59	57	8C	00	5E	C3	3C	16	03	97	C7	CB	D5	9E	C7	52	7B	99	C7	BA	50	A2	C7	34	60	BC	C7	00	E0	14	41	00	70	9D	41	00	E0	60	41	00	C0	D4	40	00	80	57	41	00	00	00	00	00	00	00	00	00	00	00	00	00	00	00	00	00	00	00	00
1.179	3D DATA	true	-	-	-	-	-77318.2	-81323.6	-78582.6	-83105.5	-96448.4	9.3	19.7	14.1	6.6	13.5	-	-	-	-	-
1.208	3D MESSAGE	48	00	E4	91	20	59	58	8C	00	5E	C3	3C	81	02	97	C7	90	D4	9E	C7	4C	7A	99	C7	58	50	A2	C7	74	5F	BC	C7	00	80	27	41	00	20	B1	41	00	D0	80	41	00	40	ED	40	00	80	6F	41	00	00	00	00	00	00	00	00	00	00	00	00	00	00	00	00	00	00	00	00
1.208	3D DATA	true	-	-	-	-	-77317.0	-81321.1	-78580.6	-83104.7	-96446.9	10.5	22.1	16.1	7.4	15.0	-	-	-	-	-
1.211	3D MESSAGE	48	00	E5	91	20	59	59	8C	00	5E	C3	3C	DB	01	97	C7	48	D3	9E	C7	34	79	99	C7	EF	4F	A2	C7	9F	5E	BC	C7	00	40	3C	41	00	A0	C5	41	00	50	92	41	00	C0	03	41	00	10	85	41	00	00	00	00	00	00	00	00	00	00	00	00	00	00	00	00	00	00	00	00
1.212	3D DATA	true	-	-	-	-	-77315.7	-81318.6	-78578.4	-83103.9	-96445.2	11.8	24.7	18.3	8.2	16.6	-	-	-	-	-
1.212	3D MESSAGE	48	00	E6	91	20	59	5A	8C	00	5E	C3	3C	26	01	97	C7	FC	D1	9E	C7	0A	78	99	C7	83	4F	A2	C7	B5	5D	BC	C7	00	E0	52	41	00	60	DA	41	00	F0	A4	41	00	40	11	41	00	B0	93	41	00	00	00	00	00	00	00	00	00	00	00	00	00	00	00	00	00	00	00	00
1.212	3D DATA	true	-	-	-	-	-77314.3	-81316.0	-78576.1	-83103.0	-96443.4	13.2	27.3	20.6	9.1	18.5	-	-	-	-	-
1.213	3D MESSAGE	48	00	E7	91	20	59	5B	8C	00	5E	C3	3C	64	00	97	C7	B0	D0	9E	C7	CF	76	99	C7	14	4F	A2	C7	B8	5C	BC	C7	00	20	6B	41	00	20	EF	41	00	A0	B8	41	00	20	1F	41	00	80	A3	41	00	00	00	00	00	00	00	00	00	00	00	00	00	00	00	00	00	00	00	00
1.213	3D DATA	true	-	-	-	-	-77312.8	-81313.4	-78573.6	-83102.2	-96441.4	14.7	29.9	23.1	9.9	20.4	-	-	-	-	-
1.213	3D MESSAGE	48	00	E8	91	20	59	5C	8C	00	5E	C3	3C	9A	FF	96	C7	70	CF	9E	C7	82	75	99	C7	A1	4E	A2	C7	AD	5B	BC	C7	00	30	82	41	00	90	01	42	00	70	CD	41	00	80	2D	41	00	30	B4	41	00	00	00	00	00	00	00	00	00	00	00	00	00	00	00	00	00	00	00	00
1.213	3D DATA	true	-	-	-	-	-77311.2	-81310.9	-78571.0	-83101.3	-96439.4	16.3	32.4	25.7	10.8	22.5	-	-	-	-	-
1.213	3D MESSAGE	48	00	E9	91	20	59	5D	8C	00	5E	C3	3C	CA	FE	96	C7	42	CE	9E	C7	24	74	99	C7	27	4E	A2	C7	98	5A	BC	C7	00	30	8F	41	00	00	0B	42	00	50	E3	41	00	C0	3C	41	00	80	C5	41	00	00	00	00	00	00	00	00	00	00	00	00	00	00	00	00	00	00	00	00
1.214	3D DATA	true	-	-	-	-	-77309.6	-81308.5	-78568.3	-83100.3	-96437.2	17.9	34.8	28.4	11.8	24.7	-	-	-	-	-
1.214	3D MESSAGE	48	00	EA	91	20	59	5E	8C	00	5E	C3	3C	F8	FD	96	C7	34	CD	9E	C7	BB	72	99	C7	A1	4D	A2	C7	7B	59	BC	C7	00	50	9C	41	00	70	13	42	00	E0	F9	41	00	80	4D	41	00	50	D7	41	00	00	00	00	00	00	00	00	00	00	00	00	00	00	00	00	00	00	00	00
1.214	3D DATA	true	-	-	-	-	-77307.9	-81306.4	-78565.5	-83099.3	-96435.0	19.5	36.9	31.2	12.8	26.9	-	-	-	-	-
1.239	3D MESSAGE	48	00	EB	91	20	59	5F	8C	00	5E	C3	3C	25	FD	96	C7	51	CC	9E	C7	4D	71	99	C7	0C	4D	A2	C7	5B	58	BC	C7	00	80	A9	41	00	88	1A	42	00	60	08	42	00	20	60	41	00	50	E9	41	00	00	00	00	00	00	00	00	00	00	00	00	00	00	00	00	00	00	00	00
1.239	3D DATA	true	-	-	-	-	-77306.3	-81304.6	-78562.6	-83098.1	-96432.7	21.2	38.6	34.1	14.0	29.2	-	-	-	-	-
1.244	3D MESSAGE	48	00	EC	91	20	59	60	8C	00	5E	C3	3C	55	FC	96	C7	A2	CB	9E	C7	E5	6F	99	C7	62	4C	A2	C7	3E	57	BC	C7	00	80	B6	41	00	00	20	42	00	A0	13	42	00	60	75	41	00	20	FB	41	00	00	00	00	00	00	00	00	00	00	00	00	00	00	00	00	00	00	00	00
1.244	3D DATA	true	-	-	-	-	-77304.7	-81303.3	-78559.8	-83096.8	-96430.5	22.8	40.0	36.9	15.3	31.4	-	-	-	-	-
1.244	3D MESSAGE	48	00	ED	91	20	59	61	8C	00	5E	C3	3C	8C	FB	96	C7	2F	CB	9E	C7	8D	6E	99	C7	A4	4B	A2	C7	2A	56	BC	C7	00	10	C3	41	00	98	23	42	00	60	1E	42	00	90	86	41	00	30	06	42	00	00	00	00	00	00	00	00	00	00	00	00	00	00	00	00	00	00	00	00
1.245	3D DATA	true	-	-	-	-	-77303.1	-81302.4	-78557.1	-83095.3	-96428.3	24.4	40.9	39.6	16.8	33.5	-	-	-	-	-
1.245	3D MESSAGE	48	00	EE	91	20	59	62	8C	00	5E	C3	3C	CF	FA	96	C7	FE	CA	9E	C7	51	6D	99	C7	D3	4A	A2	C7	28	55	BC	C7	00	E0	CE	41	00	20	25	42	00	40	28	42	00	A0	93	41	00	40	0E	42	00	00	00	00	00	00	00	00	00	00	00	00	00	00	00	00	00	00	00	00
1.245	3D DATA	true	-	-	-	-	-77301.6	-81302.0	-78554.6	-83093.6	-96426.3	25.9	41.3	42.1	18.5	35.6	-	-	-	-	-
1.245	3D MESSAGE	4C	00	EF	91	22	59	63	8C	00	00	00	80	00	5E	C3	3C	26	FA	96	C7	0E	CB	9E	C7	3C	6C	99	C7	F1	49	A2	C7	42	54	BC	C7	00	70	D9	41	00	A0	24	42	00	E8	30	42	00	C0	A1	41	00	70	15	42	00	00	00	00	00	00	00	00	00	00	00	00	00	00	00	00	00	00	00	00
1.245	3D DATA	true	-	-	-	-	-77300.3	-81302.1	-78552.5	-83091.9	-96424.5	27.2	41.2	44.2	20.2	37.4	-	-	-	-	-
1.245	3D MESSAGE	48	00	F0	91	20	59	64	8C	00	5E	C3	3C	98	F9	96	C7	5C	CB	9E	C7	57	6B	99	C7	05	49	A2	C7	81	53	BC	C7	00	50	E2	41	00	30	22	42	00	10	38	42	00	80	B0	41	00	78	1B	42	00	00	00	00	00	00	00	00	00	00	00	00	00	00	00	00	00	00	00	00
1.245	3D DATA	true	-	-	-	-	-77299.2	-81302.7	-78550.7	-83090.0	-96423.0	28.3	40.5	46.0	22.1	38.9	-	-	-	-	-
1.270	3D MESSAGE	48	00	F1	91	20	59	65	8C	00	5E	C3	3C	2B	F9	96	C7	E1	CB	9E	C7	A9	6A	99	C7	14	48	A2	C7	EE	52	BC	C7	00	20	E9	41	00	08	1E	42	00	80	3D	42	00	90	BF	41	00	10	20	42	00	00	00	00	00	00	00	00	00	00	00	00	00	00	00	00	00	00	00	00
1.270	3D DATA	true	-	-	-	-	-77298.3	-81303.8	-78549.3	-83088.2	-96421.9	29.1	39.5	47.4	23.9	40.0	-	-	-	-	-
1.277	3D MESSAGE	48	00	F2	91	20	59	66	8C	00	5E	C3	3C	E2	F8	96	C7	92	CC	9E	C7	37	6A	99	C7	27	47	A2	C7	8C	52	BC	C7	00	B0	ED	41	00	80	18	42	00	10	41	42	00	60	CE	41	00	20	23	42	00	00	00	00	00	00	00	00	00	00	00	00	00	00	00	00	00	00	00	00
1.277	3D DATA	true	-	-	-	-	-77297.8	-81305.1	-78548.4	-83086.3	-96421.1	29.7	38.1	48.3	25.8	40.8	-	-	-	-	-
1.278	3D MESSAGE	4E	00	F3	91	30	59	67	8D	00	00	EF	F1	EE	FF	00	5E	C3	3C	BE	F8	96	C7	66	CD	9E	C7	01	6A	99	C7	46	46	A2	C7	5A	52	BC	C7	00	F0	EF	41	00	E0	11	42	00	C0	42	42	00	70	DC	41	00	B0	24	42	00	00	00	00	00	00	00	00	00	00	00	00	00	00	00	00	00	00	00	00
1.278	3D DATA	true	-	0	61935	65518	-77297.5	-81306.8	-78548.0	-83084.5	-96420.7	30.0	36.5	48.7	27.6	41.2	-	-	-	-	-
1.278	3D MESSAGE	4E	00	F4	91	30	59	68	8D	00	00	48	F5	E8	FF	00	5E	C3	3C	BE	F8	96	C7	4E	CE	9E	C7	04	6A	99	C7	7B	45	A2	C7	56	52	BC	C7	00	F0	EF	41	00	A0	0A	42	00	A8	42	42	00	20	E9	41	00	D0	24	42	00	00	00	00	00	00	00	00	00	00	00	00	00	00	00	00	00	00	00	00
1.278	3D DATA	true	-	0	62792	65512	-77297.5	-81308.6	-78548.0	-83083.0	-96420.7	30.0	34.7	48.7	29.1	41.2	-	-	-	-	-
1.278	3D MESSAGE	4E	00	F5	91	30	59	69	8D	00	00	35	F7	E2	FF	00	5E	C3	3C	E0	F8	96	C7	40	CF	9E	C7	3C	6A	99	C7	D1	44	A2	C7	79	52	BC	C7	00	D0	ED	41	00	10	03	42	00	E8	40	42	00	C0	F3	41	00	B8	23	42	00	00	00	00	00	00	00	00	00	00	00	00	00	00	00	00	00	00	00	00
1.278	3D DATA	true	-	0	63285	65506	-77297.8	-81310.5	-78548.5	-83081.6	-96420.9	29.7	32.8	48.2	30.5	40.9	-	-	-	-	-
1.278	3D MESSAGE	4E	00	F6	91	30	59	6A	8D	4A	02	57	F8	DD	FF	00	C0	26	3E	21	F9	96	C7	31	D0	9E	C7	A2	6A	99	C7	52	44	A2	C7	BE	52	BC	C7	00	C0	E9	41	00	10	F7	41	00	B8	3D	42	00	B0	FB	41	00	90	21	42	00	00	00	00	00	00	00	00	00	00	00	00	00	00	00	00	00	00	00	00
1.278	3D DATA	true	-	586	63575	65501	-77298.3	-81312.4	-78549.3	-83080.6	-96421.5	29.2	30.9	47.4	31.5	40.4	-	-	-	-	-
1.279	3D MESSAGE	4E	00	F7	91	30	59	6B	8D	E5	06	F9	F8	D8	FF	00	C0	26	3E	7E	F9	96	C7	17	D1	9E	C7	2E	6B	99	C7	06	44	A2	C7	22	53	BC	C7	00	F0	E3	41	00	B0	E8	41	00	58	39	42	00	38	00	42	00	70	1E	42	00	00	00	00	00	00	00	00	00	00	00	00	00	00	00	00	00	00	00	00
1.279	3D DATA	true	-	1765	63737	65496	-77299.0	-81314.2	-78550.4	-83080.0	-96422.3	28.5	29.1	46.3	32.1	39.6	-	-	-	-	-
1.301	3D MESSAGE	4E	00	F8	91	30	59	6C	8D	14	0D	49	F9	D4	FF	00	C0	26	3E	F6	F9	96	C7	ED	D1	9E	C7	DA	6B	99	C7	F2	43	A2	C7	A4	53	BC	C7	00	70	DC	41	00	50	DB	41	00	F8	33	42	00	D8	00	42	00	60	1A	42	00	00	00	00	00	00	00	00	00	00	00	00	00	00	00	00	00	00	00	00
1.301	3D DATA	true	-	3348	63817	65492	-77299.9	-81315.9	-78551.7	-83079.9	-96423.3	27.6	27.4	45.0	32.2	38.6	-	-	-	-	-
1.311	3D MESSAGE	4E	00	F9	91	30	59	6D	8D	4F	14	5D	F9	D2	FF	00	C0	26	3E	84	FA	96	C7	AF	D2	9E	C7	A2	6C	99	C7	18	44	A2	C7	40	54	BC	C7	00	90	D3	41	00	30	CF	41	00	B8	2D	42	00	50	FF	41	00	80	15	42	00	00	00	00	00	00	00	00	00	00	00	00	00	00	00	00	00	00	00	00
1.311	3D DATA	true	-	5199	63837	65490	-77301.0	-81317.4	-78553.3	-83080.2	-96424.5	26.4	25.9	43.4	31.9	37.4	-	-	-	-	-
1.311	3D MESSAGE	4E	00	FA	91	30	59	6E	8D	26	1C	42	F9	D2	FF	00	C0	26	3E	25	FB	96	C7	5C	D3	9E	C7	80	6D	99	C7	72	44	A2	C7	F6	54	BC	C7	00	80	C9	41	00	60	C4	41	00	C8	26	42	00	B0	F9	41	00	D0	0F	42	00	00	00	00	00	00	00	00	00	00	00	00	00	00	00	00	00	00	00	00
1.311	3D DATA	true	-	7206	63810	65490	-77302.3	-81318.7	-78555.0	-83080.9	-96425.9	25.2	24.5	41.7	31.2	36.0	-	-	-	-	-
1.312	3D MESSAGE	4E	00	FB	91	30	59	6F	8D	34	24	FE	F8	D5	FF	00	C0	26	3E	D3	FB	96	C7	F4	D3	9E	C7	6E	6E	99	C7	F9	44	A2	C7	BF	55	BC	C7	00	A0	BE	41	00	E0	BA	41	00	58	1F	42	00	40	F1	41	00	88	09	42	00	00	00	00	00	00	00	00	00	00	00	00	00	00	00	00	00	00	00	00
1.312	3D DATA	true	-	9268	63742	65493	-77303.6	-81319.9	-78556.9	-83081.9	-96427.5	23.8	23.4	39.8	30.2	34.4	-	-	-	-	-
1.312	3D MESSAGE	4E	00	FC	91	30	59	70	8D	21	2C	97	F8	DB	FF	00	C0	26	3E	87	FC	96	C7	78	D4	9E	C7	63	6F	99	C7	A0	45	A2	C7	90	56	BC	C7	00	60	B3	41	00	A0	B2	41	00	B0	17	42	00	D0	E6	41	00	00	03	42	00	00	00	00	00	00	00	00	00	00	00	00	00	00	00	00	00	00	00	00
1.312	3D DATA	true	-	11297	63639	65499	-77305.1	-81320.9	-78558.8	-83083.2	-96429.1	22.4	22.3	37.9	28.9	32.8	-	-	-	-	-
1.312	3D MESSAGE	4E	00	FD	91	30	59	71	8D	A6	33	0B	F8	E4	FF	00	C0	26	3E	37	FD	96	C7	E8	D4	9E	C7	57	70	99	C7	5C	46	A2	C7	5F	57	BC	C7	00	60	A8	41	00	A0	AB	41	00	10	10	42	00	10	DB	41	00	10	F9	41	00	00	00	00	00	00	00	00	00	00	00	00	00	00	00	00	00	00	00	00
1.312	3D DATA	true	-	13222	63499	65508	-77306.4	-81321.8	-78560.7	-83084.7	-96430.7	21.0	21.5	36.0	27.4	31.1	-	-	-	-	-
1.312	3D MESSAGE	52	00	FE	91	32	59	72	8D	00	00	00	88	90	3A	5C	F7	F1	FF	00	C0	26	3E	DE	FD	96	C7	45	D5	9E	C7	41	71	99	C7	1F	47	A2	C7	22	58	BC	C7	00	F0	9D	41	00	D0	A5	41	00	C0	08	42	00	E0	CE	41	00	E0	EC	41	00	00	00	00	00	00	00	00	00	00	00	00	00	00	00	00	00	00	00	00
1.312	3D DATA	true	-	14992	63324	65521	-77307.7	-81322.5	-78562.5	-83086.2	-96432.3	19.7	20.7	34.2	25.9	29.6	-	-	-	-	-
1.333	3D MESSAGE	4E	00	FF	91	30	59	73	8D	C0	40	8C	F6	FF	FF	00	C0	26	3E	76	FE	96	C7	94	D5	9E	C7	1A	72	99	C7	E1	47	A2	C7	D2	58	BC	C7	00	70	94	41	00	E0	A0	41	00	F8	01	42	00	C0	C2	41	00	E0	E1	41	00	00	00	00	00	00	00	00	00	00	00	00	00	00	00	00	00	00	00	00
1.333	3D DATA	true	-	16576	63116	65535	-77308.9	-81323.2	-78564.2	-83087.8	-96433.6	18.6	20.1	32.5	24.3	28.2	-	-	-	-	-
1.345	3D MESSAGE	4E	00	00	91	30	59	74	8D	28	46	A0	F5	FF	FF	00	C0	26	3E	FF	FE	96	C7	D6	D5	9E	C7	DD	72	99	C7	9A	48	A2	C7	6E	59	BC	C7	00	E0	8B	41	00	C0	9C	41	00	C0	F7	41	00	30	B7	41	00	20	D8	41	00	00	00	00	00	00	00	00	00	00	00	00	00	00	00	00	00	00	00	00
1.345	3D DATA	true	-	17960	62880	65535	-77310.0	-81323.7	-78565.7	-83089.2	-96434.9	17.5	19.6	31.0	22.9	27.0	-	-	-	-	-
1.345	3D MESSAGE	4E	00	01	91	30	59	75	8D	C8	4A	9D	F4	FF	FF	00	C0	26	3E	77	FF	96	C7	0F	D6	9E	C7	89	73	99	C7	44	49	A2	C7	FA	59	BC	C7	00	60	84	41	00	30	99	41	00	00	ED	41	00	90	AC	41	00	60	CF	41	00	00	00	00	00	00	00	00	00	00	00	00	00	00	00	00	00	00	00	00
1.345	3D DATA	true	-	19144	62621	65535	-77310.9	-81324.1	-78567.1	-83090.5	-96436.0	16.5	19.1	29.6	21.6	25.9	-	-	-	-	-
1.346	3D MESSAGE	4E	00	02	91	30	59	76	8D	AC	4E	87	F3	FF	FF	00	C0	26	3E	DE	FF	96	C7	40	D6	9E	C7	1E	74	99	C7	DB	49	A2	C7	78	5A	BC	C7	00	E0	7B	41	00	20	96	41	00	B0	E3	41	00	20	A3	41	00	80	C7	41	00	00	00	00	00	00	00	00	00	00	00	00	00	00	00	00	00	00	00	00
1.346	3D DATA	true	-	20140	62343	65535	-77311.7	-81324.5	-78568.2	-83091.7	-96436.9	15.7	18.8	28.5	20.4	24.9	-	-	-	-	-
1.346	3D MESSAGE	4E	00	03	91	30	59	77	8D	E4	51	64	F2	FF	FF	00	C0	26	3E	34	00	97	C7	6B	D6	9E	C7	9B	74	99	C7	5E	4A	A2	C7	EA	5A	BC	C7	00	20	71	41	00	70	93	41	00	E0	DB	41	00	F0	9A	41	00	60	C0	41	00	00	00	00	00	00	00	00	00	00	00	00	00	00	00	00	00	00	00	00
1.347	3D DATA	true	-	20964	62052	65535	-77312.4	-81324.8	-78569.2	-83092.7	-96437.8	15.1	18.4	27.5	19.4	24.0	-	-	-	-	-
1.347	3D MESSAGE	4E	00	04	91	30	59	78	8D	E4	51	38	F1	FF	FF	00	C0	26	3E	76	00	97	C7	8E	D6	9E	C7	01	75	99	C7	CB	4A	A2	C7	4F	5B	BC	C7	00	E0	68	41	00	40	91	41	00	80	D5	41	00	20	94	41	00	10	BA	41	00	00	00	00	00	00	00	00	00	00	00	00	00	00	00	00	00	00	00	00
1.347	3D DATA	true	-	20964	61752	65535	-77312.9	-81325.1	-78570.0	-83093.6	-96438.6	14.6	18.2	26.7	18.5	23.3	-	-	-	-	-
1.347	3D MESSAGE	4E	00	05	91	30	59	79	8D	E4	51	09	F0	FF	FF	00	C0	26	3E	A5	00	97	C7	A6	D6	9E	C7	50	75	99	C7	22	4B	A2	C7	A5	5B	BC	C7	00	00	63	41	00	C0	8F	41	00	90	D0	41	00	B0	8E	41	00	B0	B4	41	00	00	00	00	00	00	00	00	00	00	00	00	00	00	00	00	00	00	00	00
1.347	3D DATA	true	-	20964	61449	65535	-77313.3	-81325.3	-78570.6	-83094.3	-96439.3	14.2	18.0	26.1	17.8	22.6	-	-	-	-	-
1.347	3D MESSAGE	4E	00	06	91	30	59	7A	8D	E4	51	D7	EE	FF	FF	00	C0	26	3E	C1	00	97	C7	B1	D6	9E	C7	8A	75	99	C7	64	4B	A2	C7	E8	5B	BC	C7	00	80	5F	41	00	10	8F	41	00	F0	CC	41	00	90	8A	41	00	80	B0	41	00	00	00	00	00	00	00	00	00	00	00	00	00	00	00	00	00	00	00	00
1.347	3D DATA	true	-	20964	61143	65535	-77313.5	-81325.4	-78571.1	-83094.8	-96439.8	14.0	17.9	25.6	17.3	22.1	-	-	-	-	-
1.364	3D MESSAGE	4E	00	07	91	30	59	7B	8D	E4	51	A4	ED	FF	FF	00	C0	26	3E	CB	00	97	C7	B0	D6	9E	C7	AE	75	99	C7	94	4B	A2	C7	15	5C	BC	C7	00	40	5E	41	00	20	8F	41	00	B0	CA	41	00	90	87	41	00	B0	AD	41	00	00	00	00	00	00	00	00	00	00	00	00	00	00	00	00	00	00	00	00
1.364	3D DATA	true	-	20964	60836	65535	-77313.6	-81325.4	-78571.4	-83095.2	-96440.2	13.9	17.9	25.3	16.9	21.7	-	-	-	-	-
1.377	3D MESSAGE	4E	00	08	91	30	59	7C	8D	E4	51	70	EC	FF	FF	00	C0	26	3E	C9	00	97	C7	A6	D6	9E	C7	C1	75	99	C7	B7	4B	A2	C7	2C	5C	BC	C7	00	80	5E	41	00	C0	8F	41	00	80	C9	41	00	60	85	41	00	40	AC	41	00	00	00	00	00	00	00	00	00	00	00	00	00	00	00	00	00	00	00	00
1.377	3D DATA	true	-	20964	60528	65535	-77313.6	-81325.3	-78571.5	-83095.4	-96440.3	13.9	18.0	25.2	16.7	21.5	-	-	-	-	-
1.378	3D MESSAGE	4E	00	09	91	30	59	7D	8D	E4	51	3F	EB	FF	FF	00	C0	26	3E	C2	00	97	C7	96	D6	9E	C7	C9	75	99	C7	D0	4B	A2	C7	32	5C	BC	C7	00	60	5F	41	00	C0	90	41	00	00	C9	41	00	D0	83	41	00	E0	AB	41	00	00	00	00	00	00	00	00	00	00	00	00	00	00	00	00	00	00	00	00
1.378	3D DATA	true	-	20964	60223	65535	-77313.5	-81325.2	-78571.6	-83095.6	-96440.4	14.0	18.1	25.1	16.5	21.5	-	-	-	-	-
1.378	3D MESSAGE	4E	00	0A	91	30	59	7E	8D	E4	51	14	EA	FF	FF	00	C0	26	3E	BA	00	97	C7	86	D6	9E	C7	CC	75	99	C7	E1	4B	A2	C7	30	5C	BC	C7	00	60	60	41	00	C0	91	41	00	D0	C8	41	00	C0	82	41	00	00	AC	41	00	00	00	00	00	00	00	00	00	00	00	00	00	00	00	00	00	00	00	00
1.378	3D DATA	true	-	20964	59924	65535	-77313.5	-81325.0	-78571.6	-83095.8	-96440.4	14.0	18.2	25.1	16.3	21.5	-	-	-	-	-
1.379	3D MESSAGE	4E	00	0B	91	30	59	7F	8D	E4	51	EF	E8	FF	FF	00	C0	26	3E	B4	00	97	C7	7B	D6	9E	C7	CF	75	99	C7	EC	4B	A2	C7	2A	5C	BC	C7	00	20	61	41	00	70	92	41	00	A0	C8	41	00	10	82	41	00	60	AC	41	00	00	00	00	00	00	00	00	00	00	00	00	00	00	00	00	00	00	00	00
1.379	3D DATA	true	-	20964	59631	65535	-77313.4	-81325.0	-78571.6	-83095.8	-96440.3	14.1	18.3	25.1	16.3	21.5	-	-	-	-	-
1.379	3D MESSAGE	4E	00	0C	91	30	59	80	8D	E4	51	D2	E7	FF	FF	00	C0	26	3E	B0	00	97	C7	76	D6	9E	C7	D4	75	99	C7	F0	4B	A2	C7	28	5C	BC	C7	00	A0	61	41	00	C0	92	41	00	50	C8	41	00	D0	81	41	00	80	AC	41	00	00	00	00	00	00	00	00	00	00	00	00	00	00	00	00	00	00	00	00
1.379	3D DATA	true	-	20964	59346	65535	-77313.4	-81324.9	-78571.7	-83095.9	-96440.3	14.1	18.3	25.0	16.2	21.6	-	-	-	-	-
1.395	3D MESSAGE	4E	00	0D	91	30	59	81	8D	E4	51	BD	E6	FF	FF	00	C0	26	3E	AE	00	97	C7	74	D6	9E	C7	DC	75	99	C7	ED	4B	A2	C7	2A	5C	BC	C7	00	E0	61	41	00	E0	92	41	00	D0	C7	41	00	00	82	41	00	60	AC	41	00	00	00	00	00	00	00	00	00	00	00	00	00	00	00	00	00	00	00	00
1.395	3D DATA	true	-	20964	59069	65535	-77313.4	-81324.9	-78571.7	-83095.9	-96440.3	14.1	18.4	25.0	16.2	21.5	-	-	-	-	-
1.411	3D MESSAGE	48	00	0E	91	20	59	82	8C	00	C0	26	3E	A8	00	97	C7	74	D6	9E	C7	E3	75	99	C7	E1	4B	A2	C7	2E	5C	BC	C7	00	A0	62	41	00	E0	92	41	00	60	C7	41	00	C0	82	41	00	20	AC	41	00	00	00	00	00	00	00	00	00	00	00	00	00	00	00	00	00	00	00	00
1.411	3D DATA	true	-	-	-	-	-77313.3	-81324.9	-78571.8	-83095.8	-96440.4	14.2	18.4	24.9	16.3	21.5	-	-	-	-	-
1.412	3D MESSAGE	48	00	0F	91	20	59	83	8C	00	C0	26	3E	9C	00	97	C7	72	D6	9E	C7	E3	75	99	C7	CD	4B	A2	C7	31	5C	BC	C7	00	20	64	41	00	00	93	41	00	60	C7	41	00	00	84	41	00	F0	AB	41	00	00	00	00	00	00	00	00	00	00	00	00	00	00	00	00	00	00	00	00
1.412	3D DATA	true	-	-	-	-	-77313.2	-81324.9	-78571.8	-83095.6	-96440.4	14.3	18.4	24.9	16.5	21.5	-	-	-	-	-
1.412	3D MESSAGE	48	00	10	91	20	59	84	8C	00	C0	26	3E	89	00	97	C7	68	D6	9E	C7	D7	75	99	C7	B1	4B	A2	C7	2D	5C	BC	C7	00	80	66	41	00	A0	93	41	00	20	C8	41	00	C0	85	41	00	30	AC	41	00	00	00	00	00	00	00	00	00	00	00	00	00	00	00	00	00	00	00	00
1.412	3D DATA	true	-	-	-	-	-77313.1	-81324.8	-78571.7	-83095.4	-96440.4	14.4	18.5	25.0	16.7	21.5	-	-	-	-	-
1.412	3D MESSAGE	48	00	11	91	20	59	85	8C	00	C0	26	3E	6D	00	97	C7	57	D6	9E	C7	BA	75	99	C7	8E	4B	A2	C7	1E	5C	BC	C7	00	00	6A	41	00	B0	94	41	00	F0	C9	41	00	F0	87	41	00	20	AD	41	00	00	00	00	00	00	00	00	00	00	00	00	00	00	00	00	00	00	00	00
1.412	3D DATA	true	-	-	-	-	-77312.9	-81324.7	-78571.5	-83095.1	-96440.2	14.6	18.6	25.2	17.0	21.6	-	-	-	-	-
1.413	3D MESSAGE	48	00	12	91	20	59	86	8C	00	C0	26	3E	46	00	97	C7	3B	D6	9E	C7	86	75	99	C7	61	4B	A2	C7	01	5C	BC	C7	00	E0	6E	41	00	70	96	41	00	30	CD	41	00	C0	8A	41	00	F0	AE	41	00	00	00	00	00	00	00	00	00	00	00	00	00	00	00	00	00	00	00	00
1.413	3D DATA	true	-	-	-	-	-77312.5	-81324.5	-78571.0	-83094.8	-96440.0	14.9	18.8	25.6	17.3	21.9	-	-	-	-	-
1.413	3D MESSAGE	48	00	13	91	20	59	87	8C	00	C0	26	3E	10	00	97	C7	14	D6	9E	C7	39	75	99	C7	25	4B	A2	C7	D1	5B	BC	C7	00	A0	75	41	00	E0	98	41	00	00	D2	41	00	80	8E	41	00	F0	B1	41	00	00	00	00	00	00	00	00	00	00	00	00	00	00	00	00	00	00	00	00
1.413	3D DATA	true	-	-	-	-	-77312.1	-81324.2	-78570.4	-83094.3	-96439.6	15.4	19.1	26.2	17.8	22.2	-	-	-	-	-
1.427	3D MESSAGE	48	00	14	91	20	59	88	8C	00	C0	26	3E	C3	FF	96	C7	DE	D5	9E	C7	D0	74	99	C7	D4	4A	A2	C7	8A	5B	BC	C7	00	40	7F	41	00	40	9C	41	00	90	D8	41	00	90	93	41	00	60	B6	41	00	00	00	00	00	00	00	00	00	00	00	00	00	00	00	00	00	00	00	00
1.427	3D DATA	true	-	-	-	-	-77311.5	-81323.7	-78569.6	-83093.7	-96439.1	16.0	19.5	27.1	18.4	22.8	-	-	-	-	-
1.445	3D MESSAGE	48	00	15	91	20	59	89	8C	00	C0	26	3E	58	FF	96	C7	96	D5	9E	C7	48	74	99	C7	66	4A	A2	C7	24	5B	BC	C7	00	50	86	41	00	C0	A0	41	00	10	E1	41	00	70	9A	41	00	C0	BC	41	00	00	00	00	00	00	00	00	00	00	00	00	00	00	00	00	00	00	00	00
1.445	3D DATA	true	-	-	-	-	-77310.7	-81323.2	-78568.6	-83092.8	-96438.3	16.8	20.1	28.1	19.3	23.6	-	-	-	-	-
1.445	3D MESSAGE	4C	00	16	91	22	59	8A	8C	00	00	00	80	00	C0	26	3E	C4	FE	96	C7	34	D5	9E	C7	A0	73	99	C7	D5	49	A2	C7	99	5A	BC	C7	00	90	8F	41	00	E0	A6	41	00	90	EB	41	00	80	A3	41	00	70	C5	41	00	00	00	00	00	00	00	00	00	00	00	00	00	00	00	00	00	00	00	00
1.445	3D DATA	true	-	-	-	-	-77309.5	-81322.4	-78567.2	-83091.7	-96437.2	17.9	20.9	29.4	20.4	24.7	-	-	-	-	-
1.445	3D MESSAGE	4C	00	17	91	22	59	8B	8C	02	10	00	00	00	C0	26	3E	00	FE	96	C7	B3	D4	9E	C7	D5	72	99	C7	21	49	A2	C7	E0	59	BC	C7	00	D0	9B	41	00	F0	AE	41	00	40	F8	41	00	C0	AE	41	00	00	D1	41	00	00	00	00	00	00	00	00	00	00	00	00	00	00	00	00	00	00	00	00
1.445	3D DATA	true	-	-	-	-	-77308.0	-81321.4	-78565.7	-83090.3	-96435.8	19.5	21.9	31.0	21.8	26.1	-	-	-	-	Flick West -> East
1.446	3D MESSAGE	48	00	18	91	20	59	8C	8C	00	C0	26	3E	07	FD	96	C7	0C	D4	9E	C7	E8	71	99	C7	52	48	A2	C7	F4	58	BC	C7	00	60	AB	41	00	60	B9	41	00	88	03	42	00	B0	BB	41	00	C0	DF	41	00	00	00	00	00	00	00	00	00	00	00	00	00	00	00	00	00	00	00	00
1.446	3D DATA	true	-	-	-	-	-77306.1	-81320.1	-78563.8	-83088.6	-96433.9	21.4	23.2	32.9	23.5	28.0	-	-	-	-	-
1.446	3D MESSAGE	48	00	19	91	20	59	8D	8C	00	C0	26	3E	DC	FB	96	C7	37	D3	9E	C7	DD	70	99	C7	77	47	A2	C7	D1	57	BC	C7	00	10	BE	41	00	B0	C6	41	00	E0	0B	42	00	60	C9	41	00	F0	F1	41	00	00	00	00	00	00	00	00	00	00	00	00	00	00	00	00	00	00	00	00
1.446	3D DATA	true	-	-	-	-	-77303.7	-81318.4	-78561.7	-83086.9	-96431.6	23.8	24.8	35.0	25.2	30.2	-	-	-	-	-
1.461	3D MESSAGE	48	00	1A	91	20	59	8E	8C	00	C0	26	3E	85	FA	96	C7	2F	D2	9E	C7	B8	6F	99	C7	A4	46	A2	C7	7E	56	BC	C7	00	80	D3	41	00	30	D7	41	00	08	15	42	00	90	D6	41	00	90	03	42	00	00	00	00	00	00	00	00	00	00	00	00	00	00	00	00	00	00	00	00
1.461	3D DATA	true	-	-	-	-	-77301.0	-81316.4	-78559.4	-83085.3	-96429.0	26.4	26.9	37.3	26.8	32.9	-	-	-	-	-
1.478	3D MESSAGE	48	00	1B	91	20	59	8F	8C	00	C0	26	3E	11	F9	96	C7	F2	D0	9E	C7	87	6E	99	C7	F2	45	A2	C7	09	55	BC	C7	00	C0	EA	41	00	00	EB	41	00	90	1E	42	00	B0	E1	41	00	38	0F	42	00	00	00	00	00	00	00	00	00	00	00	00	00	00	00	00	00	00	00	00
1.478	3D DATA	true	-	-	-	-	-77298.1	-81313.9	-78557.1	-83083.9	-96426.1	29.3	29.4	39.6	28.2	35.8	-	-	-	-	-
1.478	3D MESSAGE	48	00	1C	91	20	59	90	8C	00	C0	26	3E	97	F7	96	C7	81	CF	9E	C7	59	6D	99	C7	74	45	A2	C7	89	53	BC	C7	00	30	01	42	00	08	01	42	00	00	28	42	00	90	E9	41	00	38	1B	42	00	00	00	00	00	00	00	00	00	00	00	00	00	00	00	00	00	00	00	00
1.478	3D DATA	true	-	-	-	-	-77295.2	-81311.0	-78554.7	-83082.9	-96423.1	32.3	32.3	42.0	29.2	38.8	-	-	-	-	-
1.478	3D MESSAGE	48	00	1D	91	20	59	91	8C	00	C0	26	3E	32	F6	96	C7	E3	CD	9E	C7	44	6C	99	C7	3A	45	A2	C7	1D	52	BC	C7	00	58	0C	42	00	F8	0D	42	00	A8	30	42	00	30	ED	41	00	98	26	42	00	00	00	00	00	00	00	00	00	00	00	00	00	00	00	00	00	00	00	00
1.478	3D DATA	true	-	-	-	-	-77292.4	-81307.8	-78552.5	-83082.5	-96420.2	35.1	35.5	44.2	29.6	41.6	-	-	-	-	-
1.479	3D MESSAGE	4C	00	1E	91	22	59	92	8C	00	00	00	80	38	CF	E3	3D	00	F5	96	C7	29	CC	9E	C7	62	6B	99	C7	4A	45	A2	C7	E7	50	BC	C7	00	E8	15	42	00	C8	1B	42	00	B8	37	42	00	30	EC	41	00	48	30	42	00	00	00	00	00	00	00	00	00	00	00	00	00	00	00	00	00	00	00	00
1.479	3D DATA	true	-	-	-	-	-77290.0	-81304.3	-78550.8	-83082.6	-96417.8	37.5	38.9	45.9	29.5	44.1	-	-	-	-	-
1.479	3D MESSAGE	4E	00	1F	91	30	59	93	8D	F6	78	BC	C0	E8	FF	38	CF	E3	3D	22	F4	96	C7	6E	CA	9E	C7	CB	6A	99	C7	A3	45	A2	C7	09	50	BC	C7	00	D8	1C	42	00	A0	29	42	00	70	3C	42	00	A0	E6	41	00	38	37	42	00	00	00	00	00	00	00	00	00	00	00	00	00	00	00	00	00	00	00	00
1.479	3D DATA	true	-	30966	49340	65512	-77288.3	-81300.9	-78549.6	-83083.3	-96416.1	39.2	42.4	47.1	28.8	45.8	-	-	-	-	-
1.479	3D MESSAGE	4E	00	20	91	30	59	94	8D	64	73	78	C0	DD	FF	38	CF	E3	3D	B0	F3	96	C7	D4	C8	9E	C7	93	6A	99	C7	3C	46	A2	C7	9C	4F	BC	C7	00	68	20	42	00	70	36	42	00	30	3E	42	00	10	DD	41	00	A0	3A	42	00	00	00	00	00	00	00	00	00	00	00	00	00	00	00	00	00	00	00	00
1.479	3D DATA	true	-	29540	49272	65501	-77287.4	-81297.7	-78549.1	-83084.5	-96415.2	40.1	45.6	47.5	27.6	46.7	-	-	-	-	-
1.519	3D MESSAGE	4E	00	21	91	30	59	95	8D	21	6C	0F	C0	D0	FF	38	CF	E3	3D	B8	F3	96	C7	83	C7	9E	C7	C7	6A	99	C7	09	47	A2	C7	AD	4F	BC	C7	00	28	20	42	00	F8	40	42	00	90	3C	42	00	40	D0	41	00	18	3A	42	00	00	00	00	00	00	00	00	00	00	00	00	00	00	00	00	00	00	00	00
1.519	3D DATA	true	-	27681	49167	65488	-77287.4	-81295.0	-78549.6	-83086.1	-96415.4	40.0	48.2	47.1	26.0	46.5	-	-	-	-	-
1.520	3D MESSAGE	4E	00	22	91	30	59	96	8D	2C	63	8D	BF	C3	FF	38	CF	E3	3D	3C	F4	96	C7	9E	C6	9E	C7	68	6B	99	C7	FB	47	A2	C7	3B	50	BC	C7	00	08	1C	42	00	20	48	42	00	88	37	42	00	20	C1	41	00	A8	35	42	00	00	00	00	00	00	00	00	00	00	00	00	00	00	00	00	00	00	00	00
1.520	3D DATA	true	-	25388	49037	65475	-77288.5	-81293.2	-78550.8	-83088.0	-96416.5	39.0	50.0	45.9	24.1	45.4	-	-	-	-	-
1.520	3D MESSAGE	4E	00	23	91	30	59	97	8D	AC	58	F8	BE	B7	FF	38	CF	E3	3D	30	F5	96	C7	40	C6	9E	C7	6C	6C	99	C7	02	49	A2	C7	36	51	BC	C7	00	68	14	42	00	10	4B	42	00	68	2F	42	00	B0	B0	41	00	D0	2D	42	00	00	00	00	00	00	00	00	00	00	00	00	00	00	00	00	00	00	00	00
1.520	3D DATA	true	-	22700	48888	65463	-77290.4	-81292.5	-78552.8	-83090.0	-96418.4	37.1	50.8	43.9	22.1	43.5	-	-	-	-	-
1.520	3D MESSAGE	4E	00	24	91	30	59	98	8D	D6	4C	51	BE	AD	FF	38	CF	E3	3D	7A	F6	96	C7	72	C6	9E	C7	BC	6D	99	C7	11	4A	A2	C7	82	52	BC	C7	00	18	0A	42	00	80	49	42	00	E8	24	42	00	C0	9F	41	00	70	23	42	00	00	00	00	00	00	00	00	00	00	00	00	00	00	00	00	00	00	00	00
1.521	3D DATA	true	-	19670	48721	65453	-77293.0	-81292.9	-78555.5	-83092.1	-96421.0	34.5	50.4	41.2	20.0	40.9	-	-	-	-	-
1.521	3D MESSAGE	4E	00	25	91	30	59	99	8D	E1	3F	94	BD	A6	FF	38	CF	E3	3D	FA	F7	96	C7	2C	C7	9E	C7	3D	6F	99	C7	1B	4B	A2	C7	FC	53	BC	C7	00	30	FC	41	00	B0	43	42	00	E0	18	42	00	20	8F	41	00	A0	17	42	00	00	00	00	00	00	00	00	00	00	00	00	00	00	00	00	00	00	00	00
1.521	3D DATA	true	-	16353	48532	65446	-77296.0	-81294.3	-78558.5	-83094.2	-96424.0	31.5	48.9	38.2	17.9	37.9	-	-	-	-	-
1.521	3D MESSAGE	4E	00	26	91	30	59	9A	8D	E1	3F	BB	BC	A4	FF	38	CF	E3	3D	8F	F9	96	C7	55	C8	9E	C7	D1	70	99	C7	15	4C	A2	C7	82	55	BC	C7	00	E0	E2	41	00	68	3A	42	00	40	0C	42	00	00	7F	41	00	70	0B	42	00	00	00	00	00	00	00	00	00	00	00	00	00	00	00	00	00	00	00	00
1.521	3D DATA	true	-	16353	48315	65444	-77299.1	-81296.7	-78561.6	-83096.2	-96427.0	28.4	46.6	35.1	15.9	34.9	-	-	-	-	-
1.521	3D MESSAGE	4E	00	27	91	30	59	9B	8D	E1	3F	E6	BB	A8	FF	38	CF	E3	3D	1C	FB	96	C7	CA	C9	9E	C7	5D	72	99	C7	F7	4C	A2	C7	F9	56	BC	C7	00	10	CA	41	00	C0	2E	42	00	C0	FF	41	00	C0	62	41	00	70	FF	41	00	00	00	00	00	00	00	00	00	00	00	00	00	00	00	00	00	00	00	00
1.521	3D DATA	true	-	16353	48102	65448	-77302.2	-81299.6	-78564.7	-83097.9	-96429.9	25.3	43.7	32.0	14.2	31.9	-	-	-	-	-
1.521	3D MESSAGE	4E	00	28	91	30	59	9C	8D	E1	3F	10	BB	B2	FF	38	CF	E3	3D	8C	FC	96	C7	64	CB	9E	C7	CC	73	99	C7	BA	4D	A2	C7	4E	58	BC	C7	00	10	B3	41	00	F0	21	42	00	D0	E8	41	00	60	4A	41	00	20	EA	41	00	00	00	00	00	00	00	00	00	00	00	00	00	00	00	00	00	00	00	00
1.521	3D DATA	true	-	16353	47888	65458	-77305.1	-81302.8	-78567.6	-83099.5	-96432.6	22.4	40.5	29.1	12.6	29.3	-	-	-	-	-
1.522	3D MESSAGE	4E	00	29	91	30	59	9D	8D	E1	3F	33	BA	C1	FF	38	CF	E3	3D	D2	FD	96	C7	00	CD	9E	C7	13	75	99	C7	5A	4E	A2	C7	79	59	BC	C7	00	B0	9E	41	00	10	15	42	00	60	D4	41	00	60	36	41	00	70	D7	41	00	00	00	00	00	00	00	00	00	00	00	00	00	00	00	00	00	00	00	00
1.522	3D DATA	true	-	16353	47667	65473	-77307.6	-81306.0	-78570.1	-83100.7	-96434.9	19.8	37.3	26.5	11.4	26.9	-	-	-	-	-
1.549	3D MESSAGE	52	00	2A	91	32	59	9E	8D	00	00	00	88	E1	3F	4C	B9	D8	FF	38	CF	E3	3D	E9	FE	96	C7	85	CE	9E	C7	2C	76	99	C7	D7	4E	A2	C7	78	5A	BC	C7	00	40	8D	41	00	E8	08	42	00	D0	C2	41	00	C0	26	41	00	80	C7	41	00	00	00	00	00	00	00	00	00	00	00	00	00	00	00	00	00	00	00	00
1.549	3D DATA	true	-	16353	47436	65496	-77309.8	-81309.0	-78572.3	-83101.7	-96436.9	17.7	34.2	24.4	10.4	24.9	-	-	-	-	-
1.550	3D MESSAGE	4E	00	2B	91	30	59	9F	8D	E1	3F	59	B8	F4	FF	38	CF	E3	3D	D2	FF	96	C7	E2	CF	9E	C7	1A	77	99	C7	33	4F	A2	C7	51	5B	BC	C7	00	60	7D	41	00	00	FC	41	00	F0	B3	41	00	40	1B	41	00	F0	B9	41	00	00	00	00	00	00	00	00	00	00	00	00	00	00	00	00	00	00	00	00
1.550	3D DATA	true	-	16353	47193	65524	-77311.6	-81311.8	-78574.2	-83102.4	-96438.6	15.8	31.5	22.5	9.7	23.2	-	-	-	-	-
1.550	3D MESSAGE	4E	00	2C	91	30	59	A0	8D	E1	3F	59	B7	FF	FF	38	CF	E3	3D	8E	00	97	C7	10	D1	9E	C7	DE	77	99	C7	75	4F	A2	C7	0A	5C	BC	C7	00	E0	65	41	00	20	E9	41	00	B0	A7	41	00	00	13	41	00	60	AE	41	00	00	00	00	00	00	00	00	00	00	00	00	00	00	00	00	00	00	00	00
1.550	3D DATA	true	-	16353	46937	65535	-77313.1	-81314.1	-78575.7	-83102.9	-96440.1	14.4	29.1	21.0	9.2	21.8	-	-	-	-	-
1.551	3D MESSAGE	4E	00	2D	91	30	59	A1	8D	E1	3F	4B	B6	FF	FF	38	CF	E3	3D	22	01	97	C7	0F	D2	9E	C7	80	78	99	C7	A4	4F	A2	C7	A7	5C	BC	C7	00	60	53	41	00	30	D9	41	00	90	9D	41	00	20	0D	41	00	90	A4	41	00	00	00	00	00	00	00	00	00	00	00	00	00	00	00	00	00	00	00	00
1.551	3D DATA	true	-	16353	46667	65535	-77314.3	-81316.1	-78577.0	-83103.3	-96441.3	13.2	27.1	19.7	8.8	20.6	-	-	-	-	-
1.551	3D MESSAGE	4E	00	2E	91	30	59	A2	8D	E1	3F	2C	B5	FF	FF	38	CF	E3	3D	93	01	97	C7	E0	D2	9E	C7	03	79	99	C7	C7	4F	A2	C7	2C	5D	BC	C7	00	40	45	41	00	20	CC	41	00	60	95	41	00	C0	08	41	00	40	9C	41	00	00	00	00	00	00	00	00	00	00	00	00	00	00	00	00	00	00	00	00
1.551	3D DATA	true	-	16353	46380	65535	-77315.1	-81317.8	-78578.0	-83103.6	-96442.3	12.3	25.5	18.7	8.5	19.5	-	-	-	-	-
1.551	3D MESSAGE	4E	00	2F	91	30	59	A3	8D	E1	3F	FC	B3	FF	FF	38	CF	E3	3D	E2	01	97	C7	88	D3	9E	C7	6C	79	99	C7	E4	4F	A2	C7	9A	5D	BC	C7	00	60	3B	41	00	A0	C1	41	00	D0	8E	41	00	20	05	41	00	60	95	41	00	00	00	00	00	00	00	00	00	00	00	00	00	00	00	00	00	00	00	00
1.551	3D DATA	true	-	16353	46076	65535	-77315.8	-81319.1	-78578.8	-83103.8	-96443.2	11.7	24.2	17.9	8.3	18.7	-	-	-	-	-
1.579	3D MESSAGE	48	00	30	91	20	59	A4	8C	38	CF	E3	3D	16	02	97	C7	0A	D4	9E	C7	BC	79	99	C7	FD	4F	A2	C7	F2	5D	BC	C7	00	E0	34	41	00	80	B9	41	00	D0	89	41	00	00	02	41	00	E0	8F	41	00	00	00	00	00	00	00	00	00	00	00	00	00	00	00	00	00	00	00	00
1.579	3D DATA	true	-	-	-	-	-77316.2	-81320.1	-78579.5	-83104.0	-96443.9	11.3	23.2	17.2	8.1	18.0	-	-	-	-	-
1.580	3D MESSAGE	48	00	31	91	20	59	A5	8C	38	CF	E3	3D	32	02	97	C7	69	D4	9E	C7	F4	79	99	C7	14	50	A2	C7	31	5E	BC	C7	00	60	31	41	00	90	B3	41	00	50	86	41	00	40	FE	40	00	F0	8B	41	00	00	00	00	00	00	00	00	00	00	00	00	00	00	00	00	00	00	00	00
1.580	3D DATA	true	-	-	-	-	-77316.4	-81320.8	-78579.9	-83104.2	-96444.4	11.1	22.4	16.8	7.9	17.5	-	-	-	-	-
1.580	3D MESSAGE	48	00	32	91	20	59	A6	8C	38	CF	E3	3D	3B	02	97	C7	A8	D4	9E	C7	16	7A	99	C7	27	50	A2	C7	58	5E	BC	C7	00	40	30	41	00	A0	AF	41	00	30	84	41	00	80	F9	40	00	80	89	41	00	00	00	00	00	00	00	00	00	00	00	00	00	00	00	00	00	00	00	00
1.580	3D DATA	true	-	-	-	-	-77316.5	-81321.3	-78580.2	-83104.3	-96444.7	11.0	22.0	16.5	7.8	17.2	-	-	-	-	-
1.580	3D MESSAGE	48	00	33	91	20	59	A7	8C	38	CF	E3	3D	36	02	97	C7	C8	D4	9E	C7	21	7A	99	C7	36	50	A2	C7	68	5E	BC	C7	00	E0	30	41	00	A0	AD	41	00	80	83	41	00	C0	F5	40	00	80	88	41	00	00	00	00	00	00	00	00	00	00	00	00	00	00	00	00	00	00	00	00
1.580	3D DATA	true	-	-	-	-	-77316.4	-81321.6	-78580.3	-83104.4	-96444.8	11.1	21.7	16.4	7.7	17.1	-	-	-	-	-
1.581	3D MESSAGE	48	00	34	91	20	59	A8	8C	38	CF	E3	3D	24	02	97	C7	CA	D4	9E	C7	14	7A	99	C7	3E	50	A2	C7	62	5E	BC	C7	00	20	33	41	00	80	AD	41	00	50	84	41	00	C0	F3	40	00	E0	88	41	00	00	00	00	00	00	00	00	00	00	00	00	00	00	00	00	00	00	00	00
1.581	3D DATA	true	-	-	-	-	-77316.3	-81321.6	-78580.2	-83104.5	-96444.8	11.2	21.7	16.5	7.6	17.1	-	-	-	-	-
1.581	3D MESSAGE	48	00	35	91	20	59	A9	8C	38	CF	E3	3D	07	02	97	C7	AB	D4	9E	C7	EF	79	99	C7	3D	50	A2	C7	47	5E	BC	C7	00	C0	36	41	00	70	AF	41	00	A0	86	41	00	00	F4	40	00	90	8A	41	00	00	00	00	00	00	00	00	00	00	00	00	00	00	00	00	00	00	00	00
1.581	3D DATA	true	-	-	-	-	-77316.1	-81321.3	-78579.9	-83104.5	-96444.6	11.4	21.9	16.8	7.6	17.3	-	-	-	-	-
1.612	3D MESSAGE	48	00	36	91	20	59	AA	8C	38	CF	E3	3D	DA	01	97	C7	64	D4	9E	C7	AE	79	99	C7	31	50	A2	C7	16	5E	BC	C7	00	60	3C	41	00	E0	B3	41	00	B0	8A	41	00	00	F7	40	00	A0	8D	41	00	00	00	00	00	00	00	00	00	00	00	00	00	00	00	00	00	00	00	00
1.612	3D DATA	true	-	-	-	-	-77315.7	-81320.8	-78579.4	-83104.4	-96444.2	11.8	22.5	17.3	7.7	17.7	-	-	-	-	-
1.613	3D MESSAGE	48	00	37	91	20	59	AB	8C	38	CF	E3	3D	98	01	97	C7	EC	D3	9E	C7	4D	79	99	C7	17	50	A2	C7	CC	5D	BC	C7	00	A0	44	41	00	60	BB	41	00	C0	90	41	00	80	FD	40	00	40	92	41	00	00	00	00	00	00	00	00	00	00	00	00	00	00	00	00	00	00	00	00
1.613	3D DATA	true	-	-	-	-	-77315.2	-81319.8	-78578.6	-83104.2	-96443.6	12.3	23.4	18.1	7.9	18.3	-	-	-	-	-
1.613	3D MESSAGE	48	00	38	91	20	59	AC	8C	38	CF	E3	3D	36	01	97	C7	36	D3	9E	C7	C7	78	99	C7	EB	4F	A2	C7	60	5D	BC	C7	00	E0	50	41	00	C0	C6	41	00	20	99	41	00	40	04	41	00	00	99	41	00	00	00	00	00	00	00	00	00	00	00	00	00	00	00	00	00	00	00	00
1.613	3D DATA	true	-	-	-	-	-77314.4	-81318.4	-78577.6	-83103.8	-96442.8	13.1	24.8	19.1	8.3	19.1	-	-	-	-	-
1.613	3D MESSAGE	48	00	39	91	20	59	AD	8C	38	CF	E3	3D	AB	00	97	C7	32	D2	9E	C7	13	78	99	C7	A6	4F	A2	C7	C7	5C	BC	C7	00	40	62	41	00	00	D7	41	00	60	A4	41	00	E0	0C	41	00	90	A2	41	00	00	00	00	00	00	00	00	00	00	00	00	00	00	00	00	00	00	00	00
1.613	3D DATA	true	-	-	-	-	-77313.3	-81316.4	-78576.1	-83103.3	-96441.6	14.1	26.9	20.5	8.8	20.3	-	-	-	-	-
1.613	3D MESSAGE	48	00	3A	91	20	59	AE	8C	38	CF	E3	3D	EA	FF	96	C7	D6	D0	9E	C7	24	77	99	C7	44	4F	A2	C7	F1	5B	BC	C7	00	60	7A	41	00	C0	EC	41	00	50	B3	41	00	20	19	41	00	F0	AF	41	00	00	00	00	00	00	00	00	00	00	00	00	00	00	00	00	00	00	00	00
1.613	3D DATA	true	-	-	-	-	-77311.8	-81313.7	-78574.3	-83102.5	-96439.9	15.6	29.6	22.4	9.6	22.0	-	-	-	-	-
1.614	3D MESSAGE	48	00	3B	91	20	59	AF	8C	38	CF	E3	3D	E3	FE	96	C7	1C	CF	9E	C7	ED	75	99	C7	BB	4E	A2	C7	CE	5A	BC	C7	00	A0	8D	41	00	30	04	42	00	C0	C6	41	00	40	2A	41	00	20	C2	41	00	00	00	00	00	00	00	00	00	00	00	00	00	00	00	00	00	00	00	00
1.614	3D DATA	true	-	-	-	-	-77309.8	-81310.2	-78571.9	-83101.5	-96437.6	17.7	33.0	24.8	10.6	24.3	-	-	-	-	-
1.643	3D MESSAGE	4C	00	3C	91	22	59	B0	8C	00	00	00	80	38	CF	E3	3D	89	FD	96	C7	08	CD	9E	C7	5E	74	99	C7	04	4E	A2	C7	4A	59	BC	C7	00	40	A3	41	00	D0	14	42	00	B0	DF	41	00	20	41	41	00	60	DA	41	00	00	00	00	00	00	00	00	00	00	00	00	00	00	00	00	00	00	00	00
1.643	3D DATA	true	-	-	-	-	-77307.1	-81306.1	-78568.7	-83100.0	-96434.6	20.4	37.2	28.0	12.1	27.3	-	-	-	-	-
1.645	3D MESSAGE	48	00	3D	91	20	59	B1	8C	38	CF	E3	3D	CD	FB	96	C7	A8	CA	9E	C7	6A	72	99	C7	18	4D	A2	C7	56	57	BC	C7	00	00	BF	41	00	D0	27	42	00	F0	FE	41	00	A0	5E	41	00	A0	F9	41	00	00	00	00	00	00	00	00	00	00	00	00	00	00	00	00	00	00	00	00
1.645	3D DATA	true	-	-	-	-	-77303.6	-81301.3	-78564.8	-83098.2	-96430.7	23.9	42.0	31.9	13.9	31.2	-	-	-	-	-
1.645	3D MESSAGE	48	00	3E	91	20	59	B2	8C	38	CF	E3	3D	A6	F9	96	C7	18	C8	9E	C7	07	70	99	C7	F0	4B	A2	C7	E4	54	BC	C7	00	70	E1	41	00	50	3C	42	00	90	12	42	00	D0	81	41	00	60	10	42	00	00	00	00	00	00	00	00	00	00	00	00	00	00	00	00	00	00	00	00
1.645	3D DATA	true	-	-	-	-	-77299.3	-81296.2	-78560.1	-83095.9	-96425.8	28.2	47.1	36.6	16.2	36.1	-	-	-	-	-
1.645	3D MESSAGE	48	00	3F	91	20	59	B3	8C	38	CF	E3	3D	12	F7	96	C7	86	C5	9E	C7	38	6D	99	C7	80	4A	A2	C7	F5	51	BC	C7	00	58	05	42	00	E0	50	42	00	08	29	42	00	D0	98	41	00	D8	27	42	00	00	00	00	00	00	00	00	00	00	00	00	00	00	00	00	00	00	00	00
1.645	3D DATA	true	-	-	-	-	-77294.1	-81291.0	-78554.4	-83093.0	-96419.9	33.3	52.2	42.3	19.1	42.0	-	-	-	-	-
1.645	3D MESSAGE	48	00	40	91	20	59	B4	8C	38	CF	E3	3D	20	F4	96	C7	25	C3	9E	C7	0C	6A	99	C7	C2	48	A2	C7	98	4E	BC	C7	00	E8	1C	42	00	E8	63	42	00	68	42	42	00	B0	B4	41	00	C0	42	42	00	00	00	00	00	00	00	00	00	00	00	00	00	00	00	00	00	00	00	00
1.646	3D DATA	true	-	-	-	-	-77288.2	-81286.3	-78548.1	-83089.5	-96413.2	39.2	57.0	48.6	22.6	48.7	-	-	-	-	-
1.646	3D MESSAGE	48	00	41	91	20	59	B5	8C	38	CF	E3	3D	F3	F0	96	C7	2F	C1	9E	C7	A4	66	99	C7	B1	46	A2	C7	F3	4A	BC	C7	00	50	36	42	00	98	73	42	00	A8	5D	42	00	C0	D5	41	00	E8	5F	42	00	00	00	00	00	00	00	00	00	00	00	00	00	00	00	00	00	00	00	00
1.646	3D DATA	true	-	-	-	-	-77281.9	-81282.4	-78541.3	-83085.4	-96405.9	45.6	60.9	55.4	26.7	56.0	-	-	-	-	-
1.674	3D MESSAGE	4C	00	42	91	22	59	B6	8C	00	00	00	00	38	CF	E3	3D	C2	ED	96	C7	D9	BF	9E	C7	31	63	99	C7	4C	44	A2	C7	44	47	BC	C7	00	D8	4F	42	00	48	7E	42	00	40	79	42	00	10	FC	41	00	60	7D	42	00	00	00	00	00	00	00	00	00	00	00	00	00	00	00	00	00	00	00	00
1.674	3D DATA	true	-	-	-	-	-77275.5	-81279.7	-78534.4	-83080.6	-96398.5	52.0	63.6	62.3	31.5	63.3	-	-	-	-	-
1.677	3D MESSAGE	48	00	43	91	20	59	B7	8C	38	CF	E3	3D	D2	EA	96	C7	4B	BF	9E	C7	F2	5F	99	C7	9F	41	A2	C7	D8	43	BC	C7	00	58	67	42	00	5C	81	42	00	9C	89	42	00	70	13	42	00	60	8C	42	00	00	00	00	00	00	00	00	00	00	00	00	00	00	00	00	00	00	00	00
1.677	3D DATA	true	-	-	-	-	-77269.6	-81278.6	-78527.9	-83075.2	-96391.7	57.8	64.7	68.8	36.9	70.2	-	-	-	-	-
1.678	3D MESSAGE	4C	00	44	91	22	59	B8	8C	00	00	00	80	38	CF	E3	3D	6E	E8	96	C7	96	BF	9E	C7	2D	5D	99	C7	C8	3E	A2	C7	04	41	BC	C7	00	78	7A	42	00	30	80	42	00	B0	94	42	00	28	2A	42	00	B0	97	42	00	00	00	00	00	00	00	00	00	00	00	00	00	00	00	00	00	00	00	00
1.678	3D DATA	true	-	-	-	-	-77264.9	-81279.2	-78522.4	-83069.6	-96386.0	62.6	64.1	74.3	42.5	75.8	-	-	-	-	-
1.678	3D MESSAGE	4E	00	45	91	30	59	B9	8D	00	00	60	C8	7B	FF	38	CF	E3	3D	D8	E6	96	C7	B2	C0	9E	C7	24	5B	99	C7	F5	3B	A2	C7	16	3F	BC	C7	00	94	83	42	00	80	77	42	00	D4	9C	42	00	C0	40	42	00	68	9F	42	00	00	00	00	00	00	00	00	00	00	00	00	00	00	00	00	00	00	00	00
1.678	3D DATA	true	-	0	51296	65403	-77261.7	-81281.4	-78518.3	-83063.9	-96382.2	65.8	61.9	78.4	48.2	79.7	-	-	-	-	-
1.678	3D MESSAGE	4E	00	46	91	30	59	BA	8D	8A	01	BF	CA	3E	FF	38	66	E1	3E	3D	E6	96	C7	7F	C2	9E	C7	0B	5A	99	C7	62	39	A2	C7	42	3E	BC	C7	00	00	86	42	00	18	69	42	00	38	A1	42	00	58	55	42	00	B8	A2	42	00	00	00	00	00	00	00	00	00	00	00	00	00	00	00	00	00	00	00	00
1.678	3D DATA	true	-	394	51903	65342	-77260.5	-81285.0	-78516.1	-83058.8	-96380.5	67.0	58.3	80.6	53.3	81.4	-	-	-	-	-
1.679	3D MESSAGE	4E	00	47	91	30	59	BB	8D	11	0B	CA	CC	E8	FE	38	66	E1	3E	AC	E6	96	C7	CD	C4	9E	C7	02	5A	99	C7	51	37	A2	C7	9E	3E	BC	C7	00	44	84	42	00	A8	56	42	00	5C	A1	42	00	E0	65	42	00	48	A1	42	00	00	00	00	00	00	00	00	00	00	00	00	00	00	00	00	00	00	00	00
1.679	3D DATA	true	-	2833	52426	65256	-77261.3	-81289.6	-78516.0	-83054.6	-96381.2	66.1	53.7	80.7	57.5	80.6	-	-	-	-	-
1.679	3D MESSAGE	4E	00	48	91	30	59	BC	8D	6A	1B	CF	CE	6C	FE	38	66	E1	3E	13	E8	96	C7	60	C7	9E	C7	0A	5B	99	C7	FF	35	A2	C7	19	40	BC	C7	00	50	7D	42	00	10	42	42	00	3C	9D	42	00	70	70	42	00	5C	9B	42	00	00	00	00	00	00	00	00	00	00	00	00	00	00	00	00	00	00	00	00
1.679	3D DATA	true	-	7018	52943	65132	-77264.1	-81294.8	-78518.1	-83052.0	-96384.2	63.3	48.5	78.6	60.1	77.7	-	-	-	-	-
1.705	3D MESSAGE	4E	00	49	91	30	59	BD	8D	61	31	2B	D1	AD	FD	38	66	E1	3E	47	EA	96	C7	00	CA	9E	C7	04	5D	99	C7	95	35	A2	C7	84	42	BC	C7	00	B0	6B	42	00	10	2D	42	00	54	95	42	00	C0	73	42	00	B0	91	42	00	00	00	00	00	00	00	00	00	00	00	00	00	00	00	00	00	00	00	00
1.705	3D DATA	true	-	12641	53547	64941	-77268.6	-81300.0	-78522.0	-83051.2	-96389.0	58.9	43.3	74.7	60.9	72.8	-	-	-	-	-
1.711	3D MESSAGE	4E	00	4A	91	30	59	BE	8D	DE	4A	00	D4	75	FC	38	66	E1	3E	07	ED	96	C7	7F	CC	9E	C7	BC	5F	99	C7	21	36	A2	C7	98	45	BC	C7	00	B0	55	42	00	18	19	42	00	74	8A	42	00	60	6F	42	00	60	85	42	00	00	00	00	00	00	00	00	00	00	00	00	00	00	00	00	00	00	00	00
1.711	3D DATA	true	-	19166	54272	64629	-77274.1	-81305.0	-78527.5	-83052.3	-96395.2	53.4	38.3	69.2	59.8	66.7	-	-	-	-	-
1.712	3D MESSAGE	4E	00	4B	91	30	59	BF	8D	16	65	F8	D6	4D	FA	38	66	E1	3E	0D	F0	96	C7	BB	CE	9E	C7	EC	62	99	C7	90	37	A2	C7	05	49	BC	C7	00	80	3D	42	00	38	07	42	00	68	7B	42	00	E8	63	42	00	58	6F	42	00	00	00	00	00	00	00	00	00	00	00	00	00	00	00	00	00	00	00	00
1.712	3D DATA	true	-	25878	55032	64077	-77280.1	-81309.5	-78533.8	-83055.1	-96402.0	47.4	33.8	62.9	57.0	59.8	-	-	-	-	-
1.712	3D MESSAGE	4E	00	4C	91	30	59	C0	8D	F8	7C	85	D9	74	F6	38	66	E1	3E	17	F3	96	C7	A4	D0	9E	C7	48	66	99	C7	B3	39	A2	C7	7E	4C	BC	C7	00	30	25	42	00	E0	EF	41	00	88	60	42	00	D0	52	42	00	90	53	42	00	00	00	00	00	00	00	00	00	00	00	00	00	00	00	00	00	00	00	00
1.712	3D DATA	true	-	31992	55685	63092	-77286.2	-81313.3	-78540.6	-83059.4	-96409.0	41.3	30.0	56.1	52.7	52.9	-	-	-	-	-
1.712	3D MESSAGE	4E	00	4D	91	30	59	C1	8D	5A	90	46	DB	A0	F1	38	66	E1	3E	F1	F5	96	C7	34	D2	9E	C7	8F	69	99	C7	49	3C	A2	C7	C6	4F	BC	C7	00	60	0E	42	00	E0	D6	41	00	50	46	42	00	20	3E	42	00	50	39	42	00	00	00	00	00	00	00	00	00	00	00	00	00	00	00	00	00	00	00	00
1.712	3D DATA	true	-	36954	56134	61856	-77291.9	-81316.4	-78547.1	-83064.6	-96415.5	35.6	26.9	49.6	47.5	46.3	-	-	-	-	-
1.713	3D MESSAGE	4E	00	4E	91	30	59	C2	8D	C0	9E	27	DC	A7	F1	38	66	E1	3E	76	F8	96	C7	72	D3	9E	C7	8E	6C	99	C7	0B	3F	A2	C7	B5	52	BC	C7	00	70	F4	41	00	00	C3	41	00	58	2E	42	00	10	28	42	00	D8	21	42	00	00	00	00	00	00	00	00	00	00	00	00	00	00	00	00	00	00	00	00
1.713	3D DATA	true	-	40640	56359	61863	-77296.9	-81318.9	-78553.1	-83070.1	-96421.4	30.6	24.4	43.6	42.0	40.5	-	-	-	-	-
1.713	3D MESSAGE	4E	00	4F	91	30	59	C3	8D	D7	A8	4C	DC	13	F5	38	66	E1	3E	97	FA	96	C7	69	D4	9E	C7	24	6F	99	C7	BC	41	A2	C7	34	55	BC	C7	00	60	D2	41	00	90	B3	41	00	A8	19	42	00	88	12	42	00	E0	0D	42	00	00	00	00	00	00	00	00	00	00	00	00	00	00	00	00	00	00	00	00
1.713	3D DATA	true	-	43223	56396	62739	-77301.2	-81320.8	-78558.3	-83075.5	-96426.4	26.3	22.4	38.4	36.6	35.5	-	-	-	-	-
1.736	3D MESSAGE	52	00	50	91	32	59	C4	8D	00	00	00	88	A4	AF	E5	DB	20	FB	38	66	E1	3E	50	FC	96	C7	27	D5	9E	C7	47	71	99	C7	2F	44	A2	C7	40	57	BC	C7	00	D0	B6	41	00	B0	A7	41	00	90	08	42	00	E0	FD	41	00	00	FB	41	00	00	00	00	00	00	00	00	00	00	00	00	00	00	00	00	00	00	00	00
1.736	3D DATA	true	-	44964	56293	64288	-77304.6	-81322.3	-78562.6	-83080.4	-96430.5	22.9	21.0	34.1	31.7	31.4	-	-	-	-	-
1.745	3D MESSAGE	4E	00	51	91	30	59	C5	8D	09	B4	1C	DB	FF	FF	38	66	E1	3E	AB	FD	96	C7	B9	D5	9E	C7	FA	72	99	C7	4C	46	A2	C7	E2	58	BC	C7	00	20	A1	41	00	90	9E	41	00	F0	F5	41	00	10	DC	41	00	E0	E0	41	00	00	00	00	00	00	00	00	00	00	00	00	00	00	00	00	00	00	00	00
1.745	3D DATA	true	-	46089	56092	65535	-77307.3	-81323.4	-78566.0	-83084.6	-96433.8	20.1	19.8	30.7	27.5	28.1	-	-	-	-	-
1.745	3D MESSAGE	4E	00	52	91	30	59	C6	8D	B1	B6	0F	DA	FF	FF	38	66	E1	3E	B7	FE	96	C7	2B	D6	9E	C7	4C	74	99	C7	0E	48	A2	C7	2A	5A	BC	C7	00	60	90	41	00	70	97	41	00	D0	E0	41	00	F0	BF	41	00	60	CC	41	00	00	00	00	00	00	00	00	00	00	00	00	00	00	00	00	00	00	00	00
1.745	3D DATA	true	-	46769	55823	65535	-77309.4	-81324.3	-78568.6	-83088.1	-96436.3	18.0	18.9	28.1	24.0	25.5	-	-	-	-	-
1.746	3D MESSAGE	4E	00	53	91	30	59	C7	8D	16	B8	D6	D8	FF	FF	38	66	E1	3E	88	FF	96	C7	87	D6	9E	C7	51	75	99	C7	7C	49	A2	C7	28	5B	BC	C7	00	50	83	41	00	B0	91	41	00	80	D0	41	00	10	A9	41	00	80	BC	41	00	00	00	00	00	00	00	00	00	00	00	00	00	00	00	00	00	00	00	00
1.746	3D DATA	true	-	47126	55510	65535	-77311.1	-81325.1	-78570.6	-83091.0	-96438.3	16.4	18.2	26.1	21.1	23.6	-	-	-	-	-
1.747	3D MESSAGE	4E	00	54	91	30	59	C8	8D	8D	B8	7F	D7	FF	FF	38	66	E1	3E	2C	00	97	C7	D3	D6	9E	C7	1E	76	99	C7	A6	4A	A2	C7	EA	5B	BC	C7	00	20	72	41	00	F0	8C	41	00	B0	C3	41	00	70	96	41	00	60	B0	41	00	00	00	00	00	00	00	00	00	00	00	00	00	00	00	00	00	00	00	00
1.747	3D DATA	true	-	47245	55167	65535	-77312.3	-81325.6	-78572.2	-83093.3	-96439.8	15.1	17.6	24.5	18.8	22.0	-	-	-	-	-
1.747	3D MESSAGE	48	00	55	91	20	59	C9	8C	38	66	E1	3E	B2	00	97	C7	14	D7	9E	C7	C3	76	99	C7	99	4B	A2	C7	7D	5C	BC	C7	00	60	61	41	00	E0	88	41	00	60	B9	41	00	40	87	41	00	30	A7	41	00	00	00	00	00	00	00	00	00	00	00	00	00	00	00	00	00	00	00	00
1.747	3D DATA	true	-	-	-	-	-77313.4	-81326.2	-78573.5	-83095.2	-96441.0	14.1	17.1	23.2	16.9	20.9	-	-	-	-	-
1.747	3D MESSAGE	48	00	56	91	20	59	CA	8C	38	66	E1	3E	21	01	97	C7	4D	D7	9E	C7	4F	77	99	C7	61	4C	A2	C7	E8	5C	BC	C7	00	80	53	41	00	50	85	41	00	A0	B0	41	00	80	75	41	00	80	A0	41	00	00	00	00	00	00	00	00	00	00	00	00	00	00	00	00	00	00	00	00
1.747	3D DATA	true	-	-	-	-	-77314.3	-81326.6	-78574.6	-83096.8	-96441.8	13.2	16.7	22.1	15.3	20.1	-	-	-	-	-
1.778	3D MESSAGE	48	00	57	91	20	59	CB	8C	38	66	E1	3E	7D	01	97	C7	80	D7	9E	C7	CA	77	99	C7	06	4D	A2	C7	34	5D	BC	C7	00	00	48	41	00	20	82	41	00	F0	A8	41	00	E0	60	41	00	C0	9B	41	00	00	00	00	00	00	00	00	00	00	00	00	00	00	00	00	00	00	00	00
1.778	3D DATA	true	-	-	-	-	-77315.0	-81327.0	-78575.6	-83098.0	-96442.4	12.5	16.3	21.1	14.1	19.5	-	-	-	-	-
1.794	3D MESSAGE	48	00	58	91	20	59	CC	8C	38	66	E1	3E	C8	01	97	C7	B1	D7	9E	C7	38	78	99	C7	8A	4D	A2	C7	68	5D	BC	C7	00	A0	3E	41	00	20	7E	41	00	10	A2	41	00	60	50	41	00	80	98	41	00	00	00	00	00	00	00	00	00	00	00	00	00	00	00	00	00	00	00	00
1.794	3D DATA	true	-	-	-	-	-77315.6	-81327.4	-78576.4	-83099.1	-96442.8	11.9	15.9	20.3	13.0	19.1	-	-	-	-	-
1.796	3D MESSAGE	48	00	59	91	20	59	CD	8C	38	66	E1	3E	03	02	97	C7	E0	D7	9E	C7	9E	78	99	C7	F0	4D	A2	C7	8D	5D	BC	C7	00	40	37	41	00	40	78	41	00	B0	9B	41	00	A0	43	41	00	30	96	41	00	00	00	00	00	00	00	00	00	00	00	00	00	00	00	00	00	00	00	00
1.796	3D DATA	true	-	-	-	-	-77316.0	-81327.8	-78577.2	-83099.9	-96443.1	11.5	15.5	19.5	12.2	18.8	-	-	-	-	-
1.796	3D MESSAGE	48	00	5A	91	20	59	CE	8C	38	66	E1	3E	2E	02	97	C7	0E	D8	9E	C7	F8	78	99	C7	3C	4E	A2	C7	AA	5D	BC	C7	00	E0	31	41	00	80	72	41	00	10	96	41	00	20	3A	41	00	60	94	41	00	00	00	00	00	00	00	00	00	00	00	00	00	00	00	00	00	00	00	00
1.796	3D DATA	true	-	-	-	-	-77316.4	-81328.1	-78577.9	-83100.5	-96443.3	11.1	15.2	18.8	11.6	18.5	-	-	-	-	-
1.797	3D MESSAGE	48	00	5B	91	20	59	CF	8C	38	66	E1	3E	4C	02	97	C7	3B	D8	9E	C7	48	79	99	C7	70	4E	A2	C7	C5	5D	BC	C7	00	20	2E	41	00	E0	6C	41	00	10	91	41	00	A0	33	41	00	B0	92	41	00	00	00	00	00	00	00	00	00	00	00	00	00	00	00	00	00	00	00	00
1.797	3D DATA	true	-	-	-	-	-77316.6	-81328.5	-78578.6	-83100.9	-96443.5	10.9	14.8	18.1	11.2	18.3	-	-	-	-	-
1.797	3D MESSAGE	48	00	5C	91	20	59	D0	8C	38	66	E1	3E	5E	02	97	C7	67	D8	9E	C7	8B	79	99	C7	93	4E	A2	C7	DE	5D	BC	C7	00	E0	2B	41	00	60	67	41	00	E0	8C	41	00	40	2F	41	00	20	91	41	00	00	00	00	00	00	00	00	00	00	00	00	00	00	00	00	00	00	00	00
1.797	3D DATA	true	-	-	-	-	-77316.7	-81328.8	-78579.1	-83101.1	-96443.7	10.7	14.5	17.6	11.0	18.1	-	-	-	-	-
1.797	3D MESSAGE	48	00	5D	91	20	59	D1	8C	38	66	E1	3E	66	02	97	C7	90	D8	9E	C7	C2	79	99	C7	A8	4E	A2	C7	F6	5D	BC	C7	00	E0	2A	41	00	40	62	41	00	70	89	41	00	A0	2C	41	00	A0	8F	41	00	00	00	00	00	00	00	00	00	00	00	00	00	00	00	00	00	00	00	00
1.797	3D DATA	true	-	-	-	-	-77316.8	-81329.1	-78579.5	-83101.3	-96443.9	10.7	14.1	17.2	10.8	18.0	-	-	-	-	-
1.798	3D MESSAGE	48	00	5E	91	20	59	D2	8C	38	66	E1	3E	69	02	97	C7	B6	D8	9E	C7	EC	79	99	C7	B6	4E	A2	C7	08	5E	BC	C7	00	80	2A	41	00	80	5D	41	00	D0	86	41	00	E0	2A	41	00	80	8E	41	00	00	00	00	00	00	00	00	00	00	00	00	00	00	00	00	00	00	00	00
1.798	3D DATA	true	-	-	-	-	-77316.8	-81329.4	-78579.8	-83101.4	-96444.1	10.7	13.8	16.9	10.7	17.8	-	-	-	-	-
1.798	3D MESSAGE	48	00	5F	91	20	59	D3	8C	38	66	E1	3E	68	02	97	C7	D9	D8	9E	C7	10	7A	99	C7	C1	4E	A2	C7	12	5E	BC	C7	00	A0	2A	41	00	20	59	41	00	90	84	41	00	80	29	41	00	E0	8D	41	00	00	00	00	00	00	00	00	00	00	00	00	00	00	00	00	00	00	00	00
1.798	3D DATA	true	-	-	-	-	-77316.8	-81329.7	-78580.1	-83101.5	-96444.1	10.7	13.6	16.6	10.6	17.7	-	-	-	-	-
1.798	3D MESSAGE	48	00	60	91	20	59	D4	8C	38	66	E1	3E	66	02	97	C7	FA	D8	9E	C7	2E	7A	99	C7	CC	4E	A2	C7	14	5E	BC	C7	00	E0	2A	41	00	00	55	41	00	B0	82	41	00	20	28	41	00	C0	8D	41	00	00	00	00	00	00	00	00	00	00	00	00	00	00	00	00	00	00	00	00
1.798	3D DATA	true	-	-	-	-	-77316.8	-81330.0	-78580.4	-83101.6	-96444.2	10.7	13.3	16.3	10.5	17.7	-	-	-	-	-
